date,holiday,tourist_inflow_count,temperature_c,temple_shrine_visits,rainfall_mm,wind_speed_mps,snowfall_cm,event_local_flag,typhoon_alert_flag,mobility_inflow_index,lodging_occupancy_ratio,rail_ridership,y
2023-09-13,weekday,0.0,20.7,0.069,14.2,7.6,1.7,0.0,0,0.351,0.0,0.521,0.304
2023-09-14,weekday,0.0,22.1,0.122,,10.1,0.0,0.0,1,0.527,0.0,0.608,0.308
2023-09-15,weekday,0.024,22.1,0.129,,9.6,0.0,0.0,0,0.424,,0.709,0.406
2023-09-16,holiday,0.416,22.0,0.619,12.4,6.1,2.3,,0,0.781,0.642,0.137,0.403
2023-09-17,holiday,0.569,20.1,0.549,,8.0,0.0,,0,0.605,0.611,0.022,0.26
2023-09-18,weekday,0.034,21.5,0.124,13.7,5.6,0.6,0.0,0,0.56,0.047,0.66,0.411
2023-09-19,weekday,0.042,23.4,0.063,19.5,7.7,0.0,0.0,0,0.532,0.0,0.694,0.393
2023-09-20,weekday,0.242,20.9,0.284,15.2,8.8,1.9,1.0,0,0.515,0.204,0.596,0.417
2023-09-21,weekday,0.142,22.2,0.041,12.8,6.3,0.0,0.0,0,0.464,0.0,0.657,0.392
2023-09-22,weekday,0.101,24.1,0.1,15.3,8.7,0.0,0.0,0,0.517,0.082,0.691,0.419
2023-09-23,holiday,0.576,22.9,,13.1,8.0,0.0,0.0,0,0.664,0.678,0.059,0.338
2023-09-24,holiday,0.56,22.6,0.576,16.8,7.1,0.0,0.0,0,0.786,,0.128,0.36
2023-09-25,weekday,0.05,23.3,0.088,14.7,8.4,0.0,0.0,0,0.493,0.078,0.627,0.327
2023-09-26,weekday,0.127,22.8,0.122,13.5,7.9,0.0,0.0,0,0.518,0.0,0.629,0.43
2023-09-27,weekday,0.147,23.5,0.075,12.2,7.2,0.0,0.0,0,0.439,0.068,0.654,0.419
2023-09-28,weekday,0.101,23.8,0.176,,7.0,0.0,0.0,0,0.294,0.027,0.674,0.378
2023-09-29,weekday,0.012,23.2,0.1,16.4,7.4,0.0,0.0,0,0.379,0.0,0.62,0.326
2023-09-30,holiday,0.6,24.8,0.518,17.3,6.4,0.0,0.0,0,0.705,0.631,0.104,0.326
2023-10-01,holiday,0.456,23.7,0.669,4.5,4.1,0.0,0.0,0,0.76,0.573,0.053,0.349
2023-10-02,weekday,0.179,24.1,0.036,2.8,3.7,1.1,0.0,0,0.431,0.009,,0.415
2023-10-03,weekday,0.2,25.8,0.143,1.5,5.7,0.0,0.0,0,,0.036,0.685,0.385
2023-10-04,weekday,0.018,24.6,0.049,4.9,2.2,1.3,0.0,0,0.278,0.078,0.593,0.293
2023-10-05,weekday,0.123,25.0,0.0,1.2,4.8,0.9,0.0,0,0.485,0.075,0.736,0.499
2023-10-06,weekday,0.042,25.4,0.07,3.3,2.6,2.6,0.0,0,0.373,0.024,,0.402
2023-10-07,holiday,0.473,25.3,0.6,6.8,3.1,1.9,0.0,0,0.739,0.567,0.095,0.396
2023-10-08,holiday,0.285,24.1,0.546,2.6,4.2,0.0,0.0,0,0.686,0.57,0.054,0.328
2023-10-09,weekday,0.069,24.3,0.018,6.0,5.1,0.1,0.0,0,0.311,0.0,0.727,0.415
2023-10-10,weekday,0.117,26.7,0.125,4.4,4.1,0.0,,0,0.349,0.075,0.632,0.346
2023-10-11,weekday,0.118,25.5,0.16,0.7,2.3,0.0,0.0,0,0.433,0.075,0.742,0.44
2023-10-12,weekday,0.029,26.0,0.122,5.5,4.9,0.0,0.0,0,,0.0,0.664,0.338
2023-10-13,weekday,0.111,27.3,0.134,7.1,6.5,0.1,0.0,0,0.449,0.0,0.682,0.388
2023-10-14,holiday,0.479,26.1,0.614,7.0,4.0,0.0,0.0,0,0.661,0.627,0.148,0.381
2023-10-15,,0.452,26.3,0.709,3.5,3.0,0.0,0.0,0,0.619,0.626,0.13,0.358
2023-10-16,weekday,0.064,27.6,0.09,0.6,2.2,0.2,0.0,0,0.348,0.098,,0.328
2023-10-17,weekday,0.098,26.3,0.049,1.9,4.5,1.4,0.0,0,,0.009,0.524,0.349
2023-10-18,weekday,0.086,26.5,0.09,4.4,4.9,0.0,0.0,0,0.424,0.0,0.651,0.405
2023-10-19,weekday,0.075,27.7,0.091,3.1,3.6,0.0,0.0,0,0.399,0.0,0.576,0.321
2023-10-20,weekday,,26.9,0.059,3.1,5.3,0.0,0.0,0,0.405,0.038,0.61,0.395
2023-10-21,holiday,0.454,24.8,0.689,1.7,3.2,0.7,0.0,0,0.81,0.597,0.135,0.458
2023-10-22,holiday,0.496,26.6,0.589,1.7,4.8,0.6,0.0,0,0.702,0.649,0.097,0.349
2023-10-23,weekday,0.268,26.5,0.109,5.2,4.5,0.0,0.0,0,0.314,0.128,0.659,0.356
2023-10-24,weekday,0.147,27.5,0.042,5.5,5.5,0.0,0.0,0,,0.007,0.724,0.429
2023-10-25,weekday,0.176,27.1,0.136,9.5,3.2,0.0,,0,0.584,,,0.46
2023-10-26,weekday,0.109,26.8,,2.4,4.8,0.5,0.0,0,0.524,,0.663,0.441
2023-10-27,weekday,0.088,28.9,0.053,3.3,7.8,0.0,0.0,0,0.509,0.07,0.664,0.354
2023-10-28,holiday,,26.4,0.565,3.8,5.1,0.0,0.0,0,0.672,0.643,0.084,0.321
2023-10-29,holiday,0.624,29.1,0.657,1.7,5.2,0.0,0.0,0,0.703,0.578,0.093,0.331
2023-10-30,weekday,0.107,27.3,0.149,2.2,4.1,0.0,0.0,0,0.388,0.0,0.626,0.339
2023-10-31,weekday,0.145,28.3,0.115,5.0,5.8,0.0,0.0,0,0.387,0.113,0.591,0.35
2023-11-01,weekday,0.262,28.7,0.088,1.9,6.6,0.0,0.0,0,0.43,0.115,0.661,0.398
2023-11-02,weekday,,28.2,0.059,4.3,3.1,0.5,0.0,0,0.319,0.0,0.566,0.322
2023-11-03,weekday,0.091,28.7,0.074,6.5,3.3,1.1,0.0,0,0.343,0.007,0.659,0.358
2023-11-04,holiday,0.517,29.8,0.573,2.0,3.8,2.0,0.0,0,0.592,0.664,0.075,0.284
2023-11-05,holiday,0.524,29.3,0.561,2.1,5.6,0.0,0.0,0,0.653,0.646,0.085,0.348
2023-11-06,weekday,0.058,28.9,0.164,3.9,6.9,2.8,0.0,0,0.408,0.0,0.71,0.387
2023-11-07,weekday,0.025,29.4,0.071,6.5,4.3,0.0,0.0,1,,0.017,0.622,0.435
2023-11-08,weekday,0.069,28.3,0.062,0.8,5.1,0.0,0.0,1,,0.016,0.589,0.282
2023-11-09,weekday,0.096,26.9,0.058,8.4,3.8,0.0,0.0,0,0.395,0.106,0.676,0.326
2023-11-10,weekday,0.049,29.2,0.02,6.5,4.4,1.0,0.0,0,0.298,0.0,0.702,0.373
2023-11-11,holiday,0.439,28.4,0.551,3.0,6.2,0.0,0.0,0,0.65,0.53,0.109,0.353
2023-11-12,holiday,0.505,28.3,0.624,4.1,4.8,2.4,0.0,0,0.614,,0.143,0.338
2023-11-13,weekday,0.172,28.9,0.112,8.5,1.8,0.0,0.0,0,0.439,,0.686,0.351
2023-11-14,weekday,0.035,27.9,0.05,4.0,4.3,0.0,0.0,0,0.353,0.0,0.652,0.386
2023-11-15,weekday,0.123,29.4,0.141,0.8,2.7,1.6,0.0,0,0.5,0.0,0.746,0.433
2023-11-16,weekday,0.139,28.6,0.141,,2.5,3.2,0.0,0,0.487,0.032,0.727,0.44
2023-11-17,weekday,0.176,27.9,0.11,1.0,6.5,0.6,0.0,0,0.301,0.07,0.61,0.352
2023-11-18,holiday,0.471,27.9,0.583,3.4,3.8,1.3,0.0,0,0.787,,0.12,0.403
2023-11-19,holiday,0.58,28.6,0.729,7.4,4.1,0.0,0.0,0,0.704,0.596,0.176,0.419
2023-11-20,weekday,0.142,27.9,0.106,5.6,5.4,0.4,0.0,0,0.454,0.0,0.707,0.437
2023-11-21,weekday,0.127,29.6,0.054,2.0,4.8,0.0,0.0,0,0.497,0.0,0.738,0.469
2023-11-22,weekday,0.076,28.4,0.011,4.8,4.2,0.0,0.0,0,0.526,0.014,0.702,0.44
2023-11-23,weekday,0.225,28.5,0.139,1.7,2.7,2.1,0.0,0,0.427,0.166,0.603,0.396
2023-11-24,weekday,0.111,29.2,0.065,,4.1,0.0,0.0,0,0.452,0.076,0.708,0.401
2023-11-25,holiday,0.611,29.3,0.66,3.5,3.8,0.0,0.0,0,0.636,0.671,0.091,0.381
2023-11-26,holiday,0.477,28.9,0.653,9.4,4.2,0.0,0.0,0,,0.607,0.129,0.3
2023-11-27,weekday,0.064,28.6,0.085,5.9,3.6,0.3,0.0,0,0.495,0.079,0.691,0.427
2023-11-28,weekday,0.389,29.1,0.325,,4.1,0.0,1.0,0,0.532,0.249,0.625,0.497
2023-11-29,weekday,0.332,29.3,0.259,3.0,4.1,0.0,1.0,0,0.474,0.276,0.634,0.394
2023-11-30,weekday,0.042,28.3,0.107,1.6,4.3,3.5,0.0,0,0.448,0.0,0.676,0.476
2023-12-01,holiday,,28.1,0.424,4.0,3.8,1.6,0.0,0,0.578,0.282,0.028,0.27
2023-12-02,holiday,0.529,29.0,0.611,,3.3,1.1,0.0,0,0.586,0.61,0.065,0.307
2023-12-03,holiday,0.588,28.2,0.558,0.9,5.4,1.3,0.0,0,0.782,0.657,0.089,0.335
2023-12-04,holiday,0.308,28.9,0.36,0.8,4.0,0.0,0.0,0,0.473,,,0.284
2023-12-05,holiday,0.229,29.2,0.432,6.5,4.6,0.5,0.0,0,0.591,0.296,0.133,0.372
2023-12-06,holiday,0.323,26.5,0.289,2.9,3.7,1.4,0.0,0,0.536,0.364,0.067,0.296
2023-12-07,holiday,0.406,30.1,0.388,7.4,3.2,1.0,0.0,0,0.484,0.267,0.065,0.265
2023-12-08,holiday,0.289,29.5,0.295,5.3,4.8,0.0,0.0,0,0.51,0.314,0.113,0.303
2023-12-09,holiday,0.544,27.3,0.595,2.5,4.3,1.5,0.0,0,0.733,0.651,0.152,0.388
2023-12-10,holiday,0.615,28.6,0.661,2.8,3.0,1.2,0.0,0,0.574,0.646,0.12,0.367
2023-12-11,holiday,0.38,29.3,0.283,2.4,3.2,0.0,0.0,0,0.505,0.336,0.012,0.283
2023-12-12,holiday,0.187,29.1,,6.4,5.6,2.0,0.0,0,0.566,0.266,0.036,0.3
2023-12-13,holiday,0.373,27.8,0.313,6.6,7.1,2.2,0.0,0,0.421,0.35,0.093,0.311
2023-12-14,holiday,0.451,28.0,0.378,2.2,3.1,0.0,0.0,0,0.563,0.244,0.115,0.344
2023-12-15,holiday,0.313,28.2,0.216,3.5,2.4,0.0,0.0,0,0.631,0.364,0.079,0.383
2023-12-16,holiday,,27.1,0.742,1.3,2.7,4.2,1.0,0,0.641,0.858,0.022,0.363
2023-12-17,holiday,0.555,29.1,0.604,7.3,5.2,0.3,0.0,0,0.763,0.603,0.163,0.455
2023-12-18,holiday,0.679,30.3,0.555,1.4,2.9,0.5,1.0,0,0.665,0.571,0.126,0.454
2023-12-19,holiday,0.284,28.7,0.581,4.0,4.2,0.0,1.0,0,0.434,0.431,0.0,0.326
2023-12-20,holiday,0.276,27.3,,0.8,3.5,1.4,0.0,0,0.571,0.39,0.109,0.327
2023-12-21,holiday,0.197,27.7,0.372,2.5,6.1,1.7,0.0,0,0.497,0.322,0.086,0.259
2023-12-22,holiday,0.31,27.7,0.43,5.8,4.8,0.5,0.0,0,0.475,0.384,0.0,0.196
2023-12-23,holiday,0.55,27.4,0.503,1.2,4.2,4.5,0.0,0,0.719,,0.131,0.41
2023-12-24,holiday,0.717,26.8,0.82,2.2,3.0,0.4,1.0,0,0.683,0.803,0.066,0.412
2023-12-25,holiday,0.311,28.6,0.471,1.4,5.7,0.0,0.0,0,0.501,0.331,0.056,0.311
2023-12-26,holiday,0.16,26.1,0.378,7.9,4.5,5.4,0.0,0,0.658,0.297,0.131,0.331
2023-12-27,holiday,0.664,27.4,0.597,2.8,3.9,0.8,1.0,0,,0.567,0.115,0.388
2023-12-28,holiday,0.239,26.0,0.331,3.3,3.2,0.0,0.0,0,0.553,0.23,0.056,0.328
2023-12-29,holiday,0.39,27.9,,0.7,5.1,0.0,0.0,0,0.563,0.271,0.056,0.334
2023-12-30,holiday,0.644,26.4,0.548,1.0,3.9,3.8,0.0,0,0.698,0.53,0.098,0.352
2023-12-31,holiday,0.386,27.7,0.647,2.6,6.0,3.1,0.0,0,0.75,0.515,0.095,0.379
2024-01-01,holiday,0.393,26.9,,4.7,3.7,3.8,0.0,0,0.745,0.312,0.097,0.408
2024-01-02,holiday,0.604,25.6,0.62,1.2,5.1,3.5,1.0,0,0.478,0.534,,0.39
2024-01-03,holiday,0.207,25.9,0.364,7.0,2.6,1.9,0.0,0,0.536,0.325,0.125,0.357
2024-01-04,holiday,0.254,27.5,0.398,2.5,3.5,0.0,0.0,0,0.646,0.338,0.0,0.261
2024-01-05,holiday,0.301,26.7,0.323,6.0,5.4,2.1,0.0,0,0.636,0.226,0.183,0.38
2024-01-06,holiday,0.462,27.0,0.538,3.2,5.9,2.6,0.0,0,0.682,0.662,0.058,0.373
2024-01-07,holiday,0.555,24.9,0.502,0.1,4.6,1.6,0.0,0,0.623,0.601,0.092,0.378
2024-01-08,holiday,0.326,26.1,0.373,4.9,3.8,1.1,0.0,0,0.486,0.379,0.043,0.307
2024-01-09,holiday,0.365,27.9,,2.0,3.6,0.8,0.0,0,0.527,0.285,0.043,0.299
2024-01-10,holiday,0.227,24.6,0.32,3.2,2.0,0.8,0.0,0,0.515,0.287,0.08,0.284
2024-01-11,holiday,0.488,25.5,0.548,4.1,4.7,1.8,1.0,0,0.648,,0.165,0.42
2024-01-12,holiday,,26.6,0.322,3.7,4.3,0.0,0.0,0,0.434,0.245,0.049,0.274
2024-01-13,holiday,0.52,24.6,0.607,7.7,5.0,4.9,0.0,0,0.748,0.647,0.101,0.381
2024-01-14,holiday,0.351,25.4,0.613,3.7,4.0,2.5,0.0,0,0.716,0.634,0.148,0.365
2024-01-15,holiday,0.272,24.0,0.417,4.4,3.0,1.4,0.0,0,0.501,0.346,0.0,0.233
2024-01-16,holiday,0.336,24.3,0.341,1.0,5.1,1.6,0.0,0,0.57,0.392,0.109,0.398
2024-01-17,holiday,0.175,25.7,0.252,8.4,4.2,0.5,0.0,0,0.573,0.258,0.132,0.346
2024-01-18,holiday,0.128,22.6,0.37,2.9,3.6,4.0,0.0,0,0.597,0.318,0.091,0.3
2024-01-19,holiday,0.349,25.1,0.433,7.4,5.7,0.9,0.0,0,0.53,0.315,0.006,0.294
2024-01-20,holiday,0.481,22.3,0.609,6.0,3.9,2.7,0.0,0,0.736,0.578,0.097,0.385
2024-01-21,holiday,0.464,23.8,0.627,2.8,5.7,2.0,0.0,0,0.648,0.601,0.089,0.349
2024-01-22,holiday,0.05,22.8,0.322,2.7,4.7,1.4,0.0,0,0.495,0.263,0.019,0.343
2024-01-23,holiday,0.314,23.1,0.355,1.4,6.1,2.3,0.0,0,0.485,0.288,0.086,0.302
2024-01-24,holiday,0.503,23.1,0.37,2.0,5.3,1.9,0.0,0,0.536,,0.074,0.248
2024-01-25,holiday,0.25,23.2,0.319,2.5,6.2,2.7,0.0,0,0.517,0.248,,0.271
2024-01-26,,0.103,22.5,0.37,1.7,4.0,2.9,0.0,0,0.574,,0.107,0.354
2024-01-27,holiday,0.558,21.6,0.534,,2.3,3.9,0.0,1,0.708,0.636,0.135,0.362
2024-01-28,holiday,0.348,23.1,0.594,5.8,4.4,6.8,0.0,0,0.616,0.561,0.095,0.277
2024-01-29,holiday,0.317,23.0,0.341,3.0,3.8,4.4,0.0,0,0.456,0.311,0.0,0.308
2024-01-30,holiday,0.395,22.3,0.31,2.2,4.3,4.2,0.0,0,0.551,,0.087,0.31
2024-01-31,holiday,0.395,22.3,0.294,4.3,4.7,3.4,0.0,0,0.557,0.293,0.093,0.342
2024-02-01,weekday,0.16,22.2,,1.9,5.4,3.1,0.0,0,0.434,0.0,0.598,0.417
2024-02-02,weekday,0.0,21.0,0.079,1.3,3.2,1.8,0.0,0,0.252,0.047,0.652,0.407
2024-02-03,holiday,0.496,20.8,0.536,1.2,4.2,0.0,0.0,0,0.731,0.611,0.19,0.443
2024-02-04,holiday,0.519,20.3,0.512,3.7,3.5,2.8,0.0,0,0.51,0.582,0.111,0.347
2024-02-05,weekday,0.0,21.0,0.176,1.1,3.9,2.6,0.0,0,,0.0,0.562,0.345
2024-02-06,weekday,0.263,20.5,0.056,1.0,4.1,3.4,0.0,0,0.574,0.0,0.628,0.372
2024-02-07,weekday,0.0,19.0,0.054,7.7,3.1,3.5,0.0,0,0.49,0.0,0.596,0.356
2024-02-08,weekday,0.004,19.8,0.107,3.0,2.7,0.1,0.0,0,0.555,0.09,0.672,0.468
2024-02-09,weekday,0.0,21.2,0.111,1.2,4.4,4.8,0.0,0,0.465,0.022,0.643,0.389
2024-02-10,holiday,0.417,18.3,0.529,2.8,5.0,7.1,0.0,0,0.668,0.587,,0.305
2024-02-11,holiday,0.414,19.0,0.547,4.1,4.5,4.5,,0,0.748,0.533,0.072,0.342
2024-02-12,weekday,0.074,19.5,0.103,,0.6,1.3,0.0,0,0.445,0.0,0.724,0.429
2024-02-13,weekday,0.341,18.0,0.302,4.3,2.0,3.5,1.0,0,0.499,0.27,0.629,0.392
2024-02-14,weekday,0.064,19.2,0.085,5.1,2.5,6.4,0.0,0,0.487,0.0,0.707,0.458
2024-02-15,weekday,0.0,19.3,0.05,2.2,4.6,3.0,0.0,0,0.405,0.021,0.673,0.408
2024-02-16,weekday,0.164,18.5,0.1,1.9,5.5,6.2,0.0,0,0.294,0.077,0.662,0.336
2024-02-17,holiday,0.506,19.3,0.583,4.4,5.5,3.6,0.0,0,0.682,0.591,0.015,0.322
2024-02-18,holiday,0.399,17.8,0.458,3.7,4.0,4.9,0.0,0,0.685,0.541,0.032,0.284
2024-02-19,weekday,0.375,18.3,0.311,4.2,4.3,2.4,1.0,0,0.41,0.283,0.613,0.382
2024-02-20,weekday,,17.5,0.0,5.6,3.0,3.1,0.0,0,0.37,0.025,0.591,0.333
2024-02-21,weekday,0.0,17.3,0.045,4.5,2.9,5.3,0.0,0,0.513,0.0,0.758,0.421
2024-02-22,weekday,0.108,16.7,0.071,4.8,5.3,4.1,0.0,0,0.352,0.0,0.582,0.371
2024-02-23,weekday,0.056,17.5,0.085,5.5,2.3,2.7,0.0,0,0.486,0.004,0.658,0.442
2024-02-24,holiday,0.413,15.2,0.574,1.4,2.4,6.2,0.0,0,0.784,0.578,,0.419
2024-02-25,holiday,0.52,17.2,0.534,2.1,4.1,7.3,0.0,0,0.654,0.57,0.13,0.398
2024-02-26,weekday,0.077,16.5,0.023,3.8,4.3,3.2,0.0,0,0.274,0.015,0.65,0.347
2024-02-27,weekday,0.021,16.5,0.058,6.0,3.9,3.3,0.0,0,0.454,0.0,0.677,0.416
2024-02-28,weekday,0.0,16.9,0.112,0.7,2.5,5.5,0.0,0,0.524,0.005,0.614,0.421
2024-02-29,weekday,0.0,16.8,0.035,1.7,4.7,2.7,0.0,0,0.375,,0.656,0.338
2024-03-01,weekday,0.0,15.7,0.043,4.8,3.2,7.0,0.0,0,0.544,0.0,0.734,0.507
2024-03-02,holiday,0.416,16.6,0.544,2.2,2.8,7.1,0.0,0,,,0.155,0.342
2024-03-03,holiday,0.417,15.8,0.538,0.6,0.6,3.7,0.0,0,0.791,0.574,0.072,0.398
2024-03-04,weekday,0.0,15.8,0.0,1.8,2.2,4.0,,0,0.42,0.068,0.702,0.376
2024-03-05,weekday,0.0,14.0,0.03,2.8,3.5,6.0,0.0,0,0.4,0.0,0.686,0.39
2024-03-06,weekday,0.017,14.8,0.0,4.7,2.2,5.4,0.0,0,0.429,0.004,0.589,0.34
2024-03-07,weekday,,13.0,0.039,9.7,3.3,6.2,0.0,0,0.262,0.0,0.611,0.277
2024-03-08,weekday,0.046,13.1,0.056,,3.5,4.4,0.0,0,0.338,,0.625,0.367
2024-03-09,holiday,0.361,13.9,0.606,4.1,1.6,2.4,0.0,0,0.842,0.578,0.083,0.392
2024-03-10,holiday,0.473,13.7,0.596,1.7,4.1,4.8,0.0,0,0.613,0.558,0.187,0.368
2024-03-11,weekday,0.0,13.8,0.037,3.2,2.2,5.3,0.0,0,0.417,0.0,0.614,0.389
2024-03-12,weekday,,14.1,0.004,4.4,2.0,4.2,0.0,0,0.386,0.011,0.776,0.457
2024-03-13,weekday,0.092,13.3,0.058,3.3,4.9,4.6,0.0,0,0.449,0.071,0.704,0.413
2024-03-14,weekday,0.0,14.1,0.028,3.3,3.5,6.5,0.0,0,0.33,0.0,0.68,0.362
2024-03-15,weekday,0.021,12.9,0.016,7.2,2.5,6.0,0.0,0,0.372,,0.693,0.413
2024-03-16,holiday,0.385,12.4,0.569,5.7,1.8,4.5,0.0,0,0.683,0.524,0.109,0.358
2024-03-17,holiday,0.313,14.2,0.561,3.1,3.6,3.6,0.0,0,0.721,0.635,0.144,0.377
2024-03-18,weekday,0.103,10.4,0.058,2.9,2.0,2.3,0.0,0,0.421,0.0,0.632,0.394
2024-03-19,weekday,0.0,11.1,0.0,2.4,4.2,1.8,0.0,0,0.433,0.0,0.63,0.405
2024-03-20,weekday,0.0,11.5,0.012,1.9,5.3,3.1,0.0,0,0.631,0.016,0.734,0.492
2024-03-21,weekday,0.095,11.5,0.049,1.5,4.2,8.7,0.0,0,0.571,0.05,0.747,0.514
2024-03-22,weekday,0.037,10.5,0.283,7.0,4.0,6.1,1.0,0,0.318,0.237,0.618,0.375
2024-03-23,holiday,0.408,11.8,0.618,6.0,4.4,8.9,0.0,0,0.763,0.509,0.158,0.389
2024-03-24,holiday,0.244,10.4,0.414,0.6,4.7,4.7,0.0,0,0.662,0.494,0.112,0.368
2024-03-25,weekday,0.0,11.7,0.012,8.4,3.3,6.6,0.0,0,0.333,0.055,0.63,0.396
2024-03-26,weekday,0.082,11.4,0.12,0.9,3.0,5.0,0.0,0,0.307,0.0,0.638,0.415
2024-03-27,weekday,0.0,11.5,0.087,3.9,3.5,4.3,0.0,0,0.432,0.06,0.694,0.422
2024-03-28,weekday,0.0,10.2,,2.1,5.2,3.3,0.0,0,0.385,0.054,0.618,0.352
2024-03-29,weekday,0.0,9.9,0.004,2.7,2.6,10.0,0.0,0,0.511,0.101,0.622,0.387
2024-03-30,holiday,0.656,10.2,0.638,5.8,4.0,4.7,1.0,0,0.731,0.833,0.096,0.424
2024-03-31,holiday,0.452,11.3,0.518,9.9,5.4,5.1,0.0,0,0.74,0.576,0.045,0.316
2024-04-01,weekday,,8.6,0.0,4.2,4.5,0.1,0.0,0,0.373,0.042,0.707,0.396
2024-04-02,weekday,0.048,9.9,0.078,0.4,4.2,0.0,0.0,0,0.557,0.034,0.666,0.448
2024-04-03,weekday,0.137,8.5,0.0,2.8,5.1,0.0,0.0,0,0.323,0.081,0.649,0.343
2024-04-04,weekday,0.0,10.3,0.008,7.6,8.2,2.8,0.0,0,0.537,0.074,0.656,0.388
2024-04-05,weekday,0.098,9.7,0.028,,5.0,0.3,0.0,0,0.258,0.034,0.659,0.403
2024-04-06,holiday,0.302,8.7,0.499,1.7,5.3,0.0,0.0,0,0.753,0.613,0.141,0.357
2024-04-07,holiday,0.265,9.0,,1.8,4.7,1.4,0.0,0,0.675,0.545,0.04,0.315
2024-04-08,weekday,0.0,10.0,0.06,5.4,4.3,4.1,0.0,0,0.383,0.0,0.578,0.337
2024-04-09,weekday,0.0,8.7,0.0,0.5,2.7,0.8,0.0,0,0.438,0.0,0.657,0.427
2024-04-10,weekday,,9.3,0.022,6.0,6.1,0.0,0.0,0,0.474,0.0,0.569,0.298
2024-04-11,weekday,0.141,8.6,0.254,2.4,4.3,2.7,1.0,0,0.459,0.138,0.615,0.495
2024-04-12,weekday,0.06,8.4,0.119,2.9,3.2,0.6,0.0,0,0.317,0.023,0.706,0.429
2024-04-13,holiday,0.57,7.4,0.587,2.2,3.3,0.0,,0,0.75,0.729,0.022,0.346
2024-04-14,holiday,0.531,7.1,0.471,0.4,3.1,0.0,0.0,0,0.771,0.69,0.208,0.504
2024-04-15,weekday,0.288,8.5,0.156,1.5,7.1,0.3,1.0,0,0.413,0.299,0.688,0.425
2024-04-16,weekday,0.034,6.4,0.027,1.5,3.7,0.4,0.0,0,0.56,0.018,0.692,0.476
2024-04-17,weekday,0.028,6.9,0.028,3.4,6.8,0.0,0.0,0,0.416,,0.603,0.366
2024-04-18,,0.092,8.7,0.0,2.4,2.9,0.0,0.0,0,0.402,0.0,0.621,0.364
2024-04-19,weekday,0.341,8.0,,2.3,5.1,0.6,1.0,0,0.403,0.317,0.652,0.407
2024-04-20,holiday,0.578,6.7,0.73,3.3,2.9,0.0,1.0,0,0.654,0.855,0.152,0.427
2024-04-21,holiday,0.416,6.8,0.514,7.6,5.9,0.3,0.0,0,0.788,0.48,0.128,0.336
2024-04-22,weekday,0.046,6.4,0.0,4.9,2.7,0.0,0.0,0,0.408,0.048,0.585,0.318
2024-04-23,weekday,0.027,5.4,0.105,2.7,3.1,0.0,0.0,0,0.245,0.023,0.615,0.321
2024-04-24,weekday,0.0,7.5,0.014,2.6,2.8,1.0,0.0,0,0.498,0.0,0.651,0.372
2024-04-25,weekday,0.0,7.6,0.04,5.6,4.1,0.8,0.0,0,0.633,0.0,0.625,0.373
2024-04-26,weekday,0.105,6.1,0.014,3.7,5.5,0.3,0.0,0,0.364,0.045,0.658,0.445
2024-04-27,holiday,0.424,6.3,0.512,1.1,5.0,0.0,0.0,0,0.731,0.578,0.136,0.399
2024-04-28,holiday,0.312,4.5,0.515,3.8,3.6,0.0,0.0,0,0.639,0.665,0.068,0.33
2024-04-29,weekday,0.047,4.9,0.027,,3.5,1.4,0.0,0,0.206,0.064,0.581,0.282
2024-04-30,weekday,0.0,5.8,0.0,5.2,3.5,0.9,0.0,0,0.516,0.0,0.659,0.362
2024-05-01,,0.13,6.3,0.179,2.6,4.3,0.8,0.0,0,0.606,0.219,0.035,0.293
2024-05-02,holiday,0.245,7.3,0.213,8.2,4.9,0.3,0.0,0,0.433,0.26,0.04,0.257
2024-05-03,holiday,0.209,5.0,0.214,2.5,6.5,0.4,0.0,0,0.519,0.247,0.039,0.322
2024-05-04,holiday,0.294,6.3,0.508,1.4,7.3,0.0,0.0,0,0.584,0.539,0.076,0.327
2024-05-05,holiday,0.426,5.6,0.462,3.0,2.4,0.7,0.0,0,0.679,0.604,0.019,0.353
2024-05-06,holiday,0.411,4.4,0.374,1.3,5.8,2.0,1.0,0,0.465,0.633,0.121,0.321
2024-05-07,holiday,0.261,4.8,0.319,2.9,2.7,1.4,0.0,0,0.499,0.345,0.107,0.304
2024-05-08,holiday,0.243,5.9,0.235,3.1,3.3,0.0,0.0,0,0.476,0.347,0.087,0.325
2024-05-09,holiday,0.249,6.3,0.282,0.5,4.9,0.0,0.0,0,0.623,0.257,0.077,0.415
2024-05-10,holiday,0.145,7.4,0.263,2.4,3.3,0.0,0.0,0,0.618,0.269,0.058,0.38
2024-05-11,holiday,0.441,5.3,0.443,4.1,2.7,0.8,0.0,0,0.574,0.63,0.095,0.344
2024-05-12,holiday,0.68,6.9,0.709,1.1,3.7,0.6,1.0,0,0.698,0.898,0.138,0.447
2024-05-13,holiday,0.048,5.2,0.214,3.5,4.2,0.0,0.0,0,0.612,0.165,0.059,0.335
2024-05-14,holiday,0.191,5.5,0.277,3.5,3.4,0.0,0.0,0,0.671,0.29,0.023,0.275
2024-05-15,holiday,0.242,5.8,0.265,3.6,3.2,0.0,0.0,0,0.568,0.315,0.125,0.408
2024-05-16,holiday,0.218,5.8,0.255,2.6,3.3,0.1,0.0,0,0.557,0.372,0.088,0.32
2024-05-17,holiday,0.153,5.0,0.295,,4.3,0.5,0.0,0,0.725,0.284,0.202,0.4
2024-05-18,holiday,0.488,5.8,0.478,1.7,2.9,0.0,0.0,0,0.53,0.536,0.096,0.37
2024-05-19,holiday,0.487,5.3,0.55,1.6,2.5,2.5,,0,0.804,0.606,0.08,0.358
2024-05-20,holiday,0.236,4.8,0.25,1.6,3.9,0.0,0.0,0,0.561,0.261,0.096,0.355
2024-05-21,holiday,0.096,5.6,0.237,0.8,2.9,1.0,0.0,0,0.549,0.261,0.077,0.293
2024-05-22,holiday,0.366,4.7,0.394,5.8,3.9,0.0,1.0,0,0.577,0.547,0.091,0.353
2024-05-23,holiday,0.18,6.4,0.151,2.2,4.1,0.0,0.0,0,0.569,0.305,0.119,0.325
2024-05-24,holiday,0.234,4.3,0.332,0.8,2.4,0.0,0.0,0,0.51,0.42,0.023,0.268
2024-05-25,holiday,0.373,3.3,0.446,1.4,3.4,0.0,0.0,0,0.668,0.559,0.029,0.37
2024-05-26,holiday,0.447,5.9,0.515,4.7,2.8,0.1,0.0,0,0.762,0.59,0.163,0.401
2024-05-27,holiday,,5.1,0.199,3.9,1.7,0.0,0.0,0,,0.34,0.094,0.307
2024-05-28,holiday,0.043,4.9,0.368,5.5,6.9,0.0,0.0,0,0.503,0.249,0.154,0.322
2024-05-29,holiday,0.194,4.2,0.342,3.2,3.3,1.7,0.0,0,,0.297,0.038,0.281
2024-05-30,holiday,0.202,5.9,0.462,6.0,2.6,2.6,1.0,0,0.686,0.503,0.038,0.365
2024-05-31,holiday,0.165,6.2,0.316,3.9,1.2,0.2,0.0,0,0.382,0.263,0.122,0.279
2024-06-01,holiday,0.453,5.0,0.661,6.2,4.6,0.0,1.0,0,0.685,0.802,0.04,0.399
2024-06-02,holiday,0.257,4.8,0.373,4.4,3.5,0.0,0.0,0,0.734,0.511,0.222,0.438
2024-06-03,weekday,0.0,4.6,0.012,2.2,4.2,1.5,0.0,0,0.356,0.009,0.581,0.359
2024-06-04,weekday,0.054,6.2,0.0,7.1,5.8,0.0,0.0,0,0.347,0.045,0.656,0.323
2024-06-05,weekday,0.001,5.2,0.079,22.9,2.1,0.0,0.0,0,0.458,0.0,0.685,0.409
2024-06-06,weekday,0.0,5.7,0.064,22.5,5.7,0.6,0.0,0,0.47,0.0,0.606,0.326
2024-06-07,weekday,0.0,5.7,0.002,21.1,6.4,0.9,0.0,0,0.379,0.0,0.703,0.347
2024-06-08,holiday,0.428,5.4,0.495,19.5,3.3,1.4,0.0,0,0.708,0.518,0.094,0.337
2024-06-09,holiday,0.404,7.3,0.483,21.2,4.1,0.0,0.0,0,0.592,0.607,0.035,0.242
2024-06-10,weekday,0.02,5.2,0.0,19.3,5.4,0.0,0.0,0,0.458,0.0,0.617,0.353
2024-06-11,weekday,0.0,5.3,0.0,19.7,3.0,0.0,0.0,0,0.389,0.0,0.587,0.349
2024-06-12,weekday,0.0,6.6,0.0,21.9,4.6,0.0,0.0,0,0.385,0.056,0.579,0.29
2024-06-13,weekday,0.028,5.8,0.004,18.5,4.3,0.0,0.0,0,0.511,0.026,0.58,0.325
2024-06-14,weekday,0.189,4.8,0.178,20.7,1.6,1.2,1.0,0,,0.202,0.584,0.316
2024-06-15,holiday,0.309,6.0,0.514,21.4,2.8,0.0,0.0,0,0.74,0.676,0.0,0.284
2024-06-16,holiday,0.253,5.3,0.453,21.9,5.7,1.0,0.0,0,0.579,0.501,0.02,0.252
2024-06-17,weekday,0.01,5.0,0.0,,4.4,0.2,0.0,0,0.449,0.022,0.6,0.352
2024-06-18,weekday,0.0,5.2,0.03,21.0,4.7,0.0,0.0,0,0.375,0.066,0.66,0.386
2024-06-19,weekday,0.0,5.2,0.0,24.0,4.5,0.0,0.0,0,0.47,0.0,,0.346
2024-06-20,weekday,0.0,7.1,0.0,20.9,4.8,1.2,0.0,0,0.317,0.014,0.617,0.322
2024-06-21,weekday,0.0,5.7,0.0,22.7,3.7,0.0,0.0,0,0.503,0.0,0.635,0.357
2024-06-22,holiday,0.07,6.7,0.505,,3.2,0.4,0.0,0,0.68,,0.072,0.317
2024-06-23,holiday,0.436,6.3,0.526,21.8,3.7,0.0,0.0,0,0.812,0.591,0.031,0.29
2024-06-24,weekday,0.0,6.1,0.0,24.6,3.8,0.0,0.0,0,,0.0,,0.307
2024-06-25,weekday,0.004,5.8,0.023,25.7,2.3,0.0,0.0,0,0.326,0.001,,0.339
2024-06-26,weekday,0.0,6.9,0.098,,4.8,0.0,0.0,0,0.388,0.016,0.615,0.318
2024-06-27,weekday,0.0,7.0,0.003,19.9,5.5,0.7,0.0,0,0.568,0.0,0.601,0.316
2024-06-28,weekday,0.0,7.7,,21.3,2.6,1.0,0.0,0,0.489,0.051,0.685,0.392
2024-06-29,holiday,0.46,6.5,0.461,,6.2,0.0,0.0,0,0.686,0.622,0.067,0.31
2024-06-30,holiday,0.361,8.1,0.547,26.1,4.0,0.0,0.0,0,0.681,0.735,0.045,0.313
2024-07-01,weekday,0.0,6.3,0.044,22.1,1.1,1.1,0.0,0,0.39,0.0,0.62,0.295
2024-07-02,weekday,0.0,7.7,0.091,19.8,4.2,2.9,0.0,0,0.546,0.0,0.594,0.402
2024-07-03,weekday,0.0,7.2,0.0,23.6,2.1,1.4,0.0,0,0.515,0.0,0.576,0.304
2024-07-04,weekday,0.0,8.5,0.025,20.0,2.9,0.0,0.0,0,0.357,0.023,0.58,0.307
2024-07-05,weekday,0.0,9.0,0.0,21.5,4.3,0.5,0.0,0,0.357,0.004,0.611,0.315
2024-07-06,holiday,0.348,7.3,0.489,20.5,2.7,0.0,0.0,0,0.68,0.636,0.059,0.264
2024-07-07,holiday,0.348,8.9,0.534,18.9,0.3,0.1,0.0,0,0.593,0.59,0.043,0.237
2024-07-08,weekday,0.0,7.4,0.017,27.0,5.4,0.5,0.0,0,0.514,0.0,0.612,0.354
2024-07-09,weekday,0.0,8.2,0.086,24.1,2.2,0.0,0.0,0,0.467,0.0,0.638,0.327
2024-07-10,weekday,0.0,7.9,0.075,19.6,3.2,0.0,0.0,0,0.461,,0.605,0.361
2024-07-11,weekday,0.0,8.4,0.0,18.9,4.9,1.1,0.0,0,0.51,0.0,,0.439
2024-07-12,weekday,0.041,8.9,0.168,20.3,6.0,0.0,1.0,0,0.279,0.211,0.607,0.311
2024-07-13,holiday,0.242,9.5,0.549,26.2,3.1,0.0,,0,0.768,0.628,0.153,0.349
2024-07-14,holiday,0.352,9.9,0.554,24.4,3.6,4.8,0.0,0,0.594,0.562,0.062,0.304
2024-07-15,weekday,,8.6,0.008,20.4,4.6,3.0,0.0,0,0.527,0.0,0.67,0.371
2024-07-16,weekday,0.0,10.5,0.06,5.3,5.9,0.0,0.0,0,0.361,0.0,,0.324
2024-07-17,weekday,0.267,9.4,0.221,3.4,2.2,1.4,1.0,0,0.392,0.189,0.633,0.479
2024-07-18,weekday,0.0,8.4,0.009,3.6,6.1,0.0,0.0,0,0.354,0.006,,0.412
2024-07-19,weekday,0.0,9.1,,3.7,4.4,0.0,0.0,0,0.531,0.03,0.714,0.444
2024-07-20,holiday,0.391,10.0,0.532,4.8,2.6,0.0,0.0,0,,0.581,0.079,0.346
2024-07-21,holiday,0.348,10.9,0.495,1.3,4.3,2.7,0.0,0,0.701,0.589,0.0,0.326
2024-07-22,weekday,0.048,10.1,0.054,3.2,3.1,2.1,0.0,0,0.284,0.039,0.609,0.355
2024-07-23,weekday,0.078,11.4,0.0,1.0,3.6,0.0,0.0,0,0.585,0.057,0.634,0.432
2024-07-24,weekday,0.373,9.7,0.159,1.9,5.0,0.3,1.0,0,0.365,,0.707,0.475
2024-07-25,weekday,0.0,11.2,0.015,3.1,4.9,0.0,0.0,0,0.435,0.0,0.655,0.384
2024-07-26,weekday,0.0,11.8,0.0,5.0,4.0,0.1,0.0,0,0.408,0.009,0.671,0.369
2024-07-27,holiday,0.537,10.0,0.64,0.9,4.3,1.9,0.0,0,0.807,0.615,0.137,0.382
2024-07-28,holiday,0.513,10.4,0.491,2.3,5.5,0.0,0.0,0,0.738,0.611,0.126,0.35
2024-07-29,weekday,0.148,12.1,0.251,6.0,2.9,0.8,1.0,0,0.53,0.261,0.609,0.446
2024-07-30,weekday,0.134,11.7,0.101,3.1,2.2,0.5,0.0,0,0.423,0.043,0.688,0.409
2024-07-31,weekday,0.085,12.8,0.062,1.1,4.5,1.5,0.0,0,0.236,0.0,0.662,0.37
2024-08-01,holiday,0.064,12.1,0.282,14.4,5.6,0.0,0.0,0,0.576,0.253,0.086,0.279
2024-08-02,holiday,0.122,11.9,0.302,17.8,6.3,3.5,0.0,0,0.594,0.283,0.045,0.301
2024-08-03,holiday,0.197,12.3,0.521,17.4,7.6,0.0,0.0,0,0.663,0.543,0.096,0.347
2024-08-04,holiday,0.482,13.2,0.706,15.6,8.2,0.0,1.0,1,0.78,0.833,0.142,0.411
2024-08-05,holiday,,13.3,0.324,12.9,7.9,0.5,0.0,0,0.487,0.267,0.0,0.285
2024-08-06,holiday,0.229,10.8,0.308,11.5,7.1,1.1,0.0,0,0.46,0.242,0.051,0.257
2024-08-07,holiday,0.379,13.3,0.534,13.6,7.1,0.2,1.0,1,0.599,0.638,0.074,0.372
2024-08-08,holiday,0.166,14.6,0.258,14.6,10.0,1.0,0.0,0,0.464,0.242,0.044,0.272
2024-08-09,holiday,0.157,13.9,0.283,19.0,9.9,0.0,0.0,0,0.394,0.271,0.036,0.2
2024-08-10,holiday,0.263,14.9,0.56,17.4,8.2,0.0,0.0,0,0.549,0.569,0.027,0.292
2024-08-11,holiday,0.348,15.6,0.515,15.0,8.2,0.0,0.0,0,0.714,0.598,0.138,0.37
2024-08-12,holiday,0.53,14.2,0.574,16.3,7.7,0.0,1.0,0,0.542,0.599,0.041,0.314
2024-08-13,holiday,0.41,16.4,0.512,12.7,7.0,0.8,1.0,0,0.482,0.541,0.0,0.301
2024-08-14,holiday,0.234,13.3,0.261,11.7,7.0,1.8,0.0,0,0.425,0.27,0.017,0.215
2024-08-15,holiday,0.289,15.2,,12.2,7.9,0.0,0.0,0,0.536,0.289,0.104,0.254
2024-08-16,holiday,0.274,15.4,0.486,14.0,6.6,2.7,1.0,0,0.72,0.561,0.087,0.319
2024-08-17,holiday,0.478,14.9,0.602,18.5,7.9,0.0,0.0,0,0.642,0.602,0.034,0.301
2024-08-18,holiday,0.29,15.7,0.55,14.6,8.7,0.0,0.0,0,0.599,0.524,,0.284
2024-08-19,holiday,0.176,14.8,0.302,12.2,7.8,0.0,0.0,0,0.56,0.298,0.079,0.262
2024-08-20,holiday,0.103,16.4,0.302,14.9,7.8,1.5,0.0,0,0.483,0.284,0.016,0.242
2024-08-21,holiday,0.112,17.2,0.256,15.9,7.2,1.5,,0,0.537,0.208,0.018,0.253
2024-08-22,holiday,0.37,16.0,0.489,12.8,7.7,0.4,1.0,0,0.533,0.525,0.0,0.326
2024-08-23,holiday,0.415,16.2,0.593,13.6,8.6,0.0,1.0,0,0.564,0.502,0.062,0.367
2024-08-24,holiday,0.373,16.5,0.556,12.6,7.3,1.6,0.0,0,0.707,0.594,,0.341
2024-08-25,holiday,0.455,17.7,0.525,12.7,5.4,0.0,0.0,0,0.81,0.606,0.097,0.432
2024-08-26,holiday,0.524,17.8,0.509,,7.9,0.0,1.0,0,0.533,0.573,0.084,0.401
2024-08-27,holiday,,16.6,0.194,15.5,7.8,0.0,,1,,0.331,0.085,0.24
2024-08-28,holiday,,17.7,0.455,13.7,10.2,0.0,0.0,0,0.498,0.283,0.034,0.281
2024-08-29,holiday,0.106,16.1,0.287,13.2,7.4,3.9,0.0,0,0.627,0.281,0.073,0.286
2024-08-30,holiday,0.224,18.3,,12.9,8.4,0.5,0.0,0,0.457,0.224,0.09,0.23
2024-08-31,holiday,0.454,18.0,0.525,13.5,8.1,0.0,0.0,0,0.704,0.528,0.091,0.314
2024-09-01,holiday,0.423,20.2,0.477,12.2,7.2,0.0,0.0,0,0.78,0.639,,0.322
2024-09-02,weekday,0.0,17.7,0.042,12.3,9.1,1.1,0.0,0,0.454,0.032,0.693,0.332
2024-09-03,weekday,0.051,18.9,0.07,12.2,6.7,0.0,0.0,0,0.427,0.034,0.582,0.386
2024-09-04,weekday,0.116,18.2,0.0,15.9,11.2,0.0,0.0,0,0.281,0.0,0.596,0.272
2024-09-05,weekday,0.0,18.6,0.042,14.7,8.1,0.0,0.0,0,0.425,0.0,0.628,0.303
2024-09-06,weekday,0.0,20.3,0.036,,8.0,0.0,0.0,0,0.438,0.0,0.634,0.359
2024-09-07,holiday,0.394,20.1,0.551,12.3,4.5,0.8,0.0,0,0.524,0.604,0.041,0.24
2024-09-08,holiday,,20.9,0.829,17.1,5.7,0.0,1.0,0,0.536,0.78,,0.337
2024-09-09,weekday,0.315,21.3,0.291,16.5,8.0,1.4,1.0,0,0.428,0.231,0.735,0.426
2024-09-10,weekday,0.0,20.0,0.158,17.6,7.3,0.3,0.0,0,0.422,0.011,0.627,0.407
2024-09-11,weekday,0.119,20.2,0.0,16.6,7.0,0.8,0.0,0,0.492,0.04,0.676,0.389
2024-09-12,weekday,0.007,20.7,0.155,19.5,7.6,0.0,0.0,0,0.389,0.0,0.572,0.284
2024-09-13,weekday,0.0,20.4,0.085,13.5,8.0,0.0,0.0,0,0.543,0.0,0.696,0.41
2024-09-14,holiday,0.431,20.6,0.61,14.9,9.5,0.0,0.0,0,0.782,0.641,0.145,0.385
2024-09-15,holiday,0.346,21.6,0.595,16.5,7.1,0.0,0.0,0,0.856,0.555,,0.354
2024-09-16,weekday,0.003,21.5,0.002,13.0,7.8,0.0,0.0,0,0.426,0.0,0.721,0.344
2024-09-17,weekday,0.052,21.3,0.08,16.1,5.9,1.1,0.0,0,0.433,0.075,0.583,0.348
2024-09-18,weekday,0.106,21.5,0.085,13.8,9.0,3.8,0.0,0,0.42,0.0,0.587,0.33
2024-09-19,weekday,0.0,21.7,0.08,18.7,7.7,2.3,0.0,0,0.436,0.0,0.6,0.35
2024-09-20,weekday,0.204,21.1,0.056,15.2,8.5,2.1,0.0,0,0.433,0.03,0.655,0.367
2024-09-21,holiday,0.415,22.3,0.615,14.3,8.1,0.0,0.0,0,0.68,0.564,0.067,0.362
2024-09-22,holiday,0.417,22.4,0.682,12.8,7.8,0.0,0.0,0,0.717,0.584,0.036,0.335
2024-09-23,weekday,0.031,22.7,0.082,13.7,7.5,0.0,0.0,0,0.313,0.048,0.478,0.268
2024-09-24,weekday,0.099,22.8,0.018,15.1,6.8,0.0,0.0,0,0.41,0.022,0.61,0.35
2024-09-25,weekday,0.398,23.0,0.318,11.4,8.4,0.0,1.0,0,0.522,0.381,0.635,0.453
2024-09-26,weekday,0.0,23.1,0.134,15.6,5.4,1.3,0.0,0,,0.067,0.523,0.292
2024-09-27,weekday,0.126,23.4,0.104,14.4,8.1,0.0,0.0,0,0.338,0.026,0.55,0.292
2024-09-28,holiday,0.466,24.0,0.569,14.7,9.0,0.0,0.0,0,0.672,0.7,0.09,0.32
2024-09-29,holiday,0.406,23.9,0.554,12.9,9.4,0.9,0.0,0,0.66,0.574,0.076,0.285
2024-09-30,weekday,0.0,23.8,0.127,14.6,7.7,1.5,0.0,0,0.377,0.083,0.684,0.385
2024-10-01,weekday,0.167,23.4,0.198,8.3,6.1,0.0,0.0,0,0.493,0.0,0.633,0.37
2024-10-02,weekday,0.131,23.1,0.053,3.0,4.2,0.0,0.0,0,0.528,0.0,0.694,0.403
2024-10-03,weekday,0.075,23.8,0.089,2.3,3.1,0.0,0.0,0,0.396,0.033,0.746,0.411
2024-10-04,weekday,0.155,23.9,0.073,2.7,4.9,0.0,0.0,0,0.532,0.087,0.634,0.444
2024-10-05,holiday,0.608,25.9,0.617,1.8,2.7,2.5,0.0,0,0.716,0.588,0.104,0.326
2024-10-06,holiday,0.442,24.4,,4.5,4.0,0.0,0.0,0,0.74,0.549,0.089,0.324
2024-10-07,weekday,0.14,25.9,0.168,4.6,3.0,0.0,,0,0.437,0.092,0.706,0.461
2024-10-08,weekday,0.166,26.0,0.113,0.6,4.9,0.2,0.0,0,0.445,0.114,0.619,0.449
2024-10-09,weekday,0.061,25.5,0.086,3.7,3.4,1.6,0.0,0,0.477,0.077,0.763,0.412
2024-10-10,,0.195,25.8,0.002,6.3,5.3,1.0,0.0,0,0.394,0.0,0.783,0.458
2024-10-11,weekday,0.25,24.5,0.141,6.0,2.9,0.0,0.0,0,0.363,0.029,0.584,0.319
2024-10-12,holiday,0.653,25.6,0.602,1.4,5.6,0.0,,0,0.724,0.589,0.114,0.423
2024-10-13,holiday,0.573,26.2,0.591,3.8,5.4,2.4,0.0,0,0.683,0.665,0.078,0.34
2024-10-14,weekday,0.115,26.1,0.032,2.5,3.0,2.3,0.0,0,0.495,0.124,0.68,0.397
2024-10-15,weekday,0.115,27.8,0.132,2.7,0.3,0.3,0.0,0,0.502,0.059,,0.48
2024-10-16,weekday,0.242,25.7,0.128,3.4,4.4,0.0,0.0,0,0.496,0.001,0.687,0.436
2024-10-17,weekday,,26.8,0.232,3.8,4.1,0.0,0.0,0,0.314,0.0,0.664,0.368
2024-10-18,weekday,0.131,27.0,0.148,,3.6,3.7,0.0,0,0.308,0.008,0.633,0.371
2024-10-19,holiday,0.454,26.5,0.564,3.4,3.7,0.0,0.0,0,0.545,0.53,0.009,0.262
2024-10-20,holiday,0.612,26.7,0.568,3.9,3.1,1.8,0.0,0,0.808,0.614,0.096,0.356
2024-10-21,weekday,0.112,27.1,0.08,1.8,5.7,0.4,0.0,0,0.38,0.059,0.713,0.387
2024-10-22,weekday,0.065,26.2,0.15,1.8,3.4,0.5,0.0,0,0.53,0.044,0.707,0.43
2024-10-23,weekday,0.128,27.5,0.105,2.9,3.1,0.0,0.0,0,0.462,0.071,0.596,0.343
2024-10-24,weekday,0.057,28.4,0.177,3.5,3.7,0.0,0.0,0,0.453,0.079,0.657,0.359
2024-10-25,weekday,0.558,28.8,0.337,7.0,4.3,0.0,1.0,0,0.409,0.359,0.703,0.459
2024-10-26,holiday,0.632,26.5,0.637,1.2,4.8,0.0,0.0,0,0.729,0.567,0.0,0.329
2024-10-27,holiday,0.652,27.5,0.661,2.9,4.9,0.4,0.0,0,0.617,0.599,0.104,0.387
2024-10-28,weekday,0.153,26.8,0.08,7.8,4.4,3.0,0.0,0,0.505,0.0,0.687,0.4
2024-10-29,weekday,0.11,28.0,0.031,2.3,2.5,0.7,0.0,0,0.406,0.036,0.671,0.387
2024-10-30,weekday,0.213,29.5,0.009,3.4,3.6,2.4,0.0,0,0.34,0.008,0.688,0.365
2024-10-31,weekday,0.306,28.5,0.265,2.3,3.6,0.0,1.0,0,0.421,0.303,0.652,0.44
2024-11-01,weekday,0.2,27.7,0.004,4.7,3.5,0.0,0.0,0,0.368,0.077,0.65,0.374
2024-11-02,holiday,0.527,28.5,0.463,0.9,6.4,0.0,0.0,0,0.723,0.619,0.076,0.386
2024-11-03,holiday,0.518,28.6,0.632,3.8,1.9,0.0,0.0,0,0.613,0.575,0.027,0.295
2024-11-04,weekday,0.262,28.8,0.038,0.7,4.8,0.0,0.0,0,0.446,0.021,0.55,0.366
2024-11-05,weekday,0.079,28.6,0.036,6.1,5.2,0.0,0.0,0,0.298,0.0,0.531,0.328
2024-11-06,weekday,0.0,28.1,0.193,6.4,3.6,0.0,0.0,0,0.407,0.039,0.718,0.45
2024-11-07,weekday,0.244,28.0,0.0,6.2,3.1,0.2,0.0,0,0.38,0.0,0.604,0.313
2024-11-08,weekday,0.163,29.1,0.135,0.9,4.5,0.4,0.0,0,0.4,0.006,0.648,0.42
2024-11-09,holiday,0.659,28.7,0.576,2.9,4.5,0.0,0.0,0,0.351,,0.017,0.252
2024-11-10,holiday,0.493,28.1,0.564,3.3,5.8,0.0,0.0,0,0.798,,0.148,0.436
2024-11-11,weekday,0.258,27.2,0.191,3.1,4.2,0.3,0.0,0,0.335,0.045,0.669,0.368
2024-11-12,weekday,0.136,27.2,,0.1,4.7,2.8,0.0,0,0.531,0.055,0.657,0.44
2024-11-13,weekday,0.16,28.5,0.069,1.2,2.0,1.3,0.0,0,0.319,0.0,,0.379
2024-11-14,weekday,0.047,29.1,0.104,1.4,3.6,0.0,0.0,0,0.346,0.065,0.586,0.338
2024-11-15,weekday,0.211,29.9,0.079,5.2,2.2,0.0,0.0,0,0.392,0.071,0.679,0.341
2024-11-16,holiday,0.777,29.2,0.541,1.5,5.1,0.0,0.0,0,0.572,0.537,0.099,0.293
2024-11-17,holiday,,29.4,0.583,4.2,3.0,0.8,0.0,0,0.615,0.575,0.099,0.311
2024-11-18,weekday,,28.4,0.063,0.6,4.9,1.6,0.0,0,0.466,0.041,0.671,0.459
2024-11-19,weekday,0.146,30.4,0.145,2.4,3.3,0.0,0.0,0,0.449,0.016,0.735,0.448
2024-11-20,weekday,0.178,29.4,0.087,4.7,2.6,2.8,0.0,0,0.44,0.11,0.71,0.441
2024-11-21,weekday,0.141,28.2,0.083,5.3,3.5,0.0,0.0,0,0.465,0.042,0.735,0.445
2024-11-22,weekday,0.17,28.5,0.086,9.4,6.2,1.3,0.0,0,0.426,0.0,0.676,0.474
2024-11-23,holiday,0.638,29.7,0.666,4.2,2.6,0.0,0.0,0,0.69,0.568,0.009,0.3
2024-11-24,holiday,0.576,28.9,0.688,2.3,3.7,0.0,0.0,0,0.766,,0.18,0.433
2024-11-25,weekday,0.146,28.1,0.136,3.0,4.3,0.5,0.0,0,0.378,0.088,0.647,0.396
2024-11-26,weekday,0.036,28.5,0.101,3.8,2.3,1.5,0.0,0,0.502,0.01,0.742,0.442
2024-11-27,weekday,0.258,30.0,0.091,3.5,4.7,0.0,0.0,0,0.403,0.104,0.681,0.428
2024-11-28,weekday,0.102,28.1,0.079,4.2,2.9,0.9,0.0,0,0.39,0.102,0.638,0.37
2024-11-29,weekday,0.113,30.0,0.068,3.5,2.7,0.0,0.0,0,0.568,0.0,,0.438
2024-11-30,holiday,0.607,28.6,0.551,2.9,3.2,0.0,0.0,0,0.752,0.664,0.078,0.381
2024-12-01,holiday,0.619,28.7,0.561,1.8,3.2,0.6,0.0,0,0.696,0.681,0.096,0.382
2024-12-02,holiday,,29.9,0.329,2.4,3.0,1.4,0.0,0,0.754,0.38,0.124,0.388
2024-12-03,holiday,0.344,28.5,0.347,1.7,5.8,2.4,0.0,0,0.604,0.328,0.166,0.413
2024-12-04,holiday,0.282,28.2,0.352,,5.4,3.1,0.0,0,0.473,,0.07,0.357
2024-12-05,holiday,0.241,27.6,0.365,1.7,4.6,1.0,0.0,0,0.563,0.245,0.192,0.367
2024-12-06,holiday,0.353,29.0,0.376,3.2,4.3,3.2,0.0,0,,0.377,0.153,0.371
2024-12-07,holiday,0.429,28.0,0.621,2.4,5.4,0.6,0.0,0,0.726,0.474,0.079,0.319
2024-12-08,holiday,0.508,28.8,0.651,1.2,4.1,0.1,0.0,0,0.755,0.631,0.147,0.416
2024-12-09,,0.233,28.6,0.359,7.4,2.2,2.1,0.0,0,0.713,0.347,0.101,0.275
2024-12-10,holiday,0.361,27.9,0.331,5.9,2.9,2.2,0.0,0,0.623,0.361,0.164,0.393
2024-12-11,holiday,0.35,28.1,0.398,2.3,5.2,3.8,0.0,0,0.438,0.289,0.112,0.314
2024-12-12,holiday,0.373,29.6,0.417,,3.4,1.8,0.0,0,0.596,0.262,0.14,0.317
2024-12-13,holiday,0.46,29.0,0.215,2.0,5.9,1.2,0.0,0,0.56,0.302,0.1,0.329
2024-12-14,holiday,0.501,26.8,0.561,3.7,4.3,4.4,0.0,0,0.79,0.614,0.154,0.457
2024-12-15,holiday,0.497,28.2,,1.3,1.9,4.2,0.0,0,0.691,0.583,0.046,0.336
2024-12-16,holiday,0.282,27.2,0.29,5.3,3.2,0.0,0.0,0,0.521,0.245,0.044,0.226
2024-12-17,holiday,0.508,28.8,0.307,3.2,3.6,1.6,0.0,0,0.544,0.344,0.096,0.314
2024-12-18,holiday,0.304,27.3,0.297,5.3,5.3,0.5,0.0,0,0.639,0.259,,0.365
2024-12-19,holiday,0.308,28.5,0.393,3.3,4.9,2.0,,0,0.489,0.304,0.012,0.265
2024-12-20,holiday,0.361,28.7,0.368,2.3,4.7,0.0,0.0,0,0.586,0.308,0.123,0.382
2024-12-21,holiday,0.473,28.5,0.675,2.5,4.0,0.0,0.0,0,,0.582,0.063,0.304
2024-12-22,holiday,0.514,30.6,0.603,6.6,4.0,2.4,0.0,0,0.686,0.596,0.102,0.316
2024-12-23,holiday,0.393,27.6,0.427,1.5,5.4,0.0,0.0,0,0.627,0.324,0.107,0.326
2024-12-24,holiday,0.324,26.6,,6.1,2.6,0.0,0.0,1,0.499,0.291,0.045,0.259
2024-12-25,holiday,0.278,27.1,0.35,8.3,3.8,0.8,0.0,0,0.605,0.307,0.015,0.309
2024-12-26,holiday,0.232,28.1,0.289,7.3,3.2,0.4,0.0,0,0.461,0.293,0.072,0.237
2024-12-27,holiday,0.303,28.1,0.254,,5.4,2.3,0.0,0,0.505,0.318,0.089,0.298
2024-12-28,holiday,0.51,27.4,0.528,1.9,5.7,0.0,0.0,0,0.649,,0.063,0.343
2024-12-29,holiday,0.573,27.6,0.669,2.2,3.2,1.9,0.0,0,0.678,0.693,0.108,0.34
2024-12-30,holiday,0.326,27.2,0.428,2.2,4.6,2.6,0.0,0,0.406,0.328,,0.276
2024-12-31,holiday,0.248,26.1,0.432,3.2,5.0,0.8,0.0,0,0.608,0.277,0.045,0.311
2025-01-01,holiday,0.252,27.3,,0.1,4.1,3.4,0.0,0,0.577,0.329,0.055,0.322
2025-01-02,holiday,0.284,24.7,0.499,2.8,5.1,3.5,0.0,0,0.564,0.377,0.048,0.296
2025-01-03,holiday,0.384,27.2,0.305,6.6,3.6,0.1,,0,0.544,0.299,0.194,0.355
2025-01-04,holiday,0.525,25.4,0.63,3.0,2.1,2.9,0.0,0,0.874,0.6,0.099,0.371
2025-01-05,holiday,0.584,25.8,0.545,0.1,2.2,3.1,0.0,0,0.619,0.597,0.023,0.352
2025-01-06,holiday,0.209,25.8,0.355,4.6,6.4,1.8,0.0,0,0.571,0.284,0.057,0.293
2025-01-07,holiday,0.365,23.7,0.365,5.1,5.1,2.4,0.0,0,0.413,0.345,0.073,0.314
2025-01-08,holiday,0.299,25.5,0.362,3.3,1.9,1.1,0.0,0,0.477,,0.045,0.306
2025-01-09,holiday,,26.1,0.414,1.0,3.9,2.4,0.0,0,0.568,0.299,0.086,0.359
2025-01-10,holiday,0.16,25.8,0.315,4.4,4.6,2.0,0.0,0,0.56,0.326,0.122,0.338
2025-01-11,holiday,0.517,26.9,0.547,4.7,3.8,2.8,0.0,0,0.599,0.648,0.022,0.326
2025-01-12,holiday,,24.5,0.759,0.3,2.9,3.7,0.0,0,0.723,0.693,0.12,0.344
2025-01-13,holiday,0.366,25.2,0.378,2.8,3.6,3.3,0.0,0,0.681,0.339,0.092,0.364
2025-01-14,holiday,0.436,25.2,0.381,1.1,3.4,2.2,0.0,0,0.516,0.269,,0.309
2025-01-15,holiday,0.296,24.7,0.288,1.8,4.7,1.1,0.0,0,0.67,0.308,0.114,0.377
2025-01-16,holiday,0.573,24.2,,5.1,5.6,2.2,1.0,0,0.443,0.579,0.064,0.292
2025-01-17,holiday,,23.8,0.368,2.3,4.1,2.2,0.0,0,0.426,0.387,0.098,0.296
2025-01-18,holiday,,23.9,0.626,2.8,4.7,1.7,0.0,0,0.709,0.533,0.139,0.376
2025-01-19,holiday,0.643,23.3,0.5,1.6,2.9,3.7,0.0,0,0.802,0.657,0.189,0.35
2025-01-20,holiday,0.245,23.5,0.422,5.6,6.6,2.7,0.0,0,0.551,0.386,0.157,0.392
2025-01-21,holiday,0.558,23.4,,0.4,4.2,0.8,1.0,0,0.587,,0.025,0.358
2025-01-22,holiday,0.253,22.1,0.302,8.1,4.5,5.6,0.0,0,0.67,0.33,0.045,0.265
2025-01-23,holiday,0.306,23.5,0.25,2.8,4.3,1.1,0.0,0,0.584,0.374,0.06,0.307
2025-01-24,holiday,0.395,21.5,0.388,5.0,3.9,0.1,0.0,0,0.406,0.29,0.007,0.247
2025-01-25,holiday,0.464,23.8,,3.2,4.5,5.2,0.0,0,0.642,0.53,0.076,0.358
2025-01-26,holiday,0.558,22.8,0.629,4.2,5.8,0.6,0.0,0,0.52,0.662,,0.347
2025-01-27,holiday,0.214,22.6,0.351,2.8,5.3,3.1,0.0,0,0.641,0.37,0.201,0.398
2025-01-28,holiday,0.285,23.7,0.364,5.1,3.3,0.2,0.0,0,0.495,0.316,0.0,0.3
2025-01-29,holiday,0.654,21.2,0.538,7.7,3.5,5.7,1.0,0,0.495,0.52,0.024,0.264
2025-01-30,holiday,0.165,21.6,0.316,5.6,4.6,2.6,0.0,0,0.529,0.302,0.049,0.262
2025-01-31,holiday,0.327,22.1,0.37,4.7,4.6,4.4,0.0,0,0.591,0.297,0.168,0.401
2025-02-01,holiday,0.385,22.5,0.533,2.7,4.1,2.3,0.0,0,0.633,0.611,0.079,0.259
2025-02-02,holiday,0.476,21.5,0.682,6.2,2.7,5.2,0.0,0,0.641,0.621,0.154,0.356
2025-02-03,weekday,0.0,20.3,0.098,4.6,4.4,4.6,0.0,0,,0.037,0.645,0.428
2025-02-04,weekday,0.159,20.5,0.185,3.2,4.0,2.4,0.0,0,0.525,0.116,,0.498
2025-02-05,weekday,0.038,19.8,0.072,2.4,3.7,4.5,0.0,0,0.435,0.091,0.608,0.345
2025-02-06,weekday,0.067,22.0,0.046,6.9,5.2,2.9,0.0,0,0.437,0.0,0.665,0.403
2025-02-07,weekday,0.148,20.9,,5.0,3.2,5.0,0.0,0,0.339,0.085,0.717,0.368
2025-02-08,holiday,0.626,19.5,0.572,2.2,5.0,5.2,0.0,0,0.486,0.69,0.045,0.314
2025-02-09,holiday,0.451,19.6,,7.8,5.0,3.6,0.0,0,0.59,0.565,0.067,0.294
2025-02-10,weekday,0.041,20.2,0.142,2.3,5.6,3.5,0.0,0,0.36,0.035,0.642,0.367
2025-02-11,weekday,0.312,20.3,0.274,3.8,3.1,1.0,1.0,0,0.473,0.23,0.668,0.515
2025-02-12,weekday,0.065,19.4,0.114,2.3,4.5,3.9,0.0,0,0.259,0.012,0.655,0.334
2025-02-13,weekday,0.086,19.4,0.001,6.6,3.6,6.1,0.0,0,0.434,0.0,0.564,0.356
2025-02-14,weekday,0.033,19.4,0.044,1.9,4.1,5.5,0.0,0,0.478,0.027,0.6,0.42
2025-02-15,holiday,0.358,19.0,0.631,1.4,2.8,6.6,0.0,0,0.571,0.496,0.046,0.294
2025-02-16,holiday,0.68,18.2,0.599,3.8,3.3,3.4,0.0,0,0.703,0.535,0.064,0.342
2025-02-17,weekday,0.175,19.2,0.095,1.3,4.6,2.8,0.0,0,0.432,0.005,0.708,0.456
2025-02-18,weekday,0.0,17.6,0.153,4.4,6.2,3.5,0.0,0,0.377,0.0,,0.392
2025-02-19,weekday,0.352,18.3,0.226,5.7,3.0,4.6,1.0,0,0.494,0.246,0.627,0.456
2025-02-20,weekday,0.14,17.9,0.027,0.9,4.5,4.5,0.0,0,0.384,0.074,0.556,0.326
2025-02-21,weekday,0.0,17.1,0.12,,5.1,4.1,0.0,0,0.344,0.019,0.604,0.353
2025-02-22,holiday,0.431,18.0,0.588,3.9,1.8,3.3,0.0,0,0.788,0.491,0.1,0.438
2025-02-23,holiday,0.415,18.8,0.592,3.7,2.9,4.0,0.0,0,0.626,0.64,0.052,0.323
2025-02-24,weekday,0.154,16.6,0.039,5.0,4.7,4.4,0.0,0,0.462,0.012,0.728,0.476
2025-02-25,weekday,0.0,16.7,0.005,9.9,3.7,3.4,0.0,0,0.486,0.097,0.71,0.423
2025-02-26,weekday,0.049,16.9,0.011,4.4,4.4,3.1,0.0,0,0.366,0.054,,0.362
2025-02-27,weekday,0.0,16.5,0.093,5.4,1.6,5.6,0.0,0,,0.0,0.723,0.46
2025-02-28,weekday,0.0,16.1,0.0,2.5,2.0,5.6,0.0,0,0.452,0.0,,0.49
2025-03-01,holiday,,15.2,0.627,4.0,4.8,3.5,,0,0.499,0.616,0.043,0.292
2025-03-02,holiday,0.427,15.1,0.552,8.4,4.4,5.5,0.0,0,,0.563,0.041,0.331
2025-03-03,weekday,,17.0,0.011,3.0,4.0,4.7,0.0,0,0.57,0.0,0.578,0.466
2025-03-04,weekday,0.05,15.6,0.031,4.2,4.9,5.5,0.0,0,0.453,,0.669,0.431
2025-03-05,weekday,0.128,16.1,0.071,0.5,5.0,4.0,0.0,0,0.387,0.031,0.673,0.377
2025-03-06,weekday,0.052,15.6,0.065,1.6,5.2,4.9,0.0,0,0.308,,0.648,0.353
2025-03-07,weekday,0.082,15.0,0.0,7.4,2.7,5.8,0.0,0,,0.043,0.623,0.377
2025-03-08,holiday,0.254,15.2,0.516,8.7,4.9,5.2,0.0,0,0.732,0.55,0.147,0.38
2025-03-09,holiday,0.409,13.8,0.576,3.7,3.0,3.8,0.0,0,0.673,0.553,0.126,0.385
2025-03-10,weekday,0.0,14.2,0.039,1.7,4.6,5.8,0.0,0,0.516,0.0,0.611,0.406
2025-03-11,weekday,0.143,14.0,0.148,3.8,3.7,3.4,1.0,0,0.378,0.353,0.706,0.445
2025-03-12,weekday,0.019,12.6,0.05,1.4,4.4,4.9,0.0,0,0.455,0.0,0.729,0.41
2025-03-13,weekday,0.0,13.4,0.0,1.0,5.8,6.9,0.0,0,0.59,0.029,0.701,0.507
2025-03-14,weekday,0.0,13.6,0.05,3.7,2.3,6.1,0.0,0,0.399,0.0,0.658,0.421
2025-03-15,holiday,0.427,11.6,0.485,6.4,4.0,8.7,0.0,0,0.694,0.615,0.106,0.329
2025-03-16,holiday,0.267,12.2,0.573,3.2,3.8,6.0,0.0,0,0.625,0.514,0.152,0.367
2025-03-17,weekday,0.0,13.1,0.061,3.0,5.0,2.2,0.0,0,0.469,0.121,0.658,0.402
2025-03-18,weekday,0.0,12.1,0.0,2.0,4.3,5.5,0.0,0,0.419,0.078,0.646,0.39
2025-03-19,weekday,0.0,11.3,0.0,6.0,2.4,2.7,0.0,0,0.329,0.0,0.644,0.381
2025-03-20,weekday,0.145,11.6,0.041,7.1,3.2,3.1,0.0,0,0.322,0.032,0.637,0.355
2025-03-21,weekday,0.0,12.0,0.076,3.4,3.6,8.2,0.0,0,0.406,0.06,0.759,0.403
2025-03-22,holiday,0.341,10.7,0.537,4.8,2.4,5.4,0.0,0,0.63,0.503,0.022,0.274
2025-03-23,holiday,0.418,11.0,0.514,0.8,4.4,4.6,0.0,0,0.788,0.513,0.195,0.418
2025-03-24,weekday,0.097,11.5,0.019,1.9,4.4,5.3,0.0,0,0.491,0.108,0.583,0.334
2025-03-25,weekday,0.017,11.8,0.078,2.1,2.5,4.9,0.0,0,0.52,0.062,0.696,0.444
2025-03-26,weekday,0.008,10.4,0.017,6.5,2.7,5.1,0.0,0,0.366,0.0,0.719,0.431
2025-03-27,weekday,,11.3,0.043,2.4,2.7,3.2,0.0,0,0.401,0.054,0.593,0.381
2025-03-28,weekday,0.348,11.2,0.221,1.8,4.7,3.6,1.0,0,0.407,0.299,0.66,0.473
2025-03-29,holiday,0.382,10.5,0.606,2.8,4.1,3.7,0.0,0,,0.5,0.046,0.352
2025-03-30,holiday,0.418,10.1,0.493,2.7,1.4,8.1,0.0,0,0.653,0.624,0.064,0.329
2025-03-31,weekday,0.136,10.3,0.056,0.4,2.2,6.6,0.0,0,0.36,0.036,0.597,0.327
2025-04-01,weekday,0.042,9.9,0.0,0.6,3.0,1.7,0.0,0,0.498,0.017,0.797,0.463
2025-04-02,weekday,0.0,8.9,0.03,3.4,4.8,1.1,0.0,0,0.391,0.0,0.702,0.443
2025-04-03,weekday,0.0,10.0,0.082,1.5,7.2,0.4,0.0,0,0.315,0.033,0.751,0.461
2025-04-04,weekday,0.0,7.0,0.0,6.7,5.7,0.0,0.0,0,0.589,0.0,0.693,0.435
2025-04-05,holiday,0.341,9.5,0.51,2.2,4.3,0.0,0.0,0,,0.609,0.073,0.354
2025-04-06,holiday,,8.2,0.567,5.1,4.8,1.1,0.0,0,0.784,0.541,0.06,0.355
2025-04-07,weekday,0.0,8.8,0.06,0.3,3.3,0.1,0.0,0,0.583,0.052,0.584,0.374
2025-04-08,weekday,,9.9,0.025,2.9,4.6,1.1,0.0,0,0.385,0.0,0.669,0.388
2025-04-09,weekday,0.069,7.8,0.034,3.2,5.3,0.7,0.0,0,0.518,0.0,0.623,0.384
2025-04-10,weekday,0.45,8.9,0.162,1.0,3.6,0.0,1.0,0,0.507,0.318,0.552,0.483
2025-04-11,weekday,0.0,8.2,0.011,,3.5,0.0,0.0,0,0.472,0.075,0.634,0.371
2025-04-12,holiday,0.494,7.7,0.523,2.5,3.8,0.0,0.0,0,0.702,0.595,0.134,0.347
2025-04-13,holiday,0.407,7.6,0.54,0.8,4.5,2.3,,0,0.664,0.438,0.008,0.349
2025-04-14,weekday,0.0,8.2,0.009,5.2,4.3,2.1,0.0,0,0.405,0.056,0.671,0.408
2025-04-15,weekday,0.0,7.5,0.043,4.2,5.3,0.6,0.0,0,0.198,0.0,0.605,0.369
2025-04-16,weekday,0.03,8.3,0.011,3.7,4.9,0.0,0.0,0,0.238,0.014,0.627,0.34
2025-04-17,weekday,0.142,7.0,0.028,1.7,2.9,1.3,0.0,0,0.372,0.118,0.704,0.366
2025-04-18,,0.007,8.4,,0.9,2.6,0.0,0.0,0,0.283,0.079,0.614,0.374
2025-04-19,holiday,0.374,6.8,0.475,3.0,2.0,2.3,0.0,0,0.7,0.499,0.083,0.353
2025-04-20,holiday,0.388,8.3,0.52,6.6,2.4,0.0,0.0,0,0.692,0.662,0.062,0.314
2025-04-21,weekday,0.0,7.9,0.054,2.1,4.3,1.0,0.0,0,0.491,0.0,0.645,0.389
2025-04-22,weekday,0.0,6.9,0.028,5.5,4.5,0.0,0.0,0,0.386,0.01,0.656,0.418
2025-04-23,weekday,0.0,6.8,0.141,5.6,4.8,0.0,0.0,0,0.424,0.03,0.729,0.445
2025-04-24,weekday,0.0,6.8,0.049,3.4,4.5,0.0,0.0,0,0.528,0.0,,0.43
2025-04-25,weekday,0.0,5.5,0.04,7.3,3.6,0.5,0.0,0,0.559,0.018,0.66,0.389
2025-04-26,holiday,0.256,6.3,0.465,2.7,5.7,0.8,0.0,0,0.58,0.573,0.012,0.272
2025-04-27,holiday,0.46,7.0,0.522,2.3,4.7,0.9,0.0,0,0.698,0.588,0.179,0.361
2025-04-28,weekday,0.0,5.0,0.041,3.6,3.8,1.3,0.0,0,0.272,0.0,0.646,0.332
2025-04-29,weekday,0.124,7.0,0.004,0.9,4.1,0.0,0.0,0,0.353,0.0,0.608,0.335
2025-04-30,weekday,0.115,6.3,0.04,5.2,3.0,0.0,0.0,0,0.368,0.0,0.662,0.361
2025-05-01,holiday,0.105,6.3,0.183,3.8,5.7,0.0,0.0,0,0.682,0.318,0.084,0.338
2025-05-02,holiday,0.24,5.8,0.28,0.5,3.2,0.0,0.0,0,0.749,0.259,0.049,0.301
2025-05-03,holiday,0.392,5.2,0.55,2.5,3.9,0.0,0.0,0,0.787,0.539,0.068,0.372
2025-05-04,holiday,0.251,5.8,0.588,,4.2,1.6,0.0,0,0.643,0.562,0.168,0.408
2025-05-05,holiday,0.168,5.6,0.313,4.1,1.7,0.5,0.0,0,0.507,0.304,0.109,0.307
2025-05-06,holiday,0.185,6.4,0.385,2.4,5.2,1.9,0.0,0,0.402,0.255,0.039,0.202
2025-05-07,holiday,0.136,4.7,0.307,1.4,3.9,0.0,0.0,0,0.614,0.279,0.023,0.317
2025-05-08,holiday,0.313,5.5,0.232,7.3,3.8,1.0,0.0,0,0.443,0.294,0.073,0.296
2025-05-09,holiday,0.325,4.7,0.247,4.3,3.9,3.5,0.0,0,0.595,0.305,0.101,0.322
2025-05-10,holiday,0.435,6.5,0.513,3.8,3.8,0.0,0.0,0,0.579,0.703,0.069,0.334
2025-05-11,holiday,0.44,5.5,0.506,2.4,5.5,1.5,0.0,0,0.63,0.564,0.07,0.366
2025-05-12,holiday,0.371,6.6,0.38,8.4,6.5,1.3,1.0,0,0.449,0.54,0.015,0.294
2025-05-13,holiday,0.026,7.0,0.268,3.5,4.6,0.3,0.0,0,0.562,0.169,0.075,0.309
2025-05-14,holiday,0.313,4.9,0.255,3.2,4.8,0.0,0.0,0,,0.316,0.0,0.28
2025-05-15,holiday,0.464,5.4,0.466,1.4,2.2,0.0,1.0,0,0.498,0.589,0.096,0.391
2025-05-16,holiday,0.181,5.0,0.272,1.7,3.2,0.0,0.0,0,0.598,,0.133,0.349
2025-05-17,holiday,0.279,4.9,0.414,,3.9,2.2,0.0,0,0.615,0.511,0.103,0.374
2025-05-18,holiday,0.518,4.6,0.558,2.3,3.8,0.0,0.0,0,0.711,0.563,0.15,0.368
2025-05-19,holiday,0.323,4.6,0.486,1.5,2.3,0.0,1.0,0,0.633,0.538,0.037,0.38
2025-05-20,holiday,0.17,5.5,0.249,2.4,3.9,0.0,0.0,0,0.625,0.227,0.085,0.384
2025-05-21,holiday,0.163,3.2,0.285,4.5,2.5,0.0,0.0,0,0.574,0.243,0.053,0.308
2025-05-22,holiday,0.124,4.0,0.155,4.0,4.5,0.0,0.0,0,0.614,0.287,0.052,0.336
2025-05-23,holiday,0.198,4.2,0.208,10.5,3.9,0.0,0.0,0,0.496,0.381,0.067,0.284
2025-05-24,holiday,0.452,5.0,0.518,3.3,3.3,1.1,,0,0.674,0.573,0.067,0.391
2025-05-25,holiday,0.429,4.8,0.43,4.4,4.5,0.0,0.0,0,0.69,0.606,0.071,0.349
2025-05-26,holiday,0.242,4.4,0.259,3.1,3.1,0.0,,0,0.477,0.282,0.108,0.29
2025-05-27,holiday,0.26,5.0,0.286,5.7,3.9,1.0,0.0,0,0.643,0.314,0.053,0.405
2025-05-28,holiday,0.151,6.0,0.272,6.9,4.2,1.9,0.0,0,0.602,0.332,0.158,0.36
2025-05-29,holiday,0.179,4.7,0.254,3.4,6.8,0.0,0.0,0,0.749,0.354,0.097,0.342
2025-05-30,holiday,0.183,3.2,,0.8,5.9,1.1,0.0,0,0.541,,0.0,0.3
2025-05-31,holiday,0.439,5.6,,3.9,2.9,0.5,0.0,0,0.744,0.579,0.086,0.329
2025-06-01,holiday,0.312,5.0,0.529,7.3,5.8,3.9,0.0,0,0.767,0.534,0.067,0.333
2025-06-02,weekday,0.007,6.2,0.0,6.8,5.4,0.0,0.0,0,0.481,0.038,0.713,0.427
2025-06-03,weekday,0.0,6.2,0.002,1.2,4.3,0.0,0.0,0,0.378,0.051,0.687,0.395
2025-06-04,weekday,0.109,6.5,0.0,1.9,1.3,3.2,0.0,0,0.421,0.061,0.6,0.374
2025-06-05,weekday,0.0,5.2,0.0,21.6,4.8,0.0,0.0,0,0.429,0.007,0.569,0.316
2025-06-06,weekday,0.0,5.7,0.0,19.1,4.3,0.0,0.0,0,0.603,0.055,0.686,0.406
2025-06-07,holiday,0.415,5.3,0.463,22.9,3.0,0.0,0.0,0,0.665,0.533,0.0,0.228
2025-06-08,holiday,0.337,6.0,0.461,24.7,5.1,0.7,0.0,0,0.596,0.565,0.017,0.308
2025-06-09,weekday,0.0,6.2,0.0,20.2,5.4,0.1,0.0,0,0.521,,0.594,0.391
2025-06-10,weekday,0.0,5.2,0.0,22.8,5.3,0.0,0.0,0,0.404,0.004,0.532,0.251
2025-06-11,weekday,0.0,5.7,0.042,21.3,5.3,0.0,0.0,0,0.488,0.055,0.681,0.376
2025-06-12,weekday,0.0,4.9,0.0,27.5,1.6,0.3,0.0,0,0.389,0.0,0.632,0.283
2025-06-13,weekday,0.059,5.8,0.012,23.8,3.0,4.0,0.0,0,0.42,0.005,0.623,0.323
2025-06-14,holiday,0.378,6.4,0.515,23.2,2.6,0.0,0.0,0,0.706,,0.138,0.311
2025-06-15,holiday,0.253,5.2,0.45,22.8,3.3,1.6,0.0,0,0.59,0.534,0.01,0.207
2025-06-16,weekday,0.0,5.6,0.048,19.0,6.5,0.0,0.0,0,0.387,0.001,0.626,0.381
2025-06-17,weekday,0.0,5.2,0.034,21.1,3.6,0.0,0.0,0,0.517,0.056,0.591,0.285
2025-06-18,weekday,0.015,6.2,0.047,19.8,2.2,0.3,0.0,0,0.486,0.055,0.695,0.405
2025-06-19,weekday,0.303,6.5,0.191,19.8,3.7,0.0,1.0,0,0.546,0.198,0.643,0.488
2025-06-20,weekday,0.009,4.8,0.068,23.0,4.9,0.5,0.0,0,0.553,0.0,0.708,0.391
2025-06-21,holiday,0.329,6.9,0.453,18.4,4.1,0.0,0.0,0,0.659,0.565,0.104,0.33
2025-06-22,holiday,0.443,7.4,0.618,21.1,2.1,0.0,0.0,0,0.635,0.659,,0.291
2025-06-23,weekday,0.0,7.1,0.0,23.0,4.2,0.4,0.0,0,0.423,0.007,0.644,0.395
2025-06-24,weekday,0.0,7.2,0.086,22.1,7.0,0.4,0.0,0,0.407,0.084,0.623,0.37
2025-06-25,weekday,0.003,6.0,0.03,23.0,4.4,0.0,0.0,0,0.272,0.0,0.533,0.209
2025-06-26,weekday,0.0,5.6,0.0,18.9,3.3,0.0,0.0,0,0.613,0.0,0.715,0.437
2025-06-27,weekday,0.028,7.0,0.032,23.2,3.6,0.3,0.0,0,,0.0,0.607,0.28
2025-06-28,holiday,0.469,7.3,0.493,21.4,3.1,1.3,0.0,0,0.784,0.627,0.175,0.36
2025-06-29,holiday,0.327,6.7,0.441,19.2,1.7,0.8,0.0,0,0.638,0.559,0.045,0.283
2025-06-30,weekday,0.0,6.5,0.0,19.0,5.4,0.0,0.0,0,0.483,0.0,0.658,0.383
2025-07-01,weekday,0.011,6.8,0.0,,4.4,0.0,0.0,0,0.445,0.167,,0.427
2025-07-02,weekday,0.0,6.8,0.027,20.1,3.7,1.3,0.0,0,0.392,0.0,0.65,0.38
2025-07-03,weekday,0.0,7.1,0.052,19.9,1.8,1.3,0.0,0,0.379,0.023,,0.361
2025-07-04,weekday,0.0,7.6,0.095,19.7,3.6,0.0,0.0,0,0.403,0.034,0.595,0.325
2025-07-05,holiday,0.597,7.8,0.774,19.7,5.4,0.0,1.0,0,0.673,0.86,0.0,0.334
2025-07-06,holiday,0.501,8.9,0.618,20.4,4.5,2.5,1.0,0,0.626,0.797,0.138,0.39
2025-07-07,weekday,0.023,7.1,0.0,20.0,3.8,0.0,0.0,0,0.27,,0.576,0.252
2025-07-08,weekday,0.0,8.4,0.008,21.3,5.6,0.9,0.0,0,0.422,0.019,0.628,0.302
2025-07-09,weekday,0.0,9.1,0.083,22.5,3.8,0.0,0.0,0,0.354,0.0,0.594,0.296
2025-07-10,weekday,,8.4,0.221,22.9,3.1,0.0,1.0,0,0.467,0.261,0.606,0.361
2025-07-11,weekday,,9.1,0.131,20.1,5.7,0.1,0.0,0,0.467,0.082,0.534,0.274
2025-07-12,holiday,0.255,8.5,0.592,23.3,4.7,0.0,0.0,0,0.687,0.6,0.036,0.293
2025-07-13,holiday,0.33,9.3,0.567,19.4,3.9,3.7,0.0,0,0.578,0.592,0.042,0.238
2025-07-14,weekday,0.0,8.0,0.0,22.8,3.3,0.0,0.0,0,0.403,0.0,0.668,0.394
2025-07-15,weekday,0.0,9.6,0.0,18.3,4.4,0.0,0.0,0,0.28,0.0,0.676,0.354
2025-07-16,weekday,0.014,9.7,0.113,4.1,3.8,0.0,0.0,1,0.332,0.0,0.665,0.36
2025-07-17,weekday,0.047,9.3,0.081,4.7,3.1,0.6,0.0,0,0.369,0.005,0.676,0.376
2025-07-18,weekday,0.165,9.2,0.05,3.0,5.0,0.0,0.0,0,0.526,0.081,0.602,0.341
2025-07-19,holiday,0.308,9.8,0.459,3.6,5.8,2.9,0.0,0,0.689,,0.044,0.287
2025-07-20,holiday,0.45,11.3,0.487,2.7,5.6,0.0,0.0,0,0.603,0.594,0.064,0.318
2025-07-21,weekday,0.051,9.5,0.052,3.2,4.5,0.6,0.0,0,0.367,0.006,0.717,0.441
2025-07-22,weekday,0.071,11.1,0.009,2.0,4.7,0.6,0.0,0,0.324,0.128,0.616,0.372
2025-07-23,weekday,0.0,10.1,0.0,2.4,4.5,0.0,0.0,0,0.517,0.078,0.672,0.447
2025-07-24,weekday,0.0,9.8,0.0,1.5,2.4,0.0,0.0,0,0.358,0.0,0.651,0.348
2025-07-25,weekday,,11.5,0.102,0.8,3.9,0.1,0.0,0,0.561,0.0,0.729,0.46
2025-07-26,holiday,0.437,13.4,0.56,2.9,3.5,0.8,0.0,0,0.792,0.541,0.135,0.377
2025-07-27,holiday,0.424,11.1,0.526,3.3,4.2,0.0,0.0,0,0.665,0.517,,0.35
2025-07-28,weekday,0.0,12.2,0.13,0.8,3.6,3.0,0.0,0,0.426,0.032,0.613,0.353
2025-07-29,weekday,0.0,12.2,0.063,0.8,4.3,2.1,0.0,0,0.455,0.0,0.645,0.443
2025-07-30,weekday,0.0,11.7,0.0,4.5,3.5,0.0,0.0,0,0.407,0.077,0.692,0.368
2025-07-31,weekday,0.033,12.3,0.0,4.6,5.1,0.0,0.0,0,0.467,0.0,0.548,0.326
2025-08-01,holiday,0.247,11.9,0.297,11.7,7.0,0.0,0.0,0,0.591,0.373,0.103,0.282
2025-08-02,holiday,0.324,12.6,0.549,16.5,8.1,0.0,0.0,0,0.491,0.561,0.063,0.29
2025-08-03,holiday,0.463,12.9,0.618,11.9,7.9,0.0,0.0,0,0.719,0.552,0.124,0.362
2025-08-04,holiday,0.211,12.9,0.205,16.2,7.1,0.0,0.0,0,0.648,0.363,0.035,0.307
2025-08-05,holiday,0.255,14.1,0.28,12.4,5.9,0.0,0.0,0,0.596,0.324,0.0,0.308
2025-08-06,holiday,0.139,12.7,0.334,12.8,8.4,0.0,0.0,0,0.545,0.308,0.035,0.265
2025-08-07,holiday,0.065,13.4,0.303,15.0,7.5,0.0,0.0,0,0.54,0.206,0.03,0.264
2025-08-08,holiday,0.121,14.3,0.159,18.1,7.6,0.0,0.0,0,0.556,0.252,0.064,0.31
2025-08-09,holiday,0.371,14.5,0.441,15.0,10.0,0.0,0.0,0,0.669,0.636,0.01,0.273
2025-08-10,holiday,0.333,15.1,0.515,13.9,6.8,0.0,0.0,0,0.651,0.434,0.079,0.291
2025-08-11,holiday,,13.4,0.231,12.3,8.7,0.7,0.0,0,0.673,0.274,0.062,0.328
2025-08-12,holiday,0.532,13.0,0.434,18.7,7.7,0.5,1.0,0,0.563,0.532,0.058,0.341
2025-08-13,holiday,0.107,14.8,0.313,20.9,9.9,0.0,0.0,0,0.637,0.318,0.169,0.334
2025-08-14,holiday,0.214,14.3,0.382,12.6,8.3,1.9,0.0,0,0.507,0.251,0.07,0.278
2025-08-15,holiday,0.114,14.2,0.238,16.8,9.2,0.2,0.0,0,0.58,0.329,0.057,0.285
2025-08-16,holiday,0.462,15.1,0.548,18.2,7.0,0.0,0.0,0,0.604,0.611,0.104,0.339
2025-08-17,holiday,,15.2,0.555,15.0,9.1,0.0,0.0,0,0.603,0.534,0.084,0.264
2025-08-18,holiday,0.182,16.6,0.418,21.8,8.4,0.0,0.0,0,0.52,0.278,0.034,0.227
2025-08-19,holiday,0.179,14.4,0.301,18.0,7.4,0.0,0.0,0,0.677,0.291,0.102,0.278
2025-08-20,holiday,0.205,14.5,0.317,12.7,6.6,0.4,0.0,0,0.57,0.227,0.055,0.28
2025-08-21,holiday,0.144,16.6,0.373,12.0,8.3,0.0,,0,0.479,0.357,0.053,0.269
2025-08-22,holiday,0.05,16.2,0.233,17.5,7.4,0.2,0.0,0,0.603,0.287,0.055,0.241
2025-08-23,holiday,0.451,15.5,0.604,15.9,8.4,0.0,0.0,0,0.799,0.656,0.141,0.368
2025-08-24,holiday,0.337,16.9,0.612,15.0,10.4,0.5,0.0,0,0.846,0.641,0.058,0.389
2025-08-25,holiday,0.125,17.1,,16.6,8.2,0.6,0.0,0,0.384,0.303,0.044,0.228
2025-08-26,holiday,0.152,15.9,0.254,12.1,8.1,0.0,0.0,0,,0.31,0.0,0.189
2025-08-27,holiday,0.171,16.5,0.424,11.5,6.0,0.0,0.0,0,0.543,0.269,0.032,0.246
2025-08-28,holiday,0.235,17.5,0.324,13.4,7.8,1.5,,0,0.577,0.24,0.071,0.282
2025-08-29,holiday,0.136,18.4,0.353,12.3,9.4,0.6,0.0,0,0.619,0.307,0.194,0.37
2025-08-30,holiday,0.447,18.2,0.542,14.2,8.5,0.0,0.0,0,0.712,0.581,0.028,0.305
2025-08-31,holiday,0.375,17.4,0.608,16.0,9.1,0.0,0.0,0,0.564,0.607,0.157,0.335
2025-09-01,weekday,0.0,18.7,0.046,14.4,8.7,0.0,0.0,0,,0.028,0.61,0.306
2025-09-02,weekday,0.17,18.0,0.055,13.6,8.7,0.0,0.0,0,0.259,0.073,0.629,0.334
2025-09-03,weekday,0.041,19.2,0.097,11.4,10.0,0.0,0.0,0,0.578,0.048,0.68,0.444
2025-09-04,weekday,,19.1,0.127,18.8,7.4,0.6,0.0,0,0.547,0.0,0.738,0.433
2025-09-05,weekday,0.004,19.5,0.035,15.5,6.3,0.0,0.0,0,0.372,0.05,0.577,0.31
2025-09-06,holiday,0.382,20.1,0.514,12.7,8.4,0.0,0.0,0,0.586,0.581,0.0,0.332
2025-09-07,holiday,0.219,19.6,0.536,17.4,7.7,0.0,0.0,0,0.668,0.492,0.129,0.368
2025-09-08,weekday,0.051,20.6,0.028,21.1,7.9,1.3,0.0,0,0.562,0.099,0.712,0.39
2025-09-09,weekday,0.014,21.4,0.154,13.8,9.5,0.0,0.0,0,0.509,0.0,0.55,0.323
2025-09-10,weekday,0.434,19.7,0.293,14.9,8.5,0.0,1.0,0,0.358,0.322,0.677,0.418
2025-09-11,weekday,0.0,20.4,0.07,12.5,5.9,1.4,0.0,0,0.488,0.038,0.665,0.408
