date,rainfall_mm,lodging_occupancy_ratio,ferry_cancel_count,typhoon_alert_flag,holiday,temperature_c,wind_speed_mps,snowfall_cm,event_local_flag,mobility_inflow_index,tourist_inflow_count,rail_ridership,temple_shrine_visits,onsen_visitors_count,beach_crowd_index,snow_quality_index,ski_resort_visitors,flight_delay_count,y
2023-09-13,8.9,0.077,0.252,0,weekday,23.2,7.3,0.0,0.0,0.385,0.071,0.71,0.15,0.0,0.09,0.094,0.022,0.232,1
2023-09-14,7.5,0.067,0.225,0,weekday,23.6,7.2,0.4,0.0,0.598,0.09,0.659,0.061,0.0,0.234,0.03,0.0,0.185,0
2023-09-15,7.0,0.007,0.26,0,weekday,24.1,7.3,0.0,0.0,0.386,0.051,0.576,0.075,0.0,0.266,0.0,0.0,0.225,0
2023-09-16,6.9,0.52,0.254,0,holiday,23.4,7.9,0.0,0.0,0.694,,0.157,0.533,0.348,0.322,0.023,0.235,,1
2023-09-17,12.3,0.586,0.28,0,holiday,24.1,9.1,0.0,0.0,0.727,0.396,0.221,0.572,,0.297,0.0,0.226,0.272,1
2023-09-18,9.6,0.0,0.247,0,weekday,23.7,7.6,0.0,0.0,0.53,0.029,0.606,0.018,0.0,0.096,0.018,0.0,0.235,1
2023-09-19,13.5,0.069,0.281,0,weekday,22.7,8.0,2.7,0.0,0.46,0.073,0.648,0.184,0.0,,0.033,0.009,0.286,1
2023-09-20,6.7,0.072,0.239,0,weekday,24.2,7.5,0.5,0.0,0.397,0.207,0.634,0.126,0.0,0.096,0.0,0.0,0.22,1
2023-09-21,6.9,0.011,0.306,0,weekday,24.8,10.1,0.0,0.0,0.366,0.073,0.747,0.073,0.0,0.058,0.083,0.082,0.283,1
2023-09-22,10.1,0.091,0.327,0,weekday,24.6,8.6,1.4,0.0,0.371,0.297,0.538,0.054,0.031,0.08,0.107,0.0,0.228,1
2023-09-23,6.9,0.841,0.384,0,holiday,24.8,10.9,0.0,1.0,0.662,0.78,0.039,0.8,0.407,0.317,0.0,0.148,0.275,1
2023-09-24,,0.582,0.195,0,holiday,25.1,6.7,1.1,0.0,0.737,0.46,0.167,0.519,0.322,0.397,0.039,0.157,0.227,1
2023-09-25,10.8,0.0,0.667,1,weekday,24.6,8.4,0.0,0.0,0.438,0.155,0.631,0.116,0.023,0.172,0.0,0.0,0.525,1
2023-09-26,6.1,0.0,0.252,0,weekday,25.0,8.9,1.3,0.0,0.384,0.115,0.574,0.066,0.032,0.043,0.017,0.0,0.24,1
2023-09-27,9.2,0.202,0.17,0,weekday,24.8,5.5,0.0,1.0,0.382,0.446,0.654,0.35,0.0,0.238,0.0,0.0,0.146,0
2023-09-28,9.8,0.019,0.259,0,weekday,24.4,7.4,0.1,0.0,0.405,0.0,0.602,0.152,0.061,0.126,0.0,0.007,0.18,1
2023-09-29,7.0,0.0,0.216,0,weekday,26.5,6.0,0.0,0.0,0.452,0.149,0.711,0.026,0.0,0.057,0.0,0.0,0.183,0
2023-09-30,9.6,0.581,0.241,0,holiday,25.6,6.7,0.0,0.0,0.741,0.479,0.026,,0.353,0.172,0.008,0.189,0.263,1
2023-10-01,5.0,0.623,0.188,0,holiday,26.0,6.3,0.0,0.0,0.629,0.567,0.114,0.672,0.382,0.441,0.056,0.285,0.134,0
2023-10-02,0.3,0.094,0.052,0,weekday,26.4,4.2,2.1,0.0,0.467,0.261,0.595,0.061,0.007,0.156,0.0,0.044,0.081,0
2023-10-03,4.6,0.0,0.169,0,weekday,25.3,4.9,0.0,0.0,0.549,0.019,0.665,,0.0,0.239,0.0,0.032,0.134,0
2023-10-04,4.1,0.049,0.572,1,weekday,26.8,5.3,2.4,0.0,0.34,0.117,0.7,0.063,0.0,0.229,0.019,0.0,0.417,1
2023-10-05,10.4,0.085,0.221,0,weekday,25.4,4.9,0.3,0.0,0.473,0.137,0.605,0.047,0.027,0.145,0.0,0.0,0.137,0
2023-10-06,,0.0,0.088,0,weekday,24.1,2.7,0.6,0.0,0.237,0.154,0.666,0.079,0.0,0.079,0.082,0.12,0.139,0
2023-10-07,2.2,0.585,0.153,0,holiday,25.4,4.2,0.0,0.0,0.711,0.546,0.094,0.69,0.366,0.354,0.0,0.183,,0
2023-10-08,12.9,0.629,0.158,0,holiday,26.4,4.6,0.0,0.0,0.483,0.399,0.044,0.6,0.374,0.464,0.013,0.268,0.183,0
2023-10-09,6.7,0.005,0.189,0,weekday,26.3,4.8,1.1,0.0,0.536,0.0,,0.139,0.041,0.175,0.078,0.023,0.119,1
2023-10-10,7.3,0.015,0.27,0,weekday,27.1,5.9,3.3,0.0,0.342,,0.647,0.148,0.0,0.118,,0.009,0.176,1
2023-10-11,5.3,0.093,0.18,0,weekday,27.7,4.2,1.5,0.0,0.539,0.158,0.669,0.057,0.0,0.299,0.044,0.0,0.116,0
2023-10-12,1.1,0.035,0.206,0,weekday,26.4,5.7,0.9,0.0,0.548,0.0,0.719,0.125,0.0,0.296,0.013,0.0,0.149,1
2023-10-13,3.2,0.046,0.231,0,weekday,25.7,6.4,2.9,0.0,0.479,0.102,0.652,0.143,0.0,0.217,0.0,0.0,0.17,1
2023-10-14,3.2,0.541,0.133,0,holiday,25.8,4.0,0.0,0.0,0.578,0.436,0.0,0.681,0.354,0.433,0.042,0.259,0.087,0
2023-10-15,3.3,0.882,0.205,0,holiday,26.2,5.4,0.0,1.0,0.658,0.865,0.099,0.765,0.351,,0.0,0.219,0.164,0
2023-10-16,1.6,0.026,0.204,0,weekday,26.8,6.7,0.0,0.0,0.422,0.165,0.631,0.201,0.023,0.287,0.0,0.0,0.151,1
2023-10-17,4.2,0.0,0.13,0,weekday,27.5,4.2,0.0,0.0,0.498,0.107,0.62,0.089,0.012,0.327,0.043,0.009,0.098,0
2023-10-18,6.8,0.025,0.197,0,weekday,25.9,7.0,2.4,0.0,0.506,0.055,0.691,0.041,0.043,0.176,0.038,0.044,0.233,1
2023-10-19,5.2,0.026,0.164,0,weekday,26.4,4.4,0.0,0.0,0.452,0.297,0.642,0.0,0.013,0.251,,0.0,0.116,0
2023-10-20,1.9,0.033,0.115,0,weekday,26.6,3.7,0.0,0.0,0.482,0.157,0.685,0.1,0.044,0.263,0.0,0.0,0.094,0
2023-10-21,7.5,0.634,0.289,0,holiday,26.9,8.6,0.0,0.0,0.744,,0.03,0.609,0.371,0.441,0.0,0.139,0.213,1
2023-10-22,0.5,0.619,0.205,0,holiday,25.6,8.0,1.7,0.0,0.63,0.51,0.1,0.614,0.253,0.413,0.0,0.048,0.215,1
2023-10-23,7.0,0.076,0.204,0,weekday,25.2,5.5,0.0,0.0,0.472,,0.645,0.036,0.063,0.109,0.0,0.0,0.227,1
2023-10-24,5.8,0.009,0.149,0,weekday,25.5,2.7,0.7,0.0,0.416,0.021,,0.174,0.0,0.326,0.0,0.0,0.067,0
2023-10-25,4.7,0.043,0.238,0,weekday,27.3,5.9,0.0,0.0,0.451,0.12,0.647,0.063,0.0,0.149,0.0,,0.162,0
2023-10-26,1.0,0.123,0.183,0,weekday,27.9,5.8,0.0,0.0,0.442,0.179,0.716,0.085,0.0,,0.028,0.018,0.151,0
2023-10-27,1.8,0.057,0.178,0,weekday,25.1,5.9,1.1,0.0,0.284,0.189,0.641,0.146,0.033,,0.109,0.192,0.149,0
2023-10-28,6.3,0.597,0.15,0,holiday,26.7,5.4,0.0,0.0,0.686,0.543,0.108,0.596,0.297,0.448,0.0,0.227,0.14,0
2023-10-29,2.6,0.432,0.078,0,holiday,24.9,2.7,0.6,0.0,0.631,0.402,0.028,0.577,,0.459,0.072,0.203,0.064,0
2023-10-30,1.2,0.017,0.123,0,weekday,25.9,5.4,1.0,0.0,0.471,0.058,0.613,0.061,0.0,0.148,0.014,,0.115,0
2023-10-31,6.9,0.088,0.591,1,weekday,27.0,5.8,0.9,0.0,0.34,0.172,0.658,0.084,0.024,0.221,0.0,0.0,0.508,1
2023-11-01,8.9,0.0,0.148,0,weekday,25.4,5.1,0.0,0.0,,0.315,0.707,0.0,0.0,0.19,0.0,0.0,0.219,0
2023-11-02,1.1,0.0,0.215,0,weekday,25.0,7.3,3.2,0.0,0.438,0.105,0.71,0.136,0.0,0.105,0.006,0.058,0.155,0
2023-11-03,2.8,0.044,0.203,0,weekday,24.5,5.9,2.7,0.0,0.352,0.052,0.69,0.095,0.0,0.159,0.06,0.029,0.131,1
2023-11-04,6.0,0.87,0.255,0,holiday,25.7,5.9,0.0,1.0,0.639,,0.072,0.698,0.331,0.435,0.0,,0.191,1
2023-11-05,3.9,0.6,,0,holiday,26.0,6.3,1.9,0.0,0.725,0.574,0.062,0.632,0.367,,0.05,,0.133,0
2023-11-06,7.2,0.0,0.185,0,weekday,24.9,5.1,1.0,0.0,0.429,,0.643,0.161,0.019,0.259,0.0,0.0,0.164,1
2023-11-07,5.4,,0.3,0,weekday,25.3,7.7,0.0,0.0,0.477,0.148,0.677,0.035,0.0,0.155,0.0,0.0,,1
2023-11-08,4.6,0.044,0.147,0,weekday,24.3,5.5,0.0,0.0,0.453,0.187,,0.088,0.0,0.077,0.058,0.068,0.144,0
2023-11-09,6.4,0.289,0.17,0,weekday,24.9,4.3,0.0,1.0,0.406,0.357,0.616,0.372,0.0,0.175,0.0,0.0,0.136,0
2023-11-10,0.1,0.066,0.054,0,weekday,24.5,2.4,0.5,0.0,0.523,0.043,0.757,0.065,0.032,0.232,0.022,0.011,0.014,0
2023-11-11,3.0,0.683,0.219,0,holiday,25.4,6.2,0.0,0.0,0.712,0.489,0.054,0.625,0.351,0.436,0.0,0.154,0.108,0
2023-11-12,8.3,0.581,0.174,0,holiday,25.1,5.4,0.0,0.0,0.691,0.556,0.263,0.598,0.41,,0.0,0.205,0.155,0
2023-11-13,0.3,0.0,0.101,0,weekday,26.1,4.2,2.8,0.0,0.336,0.084,0.667,0.126,0.0,0.264,0.039,0.085,0.108,0
2023-11-14,5.9,0.338,0.248,0,weekday,24.3,8.4,0.0,1.0,0.365,0.356,0.656,0.25,0.036,0.168,0.046,0.0,0.229,1
2023-11-15,6.2,0.019,0.298,0,weekday,25.3,7.1,0.0,0.0,0.317,0.068,,0.107,0.0,0.289,0.013,0.0,0.187,1
2023-11-16,1.5,0.016,0.155,0,weekday,25.2,3.2,0.0,0.0,0.418,0.258,0.678,,0.006,0.274,0.0,0.0,0.1,0
2023-11-17,2.6,0.0,0.225,0,weekday,23.9,5.7,1.8,0.0,0.541,0.0,0.721,0.112,0.0,0.142,0.006,0.018,0.169,1
2023-11-18,,0.528,0.111,0,holiday,24.2,4.6,2.3,0.0,,0.588,0.128,0.536,0.33,0.407,0.067,0.207,0.097,0
2023-11-19,4.3,0.629,0.157,0,holiday,25.5,3.8,0.0,0.0,0.785,0.522,0.086,0.614,0.352,0.572,0.031,0.161,0.119,0
2023-11-20,2.5,0.0,0.214,0,weekday,24.9,6.5,0.0,0.0,0.373,0.145,0.638,0.17,0.041,0.163,0.0,0.0,0.145,0
2023-11-21,6.6,0.069,0.246,0,weekday,22.6,6.6,0.9,0.0,0.301,0.047,0.557,0.091,0.0,,0.034,0.0,0.187,0
2023-11-22,3.3,0.234,0.169,0,weekday,24.1,5.1,0.0,1.0,0.39,0.287,0.624,0.277,0.029,0.174,0.056,0.0,0.085,0
2023-11-23,6.4,0.0,0.22,0,weekday,24.1,5.2,0.0,0.0,0.401,0.11,,0.074,0.028,0.206,0.019,0.033,0.137,0
2023-11-24,2.5,0.0,0.069,0,weekday,23.3,2.2,0.5,0.0,0.435,0.054,0.673,0.109,0.035,0.213,0.043,0.031,0.027,0
2023-11-25,5.8,0.64,0.232,0,holiday,22.1,6.6,0.0,0.0,0.649,0.593,0.091,0.562,0.324,0.297,0.074,0.173,0.174,1
2023-11-26,7.1,0.909,0.204,0,holiday,23.3,5.9,0.0,1.0,0.592,0.798,,0.702,0.387,0.295,0.0,0.238,,0
2023-11-27,1.3,0.0,0.102,0,weekday,22.3,3.7,0.0,0.0,0.476,0.0,0.616,0.1,0.0,0.173,0.0,0.0,0.091,0
2023-11-28,1.1,0.0,0.146,0,weekday,22.4,5.8,3.3,0.0,0.404,0.076,0.668,0.058,0.0,0.132,0.034,0.014,0.121,1
2023-11-29,4.7,0.23,0.119,0,weekday,22.6,3.0,0.0,1.0,0.431,0.388,0.654,0.301,0.021,0.146,,,0.133,0
2023-11-30,5.4,0.103,0.063,0,weekday,22.7,3.1,1.4,0.0,0.319,0.14,0.615,0.012,0.0,0.315,0.027,0.017,,0
2023-12-01,0.0,0.314,0.242,0,holiday,20.7,6.8,12.9,0.0,0.57,0.273,0.071,0.39,0.244,0.226,0.304,0.32,0.112,0
2023-12-02,0.0,0.548,0.233,0,holiday,21.6,5.8,8.4,0.0,0.592,0.542,0.168,0.633,0.381,0.422,0.153,0.22,0.126,1
2023-12-03,0.0,0.548,0.089,0,holiday,22.5,4.5,12.0,0.0,0.713,0.453,0.087,0.664,0.336,0.391,0.17,0.333,0.127,0
2023-12-04,0.0,0.328,0.14,0,holiday,20.8,3.7,10.1,0.0,,0.186,0.021,0.301,0.215,0.267,0.164,0.243,0.095,0
2023-12-05,0.0,0.244,0.136,0,holiday,21.9,4.5,10.3,0.0,0.702,0.394,0.147,0.346,0.09,0.267,0.308,0.299,0.128,0
2023-12-06,0.0,0.319,0.178,0,holiday,20.4,6.9,14.5,0.0,0.584,0.271,0.154,,0.242,0.088,0.256,0.177,0.149,0
2023-12-07,0.0,0.387,0.177,0,holiday,21.5,5.6,9.0,0.0,0.625,0.307,0.117,0.323,0.258,0.215,0.202,0.18,0.157,0
2023-12-08,0.4,0.396,0.113,0,holiday,22.2,2.9,8.5,0.0,0.569,0.359,0.049,0.387,0.235,0.268,0.132,0.078,0.066,0
2023-12-09,,0.705,0.216,0,holiday,20.6,6.4,15.1,0.0,0.742,0.633,0.145,0.651,0.322,0.324,0.323,0.43,0.082,1
2023-12-10,0.0,0.644,0.217,0,holiday,22.2,5.7,8.1,0.0,0.844,0.608,0.075,0.571,,0.33,0.085,0.307,0.093,1
2023-12-11,0.0,0.283,0.167,0,holiday,20.2,4.6,11.8,0.0,0.613,0.314,0.14,0.337,0.218,0.024,0.23,0.242,0.123,0
2023-12-12,0.0,0.329,0.193,0,holiday,19.6,5.9,16.9,0.0,0.621,0.432,0.17,0.27,0.203,0.174,0.333,0.325,0.147,0
2023-12-13,0.0,0.264,0.159,0,holiday,21.3,6.0,9.6,0.0,0.525,0.102,0.059,0.35,0.175,,0.236,0.183,0.173,1
2023-12-14,0.0,0.238,0.122,0,holiday,20.2,3.8,13.9,0.0,0.381,0.139,0.036,0.377,0.171,0.169,0.228,0.291,0.08,0
2023-12-15,0.0,0.397,0.112,0,holiday,20.5,4.1,15.5,0.0,0.616,0.325,0.104,0.262,0.273,,0.202,0.217,,0
2023-12-16,0.0,0.639,0.496,1,holiday,19.5,3.9,15.1,0.0,0.68,0.53,0.071,0.619,0.292,0.308,0.294,0.355,0.346,1
2023-12-17,0.0,0.671,0.197,0,holiday,17.9,6.2,17.9,0.0,0.713,0.48,0.108,0.593,,0.2,0.342,0.347,0.143,1
2023-12-18,0.0,0.266,0.086,0,holiday,19.1,3.3,15.5,0.0,0.433,0.145,0.0,0.267,0.235,0.253,0.275,0.2,0.068,0
2023-12-19,0.0,0.254,0.168,0,holiday,19.7,4.6,15.5,0.0,0.648,0.31,0.137,0.313,0.224,0.314,0.249,0.171,0.095,0
2023-12-20,0.0,0.306,0.179,0,holiday,17.4,6.1,16.9,0.0,,0.34,0.048,0.338,0.139,0.036,0.374,0.37,0.106,0
2023-12-21,0.0,0.254,0.165,0,holiday,17.8,5.7,17.9,0.0,0.405,0.228,0.072,0.366,0.204,0.128,0.337,0.291,0.115,0
2023-12-22,0.0,0.591,0.208,0,holiday,18.5,5.6,16.0,1.0,0.619,0.52,0.075,0.615,0.191,0.089,0.256,0.189,0.152,1
2023-12-23,0.0,0.572,0.182,0,holiday,19.9,5.8,12.6,0.0,0.631,0.541,0.087,0.514,,0.252,0.323,0.337,0.177,0
2023-12-24,0.0,0.616,0.132,0,holiday,18.2,4.2,16.5,,0.776,0.535,0.162,0.568,0.316,0.168,0.439,0.502,0.091,0
2023-12-25,0.0,0.387,0.134,0,holiday,17.1,4.2,17.6,0.0,0.66,0.245,0.129,0.343,0.169,0.066,0.429,0.302,0.07,0
2023-12-26,0.0,0.254,0.162,0,holiday,16.0,6.4,19.9,0.0,0.601,0.273,0.131,0.349,0.2,0.032,0.454,0.403,0.205,1
2023-12-27,0.0,0.235,0.11,0,holiday,17.2,4.5,20.6,0.0,0.536,0.155,0.057,0.245,0.247,0.132,0.438,,0.053,0
2023-12-28,,,0.115,0,holiday,17.1,4.5,16.4,0.0,,0.314,0.03,0.296,0.3,0.049,0.312,0.253,0.176,0
2023-12-29,0.0,0.358,0.157,0,holiday,15.9,5.3,22.7,0.0,0.473,0.259,0.076,0.339,0.292,0.0,0.531,0.479,0.137,0
2023-12-30,0.0,0.788,0.089,0,holiday,15.6,3.2,23.1,1.0,0.677,0.737,0.099,0.728,0.387,0.153,0.429,0.388,,0
2023-12-31,0.0,0.62,0.204,0,holiday,17.2,5.9,20.0,0.0,0.752,,0.106,0.626,0.373,0.086,0.392,0.302,0.16,0
2024-01-01,0.0,0.304,0.125,0,holiday,16.8,5.8,18.0,,0.529,0.329,0.023,0.303,0.278,0.001,,,0.167,0
2024-01-02,0.0,0.487,0.264,0,holiday,15.2,7.0,19.6,1.0,0.594,0.397,0.095,0.574,0.203,0.0,0.403,0.354,,1
2024-01-03,0.0,0.358,0.227,0,holiday,14.6,6.0,25.6,0.0,0.542,0.142,0.164,0.245,0.134,,0.488,0.378,0.126,0
2024-01-04,0.0,0.274,0.253,0,holiday,16.5,7.9,18.4,0.0,,0.313,0.095,0.401,0.288,0.0,0.435,0.451,0.161,0
2024-01-05,0.0,0.327,0.109,0,holiday,16.1,5.0,22.5,0.0,0.562,0.189,0.134,0.308,0.179,0.067,0.48,0.289,0.08,0
2024-01-06,0.0,0.578,0.127,0,holiday,14.8,4.7,22.8,0.0,0.69,0.377,,0.44,0.411,,0.488,0.446,0.139,0
2024-01-07,0.0,0.652,0.245,0,holiday,14.5,8.2,25.8,0.0,0.51,0.494,0.061,0.544,0.387,0.073,0.504,0.512,0.202,1
2024-01-08,0.0,0.236,0.2,0,holiday,16.1,6.4,22.2,0.0,0.561,0.335,0.07,0.253,0.123,0.0,0.475,0.373,0.138,0
2024-01-09,0.0,0.485,0.141,0,holiday,14.5,5.0,24.3,1.0,0.565,0.317,0.091,0.595,0.222,0.0,0.463,0.39,0.124,1
2024-01-10,0.0,0.39,,0,holiday,13.9,6.8,25.0,0.0,0.582,0.244,0.065,,0.155,0.015,0.534,0.417,,0
2024-01-11,0.0,0.23,0.142,0,holiday,12.0,5.0,28.4,0.0,0.581,0.218,0.165,,0.199,0.0,0.596,0.469,0.135,0
2024-01-12,0.0,0.22,0.227,0,holiday,12.7,6.7,29.5,0.0,0.566,0.206,0.074,0.326,0.25,0.0,0.565,0.369,0.113,0
2024-01-13,0.0,0.54,0.174,0,holiday,12.2,6.0,27.3,0.0,0.709,0.494,0.06,0.537,0.418,0.06,,0.474,0.158,0
2024-01-14,0.0,0.548,0.083,0,holiday,13.1,2.2,26.6,0.0,0.606,0.399,0.173,0.551,,0.212,0.504,0.454,0.01,0
2024-01-15,0.0,0.279,0.303,0,holiday,13.1,8.3,30.0,0.0,0.439,0.311,0.033,0.275,0.264,0.009,0.693,0.5,0.204,1
2024-01-16,0.0,0.295,0.099,0,holiday,12.3,4.1,28.7,0.0,0.662,0.366,0.015,0.26,0.273,0.041,0.566,0.341,0.029,0
2024-01-17,0.0,0.393,0.1,0,holiday,13.1,4.5,26.2,0.0,,0.263,0.121,0.275,0.205,0.054,0.568,0.426,0.109,0
2024-01-18,0.0,0.372,0.185,0,holiday,12.7,5.5,25.7,0.0,0.67,0.361,0.087,0.238,0.282,0.014,0.557,0.455,0.135,0
2024-01-19,0.0,0.307,0.201,0,holiday,11.6,6.1,33.8,0.0,,,0.136,0.322,0.252,0.0,0.691,0.507,0.144,0
2024-01-20,0.0,0.548,0.117,0,holiday,12.1,3.4,27.7,0.0,0.726,0.477,0.114,0.545,0.576,0.138,0.501,0.459,0.049,0
2024-01-21,3.1,0.567,0.112,0,holiday,12.3,2.8,28.5,0.0,,,0.063,0.488,0.44,0.065,0.59,0.544,0.047,0
2024-01-22,0.0,0.307,0.147,0,holiday,12.7,6.4,28.2,0.0,0.636,0.292,0.152,0.238,0.19,0.1,0.691,0.457,0.111,0
2024-01-23,0.0,0.262,0.254,0,holiday,11.1,6.9,32.1,0.0,0.463,0.262,0.053,0.344,0.282,0.07,0.571,0.427,0.118,0
2024-01-24,0.0,0.32,0.214,0,holiday,10.6,7.2,31.1,0.0,0.523,0.383,0.07,0.313,,0.136,0.568,0.364,0.203,0
2024-01-25,0.0,0.481,0.174,0,holiday,10.7,5.5,33.5,1.0,0.469,0.482,0.096,0.566,0.196,0.0,0.706,0.409,0.147,0
2024-01-26,,0.303,0.217,0,holiday,10.8,6.3,32.9,0.0,0.481,0.082,0.16,0.273,0.253,0.073,0.714,0.484,0.125,1
2024-01-27,0.0,0.496,0.179,0,holiday,9.2,4.2,35.0,0.0,0.576,0.31,0.071,0.522,0.485,0.0,0.715,0.474,0.134,0
2024-01-28,0.0,0.567,0.108,0,holiday,10.3,4.2,30.6,0.0,0.576,0.409,0.117,0.526,0.382,0.083,0.647,0.614,0.077,0
2024-01-29,0.0,0.249,0.158,0,holiday,9.5,6.0,35.0,0.0,0.544,0.131,0.035,0.307,0.212,0.0,0.658,0.412,0.072,0
2024-01-30,0.0,0.256,0.079,0,holiday,9.9,3.3,31.6,0.0,0.489,0.298,0.056,0.235,0.242,0.091,0.758,0.637,0.064,0
2024-01-31,0.0,0.541,0.17,0,holiday,8.7,4.8,34.7,1.0,0.615,0.506,0.118,0.491,0.225,0.0,0.884,0.538,0.083,0
2024-02-01,1.4,0.029,0.168,0,weekday,8.4,5.3,35.0,0.0,0.462,0.097,0.719,0.016,0.138,0.0,0.863,0.442,0.14,1
2024-02-02,0.0,0.045,0.183,0,weekday,8.0,4.6,35.0,0.0,0.317,0.123,0.658,0.065,0.026,0.0,0.746,0.348,0.151,1
2024-02-03,0.0,0.627,0.165,0,holiday,7.6,6.5,35.0,0.0,0.658,0.36,0.036,0.549,0.41,0.222,0.887,0.724,0.165,0
2024-02-04,0.0,0.442,0.152,0,holiday,8.5,3.8,35.0,0.0,0.667,0.303,0.042,0.491,0.442,0.249,0.662,0.639,0.091,0
2024-02-05,0.0,0.054,,0,weekday,6.9,7.8,35.0,0.0,0.428,0.015,0.567,0.053,0.145,0.0,0.811,0.395,0.148,0
2024-02-06,0.0,0.043,0.137,0,weekday,7.4,4.3,35.0,0.0,0.478,0.0,0.719,0.128,0.147,0.0,0.78,0.468,0.12,0
2024-02-07,0.0,0.0,0.185,0,weekday,8.0,6.6,33.7,0.0,0.361,0.01,0.643,0.045,0.128,0.0,0.76,0.45,0.178,0
2024-02-08,0.0,0.0,0.2,0,weekday,7.2,4.7,32.9,0.0,0.501,0.08,0.627,0.0,0.037,0.0,0.867,0.497,0.15,0
2024-02-09,0.0,,0.225,0,weekday,7.3,6.6,34.3,0.0,0.413,0.033,0.633,0.0,0.123,0.0,0.852,0.43,0.16,0
2024-02-10,0.0,0.627,0.154,0,holiday,6.5,4.9,32.7,0.0,0.719,0.507,0.077,0.516,0.417,0.12,0.854,0.676,0.086,0
2024-02-11,0.0,0.498,0.179,0,holiday,5.7,6.4,34.1,0.0,0.725,0.327,0.129,0.498,0.514,0.236,0.844,0.668,0.136,0
2024-02-12,0.0,0.03,0.135,0,weekday,5.3,3.9,31.9,0.0,0.417,0.083,0.588,0.0,0.148,0.0,0.871,0.564,0.067,0
2024-02-13,0.0,0.0,0.119,0,weekday,8.0,4.0,32.5,0.0,0.415,0.0,0.7,0.129,0.151,0.0,0.733,,0.051,0
2024-02-14,0.0,0.304,0.224,0,weekday,5.0,5.4,35.0,1.0,0.256,0.325,0.592,0.251,0.079,0.01,0.911,0.522,0.11,0
2024-02-15,0.3,0.096,0.198,0,weekday,5.9,5.7,34.5,0.0,0.467,0.0,0.645,,0.069,0.0,0.852,0.466,0.184,0
2024-02-16,0.0,0.0,0.198,0,weekday,4.2,5.3,31.0,0.0,0.345,0.0,0.674,0.003,0.166,0.0,0.873,0.437,0.141,0
2024-02-17,0.0,0.636,0.216,0,holiday,5.7,6.4,35.0,0.0,0.699,0.528,0.016,0.523,0.435,0.068,0.847,0.686,0.144,1
2024-02-18,0.2,0.577,0.205,0,holiday,3.6,5.6,31.8,0.0,0.644,0.341,0.089,0.484,0.487,0.076,0.903,0.685,0.146,0
2024-02-19,0.0,0.001,0.172,0,weekday,5.0,6.3,32.7,0.0,0.46,0.071,0.62,0.0,0.206,0.0,0.864,0.425,0.155,0
2024-02-20,0.0,0.039,0.304,0,weekday,5.6,9.8,35.0,0.0,0.43,0.022,0.623,0.004,0.139,0.0,0.852,0.411,0.228,1
2024-02-21,0.0,0.0,0.199,0,weekday,3.1,5.5,32.6,0.0,0.498,0.009,0.768,0.009,0.127,0.015,0.938,0.543,0.129,0
2024-02-22,0.4,0.0,0.156,0,weekday,2.6,4.1,35.0,0.0,0.618,0.009,0.754,0.0,0.12,0.051,0.876,0.395,0.118,0
2024-02-23,0.0,0.0,0.234,0,weekday,3.8,6.6,35.0,0.0,0.416,0.0,0.611,0.107,0.132,0.0,0.812,0.438,0.114,1
2024-02-24,0.0,0.507,0.135,0,holiday,4.0,4.4,35.0,0.0,0.713,,0.122,0.529,0.446,0.131,0.899,0.626,0.069,0
2024-02-25,0.0,0.59,0.165,0,holiday,3.2,6.6,34.4,0.0,0.656,0.442,0.098,0.553,0.485,0.112,0.919,0.705,0.147,0
2024-02-26,0.0,0.033,,0,weekday,2.7,3.9,34.3,0.0,0.374,0.0,0.528,0.003,,0.0,0.91,0.558,0.071,0
2024-02-27,3.1,0.015,0.237,0,weekday,3.9,6.2,33.4,0.0,0.362,0.068,0.698,0.045,,0.0,0.756,0.386,0.126,1
2024-02-28,0.0,0.0,0.181,0,weekday,3.9,5.2,32.2,0.0,0.587,0.0,0.713,0.037,0.166,0.0,0.878,0.535,0.196,0
2024-02-29,0.0,0.0,,0,weekday,3.6,5.1,35.0,0.0,0.398,0.0,0.661,0.0,0.22,0.0,0.947,0.459,0.149,1
2024-03-01,0.0,0.0,0.164,0,weekday,2.8,7.0,31.4,,0.494,0.0,0.58,0.007,0.137,0.0,0.865,0.478,0.121,0
2024-03-02,0.0,0.555,0.177,0,holiday,1.8,4.9,33.2,0.0,0.8,0.285,0.137,0.469,0.379,0.086,0.944,0.716,0.14,0
2024-03-03,,0.807,0.158,0,holiday,1.0,4.9,35.0,1.0,0.691,0.749,0.042,0.688,0.514,0.123,1.0,0.721,0.097,0
2024-03-04,0.0,0.0,0.084,0,weekday,3.3,3.0,35.0,0.0,0.526,0.0,0.623,0.109,0.161,0.0,0.86,0.437,0.071,0
2024-03-05,0.0,0.0,0.143,0,weekday,2.5,3.8,35.0,0.0,0.361,0.0,0.619,0.048,0.154,0.0,0.879,0.536,0.075,0
2024-03-06,0.0,0.0,0.238,0,weekday,0.2,8.3,32.1,0.0,0.358,0.066,0.708,0.0,,0.0,1.0,0.527,0.169,1
2024-03-07,0.0,0.251,0.085,0,weekday,0.8,4.7,33.4,1.0,0.507,0.255,0.689,0.208,0.04,0.018,,0.485,,0
2024-03-08,0.2,0.0,0.132,0,weekday,3.8,3.5,35.0,0.0,0.324,0.0,0.659,0.012,0.127,0.0,0.926,0.525,0.104,0
2024-03-09,0.0,0.579,0.206,0,holiday,3.4,6.0,33.8,0.0,0.551,0.368,0.045,0.461,0.603,0.159,,0.721,0.093,0
2024-03-10,0.0,0.578,0.135,0,holiday,1.8,5.3,34.2,0.0,0.629,0.47,0.105,0.446,0.474,0.222,0.917,0.664,0.129,0
2024-03-11,0.0,0.0,0.154,0,weekday,1.6,5.4,35.0,0.0,0.424,0.026,0.583,0.046,0.194,0.0,0.988,0.492,0.099,1
2024-03-12,0.0,0.0,0.161,0,weekday,0.9,4.5,34.6,0.0,0.418,0.0,0.722,0.026,0.238,0.0,0.973,0.494,0.107,0
2024-03-13,0.0,0.06,0.194,0,weekday,1.7,5.2,32.7,0.0,0.579,0.057,0.735,0.077,0.102,0.0,0.904,0.562,0.086,1
2024-03-14,0.0,0.0,0.145,0,weekday,-0.3,5.1,34.7,0.0,0.445,0.0,0.668,0.0,0.191,0.0,1.0,0.573,0.108,1
2024-03-15,0.0,0.044,0.065,0,weekday,0.5,2.6,35.0,0.0,0.397,0.017,0.673,0.045,0.163,0.0,1.0,0.61,0.068,0
2024-03-16,0.0,0.536,0.22,0,holiday,1.6,6.2,35.0,0.0,0.634,0.402,0.134,0.508,0.39,0.144,1.0,0.781,0.153,0
2024-03-17,0.0,0.576,,0,holiday,0.4,6.1,32.5,0.0,0.647,0.422,0.0,0.571,0.496,0.116,0.941,0.707,0.097,0
2024-03-18,0.0,0.038,0.211,0,weekday,1.2,6.4,32.3,,0.245,0.012,0.661,0.0,0.056,0.0,0.934,0.518,0.211,0
2024-03-19,0.0,,0.152,0,weekday,0.2,6.9,35.0,0.0,0.389,0.0,0.697,0.002,0.102,,0.968,0.558,0.154,0
2024-03-20,0.1,0.013,0.176,0,weekday,-0.2,6.1,35.0,0.0,0.371,0.058,0.627,0.0,0.235,0.0,1.0,0.588,0.089,0
2024-03-21,0.0,0.038,0.218,0,weekday,0.4,6.6,33.8,0.0,0.507,0.055,0.676,0.064,,0.0,1.0,0.527,0.123,1
2024-03-22,0.0,0.041,0.237,0,weekday,-1.4,6.3,35.0,0.0,0.457,0.115,0.631,,0.164,0.0,1.0,0.551,0.128,0
2024-03-23,1.1,0.518,0.167,0,holiday,-0.3,4.4,34.9,0.0,0.625,0.363,0.032,0.459,0.526,0.173,0.914,0.723,0.057,1
2024-03-24,0.0,0.659,0.194,0,holiday,-0.5,6.7,33.2,0.0,0.651,0.247,0.119,0.375,0.497,0.026,1.0,0.736,0.146,1
2024-03-25,0.0,,0.106,0,weekday,-0.9,3.9,34.5,0.0,0.589,0.0,,0.0,0.207,0.0,0.986,0.536,0.109,0
2024-03-26,0.0,0.0,0.129,0,weekday,-2.3,3.7,33.6,0.0,0.576,0.027,0.673,0.046,0.08,0.0,0.952,0.471,0.048,0
2024-03-27,0.0,0.0,0.14,0,weekday,0.0,5.7,35.0,0.0,0.434,0.0,0.635,0.011,0.172,,1.0,0.46,0.144,1
2024-03-28,0.0,0.112,0.131,0,weekday,-1.4,4.3,34.0,0.0,,0.0,0.647,0.048,0.221,0.0,1.0,0.501,0.115,1
2024-03-29,0.0,0.068,0.191,0,weekday,-0.5,5.0,33.8,0.0,0.444,0.0,0.588,0.0,0.184,0.0,0.901,0.511,0.119,1
2024-03-30,0.0,0.615,,0,holiday,-2.0,6.9,35.0,0.0,0.663,0.493,0.11,0.493,0.485,0.063,1.0,0.811,0.098,0
2024-03-31,0.0,0.49,0.2,0,holiday,-2.9,5.6,35.0,0.0,0.668,0.238,0.056,0.551,0.467,0.129,0.856,,0.122,0
2024-04-01,1.9,0.0,0.21,0,weekday,-1.3,7.0,0.0,0.0,0.438,0.028,0.701,0.0,0.099,0.0,0.639,0.313,0.122,1
2024-04-02,2.6,0.001,0.232,0,weekday,-2.3,6.1,0.0,0.0,0.51,0.061,0.613,0.0,0.215,0.0,0.581,0.363,0.181,1
2024-04-03,6.0,0.0,0.197,0,weekday,-1.0,5.7,0.1,0.0,0.3,0.0,0.694,0.086,0.092,0.0,0.603,0.323,0.181,0
2024-04-04,2.5,0.029,0.234,0,weekday,-1.7,6.5,0.0,0.0,0.458,,0.67,0.046,0.184,0.0,0.593,0.399,0.148,1
2024-04-05,2.7,0.2,0.145,0,weekday,-2.9,4.8,0.0,1.0,0.458,0.15,0.643,0.178,0.194,0.0,0.62,0.244,0.101,0
2024-04-06,3.5,0.564,0.196,0,holiday,-1.4,5.9,0.1,0.0,0.688,0.31,0.067,0.475,0.5,0.05,0.664,0.506,0.188,0
2024-04-07,5.2,0.605,0.187,0,holiday,-1.4,6.0,0.0,0.0,0.759,0.389,0.057,0.435,0.492,,0.654,0.639,0.129,0
2024-04-08,6.1,0.0,0.224,0,weekday,-1.0,7.5,0.0,0.0,0.4,0.0,0.583,0.0,0.1,0.0,0.656,0.419,0.193,1
2024-04-09,5.4,0.0,0.12,0,weekday,-1.7,4.8,2.2,0.0,0.492,0.009,0.662,0.0,0.128,0.0,,0.255,0.123,0
2024-04-10,11.2,0.196,0.192,0,weekday,-2.4,4.8,0.0,1.0,0.537,0.297,0.617,0.25,0.171,0.0,0.575,0.317,0.213,0
2024-04-11,,0.041,0.128,0,weekday,-0.6,4.3,0.0,0.0,0.542,0.081,0.649,0.0,0.144,0.0,0.592,0.245,0.159,0
2024-04-12,3.5,,0.126,0,,-1.2,4.4,0.7,1.0,0.402,0.22,0.59,0.189,0.145,0.0,0.669,0.354,0.113,0
2024-04-13,3.7,0.569,0.153,0,holiday,-1.2,4.2,1.9,0.0,0.732,0.44,0.123,,0.553,0.082,0.694,0.499,0.177,0
2024-04-14,3.1,0.557,0.219,0,holiday,-2.6,6.0,0.3,0.0,0.789,0.297,0.124,0.477,0.549,0.161,0.646,0.503,0.136,1
2024-04-15,3.4,0.045,0.276,0,weekday,-2.7,8.5,0.4,0.0,0.323,0.005,0.623,,0.179,0.0,0.661,0.354,0.224,1
2024-04-16,3.3,0.0,0.152,0,weekday,-1.4,5.7,2.2,0.0,0.406,0.0,0.668,0.0,0.132,0.0,0.695,0.394,0.14,0
2024-04-17,4.4,0.069,0.176,0,weekday,-2.6,6.7,0.7,0.0,0.453,,0.655,0.0,0.187,0.0,0.687,0.387,0.22,1
2024-04-18,,0.066,0.096,0,weekday,-2.1,4.2,0.0,0.0,0.371,0.0,,0.062,0.095,0.0,0.623,0.382,0.122,0
2024-04-19,,0.056,0.099,0,weekday,-0.8,2.8,1.0,0.0,0.465,0.0,0.659,0.0,0.229,0.0,0.6,0.284,0.075,0
2024-04-20,2.8,0.578,0.161,0,holiday,-2.0,4.8,0.5,0.0,0.701,0.442,,0.41,0.397,0.131,0.694,0.616,0.141,0
2024-04-21,2.1,0.526,0.172,0,holiday,-2.8,4.6,0.5,0.0,0.468,0.343,0.032,0.452,0.503,0.145,0.682,0.644,0.139,0
2024-04-22,0.4,0.048,0.235,0,weekday,-1.4,8.0,2.4,0.0,0.564,0.013,0.684,0.061,0.137,0.0,0.689,0.396,,1
2024-04-23,3.6,,0.079,0,weekday,-0.9,3.9,2.7,0.0,0.355,0.0,0.591,0.0,0.191,0.0,0.658,0.31,0.096,0
2024-04-24,1.2,0.04,0.17,0,weekday,-1.9,4.4,0.0,0.0,0.483,0.0,0.712,0.0,0.161,0.0,0.678,0.402,,0
2024-04-25,1.2,0.0,,0,weekday,-1.8,3.6,0.0,0.0,0.374,0.0,,0.0,0.23,0.0,0.727,0.486,0.073,0
2024-04-26,4.6,0.0,0.161,0,weekday,-2.2,4.8,0.7,0.0,0.408,0.026,0.702,0.027,0.184,0.0,0.61,0.308,,0
2024-04-27,6.8,0.531,0.265,0,holiday,-2.0,6.0,0.0,0.0,,0.334,0.082,0.453,0.519,0.171,0.729,0.626,0.133,0
2024-04-28,2.5,0.66,0.211,0,holiday,-2.3,7.7,0.5,0.0,0.48,0.482,0.034,0.457,0.526,0.205,0.685,0.615,0.273,1
2024-04-29,8.0,0.0,0.231,0,weekday,-3.6,6.9,0.0,0.0,0.435,0.0,0.616,0.033,0.122,0.0,0.653,0.311,0.206,1
2024-04-30,0.3,,0.17,0,weekday,-1.8,4.8,0.0,0.0,0.41,0.0,0.619,0.0,0.123,0.0,0.677,0.335,0.095,0
2024-05-01,,0.29,0.272,0,holiday,-0.9,7.3,0.0,0.0,0.678,0.056,0.132,0.281,0.252,0.0,0.668,0.474,0.205,0
2024-05-02,2.5,0.183,0.142,0,holiday,-1.4,4.7,0.0,0.0,0.518,0.185,0.133,,0.312,,0.683,0.55,0.122,0
2024-05-03,6.1,0.277,0.179,0,holiday,-2.4,4.8,2.1,0.0,0.552,0.154,0.062,0.225,0.271,0.111,0.667,0.397,0.173,0
2024-05-04,,0.555,0.134,0,holiday,-1.8,5.5,0.0,0.0,0.837,0.359,0.019,0.593,0.547,0.137,0.637,0.499,0.154,0
2024-05-05,5.1,0.616,0.125,0,holiday,-2.3,5.5,0.8,0.0,0.648,0.364,0.221,,0.49,,0.749,0.693,0.153,0
2024-05-06,2.1,0.335,0.151,0,holiday,-1.3,5.9,0.0,0.0,0.578,0.141,0.046,0.264,0.351,0.0,0.669,0.392,0.132,0
2024-05-07,0.3,0.24,0.262,0,holiday,-2.2,7.3,0.0,0.0,0.621,0.238,0.095,0.294,0.273,0.0,0.71,,0.207,0
2024-05-08,0.8,0.226,0.254,0,holiday,0.1,7.3,1.6,0.0,0.618,,0.186,0.208,0.359,0.0,0.573,0.45,0.133,1
2024-05-09,1.0,0.285,0.221,0,holiday,-0.3,5.7,0.0,0.0,0.605,,0.122,0.284,0.315,0.043,,0.505,0.168,0
2024-05-10,1.5,0.37,0.234,0,holiday,-0.3,5.5,0.4,0.0,0.504,0.253,0.101,0.241,0.282,0.0,0.704,0.56,0.131,0
2024-05-11,6.4,0.649,0.207,0,holiday,-1.3,6.5,0.8,,0.624,0.391,0.152,0.504,0.541,0.051,0.72,0.592,0.166,0
2024-05-12,3.1,0.87,0.121,0,holiday,-1.4,3.3,0.0,1.0,0.773,,,0.664,0.499,0.242,0.61,0.521,,0
2024-05-13,0.5,,0.235,0,holiday,-0.9,7.4,0.0,0.0,0.643,0.081,0.138,0.247,0.356,0.03,0.594,0.391,0.158,1
2024-05-14,6.7,0.257,0.223,0,holiday,-0.2,4.9,2.2,0.0,0.554,0.079,0.0,0.153,0.344,0.046,0.627,0.422,0.122,0
2024-05-15,5.2,0.228,0.179,0,holiday,-1.5,6.0,0.0,0.0,0.634,0.088,0.008,0.217,,0.061,0.673,0.483,0.132,0
2024-05-16,2.8,0.228,0.248,0,holiday,-0.8,7.1,0.0,0.0,0.541,0.136,0.14,0.283,0.189,0.0,0.712,0.573,0.164,1
2024-05-17,2.7,0.271,0.482,1,holiday,-0.6,4.2,0.0,0.0,0.712,0.26,0.082,0.237,0.302,0.0,0.665,0.419,0.435,1
2024-05-18,8.8,0.547,0.26,0,holiday,-0.1,7.1,0.0,0.0,0.609,0.388,0.088,0.49,0.52,0.044,0.579,0.559,0.175,0
2024-05-19,3.6,0.55,0.17,0,holiday,0.6,5.1,0.0,0.0,0.695,0.443,0.112,0.521,0.456,0.09,0.577,0.52,0.132,1
2024-05-20,3.2,0.274,0.238,0,holiday,-0.5,5.6,0.6,0.0,0.554,0.081,0.047,0.235,0.365,0.091,0.653,0.349,0.101,1
2024-05-21,5.6,0.241,0.214,0,holiday,-0.3,6.1,0.0,0.0,0.629,0.146,0.126,,0.262,0.0,0.572,0.373,0.149,0
2024-05-22,1.7,,0.134,0,holiday,-1.0,3.9,0.5,0.0,0.643,0.135,0.1,,0.344,0.092,,0.47,0.142,0
2024-05-23,1.3,0.253,0.117,0,holiday,1.7,4.8,2.5,0.0,0.545,0.215,0.083,0.195,0.257,0.084,0.592,0.38,0.11,0
2024-05-24,2.1,0.267,0.167,0,holiday,-0.0,5.4,0.4,0.0,0.612,0.176,0.009,0.189,0.316,0.024,0.63,0.443,0.098,0
2024-05-25,4.8,0.61,0.178,0,holiday,0.2,6.3,0.2,0.0,,0.641,0.036,0.432,,0.104,0.619,0.53,0.147,0
2024-05-26,6.7,0.621,0.122,0,holiday,0.8,5.4,0.0,0.0,0.774,0.39,0.056,0.519,0.48,0.129,0.562,0.541,0.11,0
2024-05-27,0.5,0.308,0.052,0,holiday,0.5,1.5,0.9,0.0,0.604,0.092,0.122,0.322,0.288,0.104,0.585,0.403,0.023,0
2024-05-28,,0.188,0.082,0,holiday,0.8,4.0,0.0,0.0,0.743,0.133,0.19,,0.318,0.0,0.592,0.499,,0
2024-05-29,0.6,0.272,0.165,0,holiday,3.9,4.8,0.0,,0.458,0.064,0.031,,0.366,0.0,0.511,0.405,,0
2024-05-30,1.2,0.24,0.082,0,holiday,1.9,2.0,3.3,0.0,0.554,0.171,0.087,0.231,0.303,0.057,0.645,0.46,0.053,0
2024-05-31,6.1,0.308,0.196,0,holiday,1.3,5.4,1.2,0.0,0.477,,0.082,0.345,0.302,0.0,0.641,0.357,0.128,0
2024-06-01,2.1,0.622,0.283,0,holiday,2.6,7.9,0.0,0.0,0.71,0.306,0.093,0.443,0.556,0.036,,0.475,0.187,0
2024-06-02,1.0,,0.186,0,holiday,1.0,5.9,1.6,0.0,0.714,0.419,0.057,0.533,0.46,0.028,0.7,0.62,0.106,0
2024-06-03,3.0,,0.163,0,weekday,2.9,4.2,0.0,1.0,0.506,0.353,0.702,0.168,0.129,0.022,0.506,0.336,0.133,0
2024-06-04,1.8,0.0,0.127,0,weekday,2.0,4.9,0.7,0.0,0.379,0.0,0.603,0.0,0.139,0.0,0.61,0.343,0.119,0
2024-06-05,1.9,0.054,0.207,0,weekday,2.5,8.3,0.0,0.0,0.418,0.0,0.63,,,,,0.334,0.198,1
2024-06-06,2.6,0.013,,0,weekday,2.4,5.7,0.5,0.0,0.296,,0.61,0.039,0.153,0.0,0.624,0.316,0.122,0
2024-06-07,6.2,0.0,0.186,0,weekday,2.7,4.5,0.5,0.0,0.338,,0.593,0.0,0.116,0.0,0.556,0.372,0.144,1
2024-06-08,1.9,0.654,0.171,0,holiday,3.1,5.6,1.0,0.0,0.724,0.424,0.119,0.51,0.499,0.16,0.725,0.628,0.184,1
2024-06-09,,0.906,0.238,0,holiday,1.8,7.3,0.9,1.0,0.618,0.757,0.078,0.67,0.492,0.007,0.554,0.453,0.162,1
2024-06-10,4.9,0.0,0.176,0,weekday,3.4,5.5,0.0,0.0,0.488,0.0,0.575,0.093,0.147,0.0,0.529,0.227,,1
2024-06-11,2.9,0.022,0.015,0,weekday,3.9,3.2,0.2,,0.389,0.0,0.68,0.041,0.113,0.0,0.686,,0.091,0
2024-06-12,2.2,0.006,0.182,0,weekday,4.1,5.9,1.3,0.0,0.532,0.0,0.651,0.016,0.089,0.0,0.561,0.327,0.196,1
2024-06-13,2.0,0.001,0.089,0,weekday,2.9,3.6,0.0,0.0,0.477,0.0,0.67,0.0,0.177,0.0,0.592,0.285,0.044,0
2024-06-14,1.9,0.209,0.234,0,weekday,5.3,5.9,0.0,1.0,0.487,0.27,0.683,0.24,0.071,0.0,0.526,0.209,0.132,0
2024-06-15,0.2,0.575,0.192,0,holiday,4.3,5.4,0.0,0.0,0.798,0.372,0.107,0.492,0.444,0.232,0.583,0.547,0.114,0
2024-06-16,3.2,0.589,0.16,0,holiday,4.6,4.7,0.0,0.0,0.702,0.456,0.068,0.517,0.559,0.147,0.584,0.514,0.113,0
2024-06-17,3.1,0.264,0.138,0,weekday,5.8,3.8,0.7,1.0,0.505,0.096,0.691,0.118,0.075,0.0,0.452,0.269,0.115,0
2024-06-18,8.1,0.211,0.214,0,weekday,3.8,6.9,3.0,1.0,0.496,0.388,0.682,0.274,0.063,0.0,0.569,0.232,0.247,0
2024-06-19,2.7,0.139,0.136,0,weekday,6.3,3.3,0.0,0.0,,0.0,0.583,0.013,0.144,0.0,,0.347,0.097,0
2024-06-20,27.6,0.075,0.213,0,weekday,4.2,4.8,4.0,0.0,0.476,0.0,,0.06,0.036,,,0.27,0.242,1
2024-06-21,23.1,0.0,0.253,0,weekday,6.4,5.6,0.0,0.0,0.358,0.0,0.73,,0.067,,0.44,0.213,0.252,1
2024-06-22,22.7,0.523,0.358,0,holiday,6.8,8.8,0.0,0.0,0.599,0.382,0.07,0.484,0.428,0.0,0.404,0.342,0.302,1
2024-06-23,19.8,0.564,0.586,1,holiday,7.1,5.4,2.7,0.0,0.634,0.434,0.071,0.554,0.519,0.0,0.467,0.416,0.518,1
2024-06-24,20.6,0.0,0.229,0,weekday,5.0,4.4,0.0,0.0,,0.0,0.599,0.024,0.095,0.0,0.437,0.128,0.235,1
2024-06-25,21.1,0.0,0.268,0,weekday,6.8,5.5,2.7,0.0,0.431,0.0,0.53,0.0,0.139,0.0,0.408,0.25,0.26,1
2024-06-26,24.4,0.0,0.124,0,weekday,5.8,1.7,0.0,0.0,0.515,0.0,0.658,0.006,0.079,0.0,0.491,0.205,0.162,0
2024-06-27,21.5,0.036,0.25,0,weekday,7.3,5.8,1.0,0.0,0.392,0.008,0.613,0.007,0.139,0.0,,0.148,0.216,1
2024-06-28,19.1,0.0,0.273,0,weekday,6.7,6.4,0.0,0.0,0.34,0.0,0.596,0.0,0.043,0.0,0.456,0.202,0.247,0
2024-06-29,23.7,0.539,0.239,0,holiday,7.7,4.9,0.0,0.0,0.579,0.307,0.051,0.521,0.412,0.124,0.354,0.375,0.25,1
2024-06-30,20.7,0.854,0.311,0,holiday,7.3,7.7,0.0,1.0,0.747,0.681,0.16,0.756,0.401,0.0,0.325,0.314,0.246,1
2024-07-01,20.4,0.03,0.255,0,weekday,8.8,6.0,0.0,0.0,0.41,0.014,0.624,0.0,,0.0,0.399,0.221,,1
2024-07-02,19.2,,0.234,0,weekday,8.2,6.0,0.8,0.0,0.581,0.0,,0.0,0.116,0.0,0.426,0.16,0.213,1
2024-07-03,21.6,0.0,0.235,0,weekday,8.6,4.9,3.0,0.0,0.339,0.0,0.534,0.032,0.08,0.0,0.441,0.234,0.251,0
2024-07-04,20.2,0.008,0.113,0,weekday,9.7,4.4,2.7,0.0,0.467,0.0,0.587,0.022,0.166,0.0,0.311,0.057,0.231,1
2024-07-05,24.1,0.0,0.292,0,weekday,8.8,7.0,0.0,0.0,0.541,0.0,0.569,0.0,0.132,0.0,0.353,0.099,0.273,1
2024-07-06,20.9,0.881,0.19,0,holiday,9.3,2.4,0.3,1.0,0.782,0.82,0.0,0.717,0.483,0.0,0.356,0.338,0.153,0
2024-07-07,21.6,0.564,0.271,0,holiday,8.8,5.3,0.0,0.0,0.622,0.325,0.041,0.601,0.483,0.0,0.427,0.429,0.27,1
2024-07-08,19.0,0.0,0.221,0,weekday,8.5,4.9,0.0,0.0,0.341,0.0,0.73,0.0,0.087,0.0,0.399,0.133,0.203,1
2024-07-09,20.9,0.004,0.254,0,weekday,9.4,4.8,0.0,0.0,0.432,0.0,0.645,0.032,0.173,0.0,0.308,0.128,0.27,1
2024-07-10,25.3,0.0,,0,weekday,9.5,3.2,1.0,0.0,0.452,0.0,0.637,0.107,0.086,0.0,0.392,0.205,0.206,1
2024-07-11,22.3,0.041,0.184,0,weekday,9.5,5.9,3.7,0.0,0.43,0.0,0.6,0.0,0.113,0.0,0.276,0.0,0.286,1
2024-07-12,23.4,0.092,0.209,0,weekday,10.9,5.2,0.0,,,0.0,,0.0,0.066,0.0,0.206,0.026,0.271,0
2024-07-13,18.4,0.596,0.288,0,holiday,11.5,6.5,2.7,0.0,0.687,0.422,0.191,0.594,0.502,0.016,0.379,0.238,,1
2024-07-14,20.8,0.505,0.223,0,holiday,10.3,6.3,2.6,0.0,0.733,0.363,0.083,0.542,0.409,0.0,0.354,0.375,0.259,1
2024-07-15,19.5,0.018,0.23,0,weekday,11.6,6.3,0.7,0.0,0.362,0.0,0.617,0.032,0.047,0.0,0.305,0.143,0.241,1
2024-07-16,27.1,0.0,0.26,0,weekday,10.3,5.1,0.9,0.0,0.356,0.0,0.604,0.068,0.061,0.0,0.281,0.118,0.28,1
2024-07-17,,0.047,0.24,0,weekday,11.8,4.2,1.4,0.0,0.406,,0.688,0.091,0.032,0.0,0.269,0.06,0.204,1
2024-07-18,21.9,0.009,0.223,0,weekday,11.7,3.8,1.1,0.0,0.396,0.0,0.622,0.054,0.04,0.0,0.274,0.107,0.162,1
2024-07-19,18.6,0.12,,0,weekday,11.7,8.0,0.0,0.0,0.538,0.029,0.616,0.0,0.092,0.0,0.301,0.183,0.25,1
2024-07-20,19.6,0.53,0.161,0,holiday,12.9,3.4,0.3,0.0,,0.325,0.016,0.539,0.393,0.032,0.28,0.298,0.13,0
2024-07-21,25.5,0.598,0.236,0,holiday,13.1,5.5,0.0,0.0,0.738,0.259,0.061,0.519,0.437,0.0,0.251,0.168,0.276,1
2024-07-22,20.0,0.074,0.21,0,weekday,13.0,4.6,0.0,0.0,0.412,0.048,0.622,0.041,0.077,0.0,0.239,0.138,0.219,1
2024-07-23,20.4,0.0,0.215,0,weekday,13.2,4.8,0.9,0.0,0.437,0.0,0.64,0.048,0.037,0.0,0.25,0.101,0.194,1
2024-07-24,18.6,0.283,0.271,0,weekday,13.1,8.4,0.0,1.0,0.44,0.153,0.618,0.239,0.137,0.0,0.234,0.119,0.281,1
2024-07-25,21.6,0.147,0.185,0,weekday,13.6,4.2,1.7,0.0,0.377,0.0,0.522,0.0,0.009,0.0,0.302,0.183,0.251,0
2024-07-26,22.6,0.011,0.258,0,weekday,13.2,5.0,0.0,0.0,0.315,0.0,0.623,0.05,0.0,0.0,0.259,0.045,0.235,1
2024-07-27,19.8,0.578,0.115,0,holiday,13.9,2.8,0.0,0.0,0.829,0.368,0.0,0.531,,0.048,0.252,,0.193,0
2024-07-28,20.8,0.491,0.204,0,holiday,14.6,6.1,0.1,0.0,0.666,0.37,0.105,0.509,0.376,0.0,0.164,0.247,0.314,1
2024-07-29,21.5,0.293,0.316,0,weekday,13.9,7.1,3.5,1.0,0.552,0.209,0.571,0.227,0.132,0.0,0.259,,0.212,1
2024-07-30,23.1,,0.231,0,weekday,15.1,3.2,0.7,0.0,0.406,0.056,0.715,0.0,0.011,0.0,0.167,0.038,0.179,1
2024-07-31,1.1,0.0,0.134,0,weekday,15.7,5.9,0.0,0.0,0.332,,0.697,0.102,0.118,,0.242,0.112,0.179,0
2024-08-01,9.4,0.338,0.188,0,holiday,14.0,5.7,0.0,0.0,0.513,0.272,0.137,0.275,0.144,0.0,0.152,0.114,0.205,0
2024-08-02,13.9,0.251,0.274,0,holiday,16.6,6.8,0.0,0.0,0.502,0.002,0.002,0.308,0.153,0.0,0.2,0.081,0.232,1
2024-08-03,10.8,0.664,0.199,0,holiday,15.0,5.4,1.2,0.0,0.615,0.416,0.016,0.568,0.439,0.043,0.158,0.289,0.166,0
2024-08-04,11.6,0.642,0.322,0,holiday,16.3,8.1,0.0,0.0,0.799,0.366,0.084,0.522,0.378,0.148,0.152,0.305,0.225,1
2024-08-05,8.2,0.318,0.317,0,holiday,15.4,7.6,1.3,0.0,0.558,0.266,0.097,0.298,0.224,0.0,0.256,0.229,0.262,1
2024-08-06,10.6,0.271,0.211,0,holiday,16.9,5.7,0.6,,0.555,0.121,0.164,0.367,0.204,0.147,0.155,0.12,0.174,0
2024-08-07,10.5,0.349,0.244,0,holiday,16.3,6.5,0.5,0.0,0.459,,0.094,0.37,0.195,0.0,0.273,0.15,0.207,1
2024-08-08,8.1,0.239,0.295,0,holiday,16.2,7.4,0.0,0.0,0.567,0.233,0.046,0.323,0.168,0.0,0.226,0.143,0.221,1
2024-08-09,10.2,0.35,0.276,0,holiday,16.8,7.2,0.0,0.0,0.459,0.338,0.11,0.303,0.131,0.0,0.205,0.256,0.248,1
2024-08-10,7.7,,0.216,0,holiday,16.7,7.8,2.2,0.0,,0.412,0.067,0.618,0.382,,0.265,0.351,0.223,1
2024-08-11,8.1,0.914,0.208,0,holiday,17.1,5.9,2.5,1.0,0.674,0.728,0.012,0.78,0.371,0.127,,0.237,0.174,0
2024-08-12,10.0,0.289,0.325,0,holiday,18.0,9.5,0.0,0.0,0.484,0.226,,0.321,0.187,0.056,,0.199,,1
2024-08-13,9.6,0.227,0.236,0,holiday,17.7,7.9,0.0,0.0,0.59,0.303,0.087,0.402,0.213,0.008,0.149,0.146,0.168,1
2024-08-14,,0.292,0.302,0,holiday,18.4,7.4,0.0,0.0,,0.126,0.024,0.222,0.224,0.206,0.186,0.189,0.249,1
2024-08-15,6.8,0.298,0.212,0,holiday,18.0,5.5,0.0,0.0,0.509,0.333,0.044,0.308,0.167,0.062,0.232,0.25,0.179,1
2024-08-16,6.6,0.323,0.266,0,holiday,19.2,6.8,0.0,0.0,0.652,0.33,0.073,0.37,0.174,0.015,0.136,,0.187,0
2024-08-17,8.0,,0.205,0,holiday,18.1,6.5,0.3,0.0,0.692,0.498,0.104,0.574,0.254,0.029,0.163,0.274,0.142,0
2024-08-18,6.7,0.594,0.221,0,holiday,17.4,5.3,0.1,0.0,0.613,0.385,0.074,0.613,0.319,0.188,0.191,0.204,0.086,0
2024-08-19,,0.182,0.259,0,holiday,18.7,5.5,0.0,0.0,0.643,0.294,0.025,0.377,0.313,0.101,0.105,0.095,0.171,1
2024-08-20,6.1,0.341,0.259,0,holiday,19.1,7.2,0.0,0.0,0.468,0.102,0.037,0.329,0.196,0.09,0.174,0.208,0.175,0
2024-08-21,10.4,0.259,0.182,0,holiday,20.0,5.5,0.0,0.0,0.514,0.314,0.061,0.313,0.159,0.166,0.096,0.159,,0
2024-08-22,7.4,0.381,0.312,0,holiday,20.6,8.1,0.0,0.0,0.593,0.293,0.136,0.301,0.105,0.273,0.087,0.075,0.22,1
2024-08-23,7.0,0.237,0.246,0,holiday,19.1,6.5,0.0,0.0,0.525,0.319,0.055,0.384,0.191,0.068,,0.199,0.176,1
2024-08-24,10.9,0.552,0.173,0,holiday,20.3,5.1,2.5,0.0,0.653,0.308,0.019,0.57,0.357,0.319,0.096,0.249,0.164,0
2024-08-25,11.8,0.595,0.265,0,holiday,20.9,7.5,0.0,0.0,0.71,0.544,,0.541,0.309,0.149,0.079,0.226,0.189,1
2024-08-26,11.0,0.359,0.249,0,holiday,21.8,5.5,0.4,0.0,0.627,0.35,0.02,0.266,0.142,0.117,0.034,0.107,0.132,0
2024-08-27,7.3,0.304,0.263,0,holiday,20.2,6.5,0.0,0.0,0.617,0.279,0.058,0.366,0.234,0.204,0.137,,0.192,1
2024-08-28,6.0,0.327,0.193,0,holiday,21.2,5.6,0.1,0.0,0.62,0.258,0.043,0.433,0.104,0.169,0.077,0.118,0.137,1
2024-08-29,13.5,,0.231,0,holiday,21.2,7.0,0.9,0.0,0.477,0.201,0.117,0.301,0.122,0.116,0.107,0.1,0.254,1
2024-08-30,7.9,0.261,0.289,0,holiday,20.8,8.1,0.0,0.0,0.614,0.15,0.167,0.36,0.26,0.089,0.117,0.118,0.268,1
2024-08-31,8.6,0.64,0.307,0,holiday,20.4,7.8,1.7,0.0,0.752,0.595,0.098,0.496,0.351,0.188,0.066,,0.221,1
2024-09-01,9.1,0.588,0.243,0,holiday,21.7,7.7,0.6,0.0,,0.449,0.214,0.604,0.29,0.401,0.125,0.28,0.215,1
2024-09-02,11.0,0.055,0.274,0,weekday,20.4,8.5,1.2,0.0,0.592,0.105,0.638,0.062,0.0,0.0,0.115,0.038,0.208,1
2024-09-03,11.5,0.0,0.231,0,weekday,21.4,6.7,2.7,0.0,0.508,0.088,,0.088,0.104,0.017,0.107,0.022,0.178,1
2024-09-04,9.9,0.007,0.228,0,weekday,20.8,5.9,0.0,0.0,0.374,0.181,0.611,0.121,0.0,0.004,0.079,0.082,0.179,0
2024-09-05,8.6,0.0,0.327,0,weekday,22.3,7.6,0.0,0.0,0.34,0.0,0.691,0.055,0.0,0.011,0.053,0.037,0.248,1
2024-09-06,8.5,0.056,0.239,0,weekday,21.9,5.7,2.2,0.0,0.378,0.031,0.503,0.102,0.033,0.082,0.098,0.0,0.186,1
2024-09-07,5.9,0.52,0.189,0,holiday,23.2,4.9,2.4,0.0,0.745,0.533,0.12,0.59,0.446,0.392,0.135,0.298,0.174,0
2024-09-08,8.0,0.641,0.188,0,holiday,23.4,6.6,0.0,0.0,0.579,0.563,0.0,0.573,0.376,0.34,,0.254,0.222,1
2024-09-09,7.5,0.104,0.201,0,weekday,23.2,5.1,0.0,0.0,0.464,0.0,0.672,0.036,0.024,0.14,0.0,0.0,0.164,1
2024-09-10,9.2,0.0,0.333,0,weekday,23.8,8.4,0.8,0.0,0.346,0.033,0.657,0.071,0.046,0.063,0.089,0.0,0.271,1
2024-09-11,7.2,0.014,0.25,0,weekday,22.4,7.4,0.0,0.0,0.51,0.078,0.646,0.132,0.049,0.075,0.021,0.0,0.211,1
2024-09-12,6.9,0.034,0.199,0,weekday,24.4,6.3,0.7,0.0,0.397,,0.663,0.069,0.0,0.184,0.01,0.049,0.211,1
2024-09-13,8.6,0.0,0.169,0,weekday,23.5,5.7,2.1,0.0,0.439,0.115,0.637,0.185,0.0,0.091,0.022,0.0,0.193,0
2024-09-14,9.1,0.725,0.265,0,holiday,24.6,6.7,0.0,0.0,0.639,0.706,0.142,0.532,0.321,0.291,0.053,0.112,0.18,1
2024-09-15,7.6,0.547,0.167,0,holiday,22.7,4.7,3.6,0.0,0.529,0.384,0.108,0.572,0.378,0.429,0.085,0.221,0.142,0
2024-09-16,11.3,0.056,0.326,0,weekday,22.3,7.3,0.0,0.0,0.396,0.127,0.599,0.122,0.0,0.035,0.019,0.083,0.172,1
2024-09-17,6.6,0.26,0.245,0,weekday,23.4,7.6,0.5,1.0,0.344,0.408,0.634,0.32,0.009,0.088,0.006,0.0,0.247,1
2024-09-18,,0.031,0.351,0,weekday,25.0,9.4,0.0,0.0,0.507,0.197,,0.1,,0.049,0.0,0.03,0.258,1
2024-09-19,8.4,0.037,0.373,0,weekday,24.9,9.0,0.2,0.0,0.452,,0.625,0.081,0.0,0.01,0.0,0.086,0.241,1
2024-09-20,7.5,0.033,0.182,0,weekday,24.9,6.9,0.0,0.0,0.374,0.192,,0.083,0.16,0.211,0.0,0.0,0.165,0
2024-09-21,10.7,0.931,0.267,0,holiday,23.9,6.4,0.1,1.0,0.679,0.694,0.088,0.729,0.388,0.187,0.0,0.187,0.154,0
2024-09-22,6.5,0.703,0.247,0,holiday,24.4,9.5,0.0,0.0,0.736,0.515,0.12,0.56,0.407,0.356,0.0,0.111,0.243,1
2024-09-23,10.2,0.064,0.198,0,weekday,25.6,7.6,0.1,0.0,0.36,0.111,0.631,0.089,0.0,0.138,0.0,0.0,0.202,1
2024-09-24,7.7,0.064,0.205,0,weekday,24.3,6.4,0.9,0.0,0.466,0.0,0.687,0.062,0.012,,0.059,0.052,0.101,0
2024-09-25,,0.0,0.305,0,weekday,25.2,9.3,0.5,0.0,0.521,0.021,0.641,0.188,0.0,0.152,0.0,0.0,0.256,1
2024-09-26,9.6,0.057,0.271,0,weekday,24.0,7.4,2.9,0.0,0.5,0.101,0.63,0.105,0.0,0.021,0.023,0.0,0.236,1
2024-09-27,9.6,0.022,0.22,0,weekday,24.8,6.4,0.0,0.0,0.482,0.0,0.6,0.116,0.0,0.09,0.04,0.0,0.191,1
2024-09-28,5.9,0.602,0.287,0,holiday,25.2,9.5,1.2,0.0,0.618,0.425,0.125,0.652,0.354,0.345,0.047,0.198,,1
2024-09-29,9.0,0.59,0.276,0,holiday,26.8,7.5,3.0,0.0,0.496,0.356,0.138,0.638,0.505,0.421,0.078,,0.23,1
2024-09-30,7.1,0.0,0.387,0,weekday,24.8,9.3,0.0,0.0,0.437,0.058,0.624,0.131,0.0,0.132,0.017,0.01,0.273,1
2024-10-01,3.3,0.066,0.211,0,weekday,24.5,5.8,0.0,0.0,0.632,0.249,0.656,0.075,0.026,0.152,0.048,0.047,0.185,1
2024-10-02,1.6,0.31,0.176,0,weekday,25.1,6.4,0.0,1.0,0.369,0.345,0.556,0.238,0.0,0.238,0.06,,0.095,1
2024-10-03,2.5,0.0,0.146,0,weekday,26.5,6.6,1.9,0.0,0.438,0.115,0.664,,0.057,0.196,0.0,0.0,0.172,1
2024-10-04,0.8,0.087,0.143,0,weekday,24.9,4.9,0.6,0.0,0.443,0.188,0.621,0.104,0.048,0.093,0.0,0.068,0.109,0
2024-10-05,4.9,0.57,0.159,0,holiday,25.1,5.3,0.0,0.0,0.582,0.293,0.135,0.613,0.37,0.366,0.0,0.23,0.104,0
2024-10-06,3.4,0.573,,0,holiday,25.6,4.1,1.9,0.0,0.786,0.508,0.042,0.628,0.379,0.561,0.043,0.2,0.079,0
2024-10-07,5.3,0.0,0.251,0,weekday,24.4,6.0,1.7,0.0,0.347,0.175,0.585,0.0,0.032,0.208,0.061,0.026,0.167,0
2024-10-08,1.0,0.016,0.026,0,weekday,26.2,2.6,0.6,0.0,,0.197,0.678,0.113,0.0,0.271,0.0,0.023,0.099,0
2024-10-09,4.1,0.0,0.124,0,weekday,25.4,4.8,3.8,0.0,0.469,0.138,0.649,0.208,0.0,0.158,0.095,0.069,0.113,0
2024-10-10,4.9,0.009,0.199,0,weekday,25.5,4.7,0.4,0.0,0.446,0.087,0.729,0.106,0.045,0.372,0.008,0.113,0.118,0
2024-10-11,2.2,0.0,0.114,0,weekday,25.7,4.3,0.0,0.0,0.448,0.104,0.731,0.086,0.005,0.199,0.0,0.0,0.099,0
2024-10-12,8.7,0.614,,0,holiday,24.7,4.2,0.5,0.0,0.662,0.679,0.153,0.636,0.448,0.531,0.033,0.156,0.134,0
2024-10-13,5.4,0.646,0.101,0,holiday,26.6,2.3,1.5,0.0,0.697,0.577,0.086,0.618,0.331,0.519,0.0,0.106,0.036,0
2024-10-14,3.5,0.0,0.122,0,weekday,25.6,4.7,0.0,0.0,0.355,0.233,0.674,0.098,0.033,0.268,0.0,0.0,0.136,0
2024-10-15,2.1,0.074,0.161,0,weekday,26.0,5.2,0.0,0.0,0.346,0.233,0.652,0.18,0.015,0.263,0.0,0.0,0.112,0
2024-10-16,1.9,0.022,0.143,0,weekday,25.8,5.2,1.3,0.0,0.454,0.082,0.725,0.113,0.0,0.186,0.03,0.004,0.102,0
2024-10-17,4.4,0.044,0.188,0,weekday,24.7,6.3,0.7,0.0,0.36,0.075,0.669,0.083,0.0,0.17,0.024,0.0,0.131,0
2024-10-18,2.5,0.01,0.143,0,weekday,26.7,4.8,0.0,0.0,0.409,0.0,0.709,0.046,0.051,0.221,0.0,0.074,0.161,0
2024-10-19,1.7,0.613,0.251,0,holiday,26.0,7.3,2.2,0.0,0.636,0.484,0.135,0.555,0.321,0.392,0.052,0.243,0.208,1
2024-10-20,1.8,,0.17,0,holiday,24.5,5.7,5.2,0.0,0.597,0.591,0.162,,0.384,0.287,0.0,0.157,0.175,0
2024-10-21,2.5,0.166,0.2,0,weekday,26.0,7.0,0.0,0.0,0.391,0.227,0.702,0.123,0.044,0.221,0.0,0.0,0.167,1
2024-10-22,1.1,0.034,0.16,0,weekday,26.3,5.3,1.0,0.0,0.387,0.137,0.676,0.166,,0.31,0.0,0.0,0.068,0
2024-10-23,6.5,0.017,0.158,0,weekday,25.6,5.1,0.6,0.0,0.464,0.299,0.709,0.17,0.0,0.169,0.0,0.0,0.182,1
2024-10-24,5.8,0.0,0.277,0,weekday,25.5,7.1,4.8,0.0,0.478,0.198,0.684,0.204,0.056,0.128,0.051,0.0,,0
2024-10-25,3.6,0.123,0.162,0,weekday,25.8,5.3,0.0,0.0,0.524,0.199,0.559,0.178,0.0,0.136,0.061,0.118,0.152,0
2024-10-26,1.5,0.579,0.173,0,holiday,25.6,5.2,0.0,0.0,0.651,0.535,,0.625,0.435,0.398,0.0,0.201,0.12,0
2024-10-27,2.8,0.56,0.13,0,holiday,26.9,3.5,0.0,0.0,0.761,0.515,0.125,0.591,0.39,0.526,,0.199,0.084,0
2024-10-28,6.6,0.005,0.205,0,weekday,26.5,4.6,0.0,0.0,0.35,0.057,0.556,0.132,0.016,0.178,0.0,0.0,0.18,0
2024-10-29,8.3,0.015,0.191,0,weekday,25.8,4.9,2.7,0.0,0.462,0.033,0.645,0.038,0.006,0.153,0.0,0.0,0.167,0
2024-10-30,1.1,0.079,0.18,0,weekday,26.8,4.9,0.0,0.0,0.36,0.138,0.6,0.068,0.0,0.303,0.022,0.039,0.065,0
2024-10-31,0.7,0.026,0.245,0,weekday,26.0,6.6,1.9,0.0,0.315,0.149,0.657,,0.0,0.28,0.0,0.085,0.132,1
2024-11-01,1.0,0.284,0.081,0,weekday,25.5,2.6,2.2,1.0,0.62,0.346,0.696,0.234,0.054,0.138,0.016,0.032,0.017,0
2024-11-02,7.6,0.701,,0,holiday,26.1,5.5,0.1,0.0,0.717,0.656,0.107,0.558,0.449,0.345,0.0,0.135,0.145,0
2024-11-03,4.7,0.671,0.112,0,holiday,25.8,5.0,1.8,0.0,0.605,0.436,0.098,0.657,0.289,0.534,0.0,0.214,0.146,0
2024-11-04,8.2,0.0,0.151,0,weekday,24.1,4.7,0.0,0.0,0.54,0.08,0.641,0.091,0.025,0.194,0.0,0.0,0.154,1
2024-11-05,2.1,0.248,0.256,0,weekday,27.3,6.2,0.0,1.0,0.437,0.467,0.582,0.339,,0.316,0.0,0.023,0.099,1
2024-11-06,,0.058,0.154,0,weekday,26.4,4.5,0.4,0.0,0.428,0.121,0.682,0.126,0.0,0.214,,0.0,0.148,0
2024-11-07,3.5,0.0,0.111,0,weekday,25.8,3.6,0.0,0.0,0.437,0.106,0.654,0.118,0.0,0.154,0.0,0.049,0.089,0
2024-11-08,4.1,0.006,0.243,0,weekday,24.8,8.3,0.0,0.0,0.446,0.101,0.63,0.152,0.14,0.156,0.0,0.064,0.183,0
2024-11-09,1.8,,0.198,0,holiday,24.5,6.6,0.0,0.0,0.706,0.559,0.094,0.571,0.35,0.316,0.0,0.224,0.141,0
2024-11-10,2.3,0.588,0.186,0,holiday,24.2,5.8,2.1,0.0,0.679,0.488,0.169,0.662,0.336,0.413,,0.223,0.194,0
2024-11-11,3.2,0.04,0.16,0,weekday,24.7,5.2,0.0,0.0,0.37,0.136,0.695,0.043,0.013,0.171,0.0,0.0,0.141,0
2024-11-12,1.1,0.0,0.154,0,weekday,24.9,5.2,1.1,0.0,0.502,0.122,0.718,0.116,0.039,0.185,0.0,0.0,0.136,0
2024-11-13,5.2,0.257,0.188,0,weekday,25.2,5.7,0.0,1.0,0.332,0.332,0.65,0.242,0.017,0.219,0.06,0.015,0.136,0
2024-11-14,2.2,0.0,0.2,0,weekday,24.7,6.7,0.0,0.0,0.414,0.126,0.642,0.186,0.0,0.159,0.0,0.019,0.137,0
2024-11-15,,0.0,0.149,0,weekday,25.6,6.3,1.4,0.0,0.528,0.005,0.671,0.102,0.0,0.244,0.0,0.0,0.163,0
2024-11-16,4.3,0.537,0.146,0,holiday,23.7,5.1,0.0,0.0,0.86,0.531,0.047,0.676,0.369,0.262,0.02,0.082,0.141,0
2024-11-17,3.7,0.612,0.265,0,holiday,24.1,8.2,0.0,0.0,0.642,0.575,0.045,0.592,0.335,0.362,0.0,0.105,0.18,0
2024-11-18,2.1,0.012,0.195,0,weekday,24.3,5.9,1.6,0.0,0.439,0.004,0.653,0.118,0.006,0.192,0.0,0.046,0.171,1
2024-11-19,2.6,0.022,0.142,0,weekday,24.3,4.6,0.0,0.0,0.476,,0.709,0.191,0.0,0.127,0.026,0.0,0.161,0
2024-11-20,6.0,0.256,0.332,0,weekday,24.5,8.6,2.2,1.0,0.238,0.369,0.601,0.276,0.0,,0.097,0.032,0.206,1
2024-11-21,5.8,0.042,0.189,0,weekday,24.9,5.6,3.0,0.0,0.544,,0.567,0.063,0.0,0.084,0.0,0.0,0.169,0
2024-11-22,1.0,0.0,0.176,0,weekday,24.3,7.1,0.8,0.0,0.395,0.143,0.622,0.123,0.034,0.076,0.095,0.018,0.147,1
2024-11-23,4.6,0.692,0.203,0,holiday,23.1,5.7,1.3,0.0,0.452,0.589,0.088,0.515,0.27,0.247,0.06,0.194,0.153,1
2024-11-24,4.1,,0.236,0,holiday,23.3,7.2,0.0,0.0,0.693,0.494,0.147,0.544,0.309,0.27,0.069,0.292,0.169,1
2024-11-25,6.9,0.001,0.206,0,weekday,22.6,5.4,0.0,0.0,0.493,0.062,0.624,0.126,0.0,0.144,0.0,0.03,0.156,0
2024-11-26,5.9,0.0,0.21,0,,22.6,6.3,0.7,0.0,0.462,0.0,0.691,0.163,0.0,0.056,0.142,0.0,0.179,1
2024-11-27,1.9,0.077,0.156,0,weekday,22.9,4.4,0.0,0.0,0.507,0.098,0.617,0.13,,0.147,0.0,0.051,0.124,0
2024-11-28,8.4,0.0,0.23,0,weekday,20.8,5.5,0.0,0.0,0.434,0.06,0.652,,0.093,0.057,0.03,0.034,0.169,0
2024-11-29,2.8,0.105,0.16,0,weekday,23.9,5.8,3.1,0.0,0.325,0.12,0.689,0.046,0.0,0.162,0.0,0.0,0.132,1
2024-11-30,,0.557,0.224,0,holiday,22.0,6.4,1.1,0.0,0.654,0.426,0.076,0.587,0.329,0.132,0.012,0.192,0.112,1
2024-12-01,0.0,0.825,0.209,0,holiday,23.4,6.5,5.9,1.0,0.75,0.738,0.029,0.761,0.437,0.312,0.104,0.35,0.176,1
2024-12-02,0.0,0.519,,0,holiday,22.3,5.6,10.9,1.0,0.412,0.534,0.065,0.637,0.154,0.319,0.255,0.308,0.104,0
2024-12-03,0.0,0.37,0.183,0,holiday,22.1,7.0,6.0,0.0,0.595,0.44,0.152,0.295,0.12,0.3,0.141,0.214,0.116,0
2024-12-04,0.0,0.389,0.16,0,holiday,21.5,5.2,6.6,0.0,0.362,0.486,0.033,0.346,0.112,0.232,0.262,,0.147,0
2024-12-05,0.0,0.318,0.136,0,holiday,20.6,4.9,10.4,0.0,0.523,0.28,0.153,0.34,0.148,0.201,0.237,0.167,0.078,0
2024-12-06,2.0,0.314,0.145,0,holiday,22.1,5.5,8.1,0.0,0.352,0.249,0.12,0.36,0.159,0.228,0.084,0.102,0.119,0
2024-12-07,0.0,0.525,0.179,0,holiday,21.8,4.5,8.9,0.0,0.643,0.469,0.06,0.621,0.315,0.307,0.155,0.372,0.104,0
2024-12-08,0.0,0.547,0.202,0,holiday,20.5,5.4,12.9,0.0,0.774,0.463,0.113,0.53,0.31,0.279,0.347,0.46,0.124,0
2024-12-09,0.0,0.323,0.164,0,holiday,21.1,5.0,10.6,0.0,0.601,0.257,0.114,0.206,0.234,0.133,0.252,0.205,0.111,0
2024-12-10,0.0,0.23,0.119,0,holiday,21.1,5.1,11.4,0.0,0.547,0.425,0.064,0.298,0.215,0.221,0.23,0.281,0.113,0
2024-12-11,0.0,0.325,0.155,0,,19.4,4.3,15.5,0.0,0.565,0.259,0.074,0.375,0.16,0.152,0.352,0.168,0.134,0
2024-12-12,0.0,0.653,0.177,0,holiday,19.3,5.6,14.2,,0.494,0.634,0.068,0.593,0.107,0.179,0.221,0.167,0.133,1
2024-12-13,0.0,0.246,0.188,0,holiday,21.2,4.6,11.8,0.0,0.533,0.29,0.048,0.299,0.242,0.176,0.208,0.2,0.122,0
2024-12-14,0.0,0.516,0.229,0,holiday,20.1,7.2,13.4,0.0,0.676,0.337,0.121,0.649,,0.329,0.238,,0.168,1
2024-12-15,0.0,0.541,0.107,0,holiday,19.8,6.4,11.4,0.0,0.601,0.445,0.113,0.56,0.289,0.254,0.265,0.352,0.101,0
2024-12-16,1.2,0.28,0.23,0,holiday,19.5,4.8,13.9,0.0,0.476,0.179,0.134,0.332,0.163,0.178,0.253,0.299,0.147,0
2024-12-17,0.0,0.373,0.16,0,holiday,19.2,5.5,13.9,0.0,0.553,0.179,0.093,0.325,0.241,0.09,0.345,0.32,0.135,0
2024-12-18,0.0,0.236,0.129,0,holiday,19.4,3.4,14.2,0.0,0.608,0.328,0.097,0.349,0.161,0.109,0.307,0.305,0.087,0
2024-12-19,0.0,0.305,0.179,0,holiday,18.2,5.3,15.4,0.0,0.546,0.28,0.038,0.314,0.221,0.068,,0.317,0.092,0
2024-12-20,,,0.22,0,holiday,16.5,6.3,21.1,0.0,0.586,0.191,0.08,0.294,0.184,0.0,0.49,0.262,0.136,0
2024-12-21,0.0,0.627,0.197,0,holiday,17.9,6.4,18.4,0.0,0.636,0.425,0.102,0.567,0.263,0.26,0.367,0.413,0.143,1
2024-12-22,0.0,0.573,0.133,0,holiday,18.6,5.1,16.3,0.0,0.728,0.525,0.039,0.612,0.347,0.258,0.368,0.413,0.109,1
2024-12-23,0.0,0.304,0.183,0,holiday,17.6,5.1,18.9,0.0,0.496,0.139,0.074,0.297,0.124,0.084,0.461,0.312,0.095,1
2024-12-24,0.0,0.4,0.17,0,holiday,16.9,5.1,20.9,0.0,0.647,0.3,0.102,0.265,0.233,0.163,0.423,,0.096,0
2024-12-25,0.0,0.506,0.095,0,holiday,17.1,3.8,18.5,1.0,0.5,0.379,0.101,0.526,0.156,0.109,,0.364,0.085,0
2024-12-26,0.0,0.311,0.139,0,holiday,17.4,4.6,15.7,0.0,0.494,0.299,0.116,0.287,0.194,0.11,0.366,,0.122,0
2024-12-27,0.0,0.165,0.199,0,holiday,18.2,4.9,19.0,0.0,0.503,,0.075,0.357,0.189,0.132,0.355,0.347,0.16,0
2024-12-28,0.0,0.548,0.223,0,holiday,16.1,7.0,20.0,0.0,0.734,0.378,0.088,0.532,0.388,0.002,0.449,0.439,0.145,1
2024-12-29,0.0,0.562,0.219,0,holiday,16.7,6.0,21.8,0.0,0.485,0.55,0.079,0.549,0.358,0.064,0.413,0.395,0.144,1
2024-12-30,0.0,0.362,0.226,0,holiday,17.3,6.6,19.2,0.0,0.509,0.358,0.038,0.4,0.202,0.01,0.37,0.307,0.168,1
2024-12-31,0.0,0.272,0.182,0,holiday,17.6,5.8,20.7,0.0,0.597,0.322,,0.355,0.112,0.138,0.385,0.296,,0
2025-01-01,0.4,0.29,0.192,0,holiday,16.2,6.2,20.0,0.0,0.508,0.278,0.079,0.291,0.196,0.089,0.458,0.35,0.122,0
2025-01-02,0.0,0.283,0.191,0,holiday,15.7,4.5,22.1,0.0,0.605,0.293,0.097,0.297,0.155,0.0,0.505,0.4,0.068,0
2025-01-03,0.0,0.304,0.131,0,holiday,14.9,3.7,23.7,0.0,0.57,0.351,0.056,0.221,0.165,0.141,0.478,0.336,0.041,0
2025-01-04,0.0,0.551,0.243,0,holiday,14.8,6.1,24.9,0.0,0.805,0.355,0.14,0.562,0.393,0.081,0.421,0.36,0.187,0
2025-01-05,0.0,0.615,0.156,0,holiday,15.9,5.1,21.8,0.0,0.712,0.48,,0.547,0.352,,0.487,0.477,0.066,0
2025-01-06,0.0,0.453,0.13,0,holiday,14.9,4.5,20.2,0.0,0.635,0.268,0.102,0.301,0.224,0.0,0.461,0.331,0.06,0
2025-01-07,0.7,,0.129,0,holiday,14.6,4.4,23.6,0.0,,0.284,0.159,0.264,0.22,0.057,0.498,0.462,0.076,0
2025-01-08,0.0,0.292,0.142,0,holiday,16.0,4.6,19.5,0.0,,0.297,0.092,0.371,0.239,0.149,0.447,0.274,0.159,0
2025-01-09,0.0,0.231,0.158,0,holiday,13.9,4.2,27.3,0.0,0.606,0.203,0.144,0.242,0.288,0.0,0.533,0.315,0.143,0
2025-01-10,0.0,0.293,0.28,0,holiday,14.7,5.7,23.3,0.0,0.59,0.302,0.08,0.329,0.129,0.0,0.417,0.309,0.093,0
2025-01-11,0.0,0.625,0.166,0,holiday,13.6,5.0,26.3,0.0,0.758,0.463,0.129,0.572,0.425,0.134,0.581,0.533,0.119,1
2025-01-12,0.0,0.588,0.029,0,holiday,15.0,3.7,22.7,0.0,0.4,0.504,0.07,0.558,0.457,0.166,0.488,0.432,0.127,0
2025-01-13,0.5,0.248,0.106,0,holiday,12.1,3.5,26.9,0.0,0.445,0.303,0.092,0.347,0.248,0.098,0.582,0.351,0.074,0
2025-01-14,0.0,0.299,0.121,0,holiday,11.8,3.5,26.5,0.0,0.507,0.245,0.023,0.332,0.313,0.0,,0.345,0.085,0
2025-01-15,0.0,0.248,0.107,0,holiday,12.2,4.5,29.0,0.0,0.749,0.184,0.186,0.331,0.243,0.0,0.683,0.456,0.093,0
2025-01-16,0.1,0.252,0.216,0,holiday,13.0,7.3,28.4,0.0,0.519,0.107,0.075,0.369,0.228,0.0,0.524,0.39,0.181,1
2025-01-17,0.0,,0.201,0,holiday,13.2,6.3,27.2,0.0,0.537,0.367,0.042,0.345,0.248,0.0,,0.452,0.149,0
2025-01-18,0.0,0.607,,0,holiday,11.7,5.1,26.2,0.0,0.522,0.304,,0.536,0.38,0.103,0.631,,0.117,0
2025-01-19,0.0,0.627,0.172,0,holiday,9.7,4.6,33.2,,0.729,0.334,0.199,0.536,0.46,0.102,0.63,0.574,0.068,0
2025-01-20,5.8,0.229,0.295,0,holiday,13.2,6.6,30.9,0.0,0.545,0.168,0.074,0.281,0.214,0.072,0.608,0.429,0.164,1
2025-01-21,0.0,0.352,0.173,0,holiday,10.3,6.3,35.0,0.0,0.515,0.175,0.173,0.367,0.23,0.036,0.858,0.527,,1
2025-01-22,0.0,0.331,0.271,0,holiday,11.0,6.0,32.3,0.0,0.572,0.327,0.093,0.265,0.186,0.025,0.708,0.519,0.183,0
2025-01-23,0.0,0.439,0.208,0,holiday,10.5,6.7,31.4,0.0,0.636,0.296,0.057,0.212,0.242,,0.643,0.494,0.112,0
2025-01-24,0.0,0.233,0.156,0,holiday,11.1,5.2,31.0,0.0,0.642,0.205,0.04,0.307,0.263,0.111,0.643,0.414,0.098,0
2025-01-25,0.3,0.641,0.164,0,holiday,11.3,5.2,30.8,0.0,0.675,0.397,0.141,0.466,0.345,0.116,0.718,0.613,0.131,0
2025-01-26,0.0,0.518,0.086,0,holiday,9.8,3.4,32.7,0.0,0.651,0.361,0.147,0.56,0.486,0.158,0.777,0.592,0.13,0
2025-01-27,0.0,0.354,0.147,0,holiday,10.0,4.8,32.0,0.0,0.506,0.167,,0.221,0.187,0.074,0.628,0.484,0.059,0
2025-01-28,0.0,0.262,0.193,0,holiday,9.3,6.9,35.0,0.0,0.563,0.249,0.085,0.331,0.265,0.0,0.761,0.477,0.083,0
2025-01-29,0.0,0.272,0.229,0,holiday,8.1,5.2,35.0,0.0,0.497,0.28,0.132,0.286,0.304,0.002,0.814,0.571,0.067,0
2025-01-30,1.3,0.294,0.263,0,holiday,9.5,6.2,34.3,0.0,0.578,0.248,0.009,0.277,0.281,0.053,0.717,0.389,0.166,1
2025-01-31,0.0,0.394,0.159,0,holiday,7.9,6.5,35.0,0.0,0.557,0.315,0.078,0.338,0.283,0.034,0.733,0.438,0.164,0
2025-02-01,0.0,0.833,0.185,0,holiday,7.6,4.8,35.0,1.0,0.551,0.78,0.0,0.699,0.455,0.233,0.839,0.677,0.102,0
2025-02-02,1.1,0.577,0.178,0,holiday,9.0,6.1,34.6,0.0,0.698,0.239,0.161,0.496,0.451,0.018,0.726,0.512,0.139,0
2025-02-03,0.0,0.0,0.095,0,weekday,7.8,3.9,35.0,0.0,0.451,0.104,0.684,0.071,0.088,0.0,0.839,0.458,0.097,0
2025-02-04,1.2,0.083,0.232,0,weekday,8.5,6.9,35.0,0.0,0.381,0.155,0.716,0.037,0.055,0.0,0.734,0.52,0.151,1
2025-02-05,0.0,0.227,0.186,0,weekday,7.6,6.4,34.6,1.0,0.501,0.332,0.614,0.19,0.109,0.0,0.805,0.38,0.123,0
2025-02-06,0.0,0.0,0.204,0,weekday,8.8,6.5,35.0,0.0,0.52,0.044,0.747,0.003,0.062,0.0,0.73,0.332,,1
2025-02-07,0.0,0.0,0.193,0,weekday,7.9,5.9,32.8,0.0,0.448,0.0,0.663,0.09,0.135,0.133,0.837,0.522,0.119,0
2025-02-08,0.0,0.584,0.169,0,holiday,7.4,5.8,34.9,0.0,0.569,0.532,0.05,0.498,0.326,0.059,0.821,0.635,0.115,0
2025-02-09,3.2,0.543,0.214,0,holiday,6.6,7.2,33.8,0.0,0.742,0.496,0.062,0.446,0.525,0.006,0.795,0.645,0.169,1
2025-02-10,0.0,0.016,0.217,0,weekday,6.2,6.9,31.2,0.0,0.61,0.102,0.722,0.0,0.09,0.0,0.806,0.426,,1
2025-02-11,0.0,0.0,0.215,0,weekday,7.3,7.8,35.0,0.0,0.451,0.0,0.661,0.011,0.022,0.0,0.781,0.416,0.146,1
2025-02-12,0.0,0.007,,0,weekday,7.7,2.2,34.6,0.0,0.474,0.059,0.654,0.0,0.068,0.0,0.927,0.523,0.017,0
2025-02-13,0.0,0.047,0.2,0,weekday,5.9,7.2,35.0,0.0,0.492,0.135,0.639,0.093,,0.0,0.818,0.444,0.157,0
2025-02-14,0.0,0.069,0.117,0,weekday,5.7,5.7,34.8,0.0,0.407,0.01,0.615,0.039,0.193,0.0,0.89,0.566,0.098,0
2025-02-15,0.0,0.637,0.105,0,holiday,5.6,3.6,35.0,0.0,0.597,0.281,,0.442,0.362,0.126,0.884,0.785,0.075,0
2025-02-16,0.0,0.582,0.182,0,holiday,6.3,5.3,34.7,0.0,0.782,0.394,0.104,0.568,0.476,0.15,0.803,0.646,0.081,1
2025-02-17,0.0,0.0,0.204,0,weekday,5.8,5.3,35.0,0.0,0.467,0.0,,,0.04,0.0,0.823,0.426,0.144,1
2025-02-18,0.0,0.087,0.172,0,weekday,5.1,5.3,34.1,0.0,0.423,0.032,0.603,0.0,0.169,0.0,0.819,0.364,0.086,0
2025-02-19,0.0,0.007,0.178,0,weekday,5.9,4.3,35.0,0.0,0.409,0.077,0.725,0.014,0.02,,0.823,0.391,0.124,0
2025-02-20,0.0,0.021,0.191,0,weekday,5.8,6.5,34.5,0.0,0.337,0.0,0.619,0.06,0.077,0.008,0.887,,0.162,1
2025-02-21,0.0,0.0,0.077,0,weekday,3.4,4.8,35.0,0.0,0.475,0.014,0.719,0.0,0.22,0.0,0.954,0.559,0.071,0
2025-02-22,0.0,0.565,0.159,0,holiday,3.8,3.9,35.0,0.0,0.67,0.224,0.129,0.428,0.483,0.148,0.813,0.608,0.15,1
2025-02-23,0.0,0.549,,0,holiday,4.2,6.9,35.0,0.0,0.567,0.381,0.129,0.473,0.479,0.097,0.888,0.628,0.134,0
2025-02-24,,0.048,0.191,0,weekday,4.3,6.4,34.8,0.0,0.511,0.0,0.585,0.0,0.212,,0.975,0.58,0.161,0
2025-02-25,0.0,,0.14,0,weekday,5.2,5.3,31.8,0.0,0.358,,0.682,0.0,0.121,0.0,0.849,0.477,0.093,0
2025-02-26,0.0,0.243,,0,weekday,4.6,6.1,34.7,1.0,0.32,0.168,0.696,0.166,0.054,0.0,0.909,0.571,0.115,0
2025-02-27,0.0,0.096,0.186,0,weekday,4.0,4.9,35.0,0.0,0.487,0.0,0.725,0.0,0.111,0.0,0.861,0.542,0.063,0
2025-02-28,0.0,0.0,0.097,0,weekday,3.5,3.9,35.0,0.0,0.417,0.044,0.691,0.011,0.149,0.0,0.959,0.505,0.072,0
2025-03-01,0.0,0.504,0.243,0,holiday,2.5,5.8,35.0,0.0,0.73,0.281,0.101,0.465,0.495,0.138,0.901,0.766,0.153,0
2025-03-02,0.0,0.582,0.165,0,holiday,2.3,6.0,35.0,0.0,,0.435,0.141,0.556,0.531,0.105,,0.666,0.139,1
2025-03-03,0.0,0.048,0.26,0,weekday,2.0,8.0,31.4,0.0,0.398,0.063,0.641,0.112,0.195,0.0,0.848,0.447,0.152,1
2025-03-04,0.0,0.0,0.198,0,weekday,3.0,7.2,33.3,0.0,0.436,0.048,0.695,0.057,0.091,0.0,0.935,0.532,0.186,0
2025-03-05,0.0,0.0,0.25,0,weekday,2.2,6.0,35.0,0.0,0.411,0.0,0.721,0.0,0.071,0.0,1.0,0.604,0.092,0
2025-03-06,0.0,0.0,0.214,0,weekday,1.9,5.8,35.0,0.0,0.477,0.0,0.71,0.0,0.104,0.0,0.913,0.55,0.107,0
2025-03-07,0.0,0.017,0.186,0,weekday,2.2,4.8,33.9,0.0,0.383,0.0,0.633,0.0,0.147,0.0,0.861,0.543,0.142,1
2025-03-08,0.0,0.598,0.197,0,holiday,3.1,6.4,33.6,0.0,0.692,0.334,0.186,0.475,0.484,0.13,0.857,0.593,0.12,0
2025-03-09,0.0,0.55,0.197,0,holiday,-0.5,5.3,32.5,0.0,0.851,0.403,0.142,0.443,0.448,0.12,0.936,0.749,0.117,0
2025-03-10,0.0,0.112,0.201,0,weekday,-0.1,6.0,34.9,0.0,0.465,,0.706,,0.287,0.0,1.0,0.583,,0
2025-03-11,0.0,,0.068,0,weekday,0.9,4.0,35.0,0.0,0.338,0.0,0.624,0.0,0.151,0.0,1.0,0.529,0.092,0
2025-03-12,0.0,0.0,0.107,0,weekday,0.7,5.1,34.6,0.0,0.39,0.06,0.532,0.065,0.196,0.0,0.99,0.55,0.086,0
2025-03-13,0.0,0.014,0.124,0,weekday,1.2,4.4,33.1,0.0,0.382,0.112,0.608,0.0,0.172,0.016,0.934,0.521,0.067,0
2025-03-14,0.0,0.0,0.162,0,weekday,-0.2,6.1,33.6,0.0,0.491,0.032,0.606,0.042,0.083,0.0,1.0,0.573,0.116,0
2025-03-15,0.0,0.629,0.256,0,holiday,0.5,6.0,34.5,0.0,0.645,0.435,0.151,0.454,0.484,0.105,1.0,0.772,0.098,0
2025-03-16,0.0,0.569,0.226,0,holiday,1.3,6.5,35.0,0.0,0.768,0.461,0.07,0.471,0.507,0.0,1.0,0.75,0.145,1
2025-03-17,0.0,0.0,,0,weekday,0.7,5.7,31.2,0.0,,0.0,0.664,0.047,0.123,0.009,1.0,0.596,0.116,0
2025-03-18,0.0,0.088,0.157,0,weekday,-0.2,6.2,34.1,0.0,0.361,0.077,0.706,0.077,0.132,0.0,0.974,0.457,0.149,0
2025-03-19,0.0,,0.203,0,weekday,0.1,7.5,34.9,0.0,0.276,0.0,,0.0,0.174,0.0,1.0,0.594,0.173,0
2025-03-20,0.0,0.006,0.168,0,weekday,-0.0,4.6,33.3,0.0,0.521,,0.716,0.0,0.114,0.0,0.933,0.563,0.149,0
2025-03-21,0.0,0.01,0.139,0,weekday,-0.2,5.2,35.0,0.0,0.369,0.084,0.665,0.0,0.164,0.0,1.0,0.572,0.108,0
2025-03-22,0.0,,0.284,0,holiday,-1.5,8.1,34.6,0.0,0.709,0.528,0.088,0.489,0.546,0.241,1.0,0.767,0.184,0
2025-03-23,0.0,0.579,0.2,0,holiday,1.4,5.7,35.0,0.0,0.845,0.427,0.177,0.496,0.424,0.171,0.925,0.742,0.133,0
2025-03-24,0.0,0.002,0.232,0,,-0.9,6.6,35.0,0.0,0.536,0.0,0.733,0.0,0.141,0.0,1.0,0.5,0.173,0
2025-03-25,0.0,0.032,0.252,0,weekday,-2.0,8.6,33.8,0.0,0.429,0.117,0.639,0.008,0.178,0.0,0.972,0.483,0.115,0
2025-03-26,0.5,0.0,0.291,0,weekday,-0.5,7.4,35.0,0.0,0.305,0.09,0.679,0.032,0.158,0.0,1.0,0.533,,1
2025-03-27,0.0,,0.079,0,weekday,-1.2,4.4,34.0,0.0,0.58,0.077,0.66,0.0,0.097,0.0,1.0,0.691,0.073,0
2025-03-28,0.0,0.0,,0,weekday,-1.5,4.4,33.0,0.0,0.45,0.0,0.675,0.0,0.125,0.0,1.0,,0.12,0
2025-03-29,0.0,0.588,0.223,0,holiday,-1.2,7.2,35.0,0.0,0.691,0.351,0.033,0.527,,0.005,1.0,,0.11,0
2025-03-30,0.0,0.61,0.109,0,holiday,-3.1,3.4,35.0,,0.616,0.421,0.116,0.478,0.57,0.246,1.0,0.751,0.053,0
2025-03-31,0.0,0.041,0.215,0,weekday,0.1,4.9,35.0,0.0,0.393,0.0,0.539,,0.084,0.0,0.999,0.686,0.1,0
2025-04-01,0.9,0.0,0.212,0,weekday,-1.5,6.5,0.2,0.0,0.395,0.0,0.711,,0.048,0.0,0.647,0.347,0.133,0
2025-04-02,1.4,0.295,0.157,0,weekday,0.5,5.4,0.0,1.0,0.317,0.238,0.548,0.222,0.145,0.0,0.599,,0.085,0
2025-04-03,4.0,0.078,0.186,0,weekday,-0.5,6.7,0.0,0.0,0.477,0.0,0.725,0.065,0.082,0.0,0.652,,0.139,0
2025-04-04,1.9,0.0,0.21,0,weekday,-1.6,5.6,0.0,0.0,0.399,0.0,0.637,0.0,0.148,0.0,0.57,0.308,0.113,0
2025-04-05,5.6,0.608,0.234,0,holiday,-2.9,6.8,3.7,0.0,0.704,0.382,0.198,0.518,0.545,0.177,0.632,0.555,0.147,0
2025-04-06,3.9,0.566,0.214,0,holiday,-1.9,6.1,5.0,0.0,0.625,0.443,0.21,0.552,0.487,0.059,0.595,0.527,0.142,1
2025-04-07,2.5,0.032,0.222,0,weekday,-1.5,6.2,0.1,0.0,0.462,0.0,0.669,0.035,0.157,0.0,0.677,0.451,0.143,1
2025-04-08,1.4,0.02,0.101,0,weekday,-2.6,3.0,0.0,0.0,0.462,0.0,0.646,0.0,0.149,0.0,0.695,0.358,0.058,0
2025-04-09,0.8,0.0,0.222,0,weekday,-1.9,6.9,0.4,0.0,0.501,0.0,0.63,0.001,0.079,0.0,0.662,0.285,0.203,0
2025-04-10,3.6,0.022,0.103,0,weekday,-1.6,4.4,0.2,0.0,0.43,0.0,0.65,0.005,0.138,0.0,,0.473,0.118,0
2025-04-11,2.4,0.023,,0,weekday,-1.7,4.8,0.4,0.0,0.462,0.0,0.659,0.0,0.142,0.0,0.604,0.277,0.109,0
2025-04-12,1.6,0.624,0.198,0,holiday,-1.9,6.5,0.0,0.0,0.602,0.489,0.156,0.473,0.485,0.062,0.675,0.504,0.202,0
2025-04-13,,0.596,0.202,0,holiday,-2.2,6.1,0.0,0.0,0.623,0.405,0.136,0.49,0.475,0.0,0.617,0.613,,0
2025-04-14,6.1,0.0,0.207,0,weekday,-1.8,4.6,0.0,0.0,0.548,0.0,0.662,0.022,,0.0,0.665,0.368,0.111,0
2025-04-15,4.6,0.052,0.156,0,weekday,-2.5,5.0,0.0,0.0,0.682,0.0,0.747,0.0,0.157,0.0,0.568,0.34,,0
2025-04-16,3.2,0.0,0.158,0,weekday,-1.9,3.5,1.1,0.0,0.484,0.03,0.591,0.0,0.235,0.0,0.616,0.366,0.085,0
2025-04-17,2.3,0.0,0.186,0,weekday,-3.1,5.5,0.0,0.0,0.507,0.0,0.735,0.0,0.06,0.0,0.65,0.265,0.127,1
2025-04-18,2.5,0.007,0.147,0,weekday,-1.3,4.9,0.6,0.0,0.458,0.0,0.726,0.003,0.113,0.0,0.63,0.298,0.11,0
2025-04-19,4.1,0.524,0.083,0,holiday,-2.3,3.6,0.0,0.0,0.722,0.418,0.077,0.536,0.475,0.081,,0.504,0.098,0
2025-04-20,3.5,0.619,,1,holiday,-2.5,6.8,0.0,0.0,0.676,0.474,0.048,0.466,0.426,0.025,0.578,0.568,0.459,1
2025-04-21,0.5,0.022,0.082,0,weekday,-2.6,3.6,0.0,0.0,0.444,,0.723,0.014,0.109,0.0,0.579,0.336,0.092,0
2025-04-22,,0.0,0.242,0,weekday,-3.1,7.0,0.0,0.0,0.332,0.0,0.653,0.057,0.143,0.0,0.664,0.379,,1
2025-04-23,0.1,0.017,0.242,0,weekday,-2.2,6.6,0.0,0.0,0.375,0.0,0.601,0.024,0.129,,0.689,0.376,0.111,0
2025-04-24,3.5,0.0,0.175,0,weekday,-3.9,5.0,1.6,0.0,0.329,0.0,0.609,0.016,0.165,0.0,0.718,0.378,0.114,0
2025-04-25,7.1,0.0,0.193,0,weekday,-0.7,4.4,0.0,0.0,0.493,0.0,0.639,0.0,0.201,0.0,0.679,0.319,0.125,0
2025-04-26,1.6,0.592,0.13,0,holiday,-1.8,4.3,2.0,0.0,0.679,0.324,0.148,0.497,0.465,0.167,0.697,0.644,0.119,0
2025-04-27,10.2,0.507,0.257,0,holiday,-2.5,5.9,2.0,,0.626,0.36,0.0,0.544,0.486,0.005,0.63,0.558,0.158,0
2025-04-28,4.8,0.006,0.218,0,weekday,-2.0,6.6,0.0,0.0,0.471,0.151,0.636,0.0,0.143,0.0,0.581,0.346,0.139,1
2025-04-29,9.5,0.0,0.056,0,weekday,-2.6,2.4,0.0,0.0,0.46,0.0,0.658,0.0,0.151,,0.61,0.301,0.152,0
2025-04-30,1.5,0.0,0.201,0,weekday,-2.4,5.2,0.0,0.0,0.416,0.0,0.744,0.0,0.199,0.0,0.678,0.316,0.13,0
2025-05-01,5.1,0.155,0.231,0,holiday,-2.0,7.6,0.5,0.0,0.509,0.124,0.025,0.372,0.351,0.067,0.627,0.432,0.186,1
2025-05-02,1.8,0.27,0.188,0,holiday,-2.1,6.2,1.3,0.0,0.667,0.341,0.153,0.239,0.307,0.072,0.713,0.539,0.161,1
2025-05-03,4.0,0.698,,0,holiday,-2.0,6.2,2.4,0.0,0.682,0.568,0.096,0.566,0.436,0.044,0.636,0.517,0.191,1
2025-05-04,5.3,0.517,,0,holiday,-0.1,3.5,2.9,0.0,0.745,0.348,0.16,0.498,0.494,0.095,0.677,0.597,0.115,0
2025-05-05,6.3,0.296,0.167,0,holiday,-2.5,5.6,0.0,0.0,0.653,0.146,0.072,0.215,0.365,0.0,0.643,0.406,0.159,1
2025-05-06,5.7,0.491,0.109,0,,-1.7,4.9,0.0,1.0,0.63,0.478,0.134,0.485,0.356,0.0,0.75,,0.105,0
2025-05-07,3.1,0.537,0.273,0,holiday,-0.2,8.0,0.0,1.0,0.621,0.532,0.177,0.516,0.41,0.0,0.685,0.499,,1
2025-05-08,4.1,0.254,0.232,0,holiday,-1.8,4.0,0.6,0.0,0.604,0.094,0.099,0.275,0.393,0.02,0.718,0.445,0.105,0
2025-05-09,6.0,0.311,0.21,0,holiday,-1.8,6.3,3.2,,0.565,0.095,0.049,0.288,0.306,0.0,0.711,0.419,0.172,0
2025-05-10,6.5,0.551,,0,holiday,-1.4,7.5,0.0,0.0,0.773,0.45,0.013,0.528,0.486,0.006,0.614,0.498,0.204,1
2025-05-11,5.9,0.488,0.15,0,holiday,-2.5,5.3,0.0,0.0,0.77,0.449,0.139,0.439,0.438,0.139,0.656,0.553,0.147,0
2025-05-12,1.6,0.265,0.277,0,holiday,-2.2,7.8,1.0,0.0,0.665,0.277,0.157,0.217,0.288,0.0,0.758,0.444,0.226,1
2025-05-13,3.4,0.293,0.109,0,holiday,-0.5,3.5,0.0,0.0,0.586,0.241,0.0,0.241,0.39,0.0,0.664,0.502,0.098,0
2025-05-14,1.2,0.305,0.101,0,holiday,-1.6,3.9,0.0,0.0,0.485,0.252,0.0,0.278,0.349,0.11,0.532,0.421,0.093,0
2025-05-15,0.8,0.349,0.153,0,holiday,-0.2,3.4,0.4,0.0,0.566,0.265,0.085,0.183,0.299,0.108,0.697,0.503,0.044,0
2025-05-16,4.0,0.221,0.143,0,holiday,-1.0,4.3,2.2,0.0,0.599,0.036,0.0,0.263,0.343,0.002,0.671,0.465,0.108,0
2025-05-17,1.8,0.587,0.123,0,holiday,0.7,4.5,0.9,0.0,0.582,0.436,0.015,0.384,0.561,0.082,0.596,0.485,0.154,0
2025-05-18,2.7,0.527,0.139,0,holiday,-1.6,3.8,3.3,0.0,0.593,0.349,0.0,0.526,0.504,0.049,0.68,0.544,0.084,0
2025-05-19,2.6,0.258,0.231,0,holiday,1.4,7.0,0.8,0.0,0.568,0.273,0.083,0.199,0.307,0.0,0.598,0.419,0.176,1
2025-05-20,0.5,0.254,0.122,0,holiday,-0.3,4.3,0.0,0.0,0.453,0.189,0.074,0.309,0.336,0.1,0.624,0.46,0.139,1
2025-05-21,2.6,0.251,0.133,0,holiday,-0.4,3.0,1.3,0.0,0.475,0.233,0.059,0.235,0.322,,0.615,0.483,0.046,0
2025-05-22,2.9,0.246,0.15,0,holiday,0.3,3.9,1.8,0.0,0.614,0.242,0.047,0.314,0.318,0.013,0.765,0.58,0.092,0
2025-05-23,0.9,0.244,0.211,0,holiday,0.7,5.9,3.0,0.0,0.534,0.149,0.0,0.274,0.368,0.022,0.675,0.403,0.169,1
2025-05-24,1.5,0.885,0.122,0,holiday,-2.2,4.4,0.0,1.0,0.666,0.59,0.122,0.685,0.445,0.179,0.595,0.58,0.075,0
2025-05-25,1.3,0.579,0.138,0,holiday,1.0,4.2,0.0,0.0,0.54,0.427,0.186,0.451,0.463,0.148,0.599,0.525,0.113,0
2025-05-26,1.6,0.586,0.171,0,holiday,1.1,4.5,0.0,1.0,0.608,0.463,0.011,0.43,0.226,0.141,0.549,0.394,0.104,0
2025-05-27,,0.235,0.292,0,,0.4,8.6,0.0,0.0,0.451,0.182,0.018,0.25,0.364,0.0,0.56,0.383,0.25,1
2025-05-28,1.5,,0.159,0,holiday,1.3,4.7,2.3,0.0,0.542,0.308,0.118,,0.289,0.071,0.661,0.504,0.09,0
2025-05-29,1.6,0.28,,0,holiday,0.4,4.7,1.6,0.0,0.63,,0.037,0.188,0.256,0.096,0.715,0.47,0.096,0
2025-05-30,4.8,0.304,0.091,0,holiday,1.1,3.6,4.0,0.0,0.515,0.133,0.071,0.311,0.315,0.032,,0.373,0.099,0
2025-05-31,2.9,0.575,,0,holiday,1.0,4.9,0.0,0.0,0.704,0.337,0.046,0.574,0.443,0.036,0.643,0.554,0.071,0
2025-06-01,4.9,0.653,0.255,0,holiday,1.4,6.7,0.0,0.0,0.654,0.365,0.162,0.492,0.468,0.023,0.535,0.502,0.133,1
2025-06-02,3.1,0.094,0.235,0,weekday,2.9,6.2,0.0,0.0,0.387,0.167,,0.0,0.157,0.0,0.54,0.29,0.106,1
2025-06-03,5.7,0.0,0.18,0,weekday,1.7,4.4,0.4,0.0,0.395,0.0,0.508,0.012,0.212,0.021,0.596,0.397,0.15,0
2025-06-04,6.9,0.0,0.243,0,weekday,1.8,6.7,1.2,0.0,0.503,0.0,0.684,0.092,0.118,0.0,0.489,0.314,0.183,1
2025-06-05,7.0,0.0,0.12,0,weekday,2.9,3.5,0.0,0.0,,0.0,0.587,0.044,,0.0,0.483,0.219,0.125,0
2025-06-06,1.9,0.044,0.183,0,weekday,3.1,5.9,0.0,0.0,0.393,0.059,0.686,0.046,0.141,0.0,0.587,0.322,0.193,1
2025-06-07,1.2,0.784,0.139,0,holiday,3.0,4.7,0.0,1.0,0.743,0.594,0.153,0.708,0.402,0.159,0.541,0.496,0.136,0
2025-06-08,1.4,,,0,holiday,2.8,6.4,0.2,0.0,0.698,0.452,0.102,0.531,0.493,,0.595,0.487,0.128,1
2025-06-09,6.8,,0.253,0,weekday,3.1,6.0,0.0,0.0,0.305,0.0,0.64,0.0,0.065,0.006,0.539,0.314,0.174,1
2025-06-10,2.0,0.087,0.176,0,weekday,3.5,6.3,0.0,0.0,0.391,0.112,0.685,0.058,0.113,0.0,0.61,0.257,0.166,1
2025-06-11,4.0,,0.148,0,weekday,2.6,3.8,0.0,,0.494,0.0,0.579,0.0,0.124,0.0,0.598,0.318,0.109,1
2025-06-12,1.1,0.0,0.205,0,weekday,4.3,6.0,0.5,0.0,0.452,0.0,0.688,0.0,0.175,0.0,,,0.117,0
2025-06-13,1.5,0.0,0.528,1,weekday,3.6,5.4,0.0,0.0,0.327,0.0,0.589,0.0,0.058,0.022,0.494,0.218,0.449,1
2025-06-14,2.3,0.592,0.0,0,holiday,3.6,1.6,0.0,0.0,0.642,0.333,0.104,0.528,0.585,0.121,0.598,0.493,0.038,0
2025-06-15,7.4,0.554,0.186,0,holiday,3.3,4.0,0.0,0.0,0.643,,0.053,0.506,0.392,0.019,0.571,0.551,0.143,0
2025-06-16,2.2,0.057,0.161,0,weekday,4.1,4.1,1.5,0.0,0.382,0.0,0.543,0.048,0.198,0.004,0.503,0.306,0.134,0
2025-06-17,2.8,0.0,0.113,0,weekday,2.7,3.9,0.0,0.0,0.531,0.0,0.719,0.023,0.087,0.0,0.613,0.238,0.099,0
2025-06-18,1.1,0.0,0.162,0,weekday,5.2,4.5,0.0,0.0,0.239,0.0,0.637,0.0,0.116,0.0,0.581,0.306,0.111,0
2025-06-19,2.6,0.0,0.229,0,weekday,4.4,6.3,0.0,0.0,0.486,0.102,0.688,0.059,0.142,0.015,0.493,0.159,0.13,1
2025-06-20,20.7,0.023,0.607,1,weekday,5.4,6.1,0.0,0.0,0.467,0.03,0.576,0.0,0.07,0.0,0.433,0.195,0.449,1
2025-06-21,22.3,0.542,0.279,0,holiday,5.0,6.5,0.0,0.0,0.445,0.241,0.013,0.443,0.446,0.015,0.446,0.359,0.263,1
2025-06-22,20.5,0.669,0.241,0,holiday,5.9,5.2,0.4,0.0,0.562,0.317,0.027,0.513,0.496,0.02,0.412,0.44,0.225,1
2025-06-23,19.7,0.005,0.278,0,weekday,6.5,7.5,0.8,0.0,0.529,0.0,0.648,0.003,0.053,0.0,0.424,0.207,0.304,1
2025-06-24,24.3,0.0,0.118,0,weekday,6.3,2.4,0.0,0.0,0.404,0.0,,0.084,0.204,0.0,0.426,0.203,0.222,0
2025-06-25,20.4,0.062,0.23,0,weekday,6.2,5.6,0.0,0.0,0.44,0.0,0.589,0.008,0.062,0.0,0.419,0.277,0.256,1
2025-06-26,19.1,0.006,0.308,0,weekday,6.7,7.0,1.9,0.0,0.481,0.0,0.679,0.06,0.083,0.0,0.448,0.15,0.22,1
2025-06-27,18.1,0.0,0.134,0,weekday,6.9,4.5,0.0,0.0,0.36,0.0,0.544,0.089,0.029,,0.418,0.107,0.188,0
2025-06-28,21.6,0.882,0.18,0,holiday,6.6,4.4,0.8,1.0,0.625,0.61,0.036,0.703,0.426,0.037,0.396,0.434,0.161,0
2025-06-29,19.7,0.565,0.142,0,holiday,8.4,3.3,0.0,0.0,0.657,0.301,0.111,0.468,0.45,,0.381,0.404,0.211,1
2025-06-30,21.0,0.013,0.275,0,weekday,6.9,6.8,0.0,0.0,0.389,0.0,0.69,0.015,0.032,0.0,0.384,0.276,0.237,1
2025-07-01,20.0,0.035,0.203,0,weekday,7.9,4.6,1.6,0.0,0.464,0.002,0.782,0.023,0.095,0.0,0.358,0.083,0.149,0
2025-07-02,18.8,0.0,0.188,0,weekday,7.1,4.1,1.8,0.0,0.519,0.0,0.632,0.0,0.091,0.0,0.409,0.142,0.167,0
2025-07-03,20.2,0.09,0.245,0,weekday,7.1,6.3,1.2,0.0,0.384,0.0,0.618,0.076,0.121,0.0,,,0.278,1
2025-07-04,22.7,0.006,0.241,0,weekday,7.5,4.7,2.5,0.0,,0.142,0.689,0.0,0.096,0.0,0.423,0.241,0.28,0
2025-07-05,19.7,0.58,0.24,0,holiday,8.5,4.4,0.0,0.0,0.614,0.34,0.12,0.589,0.361,0.011,0.369,0.307,,1
2025-07-06,19.6,0.485,0.248,0,holiday,9.8,3.9,1.9,0.0,0.619,0.336,0.015,0.532,0.397,0.01,0.37,0.373,0.19,1
2025-07-07,20.2,0.05,0.247,0,weekday,8.3,6.0,1.4,0.0,0.405,0.0,0.655,0.003,0.051,0.0,0.39,0.168,0.208,1
2025-07-08,20.6,0.0,0.208,0,weekday,8.9,6.0,2.9,0.0,0.391,0.0,0.577,,0.012,0.0,,0.217,0.255,1
2025-07-09,22.3,,0.221,0,weekday,9.1,5.3,3.2,0.0,,0.013,0.696,0.019,0.209,0.0,0.278,0.081,0.262,1
2025-07-10,23.3,0.0,0.258,0,weekday,10.8,6.0,0.0,,0.447,0.0,0.619,0.083,0.003,0.0,0.252,0.069,0.243,1
2025-07-11,18.9,0.053,0.219,0,weekday,9.9,6.4,1.1,0.0,0.348,0.004,,0.037,0.17,0.0,0.396,0.159,0.214,1
2025-07-12,23.4,0.53,0.255,0,holiday,10.0,6.0,1.0,0.0,0.571,0.254,0.026,0.437,0.361,0.029,0.348,0.356,0.286,1
2025-07-13,19.5,0.608,0.269,0,holiday,10.5,6.9,0.0,0.0,0.828,0.309,0.079,0.542,0.327,0.072,0.404,0.48,0.29,1
2025-07-14,18.6,0.002,0.265,0,weekday,10.3,6.7,0.0,0.0,0.334,0.0,0.64,0.056,0.0,0.0,0.314,0.094,0.265,1
2025-07-15,,0.0,0.295,0,weekday,10.3,6.9,1.2,0.0,0.547,0.0,0.747,0.0,,0.0,0.366,0.192,0.293,1
2025-07-16,20.7,0.0,0.199,0,weekday,11.2,5.9,0.8,0.0,0.507,0.0,0.652,0.0,0.048,0.0,0.319,0.072,0.311,1
2025-07-17,21.2,0.002,0.325,0,weekday,10.1,6.8,0.6,,0.459,0.0,0.67,0.0,0.001,0.0,0.385,,0.213,1
2025-07-18,20.5,0.045,0.177,0,weekday,11.0,4.0,0.0,0.0,0.524,0.0,0.679,0.027,0.0,0.0,0.271,0.134,0.188,0
2025-07-19,20.6,0.527,,0,holiday,11.9,4.1,0.0,0.0,0.702,0.239,0.019,0.488,0.418,0.002,0.37,0.362,0.2,1
2025-07-20,19.9,0.585,0.168,0,holiday,9.3,3.0,0.0,0.0,0.705,0.385,0.007,0.533,0.42,0.0,0.365,0.309,0.138,0
2025-07-21,22.2,0.008,0.208,0,weekday,11.8,4.4,1.6,0.0,0.398,0.0,0.65,0.066,0.125,0.0,0.294,0.073,0.226,1
2025-07-22,22.2,0.0,0.292,0,weekday,12.7,6.7,0.0,0.0,0.374,0.0,0.591,0.018,0.0,0.0,0.196,0.024,0.247,1
2025-07-23,24.0,0.0,0.236,0,weekday,12.6,4.6,0.0,0.0,0.459,0.007,0.574,0.029,0.076,0.0,0.263,0.064,0.253,0
2025-07-24,20.5,0.022,0.177,0,weekday,13.3,4.5,1.0,0.0,0.386,0.0,0.664,0.037,0.034,0.0,0.21,0.0,0.206,0
2025-07-25,26.0,0.053,0.223,0,weekday,12.9,3.7,0.5,0.0,,0.0,0.536,0.0,0.011,0.0,0.349,0.097,0.27,1
2025-07-26,20.3,0.558,0.196,0,holiday,12.5,3.9,0.0,0.0,0.579,0.426,0.029,0.479,0.425,0.026,0.255,0.381,0.232,1
2025-07-27,24.7,0.583,0.24,0,holiday,14.1,4.5,0.5,0.0,0.711,0.416,0.068,0.675,0.5,0.0,0.298,0.245,0.196,1
2025-07-28,20.0,0.0,0.244,0,weekday,13.4,5.8,1.0,0.0,0.423,0.003,0.541,0.009,0.179,0.0,0.311,0.07,0.248,1
2025-07-29,21.6,0.0,,0,weekday,13.5,4.9,2.1,0.0,0.294,0.015,0.681,0.0,0.009,0.0,0.263,0.155,0.198,1
2025-07-30,,0.027,0.285,0,weekday,14.4,5.6,0.0,,0.446,,,0.0,0.0,0.0,0.185,0.024,0.248,1
2025-07-31,3.4,0.025,0.203,0,weekday,15.1,4.3,0.0,0.0,0.519,0.068,0.551,0.054,0.069,0.0,0.169,0.089,,0
2025-08-01,11.6,0.363,0.322,0,holiday,15.4,8.9,0.3,0.0,0.515,0.155,0.0,0.376,0.168,0.0,0.165,0.023,0.241,1
2025-08-02,8.2,0.601,0.259,0,holiday,16.0,6.9,0.0,0.0,0.678,0.424,0.0,0.51,0.361,0.0,0.258,0.32,0.207,1
2025-08-03,11.3,0.537,0.282,0,holiday,15.7,8.2,0.3,0.0,0.784,0.417,0.015,0.486,0.351,0.001,0.214,0.349,0.301,1
2025-08-04,6.5,0.265,0.273,0,holiday,16.3,6.6,1.2,0.0,0.382,0.277,,0.404,0.203,0.062,0.232,0.268,0.209,1
2025-08-05,9.6,0.296,0.255,0,holiday,14.9,8.4,1.7,0.0,0.518,0.245,0.105,0.325,0.187,,0.187,0.215,0.279,1
2025-08-06,8.5,0.314,0.252,0,holiday,15.5,6.5,1.5,0.0,0.589,0.256,0.047,0.361,0.219,,0.299,0.254,0.16,0
2025-08-07,8.1,,0.253,0,holiday,16.3,8.2,0.0,0.0,0.454,0.292,0.074,0.313,0.267,0.028,0.265,0.167,0.242,1
2025-08-08,7.9,0.273,0.283,0,holiday,16.0,7.1,2.1,0.0,0.462,0.213,0.132,0.313,0.151,0.0,0.193,0.278,0.14,0
2025-08-09,6.5,0.608,0.316,0,holiday,17.6,6.2,0.0,,0.517,0.418,0.054,0.48,0.343,0.117,0.223,0.288,0.203,0
2025-08-10,7.5,0.619,0.361,0,holiday,17.8,9.3,1.8,0.0,0.676,0.425,0.125,0.611,,0.018,0.208,0.266,0.256,1
2025-08-11,8.1,0.304,0.201,0,holiday,17.9,6.5,0.0,0.0,0.478,0.348,0.125,0.278,0.178,0.053,0.172,0.207,0.18,1
2025-08-12,6.7,0.308,0.312,0,holiday,17.0,7.7,0.9,0.0,0.48,0.164,,0.365,0.246,0.007,0.22,0.3,0.212,1
2025-08-13,9.3,0.269,0.265,0,holiday,17.0,8.2,0.0,0.0,0.533,0.383,,0.313,0.171,0.0,0.052,0.087,0.232,1
2025-08-14,11.2,0.343,0.256,0,holiday,18.3,7.0,1.2,0.0,0.547,0.238,0.1,0.313,0.169,0.059,0.13,0.225,0.245,1
2025-08-15,7.7,0.381,,0,holiday,18.6,7.0,0.0,0.0,0.536,0.165,0.017,0.272,0.235,0.0,0.153,0.249,0.205,1
2025-08-16,6.7,0.555,0.288,0,holiday,17.0,7.8,0.0,0.0,0.733,0.383,0.169,0.545,0.424,0.141,,0.392,0.207,1
2025-08-17,8.2,0.577,0.204,0,holiday,18.3,6.5,0.0,0.0,0.589,0.524,0.113,0.529,0.32,0.248,0.159,0.206,0.146,0
2025-08-18,8.5,0.239,0.274,0,holiday,20.0,6.7,1.7,0.0,0.645,0.261,0.036,0.231,0.248,0.082,0.082,0.175,0.22,1
2025-08-19,11.6,0.326,0.254,0,holiday,19.2,7.2,1.7,0.0,0.57,,0.017,0.211,0.202,0.0,,0.059,0.195,0
2025-08-20,8.4,0.276,0.186,0,holiday,19.9,5.9,1.1,0.0,0.606,,0.04,0.343,0.316,0.146,0.113,0.073,0.2,1
2025-08-21,8.1,0.393,0.238,0,holiday,20.5,5.8,0.0,0.0,0.561,0.355,0.077,0.331,0.085,0.168,0.0,0.078,0.171,1
2025-08-22,10.1,0.264,,0,holiday,20.1,6.4,0.0,0.0,0.577,0.187,0.057,0.314,0.124,0.098,0.075,0.081,0.203,0
2025-08-23,10.7,0.654,0.297,0,holiday,19.1,7.1,3.3,0.0,0.617,0.417,0.055,0.574,0.461,0.184,0.222,,0.198,0
2025-08-24,7.3,0.705,0.271,0,holiday,19.3,8.2,0.0,0.0,0.523,0.491,0.091,0.46,0.36,0.1,0.009,0.255,0.237,1
2025-08-25,7.9,0.304,,0,holiday,21.2,6.5,0.0,0.0,0.617,0.288,0.045,0.362,0.214,0.232,0.007,,0.21,1
2025-08-26,9.6,0.564,0.215,0,holiday,20.5,6.5,0.1,1.0,0.446,0.434,0.0,0.489,0.151,0.062,0.107,0.132,0.202,0
2025-08-27,10.7,0.533,0.251,0,holiday,18.9,7.0,0.0,1.0,0.528,0.498,,0.516,0.29,0.025,0.164,0.19,0.203,1
2025-08-28,12.4,,0.234,0,holiday,20.2,7.1,0.2,0.0,0.602,0.182,0.0,0.249,0.101,0.113,0.159,0.196,0.257,1
2025-08-29,13.3,,0.29,0,holiday,22.7,7.0,1.8,0.0,0.555,0.29,0.022,0.365,0.133,0.148,,0.139,0.213,1
2025-08-30,8.1,0.622,0.257,0,holiday,20.4,7.9,0.2,,0.658,0.449,0.146,0.589,0.371,0.097,0.063,0.164,0.279,1
2025-08-31,9.2,0.589,0.268,0,holiday,22.2,5.2,0.7,0.0,0.672,0.347,0.175,0.522,0.388,0.298,0.018,0.183,0.188,1
2025-09-01,6.9,0.236,,0,weekday,21.8,6.0,0.0,,,0.376,0.59,,0.0,0.059,0.095,0.058,0.139,0
2025-09-02,8.1,0.279,0.314,0,weekday,22.0,8.9,0.8,1.0,0.479,0.312,0.689,0.225,0.0,0.089,0.019,,0.206,1
2025-09-03,6.8,0.0,,0,weekday,21.5,6.5,0.0,0.0,0.577,0.011,0.66,0.086,0.0,,0.075,0.0,0.159,0
2025-09-04,9.5,0.0,0.196,0,weekday,22.6,5.9,1.9,0.0,0.33,0.012,0.693,0.043,0.052,0.032,0.0,0.031,,0
2025-09-05,9.2,0.067,0.291,0,weekday,24.1,7.9,0.0,0.0,0.463,0.048,0.648,0.118,0.0,0.0,0.003,0.017,0.222,0
2025-09-06,6.0,0.562,0.278,0,holiday,22.8,8.2,4.1,0.0,0.673,0.639,0.061,0.566,,0.323,0.16,,0.275,1
2025-09-07,14.0,0.599,0.331,0,holiday,22.0,8.7,2.0,0.0,0.654,,0.036,0.556,0.392,0.236,0.077,0.208,0.233,1
2025-09-08,7.6,0.05,0.277,0,weekday,21.9,6.2,0.0,0.0,0.432,0.179,0.615,0.088,0.022,0.026,0.084,0.0,0.17,0
2025-09-09,7.8,0.0,0.204,0,weekday,23.2,4.9,2.1,0.0,0.45,0.0,0.661,0.041,,0.111,0.029,0.039,0.153,0
2025-09-10,8.3,0.0,0.21,0,weekday,22.9,5.2,0.0,0.0,0.403,0.032,0.661,0.043,0.0,0.147,0.065,0.002,0.147,0
2025-09-11,10.0,0.109,0.262,0,,23.8,7.9,0.0,0.0,0.448,0.141,0.73,0.186,0.0,0.092,0.0,0.0,0.194,1
