date,mobility_inflow_index,temperature_c,wind_speed_mps,rail_ridership,holiday,rainfall_mm,snowfall_cm,event_local_flag,typhoon_alert_flag,tourist_inflow_count,lodging_occupancy_ratio,temple_shrine_visits,onsen_visitors_count,beach_crowd_index,snow_quality_index,ski_resort_visitors,ferry_cancel_count,flight_delay_count,y
2023-09-13,0.428,24.6,5.7,0.702,weekday,9.6,1.2,0.0,0,0.182,0.0,0.123,0.0,0.172,,0.0,0.293,0.22,0
2023-09-14,0.513,23.8,8.1,0.628,weekday,8.0,0.0,0.0,0,0.0,0.036,0.04,0.0,0.0,0.095,0.04,0.255,0.222,1
2023-09-15,0.427,22.9,6.4,0.596,weekday,9.4,2.2,0.0,0,0.01,0.0,0.089,0.119,0.102,0.08,0.026,0.247,0.202,1
2023-09-16,0.662,24.0,6.7,0.137,holiday,10.5,0.0,0.0,0,0.479,0.652,0.56,0.401,0.328,0.0,0.109,0.29,0.245,1
2023-09-17,0.742,24.0,4.8,0.107,holiday,10.0,0.0,0.0,0,0.556,0.684,0.54,,0.376,0.039,0.209,0.139,0.247,1
2023-09-18,0.43,24.0,6.1,0.681,weekday,9.1,0.0,0.0,0,0.011,0.0,0.099,0.009,0.149,0.0,0.0,0.254,0.153,0
2023-09-19,0.307,24.7,6.4,0.649,weekday,11.5,1.1,0.0,1,0.05,0.0,0.064,0.0,0.261,0.017,0.026,0.57,0.516,1
2023-09-20,,24.0,3.8,0.671,weekday,6.7,5.2,1.0,0,0.213,0.192,0.231,0.049,0.259,0.099,0.077,0.2,0.128,1
2023-09-21,0.435,24.5,7.3,0.63,weekday,9.0,0.6,,0,0.086,0.061,0.072,0.0,0.064,0.0,0.0,0.261,0.214,1
2023-09-22,0.474,26.4,5.4,0.673,weekday,9.9,0.6,1.0,0,,0.289,0.386,0.0,0.353,0.0,0.065,0.256,0.16,1
2023-09-23,0.845,25.8,6.0,0.108,holiday,7.5,0.0,0.0,0,0.466,0.651,0.639,0.347,0.434,0.0,0.177,0.207,0.185,0
2023-09-24,0.664,23.9,4.0,0.075,holiday,10.4,0.4,0.0,0,0.413,0.521,0.537,0.407,0.371,0.0,0.149,0.143,0.197,0
2023-09-25,0.279,24.8,8.4,0.57,weekday,6.8,0.0,0.0,0,0.184,0.062,0.04,0.032,0.09,0.025,0.0,0.296,0.236,1
2023-09-26,0.528,24.3,6.0,0.744,weekday,8.6,0.2,0.0,0,0.342,0.058,0.109,0.033,0.143,0.006,0.05,0.197,,1
2023-09-27,0.466,25.3,5.6,0.64,weekday,8.4,0.9,0.0,0,0.22,0.035,0.172,0.015,0.204,0.02,0.013,0.24,0.15,1
2023-09-28,0.371,26.1,4.0,0.674,weekday,6.3,0.0,0.0,0,0.195,0.074,0.175,0.0,,0.002,0.0,0.165,0.12,0
2023-09-29,0.434,24.2,4.6,0.672,weekday,11.9,0.0,0.0,0,0.028,0.0,0.081,0.062,0.06,0.012,0.022,0.286,0.083,1
2023-09-30,0.699,24.9,4.7,0.127,holiday,9.2,1.9,0.0,0,0.433,0.6,0.542,0.454,,0.017,0.236,0.205,0.171,1
2023-10-01,0.712,25.3,4.2,,holiday,5.7,0.8,0.0,0,0.552,0.583,0.639,0.325,,0.005,0.16,0.064,0.079,0
2023-10-02,0.418,24.3,4.6,0.745,weekday,,0.0,0.0,0,0.181,0.026,0.119,0.076,0.231,0.0,0.036,0.171,0.075,0
2023-10-03,0.355,26.2,4.2,0.621,weekday,2.8,0.1,0.0,0,0.193,0.034,0.168,0.0,0.303,0.0,0.0,0.161,0.145,0
2023-10-04,0.519,25.7,5.1,0.725,weekday,2.2,0.8,0.0,0,0.033,0.0,0.118,0.025,0.244,0.0,0.076,0.132,0.166,0
2023-10-05,0.472,25.4,4.8,0.73,weekday,2.4,0.2,0.0,0,,0.057,0.085,0.0,0.124,,0.0,0.114,0.132,1
2023-10-06,0.493,25.1,5.3,0.663,weekday,4.2,0.0,1.0,0,0.455,0.24,0.265,0.0,0.103,0.029,0.078,0.208,0.16,1
2023-10-07,0.725,25.6,4.4,0.064,holiday,3.2,0.0,0.0,0,0.544,0.647,0.542,0.298,0.364,0.01,0.266,0.162,0.106,0
2023-10-08,0.791,23.3,2.5,0.14,holiday,0.5,2.1,0.0,0,0.612,0.633,0.614,0.397,0.392,0.049,0.251,0.096,0.062,0
2023-10-09,0.461,25.1,4.6,0.707,weekday,0.9,0.0,0.0,0,0.105,,0.105,0.024,0.237,,0.028,0.119,0.097,0
2023-10-10,0.547,25.3,3.9,0.678,weekday,1.5,0.0,0.0,0,0.098,0.0,0.026,0.0,0.232,0.0,0.0,0.094,0.082,0
2023-10-11,0.607,26.2,3.2,0.628,weekday,8.8,1.6,1.0,0,0.393,0.32,0.25,0.0,0.265,0.038,0.0,0.121,0.195,1
2023-10-12,0.431,25.4,2.7,0.699,weekday,4.0,0.5,0.0,0,0.073,0.017,0.062,,0.338,0.009,0.0,0.104,0.085,0
2023-10-13,0.435,25.7,6.3,0.652,weekday,5.3,0.0,0.0,0,0.308,0.058,0.132,0.033,0.179,0.0,0.0,0.189,,0
2023-10-14,0.693,25.6,2.8,0.025,holiday,6.8,0.0,0.0,0,0.496,0.684,0.601,0.405,0.498,0.0,0.263,0.124,0.052,0
2023-10-15,0.754,26.0,4.5,0.085,holiday,2.1,0.0,0.0,0,0.504,0.596,0.596,0.283,0.631,0.032,0.135,0.109,0.074,0
2023-10-16,0.503,27.1,4.8,0.769,weekday,1.0,0.0,0.0,0,0.131,0.011,0.037,0.0,0.228,0.059,0.0,0.14,0.127,0
2023-10-17,0.421,26.1,3.5,0.703,weekday,2.0,0.0,0.0,0,0.103,,0.052,0.022,0.302,0.0,0.003,0.122,0.097,0
2023-10-18,0.536,26.7,4.7,0.636,weekday,7.0,0.0,0.0,0,0.096,0.0,0.143,0.0,0.298,0.011,0.0,0.118,0.178,1
2023-10-19,0.432,25.4,5.3,0.688,weekday,6.2,2.7,0.0,0,0.1,0.0,,0.0,0.111,0.0,0.0,0.182,0.146,1
2023-10-20,0.439,25.2,2.7,0.678,weekday,3.4,0.0,0.0,0,0.051,0.0,0.136,0.012,0.227,0.0,0.0,0.091,0.082,0
2023-10-21,0.692,25.5,7.0,0.192,holiday,5.7,0.0,0.0,0,0.487,0.611,0.647,0.283,0.228,0.0,,0.249,0.171,0
2023-10-22,0.607,26.2,5.1,0.035,holiday,7.7,1.3,0.0,1,0.539,0.584,0.488,0.332,0.383,0.033,0.21,0.557,0.488,1
2023-10-23,0.324,26.4,7.1,0.639,weekday,7.0,0.8,0.0,0,0.049,0.133,0.057,0.016,0.214,0.026,0.0,0.264,0.207,1
2023-10-24,0.281,26.9,4.2,0.603,weekday,3.8,0.1,0.0,0,0.087,0.0,0.027,0.0,0.269,0.011,0.002,0.115,0.105,0
2023-10-25,0.426,25.8,3.5,0.644,weekday,4.5,0.0,0.0,0,0.049,0.0,0.106,0.0,0.254,0.093,0.098,0.084,0.096,0
2023-10-26,0.306,25.4,4.0,,weekday,6.8,0.7,0.0,0,0.197,0.006,0.074,0.021,0.193,0.014,,0.143,0.142,1
2023-10-27,0.474,25.7,4.2,0.635,weekday,3.7,0.0,0.0,0,0.0,0.044,0.109,0.026,0.266,0.042,0.013,0.104,0.187,1
2023-10-28,0.419,25.7,6.4,0.144,holiday,2.7,3.3,0.0,0,0.357,0.581,0.66,,0.466,0.0,0.155,0.185,0.138,1
2023-10-29,0.663,25.9,3.7,0.153,holiday,4.2,0.0,0.0,0,0.574,0.59,0.542,0.334,0.451,0.0,0.18,0.189,,0
2023-10-30,0.481,26.2,2.1,0.745,weekday,2.2,0.0,0.0,0,0.133,0.0,0.122,0.071,0.148,0.0,0.0,0.079,0.034,0
2023-10-31,0.451,26.4,3.7,0.652,weekday,3.7,1.2,0.0,0,0.057,0.009,0.113,0.066,0.27,0.0,0.007,0.073,0.063,0
2023-11-01,0.32,25.0,2.9,0.636,weekday,4.0,2.4,0.0,0,0.084,0.056,0.099,0.0,0.093,0.099,0.024,0.075,0.09,0
2023-11-02,0.286,25.4,2.0,0.642,weekday,8.9,0.7,0.0,0,0.002,0.0,0.118,0.0,0.323,0.026,0.0,0.115,0.072,0
2023-11-03,0.405,25.3,3.0,0.605,weekday,1.3,0.2,1.0,0,0.487,0.384,0.26,0.017,0.229,0.024,0.0,0.132,0.062,0
2023-11-04,0.713,24.9,3.9,0.112,holiday,4.7,0.6,0.0,0,0.507,0.558,0.639,0.406,0.403,0.046,0.23,0.12,0.149,0
2023-11-05,0.597,25.9,2.6,0.141,holiday,1.1,4.2,0.0,0,0.677,0.673,0.659,0.388,0.539,0.0,0.242,0.131,0.03,0
2023-11-06,0.351,25.7,3.3,0.686,weekday,1.5,0.0,0.0,0,0.147,0.017,0.097,0.0,0.229,0.008,0.015,0.036,0.015,0
2023-11-07,0.515,24.6,1.4,0.589,weekday,3.8,1.4,0.0,0,0.122,0.078,0.158,0.0,0.245,0.102,,0.028,0.051,0
2023-11-08,0.381,25.3,3.2,0.647,weekday,7.8,0.4,0.0,0,0.09,0.09,0.087,0.0,0.115,,0.075,,0.135,1
2023-11-09,0.38,26.4,5.3,0.779,weekday,1.6,0.0,0.0,0,,0.077,,0.0,0.211,0.0,0.0,0.163,0.091,0
2023-11-10,0.455,24.8,4.3,0.681,weekday,0.6,0.1,,0,0.114,0.02,0.159,0.036,0.247,0.108,0.032,0.102,0.058,0
2023-11-11,0.757,24.6,3.5,0.143,holiday,6.5,0.0,0.0,0,0.462,0.536,0.616,0.335,0.327,,0.134,0.135,0.096,0
2023-11-12,0.643,25.5,6.1,0.113,holiday,3.4,1.1,0.0,0,0.558,0.73,0.591,0.32,0.475,0.025,0.133,0.193,0.185,0
2023-11-13,0.41,23.9,2.9,,weekday,1.3,0.0,0.0,0,0.09,0.038,0.054,0.0,,0.0,0.077,0.073,0.0,0
2023-11-14,0.45,24.0,5.8,0.673,weekday,2.0,0.0,0.0,0,0.201,0.158,0.0,0.071,0.253,0.0,0.0,0.2,0.143,1
2023-11-15,0.344,23.9,5.4,0.681,weekday,2.9,0.7,0.0,0,0.1,0.057,0.148,0.0,0.196,0.014,0.0,0.161,0.125,1
2023-11-16,0.606,24.6,2.9,0.651,weekday,6.3,2.8,0.0,0,0.156,0.02,0.123,0.077,0.216,0.0,0.035,,0.086,1
2023-11-17,0.475,23.7,4.2,0.611,weekday,4.1,0.0,0.0,0,0.208,0.066,0.024,0.0,,0.014,0.087,0.157,0.164,0
2023-11-18,0.782,23.4,1.7,0.201,holiday,7.6,0.0,0.0,0,0.343,0.547,0.662,0.335,0.533,0.083,0.312,0.113,0.088,0
2023-11-19,0.561,24.5,5.2,0.087,holiday,2.7,1.8,0.0,0,0.526,0.603,0.623,0.34,0.398,0.0,0.233,0.161,0.091,1
2023-11-20,0.493,25.4,2.5,0.659,weekday,3.3,0.0,0.0,0,0.0,,0.107,0.0,0.295,0.0,0.026,0.054,0.081,0
2023-11-21,0.494,24.5,3.1,0.625,weekday,8.3,0.9,0.0,0,0.061,0.016,0.127,0.0,0.26,0.069,0.0,0.138,0.135,0
2023-11-22,0.329,23.7,2.8,0.587,weekday,0.2,0.0,0.0,0,,0.0,0.112,0.031,0.176,0.003,0.0,0.109,0.086,0
2023-11-23,0.343,24.4,3.0,0.609,weekday,3.1,0.2,1.0,0,,0.276,0.227,0.099,0.27,0.0,0.0,0.107,0.142,0
2023-11-24,0.489,24.7,4.1,0.655,weekday,3.2,0.3,1.0,0,0.437,0.312,0.327,0.008,0.264,0.05,0.026,0.126,0.175,0
2023-11-25,0.777,22.7,3.1,0.075,holiday,6.1,0.0,0.0,0,0.482,0.535,,0.336,0.32,0.102,0.252,0.107,0.098,0
2023-11-26,0.757,23.2,2.2,0.091,holiday,3.9,0.6,0.0,0,0.64,0.581,0.647,0.318,0.365,0.051,0.227,0.101,0.104,0
2023-11-27,0.492,22.8,2.8,0.653,weekday,0.9,1.0,1.0,0,0.292,0.344,0.228,0.014,0.263,0.037,0.0,0.107,0.055,0
2023-11-28,0.458,22.4,5.0,0.762,weekday,1.4,1.3,0.0,0,0.061,0.064,0.069,0.024,0.102,0.0,,0.13,0.164,0
2023-11-29,0.496,22.8,1.8,0.757,weekday,0.3,0.4,0.0,0,0.0,0.0,0.162,0.0,0.211,0.025,0.0,0.025,0.055,0
2023-11-30,0.508,21.1,2.9,0.634,weekday,2.8,2.4,0.0,0,0.039,0.037,0.121,0.0,0.0,0.143,0.113,0.108,0.103,0
2023-12-01,0.781,23.9,2.2,,holiday,4.0,4.5,0.0,0,0.293,0.303,0.353,0.181,0.284,0.019,0.173,0.117,0.031,0
2023-12-02,0.518,22.2,4.1,0.045,holiday,0.8,13.1,1.0,0,0.854,0.958,0.777,0.265,0.43,0.164,0.298,0.16,0.093,0
2023-12-03,0.551,22.2,1.3,0.054,holiday,2.6,6.6,1.0,0,0.778,0.882,0.749,0.336,0.306,0.024,0.205,0.091,0.06,0
2023-12-04,0.506,21.8,2.0,0.056,holiday,1.9,10.0,,0,0.512,,0.559,0.116,0.235,0.219,0.225,0.137,0.114,0
2023-12-05,0.662,21.4,3.5,0.178,holiday,1.3,11.4,0.0,0,0.328,0.315,0.292,0.176,0.173,0.312,0.269,0.078,0.071,1
2023-12-06,0.557,22.2,6.2,0.083,holiday,2.5,13.2,,0,0.509,0.483,0.564,0.151,0.146,0.102,0.13,0.22,0.176,1
2023-12-07,0.482,22.1,4.4,0.031,holiday,1.6,8.5,0.0,0,0.324,0.328,0.372,0.154,,0.146,0.255,0.143,,0
2023-12-08,0.615,22.7,5.7,0.131,holiday,2.2,8.9,0.0,0,0.349,0.43,0.364,0.143,0.17,0.236,0.415,0.221,0.158,0
2023-12-09,0.646,20.5,4.7,0.085,holiday,2.3,14.4,0.0,0,0.586,0.704,0.517,0.399,0.2,0.182,0.355,0.116,0.101,0
2023-12-10,0.548,21.5,3.3,0.017,holiday,6.2,10.0,0.0,0,0.417,0.642,0.564,0.332,0.222,0.132,0.278,0.12,0.168,0
2023-12-11,0.489,21.3,2.0,0.076,holiday,5.1,10.6,0.0,0,,0.351,0.35,0.219,0.202,0.182,0.148,0.077,0.116,0
2023-12-12,0.682,21.9,3.7,0.1,holiday,0.3,11.8,0.0,0,0.214,0.227,0.274,0.27,0.263,0.192,0.214,0.075,0.045,0
2023-12-13,0.494,20.4,4.6,0.042,holiday,1.2,15.3,1.0,0,0.446,,0.473,,0.202,0.238,0.171,0.185,0.141,1
2023-12-14,0.643,20.6,3.5,0.105,holiday,3.6,14.9,0.0,0,0.41,0.399,0.345,0.16,0.178,0.27,0.257,0.146,0.067,0
2023-12-15,0.486,20.6,3.8,0.007,holiday,3.4,13.9,0.0,0,0.163,0.348,0.376,0.227,0.146,0.261,0.149,0.123,0.037,0
2023-12-16,0.775,20.4,4.2,0.13,holiday,1.0,14.4,0.0,0,0.477,0.604,0.568,0.317,0.311,0.285,0.283,0.162,0.062,0
2023-12-17,0.72,19.2,5.1,0.061,holiday,7.3,13.8,0.0,0,0.524,0.549,0.522,0.307,0.205,0.332,0.396,0.201,0.127,1
2023-12-18,0.604,19.7,3.4,0.142,holiday,2.9,13.8,0.0,0,,0.349,0.315,0.227,0.064,0.206,0.204,0.123,0.067,0
2023-12-19,0.574,19.3,2.6,0.045,holiday,2.8,16.1,0.0,0,0.26,0.219,0.273,0.122,0.223,0.276,0.283,0.089,0.096,0
2023-12-20,0.597,19.4,3.1,0.169,holiday,5.4,14.8,0.0,0,0.25,0.315,0.277,0.197,0.19,0.278,0.207,0.156,0.095,0
2023-12-21,0.596,17.7,2.0,0.081,holiday,5.1,19.2,0.0,0,0.069,0.164,,0.185,0.0,0.388,0.276,0.111,0.045,0
2023-12-22,0.534,17.7,1.8,0.096,holiday,5.2,19.4,0.0,0,0.253,0.308,0.314,0.145,0.156,0.409,0.295,0.122,0.095,0
2023-12-23,0.704,18.7,5.2,0.066,holiday,4.9,17.0,0.0,0,0.442,,0.52,0.388,0.265,0.29,0.45,0.204,0.129,0
2023-12-24,0.653,18.2,2.4,0.04,holiday,5.0,17.4,,0,0.407,0.563,0.557,0.372,0.069,0.279,0.236,0.132,0.095,0
2023-12-25,0.655,17.1,3.7,,holiday,4.3,18.1,0.0,0,0.162,0.127,0.258,0.218,0.118,0.353,0.31,0.147,0.053,0
2023-12-26,0.49,17.2,5.5,0.05,holiday,3.0,18.3,0.0,0,0.358,0.345,0.306,0.193,0.11,0.421,0.33,0.193,0.147,1
2023-12-27,0.437,18.1,4.8,0.113,holiday,0.5,17.8,0.0,0,0.291,0.286,0.386,0.169,0.038,0.365,0.373,0.177,0.0,0
2023-12-28,0.581,16.1,5.4,0.057,holiday,2.5,22.8,0.0,0,,0.303,0.335,0.213,0.107,0.45,0.335,,0.198,1
2023-12-29,0.59,16.9,2.3,0.065,holiday,3.9,19.1,0.0,0,0.272,0.238,0.335,0.162,0.137,0.393,0.345,0.116,0.058,0
2023-12-30,0.56,17.1,5.9,0.052,holiday,1.0,19.6,0.0,0,0.463,0.605,0.568,0.408,0.243,0.373,0.448,0.189,0.13,1
2023-12-31,0.62,15.9,5.3,0.065,holiday,5.9,23.3,0.0,0,0.518,0.65,0.587,0.411,0.139,0.489,0.447,0.199,0.128,0
2024-01-01,0.659,17.1,4.3,0.086,holiday,4.8,14.1,0.0,0,0.345,0.34,0.26,0.175,0.079,0.335,0.245,0.196,0.065,0
2024-01-02,0.644,15.2,3.3,0.058,holiday,2.3,20.7,0.0,0,0.099,0.261,,,0.038,0.533,0.37,0.095,0.052,0
2024-01-03,0.601,15.3,4.8,0.06,holiday,2.5,21.0,0.0,0,0.289,0.284,,0.194,0.131,0.475,0.461,0.136,0.11,0
2024-01-04,,15.6,3.0,0.169,holiday,2.7,21.5,0.0,0,0.14,0.192,0.399,0.198,0.204,0.479,0.339,0.064,0.082,0
2024-01-05,0.599,15.1,3.2,0.131,holiday,5.2,24.8,0.0,0,0.143,0.236,0.336,0.233,0.04,0.429,0.349,0.087,0.088,0
2024-01-06,0.737,15.3,4.4,0.054,holiday,2.8,21.8,0.0,0,0.456,0.689,0.638,0.458,0.191,0.534,0.461,0.119,0.113,0
2024-01-07,0.721,13.7,5.6,0.038,holiday,2.5,27.1,1.0,0,0.593,0.844,0.845,0.381,0.058,0.598,,0.144,0.095,1
2024-01-08,0.485,14.3,2.6,0.045,holiday,1.2,24.5,0.0,0,0.407,0.386,0.289,0.267,0.043,0.595,0.412,0.101,0.077,0
2024-01-09,0.49,13.2,4.4,0.0,holiday,3.9,26.9,0.0,0,0.212,0.3,0.274,0.133,0.038,0.544,0.333,0.171,0.161,1
2024-01-10,0.353,14.3,4.1,0.035,holiday,4.9,24.0,0.0,0,0.206,0.24,0.33,0.17,0.0,0.52,0.359,0.139,0.069,0
2024-01-11,0.569,12.6,4.2,0.055,holiday,1.7,28.6,0.0,0,0.246,0.296,0.158,0.274,0.074,0.671,0.443,0.182,0.084,0
2024-01-12,0.546,13.1,3.4,0.045,holiday,4.9,26.5,0.0,0,,0.234,0.307,0.15,,0.559,0.49,0.063,0.147,0
2024-01-13,0.764,14.3,3.0,0.087,holiday,2.6,22.8,0.0,0,0.382,0.565,0.603,0.489,0.075,,0.416,0.081,0.053,0
2024-01-14,0.891,13.8,3.1,0.084,holiday,1.7,25.9,0.0,0,0.481,0.63,0.442,0.429,0.296,0.558,0.455,0.131,0.076,0
2024-01-15,0.503,11.4,4.0,0.016,holiday,0.8,28.5,0.0,0,0.07,0.203,0.392,0.301,0.105,0.679,0.481,0.134,0.092,0
2024-01-16,0.534,11.9,5.5,0.137,holiday,5.1,30.0,0.0,0,0.214,0.166,0.264,0.186,0.019,0.66,0.393,0.124,0.132,1
2024-01-17,0.775,12.3,5.7,0.192,holiday,2.7,28.5,1.0,0,0.554,0.549,0.473,0.252,0.083,0.65,0.522,,0.12,0
2024-01-18,0.57,11.8,3.5,0.114,holiday,4.4,29.7,0.0,0,0.187,,0.341,0.307,0.045,,0.408,0.118,0.086,0
2024-01-19,0.422,12.1,6.5,0.016,holiday,2.8,27.7,0.0,0,0.205,0.278,0.303,0.213,0.0,0.598,0.417,0.217,0.204,1
2024-01-20,0.817,12.5,4.3,0.053,holiday,6.3,28.4,0.0,0,,0.572,0.588,0.411,0.057,0.533,0.426,0.137,0.151,0
2024-01-21,0.51,10.1,4.6,0.036,holiday,2.9,33.6,0.0,0,0.438,0.562,0.553,0.459,0.161,0.665,0.488,0.159,0.126,1
2024-01-22,0.398,12.3,3.8,0.03,holiday,,28.9,0.0,0,0.286,0.321,0.306,0.168,0.121,0.584,0.468,0.167,0.077,0
2024-01-23,,11.0,4.1,0.051,holiday,4.4,29.5,0.0,0,0.224,0.418,0.206,0.177,0.0,0.661,0.412,0.167,0.076,0
2024-01-24,0.572,10.1,6.7,,holiday,0.5,35.0,0.0,0,0.316,0.27,0.353,0.347,0.0,,0.434,0.214,0.15,1
2024-01-25,0.51,11.1,4.1,0.053,holiday,0.6,29.4,0.0,0,0.144,0.379,0.266,0.292,0.074,0.722,0.502,0.151,0.044,0
2024-01-26,0.482,8.6,5.2,0.02,holiday,4.1,34.8,0.0,0,0.29,0.293,0.21,0.254,,0.775,0.502,0.17,0.069,0
2024-01-27,0.549,10.3,3.6,0.068,holiday,5.5,30.8,0.0,0,0.308,0.514,0.483,0.512,0.0,0.581,0.553,0.109,0.079,1
2024-01-28,0.733,10.3,3.7,0.032,holiday,8.8,33.8,0.0,0,0.37,0.505,0.516,0.407,0.058,0.661,0.481,0.152,0.098,0
2024-01-29,0.54,9.5,2.5,0.0,holiday,8.5,33.7,0.0,0,0.106,0.29,0.309,0.303,0.043,0.689,0.427,0.068,0.094,0
2024-01-30,0.588,9.1,1.2,0.051,holiday,7.5,35.0,0.0,0,0.151,0.244,0.149,0.18,0.0,0.693,0.451,0.085,0.035,0
2024-01-31,0.567,10.2,3.2,0.0,holiday,6.7,31.4,0.0,0,0.114,0.199,0.219,0.235,0.0,0.688,0.469,0.139,0.104,1
2024-02-01,,8.9,3.2,0.649,weekday,3.5,35.0,0.0,0,0.0,0.056,0.0,0.062,0.0,0.817,0.404,0.094,0.061,0
2024-02-02,0.449,8.5,4.2,0.718,weekday,5.0,31.0,0.0,0,0.091,0.0,0.0,0.093,0.0,0.834,0.445,0.14,0.118,0
2024-02-03,0.648,8.3,1.7,0.064,holiday,3.2,32.3,0.0,0,0.281,0.522,0.521,0.416,0.119,0.746,0.625,0.035,0.05,0
2024-02-04,0.574,7.8,3.7,0.061,holiday,0.9,33.4,0.0,0,0.483,0.638,0.501,0.428,0.041,0.818,0.73,0.147,0.055,0
2024-02-05,0.36,9.0,4.6,0.609,weekday,4.6,35.0,0.0,0,0.0,0.0,0.056,0.096,0.0,,0.474,0.171,,0
2024-02-06,0.392,7.8,3.2,0.632,weekday,2.6,33.9,0.0,0,0.053,0.0,0.004,0.067,0.0,0.772,0.36,0.089,0.095,0
2024-02-07,0.47,9.0,3.2,,weekday,2.1,35.0,0.0,0,0.035,0.026,0.066,0.104,0.0,0.857,0.499,0.096,0.056,0
2024-02-08,0.408,6.9,4.1,0.694,weekday,8.3,34.4,0.0,0,0.0,0.0,0.0,0.12,,0.841,0.53,0.13,0.123,0
2024-02-09,0.621,6.6,2.4,0.73,weekday,3.1,34.2,0.0,0,0.101,,0.06,0.129,0.0,0.848,0.421,0.113,0.078,0
2024-02-10,0.839,6.7,4.8,0.102,holiday,,34.1,0.0,0,0.399,0.538,0.481,0.418,0.177,0.808,0.657,0.18,0.098,0
2024-02-11,0.726,5.9,3.1,0.161,holiday,0.4,34.0,0.0,0,0.561,0.552,0.526,0.48,0.053,0.882,0.683,0.048,0.096,0
2024-02-12,0.323,7.3,1.4,0.607,weekday,4.7,33.8,0.0,0,0.087,,0.0,0.1,0.0,0.733,0.388,0.064,0.097,0
2024-02-13,0.455,5.2,3.7,0.653,weekday,7.6,33.0,1.0,0,0.158,,0.202,0.119,0.011,0.852,0.461,0.128,,1
2024-02-14,0.289,6.0,4.7,0.646,weekday,,35.0,0.0,0,0.154,0.037,0.02,0.084,0.0,0.86,0.53,0.132,0.073,1
2024-02-15,0.387,4.8,2.4,0.694,weekday,0.2,34.8,0.0,0,0.0,0.0,0.109,0.135,0.0,,0.46,0.041,0.067,0
2024-02-16,,6.1,4.0,0.714,weekday,3.8,35.0,0.0,0,0.046,0.053,0.0,,0.0,0.757,0.38,0.163,0.086,0
2024-02-17,0.516,5.5,4.2,0.114,holiday,1.9,34.5,0.0,0,,0.642,0.478,0.488,0.147,,0.707,0.134,0.143,1
2024-02-18,0.716,5.5,4.4,0.041,holiday,1.4,33.7,0.0,0,0.56,0.574,0.48,,0.081,0.802,0.535,0.137,0.111,0
2024-02-19,0.416,3.9,1.5,0.682,weekday,1.9,35.0,0.0,0,0.0,0.0,0.012,,0.0,0.859,0.478,0.049,0.064,0
2024-02-20,0.362,4.2,3.2,0.635,weekday,4.5,35.0,0.0,0,0.004,0.08,0.039,0.065,0.0,0.947,0.453,0.122,0.104,0
2024-02-21,0.44,5.3,3.0,0.609,weekday,,35.0,0.0,0,0.0,0.045,0.0,0.129,0.0,0.871,0.496,,0.089,0
2024-02-22,0.371,4.1,5.5,0.639,weekday,4.7,35.0,0.0,0,0.0,0.082,0.0,0.213,0.0,0.846,0.449,0.194,0.13,1
2024-02-23,0.41,3.3,3.4,0.627,weekday,2.3,35.0,0.0,0,,0.02,0.017,0.131,0.018,0.967,0.58,0.041,0.118,0
2024-02-24,0.635,3.1,4.6,0.058,holiday,4.0,35.0,0.0,0,0.421,0.689,0.52,0.512,0.052,0.825,0.686,0.159,0.139,1
2024-02-25,0.82,3.0,2.1,0.094,holiday,4.4,35.0,0.0,0,0.271,0.482,0.528,0.412,0.099,0.952,0.675,0.04,0.104,0
2024-02-26,0.419,2.4,3.0,0.715,weekday,0.7,34.1,0.0,0,0.0,0.048,0.0,0.139,,1.0,0.507,0.122,0.007,0
2024-02-27,0.639,2.5,2.4,0.73,weekday,2.9,35.0,0.0,0,0.0,0.0,0.001,0.176,0.0,0.878,0.456,0.095,0.084,1
2024-02-28,0.367,3.9,2.9,0.659,weekday,5.1,31.7,0.0,0,0.0,0.0,0.121,0.147,0.0,0.813,0.483,0.086,0.133,0
2024-02-29,0.287,1.9,2.4,0.571,weekday,3.6,35.0,0.0,0,0.052,0.0,0.056,0.157,0.0,0.918,0.555,0.133,0.054,0
2024-03-01,0.29,2.1,5.1,0.705,weekday,4.1,35.0,0.0,0,0.0,0.064,0.008,0.062,0.0,0.947,0.511,0.175,0.181,1
2024-03-02,0.576,3.7,2.2,0.0,holiday,1.8,33.2,0.0,0,0.32,0.487,0.513,0.539,0.002,0.822,0.62,0.106,0.045,0
2024-03-03,0.583,1.7,3.3,0.0,holiday,2.9,32.6,0.0,0,0.368,0.494,0.539,0.348,0.151,1.0,0.814,0.134,0.057,0
2024-03-04,0.513,2.4,2.2,0.618,weekday,5.9,33.3,0.0,0,0.046,0.0,0.0,0.051,0.057,0.856,0.477,0.11,0.134,1
2024-03-05,,1.8,4.2,0.663,weekday,1.2,35.0,0.0,0,0.052,0.021,0.0,0.088,0.0,0.922,0.528,0.097,0.137,0
2024-03-06,0.586,1.3,3.5,0.696,weekday,4.3,35.0,0.0,0,0.0,0.0,0.026,0.124,0.051,0.946,0.511,0.139,0.134,0
2024-03-07,0.465,2.2,5.5,,weekday,2.3,35.0,0.0,0,0.0,0.026,0.0,0.127,0.0,0.842,0.444,0.183,0.083,1
2024-03-08,0.452,0.8,4.7,0.59,weekday,6.8,33.4,0.0,0,0.0,0.03,0.0,0.18,0.0,0.979,0.52,0.172,0.132,0
2024-03-09,0.717,0.5,5.5,0.101,holiday,3.7,31.1,1.0,0,0.734,0.833,0.669,0.49,0.043,0.936,0.746,,0.13,0
2024-03-10,0.713,1.5,3.2,0.082,holiday,1.3,35.0,0.0,0,0.393,0.633,0.51,0.447,0.061,1.0,0.685,,0.062,0
2024-03-11,0.464,0.9,4.3,,weekday,5.6,32.5,0.0,0,0.019,0.047,0.0,0.153,0.0,0.911,0.372,0.16,0.118,1
2024-03-12,0.589,-0.4,3.4,0.661,weekday,5.8,35.0,0.0,0,0.0,0.036,0.0,0.082,0.0,0.868,0.4,0.139,0.145,0
2024-03-13,0.549,1.9,4.4,0.722,weekday,4.8,33.8,0.0,0,0.0,0.034,0.0,0.147,0.0,0.94,0.39,0.184,0.128,1
2024-03-14,,0.2,2.1,0.643,weekday,8.3,33.4,0.0,0,0.072,0.0,0.023,0.146,,0.848,0.489,0.097,0.074,0
2024-03-15,0.419,-0.7,3.1,0.662,weekday,4.2,34.4,1.0,0,0.163,0.34,0.2,0.137,0.0,1.0,0.564,0.121,0.117,1
2024-03-16,0.671,0.5,5.4,0.134,holiday,3.3,34.8,0.0,0,0.491,,0.473,0.471,0.047,0.92,0.695,0.187,,1
2024-03-17,0.707,-0.9,3.3,0.079,holiday,0.4,35.0,0.0,0,0.387,0.682,,0.543,0.095,1.0,0.847,0.147,0.078,0
2024-03-18,0.265,-0.8,3.1,0.646,weekday,4.1,33.6,0.0,0,0.0,0.0,0.037,0.171,0.096,0.967,0.448,0.14,0.17,1
2024-03-19,0.285,-1.1,4.4,0.68,weekday,9.1,35.0,,0,0.0,0.0,0.0,0.144,0.0,1.0,0.575,0.158,0.187,1
2024-03-20,0.484,-0.0,5.3,0.644,weekday,3.3,35.0,1.0,0,0.217,0.294,0.16,0.191,0.0,0.993,0.479,0.163,0.156,1
2024-03-21,,0.4,2.6,0.72,weekday,3.4,35.0,0.0,0,0.0,0.0,,0.068,0.0,1.0,0.499,0.124,0.103,1
2024-03-22,0.388,-0.8,4.1,0.634,weekday,5.5,33.2,0.0,0,0.165,0.002,0.014,0.179,0.0,0.956,0.474,0.122,0.141,0
2024-03-23,0.639,-0.9,5.3,,holiday,2.8,35.0,0.0,0,0.371,,0.54,0.45,0.156,1.0,0.731,0.154,,1
2024-03-24,0.714,-0.5,2.7,0.118,holiday,4.0,35.0,0.0,0,0.548,0.512,0.541,0.503,0.132,1.0,0.733,0.078,0.078,0
2024-03-25,0.378,0.5,4.0,0.735,weekday,6.2,35.0,0.0,0,0.0,0.014,0.0,0.163,0.0,1.0,0.482,0.151,0.11,0
2024-03-26,0.405,-0.1,4.2,0.755,weekday,4.8,35.0,0.0,0,0.082,0.179,0.006,0.107,0.0,1.0,0.529,0.153,0.152,0
2024-03-27,0.44,0.0,4.6,0.546,weekday,1.3,35.0,0.0,0,0.06,0.083,0.041,0.253,0.057,1.0,0.559,0.152,0.08,1
2024-03-28,0.498,0.3,2.7,0.636,weekday,2.0,35.0,0.0,0,0.021,0.136,0.0,0.183,0.0,0.971,0.48,0.099,0.03,0
2024-03-29,0.588,-0.4,3.2,0.635,weekday,6.5,35.0,0.0,0,0.0,0.0,0.0,0.184,0.0,0.99,0.534,0.106,0.097,0
2024-03-30,0.805,-0.8,2.4,0.108,holiday,2.5,35.0,0.0,0,0.245,0.512,0.523,0.433,0.158,0.999,0.779,0.079,0.087,0
2024-03-31,0.576,-1.0,4.3,0.136,holiday,4.5,33.6,0.0,0,0.389,0.582,0.406,0.542,0.226,1.0,0.795,0.151,0.101,0
2024-04-01,0.374,-0.7,4.3,0.64,weekday,0.2,0.0,0.0,0,0.0,0.001,0.016,0.077,0.0,0.709,0.441,0.066,,0
2024-04-02,0.448,-2.6,4.3,,weekday,9.3,0.0,0.0,0,0.0,0.034,,0.081,0.0,0.667,0.301,0.194,0.16,1
2024-04-03,0.336,-1.7,2.1,0.728,weekday,2.1,0.0,0.0,0,0.0,0.0,0.0,0.098,,0.679,0.373,0.0,0.081,0
2024-04-04,0.377,-1.9,2.5,0.761,weekday,4.2,1.8,0.0,0,0.0,0.048,0.026,0.102,0.0,0.719,0.343,,0.07,0
2024-04-05,0.521,-2.1,3.9,0.614,weekday,,0.0,0.0,0,0.0,0.052,0.011,0.138,0.0,0.678,0.347,0.142,0.091,1
2024-04-06,0.664,-2.0,4.6,0.111,holiday,2.4,0.0,0.0,0,0.525,0.599,0.512,0.446,0.087,0.625,0.574,0.112,0.091,1
2024-04-07,0.598,-1.1,3.7,0.031,holiday,,1.5,0.0,0,0.344,0.54,0.562,0.377,0.035,0.787,0.593,0.157,0.098,0
2024-04-08,0.477,-2.5,0.5,0.58,weekday,0.8,0.0,0.0,0,0.067,0.104,0.0,0.058,0.126,0.671,,0.025,0.074,0
2024-04-09,0.462,-1.3,3.4,0.668,weekday,0.4,0.0,0.0,0,0.037,0.0,0.015,0.101,0.031,0.635,0.353,0.04,0.034,0
2024-04-10,0.262,-2.4,4.5,0.609,weekday,,1.9,0.0,0,0.113,0.049,0.0,0.158,0.0,0.684,0.413,0.125,0.072,0
2024-04-11,0.458,-0.3,4.2,0.628,weekday,3.0,2.2,0.0,0,0.129,0.0,0.064,0.162,0.0,0.732,0.441,0.109,0.097,1
2024-04-12,0.408,-1.8,3.7,0.592,weekday,4.1,2.0,0.0,0,0.0,0.0,0.037,0.143,0.0,0.741,0.405,0.069,0.101,0
2024-04-13,0.65,-1.4,2.9,0.048,holiday,2.6,1.1,1.0,0,0.682,0.822,0.695,0.509,0.195,0.548,0.52,0.102,0.077,0
2024-04-14,0.52,-2.7,3.5,0.131,holiday,2.4,1.1,0.0,0,0.358,0.671,0.555,0.506,0.165,0.672,,0.117,0.094,0
2024-04-15,0.562,-2.8,1.9,0.691,weekday,1.4,0.0,,0,0.021,0.012,0.0,0.123,0.0,0.623,,0.079,0.044,0
2024-04-16,0.363,-1.8,3.6,0.635,weekday,2.6,0.0,0.0,0,0.0,0.001,0.006,0.097,0.0,0.663,0.389,,0.106,0
2024-04-17,0.261,-1.6,6.1,0.696,weekday,4.8,2.1,0.0,0,0.0,0.029,0.058,0.171,0.0,0.612,0.303,0.219,0.112,1
2024-04-18,0.357,-1.6,2.7,0.652,weekday,7.5,1.8,0.0,0,0.0,0.049,0.067,0.203,0.0,0.687,0.38,0.115,0.124,0
2024-04-19,0.323,-1.6,4.4,0.745,weekday,1.2,0.0,0.0,0,0.0,0.034,0.018,0.14,0.0,0.672,0.373,0.086,0.171,1
2024-04-20,0.619,-2.6,2.0,0.092,holiday,4.4,2.5,0.0,0,0.372,0.571,0.497,0.532,0.194,0.695,0.581,0.016,0.091,0
2024-04-21,0.637,-1.9,3.3,,holiday,2.2,0.8,0.0,0,0.406,0.603,0.572,0.573,0.107,0.601,0.469,0.106,0.085,0
2024-04-22,0.395,-1.9,1.0,0.615,weekday,2.4,0.0,0.0,0,0.0,0.013,0.0,0.183,0.127,0.607,0.394,0.022,0.043,0
2024-04-23,0.615,-1.8,3.6,0.617,weekday,5.4,1.5,0.0,0,0.144,0.0,0.0,0.124,,0.659,,0.128,0.102,0
2024-04-24,0.49,-1.8,5.5,0.661,weekday,1.7,4.3,0.0,0,0.0,0.028,0.0,0.171,0.0,0.707,0.367,0.19,0.156,1
2024-04-25,0.332,-4.0,5.2,0.674,weekday,3.4,0.0,0.0,0,0.0,0.0,0.009,0.197,0.0,0.633,0.312,0.173,0.176,0
2024-04-26,0.382,-1.9,3.2,0.594,weekday,5.1,0.5,1.0,0,0.289,0.241,0.212,0.167,0.0,0.591,0.318,0.156,0.093,1
2024-04-27,0.664,-1.5,6.4,0.108,holiday,5.9,2.6,0.0,0,,0.503,0.487,0.512,0.06,0.662,0.634,0.245,0.198,1
2024-04-28,0.68,-2.9,3.0,0.123,holiday,6.9,2.3,1.0,0,0.656,0.741,0.679,0.536,0.113,0.717,0.553,0.186,0.127,1
2024-04-29,0.272,-2.5,5.1,,weekday,2.5,0.4,0.0,0,0.0,0.02,0.0,0.112,0.0,0.716,0.327,0.14,0.122,0
2024-04-30,0.439,-0.3,5.0,0.698,weekday,3.6,0.0,0.0,0,0.0,0.081,0.019,0.213,0.0,0.636,0.266,0.141,0.147,0
2024-05-01,,0.9,1.2,0.09,holiday,1.7,0.0,1.0,0,0.48,,0.457,0.362,0.165,0.635,0.4,0.084,0.014,0
2024-05-02,0.502,-1.3,1.2,0.037,,4.5,0.0,0.0,0,0.204,0.312,0.314,0.259,0.05,0.629,0.417,0.065,0.007,0
2024-05-03,0.691,-0.6,3.4,0.185,holiday,3.5,0.9,0.0,0,0.219,0.192,,0.304,0.058,0.664,0.432,0.134,0.051,0
2024-05-04,,-1.0,3.2,0.096,holiday,10.0,0.5,0.0,0,0.567,0.512,0.57,,0.0,0.673,0.561,0.133,0.111,0
2024-05-05,0.641,-3.4,2.3,0.053,holiday,7.0,0.0,0.0,0,0.241,0.553,0.531,0.474,0.27,0.665,0.639,0.077,0.077,0
2024-05-06,0.449,-1.7,2.4,0.081,holiday,3.6,0.0,0.0,0,,0.35,0.237,0.339,0.0,0.612,0.473,0.079,0.081,0
2024-05-07,0.549,-0.9,5.2,0.052,holiday,3.6,2.8,0.0,0,0.291,0.369,0.256,0.364,0.155,0.698,0.548,0.173,0.099,1
2024-05-08,0.474,0.4,4.3,0.11,holiday,1.6,0.0,0.0,0,0.212,0.281,0.287,0.268,0.0,0.609,0.392,0.154,0.134,1
2024-05-09,0.37,-0.5,5.1,0.068,holiday,3.3,0.0,0.0,0,,0.351,0.274,0.326,0.04,0.695,0.542,0.156,0.156,0
2024-05-10,0.699,-3.0,1.8,0.029,holiday,6.0,0.0,,0,0.273,0.295,0.303,0.348,0.0,0.66,0.424,0.102,0.09,0
2024-05-11,0.706,-0.5,4.0,0.094,holiday,3.6,0.5,0.0,0,0.283,0.553,0.546,0.496,0.057,0.643,0.576,0.148,0.055,0
2024-05-12,0.745,-0.2,4.4,,holiday,0.7,0.4,0.0,0,0.408,0.558,0.498,0.428,0.26,,0.638,,0.122,1
2024-05-13,0.674,-0.7,5.0,0.139,holiday,2.0,0.2,0.0,0,0.196,,0.308,0.331,0.059,0.69,0.424,0.139,0.107,0
2024-05-14,0.558,0.9,2.0,0.106,holiday,1.6,0.0,0.0,0,0.279,0.341,0.319,0.328,0.109,0.563,0.353,0.053,0.034,0
2024-05-15,0.522,0.2,3.4,0.108,holiday,,1.0,0.0,0,0.146,0.299,0.337,0.39,0.0,0.741,0.512,0.078,0.089,0
2024-05-16,0.37,-0.1,1.0,0.111,holiday,1.6,0.0,0.0,0,0.147,0.241,0.163,0.393,0.036,0.748,0.497,0.0,0.015,0
2024-05-17,0.549,-0.8,4.8,0.065,holiday,0.8,0.6,0.0,0,,0.272,0.225,0.289,0.006,0.679,0.421,0.151,0.142,0
2024-05-18,0.636,-0.7,4.7,0.0,holiday,5.0,1.7,0.0,0,0.417,0.533,0.559,0.558,0.192,,0.534,0.152,0.148,0
2024-05-19,0.659,-0.8,3.5,0.073,holiday,1.6,0.6,1.0,0,0.84,0.943,0.709,0.44,0.093,0.562,,0.096,0.092,0
2024-05-20,0.615,0.0,6.8,0.108,holiday,2.0,2.1,0.0,0,0.218,0.294,0.207,0.23,0.0,0.637,0.518,0.184,0.191,0
2024-05-21,0.528,0.2,2.9,0.072,holiday,,1.2,1.0,0,0.481,0.521,0.54,0.312,0.138,0.608,,0.105,0.095,0
2024-05-22,0.602,0.8,3.4,0.049,holiday,2.3,3.0,0.0,0,0.203,0.256,0.267,0.294,0.068,0.734,0.519,0.151,0.079,0
2024-05-23,0.559,-0.5,4.5,0.146,holiday,6.3,0.0,0.0,0,0.149,0.271,0.361,,0.019,0.689,0.457,0.128,0.132,0
2024-05-24,0.494,-0.4,5.2,0.058,holiday,4.4,1.2,0.0,0,0.248,0.31,0.204,0.355,0.0,0.536,0.397,,0.143,1
2024-05-25,0.605,0.7,3.8,0.074,holiday,2.8,0.7,0.0,0,0.423,0.562,0.504,,0.246,0.648,0.55,0.071,0.077,0
2024-05-26,0.567,1.2,4.2,0.087,holiday,5.6,2.5,0.0,0,0.404,,0.545,0.488,0.124,0.604,0.511,0.134,,0
2024-05-27,0.598,0.8,5.6,0.116,holiday,3.6,0.0,0.0,0,0.22,0.299,0.271,0.352,0.0,0.57,0.405,0.117,0.151,0
2024-05-28,0.612,-0.1,5.3,0.036,holiday,2.6,0.0,0.0,0,0.047,,0.252,0.369,0.174,0.544,0.331,0.162,0.147,0
2024-05-29,0.521,2.7,2.6,0.039,holiday,4.1,2.8,1.0,0,0.52,0.557,0.405,0.397,0.0,0.623,0.402,0.095,0.072,0
2024-05-30,0.628,0.4,2.7,,holiday,4.3,0.0,0.0,0,0.246,0.296,0.295,0.297,0.123,0.601,0.47,0.091,0.054,0
2024-05-31,0.556,0.9,4.2,0.138,holiday,4.9,0.3,0.0,0,0.087,0.251,0.265,0.305,0.043,0.648,0.502,0.16,0.143,0
2024-06-01,0.697,1.5,5.3,0.12,holiday,0.9,0.0,0.0,0,0.292,0.667,,0.439,0.026,0.712,0.608,0.15,0.163,1
2024-06-02,0.782,2.2,5.2,0.148,holiday,2.3,0.0,1.0,0,,0.827,0.705,0.579,0.0,0.603,0.47,0.193,0.14,0
2024-06-03,0.474,2.5,4.8,0.638,weekday,2.0,0.6,0.0,0,0.037,0.041,0.0,0.15,0.0,0.608,0.318,0.189,0.114,0
2024-06-04,0.394,2.5,4.2,0.665,weekday,5.1,4.5,0.0,0,0.0,0.0,,0.185,0.0,0.646,0.301,0.149,0.103,0
2024-06-05,0.497,2.6,4.7,0.716,weekday,4.6,2.3,0.0,0,0.0,0.088,0.0,0.163,0.0,0.525,0.225,0.141,0.127,0
2024-06-06,0.377,3.5,4.5,0.665,weekday,4.7,0.0,0.0,0,0.0,0.0,0.003,0.119,0.0,0.524,0.243,0.147,0.088,0
2024-06-07,0.389,1.2,5.6,0.677,weekday,4.4,1.5,1.0,0,0.218,0.184,0.138,0.228,0.0,,0.384,0.144,0.166,0
2024-06-08,0.619,3.8,3.0,0.023,holiday,3.2,0.5,1.0,0,0.58,0.825,0.679,0.507,0.112,0.569,0.453,0.066,0.066,0
2024-06-09,0.764,3.8,2.8,0.067,holiday,1.9,0.6,0.0,0,,0.631,0.511,0.515,0.14,0.607,0.499,0.073,0.083,0
2024-06-10,0.368,4.5,4.1,,weekday,4.3,0.2,0.0,0,0.0,0.0,0.0,0.067,0.0,0.562,0.242,0.105,0.124,0
2024-06-11,0.439,2.4,6.0,0.654,weekday,2.7,0.8,0.0,0,0.0,0.0,0.022,0.173,0.0,0.593,0.299,0.18,0.146,0
2024-06-12,0.378,3.5,5.0,0.801,weekday,4.6,1.1,,0,0.0,0.046,0.0,0.03,0.006,0.538,0.282,0.185,0.165,1
2024-06-13,0.406,3.1,3.6,0.578,weekday,7.2,1.3,0.0,0,0.082,0.064,0.007,0.175,0.0,0.606,0.226,0.116,0.093,1
2024-06-14,0.364,3.5,1.6,,weekday,3.8,1.5,0.0,0,0.006,0.0,0.0,0.028,0.0,0.619,0.355,0.048,,0
2024-06-15,0.768,2.7,3.1,0.102,holiday,1.3,1.9,0.0,0,0.26,0.51,0.486,0.544,0.207,0.593,0.524,0.086,0.026,0
2024-06-16,,4.5,2.1,0.096,holiday,3.3,1.0,0.0,0,0.422,0.61,0.521,0.397,0.245,0.471,0.497,0.006,0.061,0
2024-06-17,0.516,3.6,3.8,0.831,weekday,6.4,0.0,0.0,0,0.0,0.0,0.0,0.172,0.0,,0.219,0.123,0.102,0
2024-06-18,0.479,3.3,4.0,0.651,weekday,,0.3,0.0,0,0.0,0.0,0.0,0.166,0.0,0.568,0.273,0.149,0.111,1
2024-06-19,0.474,5.2,3.9,0.55,weekday,3.3,1.7,0.0,0,0.0,0.019,0.029,0.063,0.0,,,0.123,0.1,0
2024-06-20,0.491,4.8,3.3,0.657,weekday,20.2,0.0,0.0,0,0.0,0.0,0.0,0.018,0.0,0.482,0.218,0.14,0.132,0
2024-06-21,0.525,6.1,1.9,,weekday,21.6,0.0,0.0,0,0.0,0.0,0.0,0.029,0.0,0.522,0.302,0.147,,0
2024-06-22,0.591,7.2,4.4,0.063,holiday,23.4,1.1,0.0,0,0.386,0.434,0.569,0.488,0.0,0.429,,0.171,0.2,1
2024-06-23,0.637,5.2,4.5,0.251,holiday,20.0,2.7,0.0,0,,0.619,0.585,0.458,0.0,0.475,0.421,0.238,0.159,1
2024-06-24,0.324,6.2,3.5,0.632,,24.8,0.0,0.0,0,0.0,0.0,0.051,0.049,0.0,0.483,0.24,0.18,0.191,1
2024-06-25,0.44,6.2,5.0,0.616,weekday,25.0,1.6,1.0,0,0.218,0.224,0.153,0.132,0.0,0.392,0.199,0.184,0.261,1
2024-06-26,0.335,5.5,2.8,0.585,weekday,21.5,0.0,0.0,0,0.002,0.0,0.015,0.181,0.0,0.578,0.284,0.171,0.15,1
2024-06-27,0.453,7.5,3.8,0.53,weekday,22.8,0.0,0.0,0,0.0,0.0,0.0,0.161,0.0,0.461,0.178,0.168,0.207,1
2024-06-28,0.415,6.1,5.4,0.561,weekday,21.0,1.4,,1,0.243,0.284,0.181,0.066,0.0,0.424,0.202,0.622,0.535,1
2024-06-29,0.618,6.9,4.5,0.075,holiday,22.2,0.0,0.0,0,0.448,0.704,0.514,0.352,0.0,0.399,0.411,0.181,0.194,1
2024-06-30,0.67,8.0,4.0,0.065,holiday,20.8,0.0,0.0,0,0.304,0.564,0.438,,0.004,0.293,0.301,0.173,0.225,1
2024-07-01,0.333,8.3,6.4,0.64,weekday,19.0,0.9,0.0,0,0.03,0.125,0.026,0.0,0.0,0.393,0.175,0.244,0.291,1
2024-07-02,0.522,8.5,2.9,0.643,weekday,21.6,0.0,0.0,0,0.0,0.0,0.038,0.161,0.0,0.34,0.091,0.152,0.215,1
2024-07-03,0.351,7.4,4.8,0.611,weekday,24.0,0.0,0.0,0,0.0,0.054,0.02,0.06,0.0,0.368,0.206,0.234,0.246,1
2024-07-04,0.544,9.7,2.2,0.562,weekday,19.7,0.2,0.0,0,0.083,0.0,0.0,0.037,0.0,0.405,0.137,0.122,0.168,0
2024-07-05,0.545,8.7,2.2,0.722,weekday,19.1,0.0,0.0,0,0.121,0.0,0.011,0.114,0.0,0.341,0.189,,0.144,0
2024-07-06,0.718,10.3,3.6,0.0,holiday,21.3,2.6,0.0,0,0.283,0.501,0.522,0.459,0.042,0.414,0.402,0.164,0.213,0
2024-07-07,0.694,9.0,4.5,0.067,holiday,21.0,0.0,0.0,0,0.389,0.626,0.51,0.41,0.073,0.393,0.356,0.209,0.25,1
2024-07-08,0.539,9.7,1.6,0.708,weekday,21.5,0.0,0.0,0,0.0,0.0,0.052,0.045,0.0,0.319,0.221,0.145,0.158,0
2024-07-09,0.517,10.1,4.4,0.563,weekday,19.7,0.0,0.0,0,0.0,,0.0,0.007,,0.358,0.172,0.201,0.167,1
2024-07-10,0.364,9.2,4.0,0.514,weekday,19.8,0.0,0.0,0,0.0,0.025,0.024,0.015,0.0,0.449,0.317,,0.254,1
2024-07-11,0.421,9.6,2.4,0.654,weekday,23.8,0.0,0.0,0,0.0,0.049,0.0,0.098,0.0,0.315,0.09,0.17,0.146,0
2024-07-12,0.477,10.0,2.1,0.614,weekday,23.4,3.1,0.0,0,0.0,0.0,0.0,0.027,0.0,0.309,0.143,0.157,0.231,1
2024-07-13,0.726,9.2,3.0,0.083,holiday,19.3,0.0,0.0,0,0.216,0.604,0.463,0.405,0.0,,0.319,0.208,0.207,1
2024-07-14,0.677,8.8,2.4,0.001,holiday,20.3,0.0,0.0,0,0.228,0.592,0.538,0.418,0.0,0.448,0.322,0.099,0.141,1
2024-07-15,0.488,11.6,2.3,0.591,weekday,20.4,0.0,0.0,0,0.0,0.026,0.092,0.072,0.0,0.245,0.118,0.17,0.117,1
2024-07-16,0.413,11.3,2.2,0.613,weekday,20.0,0.6,0.0,0,0.0,0.104,0.0,0.072,0.0,0.262,0.097,0.157,0.183,1
2024-07-17,0.468,11.4,4.8,0.496,weekday,20.1,1.5,0.0,0,0.0,0.023,0.0,0.115,0.0,0.284,0.031,0.194,0.265,1
2024-07-18,0.516,12.3,1.0,0.644,weekday,20.9,1.9,0.0,0,0.081,0.0,0.024,0.147,0.0,0.363,0.108,0.09,0.156,0
2024-07-19,0.321,12.5,2.9,0.567,weekday,19.2,1.9,0.0,0,0.0,0.0,0.077,0.066,0.0,0.3,0.04,0.135,0.199,1
2024-07-20,0.726,13.3,5.0,0.028,holiday,19.1,0.0,0.0,0,0.388,0.614,0.583,0.421,0.053,0.28,,0.25,0.202,1
2024-07-21,0.704,12.2,3.1,0.031,holiday,19.3,2.2,0.0,0,0.367,0.545,0.494,0.4,0.082,0.263,0.302,0.175,0.208,1
2024-07-22,0.314,12.1,3.2,0.622,weekday,19.9,3.3,0.0,0,0.096,0.018,0.05,0.001,0.0,0.351,0.191,0.129,0.211,1
2024-07-23,0.566,12.9,4.5,,weekday,19.2,0.0,0.0,0,0.0,0.097,0.053,0.054,0.0,0.288,0.092,0.228,0.193,1
2024-07-24,0.229,12.5,4.4,0.614,weekday,22.6,0.0,0.0,0,0.0,0.017,0.0,0.013,0.0,0.331,0.156,0.251,0.247,1
2024-07-25,0.445,14.4,2.3,0.723,weekday,20.2,0.0,0.0,0,0.0,0.088,,0.071,0.0,0.263,0.052,0.07,0.151,1
2024-07-26,0.386,13.5,5.7,0.658,weekday,20.8,1.3,0.0,0,0.0,0.0,0.075,0.0,0.0,0.279,0.148,0.222,0.233,1
2024-07-27,0.661,14.4,3.3,0.079,holiday,18.8,0.4,0.0,0,0.467,0.583,0.573,0.408,0.046,,0.291,0.129,0.228,1
2024-07-28,0.634,14.3,3.7,0.094,holiday,29.2,0.0,0.0,0,0.344,0.599,0.528,0.297,0.0,0.209,0.185,0.241,0.22,1
2024-07-29,0.333,14.4,2.7,0.499,weekday,28.1,0.0,1.0,0,0.125,0.138,0.248,0.0,0.0,0.207,0.089,0.203,0.259,1
2024-07-30,0.321,13.7,5.3,0.62,weekday,20.5,0.0,1.0,0,0.261,0.313,0.123,0.053,0.0,0.288,0.177,,0.184,1
2024-07-31,0.392,15.2,2.9,0.567,weekday,7.4,0.0,0.0,0,0.123,0.0,0.011,0.077,0.009,0.19,0.05,0.139,0.117,0
2024-08-01,0.553,15.4,5.3,0.099,holiday,6.7,0.0,0.0,0,0.196,0.336,0.313,0.249,0.0,0.186,,0.199,0.103,0
2024-08-02,0.424,16.2,6.3,0.035,holiday,10.3,0.1,1.0,0,0.336,0.488,0.576,0.164,0.035,0.187,0.143,,0.184,1
2024-08-03,0.789,15.5,7.4,0.077,holiday,11.0,0.0,0.0,0,,0.519,0.559,0.367,0.078,0.213,0.32,0.243,0.247,1
2024-08-04,0.684,14.9,7.6,0.132,holiday,7.8,0.0,,0,0.597,0.593,0.532,0.41,0.049,0.216,0.264,0.256,0.218,1
2024-08-05,0.617,16.1,7.3,0.042,holiday,6.4,0.0,0.0,0,0.133,0.319,0.285,0.063,0.0,0.231,0.238,0.229,0.182,1
2024-08-06,0.585,15.2,3.4,0.028,holiday,12.9,0.0,0.0,0,0.192,0.291,0.316,0.188,0.039,0.267,0.247,0.172,0.118,1
2024-08-07,0.546,16.8,6.8,0.128,holiday,12.3,1.1,0.0,0,0.146,0.194,0.315,0.211,0.0,0.225,0.149,0.262,0.223,1
2024-08-08,,16.8,5.4,0.0,holiday,11.7,3.3,0.0,0,0.202,0.337,0.331,0.152,0.0,0.207,0.185,0.179,0.206,1
2024-08-09,0.506,16.3,5.8,0.075,holiday,12.2,1.4,0.0,0,,0.26,0.298,0.247,,0.244,0.206,0.199,,1
2024-08-10,0.526,17.8,6.8,0.0,holiday,8.5,0.0,0.0,0,0.484,0.554,0.571,,0.187,0.151,0.267,0.232,0.207,1
2024-08-11,0.604,17.2,6.9,0.104,holiday,12.1,0.9,0.0,0,0.612,,0.592,0.412,0.0,0.129,0.307,0.246,0.246,1
2024-08-12,0.478,17.3,6.7,0.087,holiday,7.0,0.3,0.0,0,0.191,0.263,0.323,0.15,0.0,0.144,0.214,0.239,0.205,1
2024-08-13,0.389,18.0,7.1,0.04,holiday,9.2,0.0,0.0,0,0.151,0.2,0.315,0.207,0.0,0.182,0.161,0.256,0.24,1
2024-08-14,0.413,19.4,8.1,0.0,holiday,6.9,2.1,0.0,0,0.348,0.287,0.28,0.22,0.031,0.198,0.142,0.235,0.142,0
2024-08-15,0.587,19.4,5.9,0.115,holiday,8.0,0.8,0.0,0,0.104,0.303,0.321,0.159,0.203,0.106,0.144,0.193,0.145,1
2024-08-16,,18.2,5.7,0.122,holiday,10.5,0.0,0.0,0,0.171,0.255,0.303,0.193,0.108,0.154,0.173,0.215,0.183,1
2024-08-17,0.643,18.6,4.8,0.004,holiday,13.0,0.0,0.0,0,0.485,0.588,0.567,0.405,0.167,0.081,0.2,0.139,0.213,1
2024-08-18,0.762,20.7,6.3,0.091,,9.1,0.2,0.0,0,0.485,0.639,0.612,0.378,0.227,0.073,0.305,0.267,0.18,1
2024-08-19,0.552,17.6,6.5,0.074,holiday,8.6,0.0,0.0,0,0.0,0.177,0.316,0.196,0.06,0.093,,0.207,0.166,1
2024-08-20,0.644,19.4,7.0,0.045,holiday,10.5,0.0,0.0,0,0.17,0.303,0.291,0.19,0.015,0.184,0.286,0.217,0.203,1
2024-08-21,0.533,19.6,6.6,0.114,holiday,6.1,0.9,0.0,0,0.072,0.303,0.323,0.18,0.089,0.186,0.147,0.249,0.214,1
2024-08-22,0.518,19.6,7.0,,holiday,11.2,0.0,0.0,0,0.373,0.315,0.358,0.212,0.0,0.163,0.133,0.249,,1
2024-08-23,,19.7,3.5,0.093,holiday,10.9,0.3,0.0,0,0.235,0.295,0.298,0.147,0.21,0.028,0.067,0.137,0.122,0
2024-08-24,0.716,19.7,7.4,0.203,holiday,12.1,2.3,0.0,0,0.337,0.56,0.537,0.229,0.185,0.131,0.318,0.264,0.275,1
2024-08-25,0.739,20.5,7.0,0.074,holiday,,0.0,0.0,0,0.382,0.601,0.569,0.321,0.204,0.014,0.22,0.242,0.182,1
2024-08-26,0.645,20.1,5.3,0.103,holiday,10.5,0.8,0.0,0,0.221,0.353,0.382,0.203,0.069,0.089,0.217,0.212,0.156,1
2024-08-27,0.473,20.0,7.4,0.042,holiday,5.8,2.5,0.0,0,0.17,0.309,0.315,0.191,0.131,0.086,0.142,0.262,0.151,0
2024-08-28,0.513,20.7,6.8,0.024,holiday,12.7,0.0,0.0,1,0.168,0.305,0.378,0.184,0.11,0.138,0.117,0.602,0.526,1
2024-08-29,0.633,20.6,3.8,0.071,holiday,8.6,0.0,0.0,0,0.249,0.328,0.382,0.177,,0.131,0.139,0.195,0.115,1
2024-08-30,0.663,19.9,7.5,0.0,holiday,11.2,1.3,,0,0.203,0.245,0.317,0.169,0.123,0.163,0.117,0.265,0.209,1
2024-08-31,0.795,21.9,8.6,0.062,holiday,8.0,3.4,0.0,0,0.367,0.595,0.6,0.411,0.175,0.078,0.266,0.302,0.268,1
2024-09-01,0.722,22.3,6.7,0.126,holiday,9.2,0.4,0.0,0,0.397,0.548,0.581,0.315,0.271,0.0,0.131,0.248,0.177,1
2024-09-02,0.475,20.3,5.6,0.698,weekday,9.1,3.1,0.0,0,0.181,0.092,0.095,0.111,0.0,0.229,0.056,0.205,,1
2024-09-03,0.416,21.5,4.5,0.712,weekday,12.1,1.8,0.0,0,0.18,0.103,0.112,0.048,0.027,0.061,0.0,0.218,0.135,0
2024-09-04,0.42,20.3,7.1,0.643,weekday,12.8,0.0,0.0,0,0.031,0.0,0.047,0.0,0.0,0.095,0.094,0.246,0.226,1
2024-09-05,0.524,21.9,7.0,0.565,weekday,11.4,1.2,0.0,0,,0.036,0.034,0.0,0.114,0.105,0.011,0.224,0.225,1
2024-09-06,0.361,22.0,6.4,0.656,weekday,9.9,0.8,0.0,0,0.035,0.027,0.14,0.011,0.044,0.0,,0.24,0.207,1
2024-09-07,0.567,21.5,5.2,0.044,holiday,7.6,0.0,0.0,0,0.595,0.639,0.516,0.436,0.304,0.002,0.09,0.19,0.162,1
2024-09-08,,22.6,7.8,0.139,holiday,7.1,0.0,0.0,0,0.596,0.629,0.579,0.312,0.164,0.071,0.207,0.271,0.206,1
2024-09-09,0.408,22.8,5.6,0.612,weekday,11.1,0.0,0.0,0,0.053,0.016,0.059,0.019,0.152,0.029,0.0,0.191,0.188,0
2024-09-10,0.512,23.0,7.1,0.621,weekday,15.2,0.0,0.0,0,0.025,0.049,0.147,0.031,0.029,0.005,0.0,0.222,0.284,1
2024-09-11,0.344,22.5,6.6,0.604,weekday,7.0,0.0,0.0,0,0.09,0.068,0.046,0.0,0.043,0.0,0.007,0.271,0.146,0
2024-09-12,0.448,23.2,3.6,0.601,weekday,7.1,0.0,0.0,0,0.138,0.056,0.135,0.08,0.217,0.051,0.01,0.126,0.122,0
2024-09-13,0.441,23.7,6.2,0.637,weekday,8.7,1.1,0.0,0,0.161,0.029,0.102,0.014,0.165,0.0,0.0,0.249,0.198,1
2024-09-14,0.794,24.4,5.9,0.115,holiday,8.3,1.4,0.0,0,0.419,0.605,0.505,0.319,0.349,0.0,0.099,0.219,0.152,1
2024-09-15,0.693,23.2,5.0,0.096,holiday,10.3,1.6,0.0,0,,,0.647,0.323,0.371,0.106,0.171,0.238,0.218,1
2024-09-16,,24.2,5.5,0.724,weekday,11.9,3.6,0.0,0,0.156,0.104,0.119,0.0,0.339,,0.027,0.194,0.114,0
2024-09-17,0.358,23.9,5.7,0.664,weekday,9.8,0.0,0.0,0,0.0,0.0,0.007,0.0,0.101,0.047,,,0.175,1
2024-09-18,0.427,24.8,3.1,0.62,weekday,9.5,0.0,0.0,0,0.0,0.016,0.205,0.0,0.077,0.0,0.0,0.199,0.112,0
2024-09-19,0.556,24.3,5.8,0.618,weekday,8.3,1.3,0.0,0,0.056,0.102,0.07,0.0,,0.018,0.002,0.208,0.191,1
2024-09-20,0.523,24.6,3.3,0.598,weekday,9.3,0.7,0.0,0,0.015,0.005,0.103,,0.183,0.022,0.059,0.155,0.084,0
2024-09-21,0.809,23.8,4.7,0.105,holiday,7.2,1.0,0.0,0,0.466,0.496,0.583,0.354,0.329,0.0,0.245,0.186,0.171,0
2024-09-22,0.567,24.6,4.3,0.106,holiday,6.5,0.0,0.0,0,0.409,0.589,0.549,0.395,0.466,0.0,0.117,0.159,0.081,0
2024-09-23,0.435,24.7,4.7,0.721,weekday,9.7,0.4,0.0,0,0.058,0.0,,0.0,0.169,0.005,0.0,0.195,0.237,0
2024-09-24,0.442,23.9,4.4,0.617,weekday,8.7,0.0,0.0,0,0.054,0.0,0.118,0.0,,0.0,0.052,0.17,0.137,0
2024-09-25,0.648,24.8,5.6,0.648,weekday,6.4,3.9,0.0,0,0.08,0.079,0.061,0.043,0.193,0.082,0.084,0.127,0.174,0
2024-09-26,0.487,24.1,5.6,0.665,weekday,7.4,0.0,0.0,1,0.117,0.116,0.072,0.043,,0.059,0.0,0.527,0.451,1
2024-09-27,0.295,25.5,5.2,0.639,weekday,6.7,0.0,0.0,0,0.143,0.0,0.181,0.0,0.258,0.0,0.0,0.196,0.182,1
2024-09-28,0.638,26.7,5.7,0.022,holiday,10.5,1.7,0.0,0,0.377,0.548,0.655,0.293,0.319,0.041,0.196,,0.206,1
2024-09-29,0.666,25.3,5.9,0.083,holiday,10.7,0.0,0.0,0,0.414,0.632,0.651,0.402,0.383,0.021,0.127,0.199,0.149,0
2024-09-30,0.456,27.1,5.2,0.746,weekday,12.6,2.8,0.0,0,0.124,0.0,,0.0,0.314,0.0,0.0,,0.154,1
2024-10-01,0.316,25.7,4.1,0.603,weekday,,0.0,0.0,0,0.139,,0.134,0.021,0.254,0.0,0.004,0.11,0.081,0
2024-10-02,0.388,25.4,2.9,0.706,weekday,2.5,0.0,1.0,0,0.302,0.206,0.308,0.0,0.284,0.09,0.04,0.059,0.102,0
2024-10-03,0.256,27.2,4.8,0.6,weekday,1.8,1.2,0.0,0,0.22,0.089,0.12,0.023,0.273,0.02,0.012,0.164,0.121,0
2024-10-04,0.564,26.8,3.7,0.671,weekday,0.4,1.0,0.0,0,0.088,0.046,0.045,0.056,0.354,0.061,0.109,0.14,0.096,0
2024-10-05,0.642,25.2,2.4,0.173,holiday,7.8,0.1,0.0,0,0.485,0.584,0.633,0.316,0.286,0.0,0.183,0.11,0.123,0
2024-10-06,0.72,25.5,3.4,0.055,holiday,4.0,0.0,0.0,0,0.451,0.561,0.613,0.287,0.388,0.021,0.184,0.095,0.126,0
2024-10-07,0.363,25.4,2.5,0.642,weekday,5.8,1.6,0.0,0,0.165,0.0,0.109,0.0,,,0.0,0.032,,0
2024-10-08,0.396,25.4,3.1,,weekday,3.0,0.0,0.0,0,0.107,0.063,0.1,0.0,0.228,0.045,0.011,0.116,,0
2024-10-09,0.445,26.5,3.2,0.576,weekday,4.5,1.0,0.0,0,0.07,0.021,0.076,0.017,0.262,0.049,0.0,,0.055,0
2024-10-10,0.495,25.1,2.8,0.745,weekday,4.9,0.0,0.0,0,0.15,0.086,0.13,0.0,0.222,0.0,0.005,0.077,0.101,0
2024-10-11,0.38,25.7,2.8,0.601,weekday,5.8,0.6,0.0,0,0.124,0.0,0.112,0.0,0.258,0.031,0.05,0.144,0.065,0
2024-10-12,0.632,27.1,3.0,,holiday,2.0,0.0,0.0,0,0.42,0.62,0.551,0.423,0.45,0.0,0.246,0.103,0.119,0
2024-10-13,0.758,26.1,4.0,0.139,holiday,5.8,0.6,0.0,0,0.368,0.544,0.572,0.254,0.413,,0.243,0.152,0.101,0
2024-10-14,0.459,26.0,0.0,0.69,weekday,1.4,0.0,0.0,0,,0.068,0.132,0.033,0.194,0.0,0.0,0.007,0.0,0
2024-10-15,0.453,25.7,5.6,0.742,weekday,4.9,0.0,0.0,0,0.0,0.0,0.031,0.0,0.262,0.0,0.069,0.211,0.13,0
2024-10-16,0.498,25.8,1.6,0.698,weekday,2.3,0.0,0.0,0,0.191,0.036,0.143,0.0,0.352,0.0,0.059,0.045,0.103,0
2024-10-17,0.319,26.7,3.5,0.663,weekday,1.0,1.1,0.0,0,0.245,0.052,0.089,0.0,,0.0,0.0,0.114,0.044,0
2024-10-18,0.393,26.1,4.0,0.62,weekday,2.2,0.0,1.0,0,0.295,0.227,0.326,,0.384,0.0,0.005,0.116,0.132,1
2024-10-19,0.628,24.2,3.5,0.074,holiday,5.2,1.4,0.0,0,0.494,0.578,0.628,0.378,0.31,0.015,,0.19,0.108,0
2024-10-20,0.838,26.1,1.9,0.137,holiday,5.3,3.0,0.0,0,0.52,0.594,0.633,0.226,0.523,0.017,0.179,0.024,0.086,1
2024-10-21,0.435,26.0,3.6,0.676,weekday,3.5,0.0,0.0,0,0.148,0.049,0.129,0.0,0.312,0.0,0.054,0.073,0.071,0
2024-10-22,0.236,26.8,4.7,0.599,weekday,3.0,0.5,0.0,0,0.08,0.0,0.036,0.04,0.229,0.0,0.031,0.165,,0
2024-10-23,0.344,27.2,4.2,0.757,weekday,5.9,1.4,0.0,0,0.042,0.033,0.065,0.0,0.116,0.0,0.0,0.146,0.106,1
2024-10-24,0.454,25.1,5.4,0.757,weekday,2.2,0.0,0.0,0,0.169,0.0,0.129,0.076,0.166,0.01,0.0,0.187,0.087,1
2024-10-25,0.497,26.4,4.5,0.659,weekday,1.4,0.5,0.0,0,0.261,0.067,0.056,0.053,0.143,0.0,0.104,0.115,0.133,0
2024-10-26,0.603,26.1,2.7,0.116,holiday,6.4,0.0,0.0,0,0.638,0.624,0.575,0.328,0.521,0.0,0.155,0.106,0.096,0
2024-10-27,0.723,24.2,4.6,0.175,holiday,,0.0,0.0,0,0.573,0.565,0.605,0.384,0.405,0.045,0.271,0.085,0.127,0
2024-10-28,0.419,24.9,3.5,0.691,weekday,2.3,0.3,0.0,0,0.012,0.006,0.066,0.008,0.186,0.0,0.037,0.09,0.138,1
2024-10-29,0.502,26.0,4.6,0.704,weekday,1.9,1.3,0.0,0,0.091,0.127,0.203,0.074,0.299,0.089,0.0,0.157,0.09,0
2024-10-30,0.397,26.3,3.5,0.609,weekday,5.7,0.0,0.0,0,0.0,0.042,0.046,0.0,0.245,0.0,0.0,0.144,0.081,0
2024-10-31,0.455,25.7,4.5,0.574,weekday,1.8,0.0,0.0,0,0.147,0.034,0.113,0.01,,0.0,0.014,0.203,0.1,0
2024-11-01,0.465,25.4,4.6,0.751,weekday,0.7,0.0,0.0,0,,0.012,,0.0,0.239,0.027,0.0,0.146,0.122,0
2024-11-02,0.812,25.2,3.6,,holiday,7.2,0.0,0.0,0,0.396,0.564,0.58,0.238,0.438,0.051,0.114,0.137,0.108,0
2024-11-03,0.586,25.5,2.3,0.029,holiday,6.7,1.9,0.0,0,0.466,0.61,0.674,0.369,0.411,0.062,0.21,0.087,0.069,0
2024-11-04,0.429,25.5,5.8,0.683,weekday,0.3,0.0,0.0,0,0.184,0.026,0.093,0.08,0.205,0.0,0.019,0.175,0.145,0
2024-11-05,0.481,25.5,3.2,0.589,weekday,4.1,0.1,0.0,0,0.0,0.057,0.083,0.034,0.196,0.047,0.067,0.162,0.108,0
2024-11-06,0.558,25.8,2.7,0.599,weekday,3.6,0.0,0.0,0,0.084,0.051,0.093,0.017,0.243,0.008,0.0,0.08,0.045,0
2024-11-07,0.382,24.5,5.8,0.604,weekday,2.7,0.0,0.0,0,0.16,0.128,,0.0,,0.0,0.037,0.196,0.148,1
2024-11-08,0.433,24.8,5.1,0.674,weekday,1.6,1.4,,0,0.0,0.008,0.231,0.037,0.133,0.0,0.0,0.158,0.105,0
2024-11-09,0.76,24.8,4.7,0.14,holiday,3.0,0.8,0.0,0,0.552,0.611,0.61,0.356,0.369,0.002,0.252,0.195,0.102,0
2024-11-10,0.563,23.6,4.6,0.02,holiday,2.8,0.0,0.0,0,0.522,0.717,0.638,0.357,0.346,0.038,0.233,0.159,0.143,0
2024-11-11,0.429,24.5,3.4,0.581,weekday,3.4,3.3,1.0,0,0.452,0.318,0.269,0.036,0.205,0.128,0.0,0.134,0.111,0
2024-11-12,0.57,23.4,2.5,0.718,weekday,,0.2,0.0,0,0.184,0.102,0.082,0.0,0.223,0.072,0.017,0.12,0.104,1
2024-11-13,0.607,24.5,2.8,0.746,weekday,3.6,2.3,0.0,0,0.24,0.0,0.081,0.002,0.115,,0.074,0.141,0.093,0
2024-11-14,0.212,24.1,2.8,,weekday,1.5,0.0,0.0,0,0.0,0.059,0.137,0.028,0.176,,0.0,0.083,,0
2024-11-15,0.507,24.1,3.9,,weekday,5.3,0.0,0.0,0,0.146,0.122,0.153,0.004,0.313,0.034,0.0,0.196,0.125,0
2024-11-16,0.723,24.0,7.3,0.113,holiday,2.2,1.2,0.0,0,0.546,0.57,0.682,0.345,0.361,0.058,0.263,0.229,0.149,1
2024-11-17,0.554,24.5,2.7,0.03,holiday,2.2,0.0,0.0,0,0.502,0.572,0.602,0.418,0.52,0.0,0.161,0.118,0.065,0
2024-11-18,0.37,23.4,4.5,0.676,weekday,3.8,0.0,0.0,0,0.17,0.084,0.048,0.052,0.153,0.145,0.1,0.167,0.106,1
2024-11-19,0.509,24.6,2.9,,weekday,2.7,0.0,0.0,0,0.128,,0.115,0.0,0.182,0.0,0.0,0.088,0.072,0
2024-11-20,0.443,22.5,2.5,0.667,weekday,4.7,0.0,0.0,0,0.24,0.109,0.083,0.08,0.277,0.0,0.072,0.107,0.123,0
2024-11-21,0.425,22.9,2.5,0.695,weekday,0.4,0.0,0.0,0,0.088,0.0,0.108,0.0,0.083,0.061,0.017,0.029,0.023,0
2024-11-22,0.315,23.4,4.0,0.655,weekday,4.1,0.0,0.0,0,0.122,,0.095,0.0,0.16,0.038,0.063,0.182,0.127,0
2024-11-23,0.51,24.7,1.8,0.029,holiday,2.2,1.5,0.0,0,0.51,0.581,0.57,0.313,0.483,0.066,0.219,0.013,0.091,0
2024-11-24,0.78,24.1,4.0,0.139,holiday,0.9,0.0,0.0,0,0.476,0.778,0.583,0.386,0.42,0.048,0.249,0.104,0.121,1
2024-11-25,0.47,23.6,7.8,0.672,weekday,0.6,2.5,0.0,0,0.125,0.08,0.133,,0.179,0.0,0.01,0.25,0.148,1
2024-11-26,0.226,23.8,5.3,0.627,weekday,3.2,0.0,0.0,0,0.242,0.0,0.076,0.015,0.237,0.01,0.0,0.182,0.158,1
2024-11-27,0.463,23.6,3.8,0.634,weekday,2.5,0.2,0.0,0,0.102,0.0,0.073,0.066,0.021,0.043,0.06,0.144,0.121,1
2024-11-28,0.312,23.8,3.4,0.667,weekday,4.6,0.5,0.0,0,0.099,0.0,0.076,0.0,0.197,0.049,0.057,0.119,0.087,0
2024-11-29,0.425,22.3,4.0,0.601,weekday,2.1,0.4,0.0,0,0.066,0.016,0.112,0.015,0.079,0.025,0.0,0.068,0.125,0
2024-11-30,0.949,22.2,4.3,0.112,holiday,3.0,0.0,0.0,0,0.429,0.475,0.564,0.312,0.371,0.092,0.269,,0.149,0
2024-12-01,0.704,21.9,4.9,0.16,holiday,8.8,9.6,0.0,0,0.458,0.577,0.591,0.339,0.213,0.153,0.259,0.166,0.196,0
2024-12-02,0.518,22.0,3.2,0.076,holiday,3.6,9.4,1.0,0,0.425,0.473,0.516,0.058,0.341,0.179,0.15,,0.101,1
2024-12-03,0.558,21.7,4.1,0.092,holiday,2.7,11.2,0.0,0,0.219,0.29,0.348,0.184,0.294,,0.159,0.128,0.082,1
2024-12-04,0.514,20.5,4.4,0.0,holiday,1.0,12.5,0.0,0,0.244,0.359,0.321,,0.084,0.306,0.249,0.172,0.083,1
2024-12-05,0.661,21.5,3.2,0.081,holiday,5.0,10.3,1.0,0,0.511,0.527,0.522,0.299,0.344,0.171,0.214,0.06,0.098,0
2024-12-06,0.505,21.6,3.4,0.113,holiday,2.7,12.3,0.0,0,0.268,0.239,0.317,0.172,0.318,0.227,0.249,0.032,0.069,0
2024-12-07,0.629,21.3,2.2,,,2.3,9.5,1.0,0,0.781,0.848,0.669,0.4,0.369,0.279,0.272,0.045,0.06,0
2024-12-08,,21.0,4.7,0.038,holiday,10.7,11.8,0.0,0,0.347,0.654,0.55,0.265,0.134,0.196,0.236,0.199,0.183,1
2024-12-09,0.719,20.8,1.5,0.079,holiday,1.9,10.4,0.0,0,0.329,0.333,0.341,0.174,0.268,0.159,0.09,0.069,0.074,0
2024-12-10,0.683,22.1,4.3,0.092,holiday,2.0,9.1,1.0,0,0.527,0.563,0.652,0.123,0.124,0.175,0.224,0.126,0.095,0
2024-12-11,0.317,20.6,1.8,0.0,holiday,3.8,11.4,0.0,0,0.188,,0.404,0.13,0.126,0.173,0.182,0.072,0.013,0
2024-12-12,0.617,20.2,1.8,,holiday,4.9,14.1,,0,0.341,0.31,0.38,0.152,0.214,0.209,0.17,0.106,0.011,0
2024-12-13,0.611,21.2,4.4,0.158,holiday,1.6,10.7,,0,0.337,0.422,0.326,,0.167,0.243,0.202,0.187,,1
2024-12-14,0.637,19.5,3.8,0.045,holiday,4.1,16.1,0.0,0,0.42,0.579,0.549,0.279,0.258,0.281,,0.105,0.1,0
2024-12-15,0.683,19.6,4.3,0.077,holiday,0.6,14.4,0.0,0,0.581,0.562,0.573,0.398,0.154,0.205,0.299,0.136,0.057,0
2024-12-16,0.43,19.9,6.1,0.012,holiday,2.1,11.8,0.0,0,0.194,0.272,,0.185,0.233,0.179,0.265,0.204,0.147,1
2024-12-17,0.608,20.8,0.0,0.156,holiday,4.2,10.1,0.0,0,,0.336,0.396,0.28,,0.27,,0.0,0.057,0
2024-12-18,0.597,17.6,5.4,0.073,,2.4,15.0,0.0,0,0.315,0.358,0.282,0.182,0.162,0.328,0.264,0.114,0.158,1
2024-12-19,0.634,18.0,3.1,0.104,holiday,1.9,14.8,0.0,0,0.325,0.308,0.344,0.112,0.201,0.241,0.306,0.094,0.085,0
2024-12-20,0.582,18.8,5.3,0.2,holiday,1.2,13.8,0.0,0,,,0.257,0.112,0.098,0.276,0.218,,0.127,1
2024-12-21,0.614,16.4,3.8,0.032,holiday,3.8,18.5,0.0,0,0.502,0.544,0.54,0.336,0.131,0.32,0.338,0.154,0.175,0
2024-12-22,0.798,18.6,4.6,0.067,holiday,4.3,13.8,0.0,0,,0.581,0.584,0.379,0.242,0.336,0.386,0.143,0.116,1
2024-12-23,0.682,17.5,6.3,0.107,holiday,4.3,20.0,0.0,0,0.219,0.285,0.353,0.251,0.122,0.377,0.293,0.209,0.148,1
2024-12-24,0.436,17.0,2.9,0.054,holiday,2.5,21.1,0.0,0,0.281,0.251,0.272,0.231,0.034,0.428,0.17,0.112,0.048,0
2024-12-25,0.476,17.8,4.7,0.137,holiday,1.9,16.8,0.0,0,0.166,0.289,0.374,0.188,0.141,0.412,0.341,0.221,0.151,1
2024-12-26,0.575,17.2,4.7,0.077,holiday,3.8,18.7,0.0,0,0.257,0.377,0.372,0.223,0.095,0.43,0.382,0.18,0.109,0
2024-12-27,0.562,18.4,4.9,0.145,holiday,3.0,16.3,0.0,0,0.239,0.343,0.31,0.222,0.204,0.433,0.264,0.167,0.133,1
2024-12-28,0.782,17.1,4.2,0.085,holiday,1.0,19.5,0.0,0,0.422,0.516,0.509,0.319,0.194,0.397,0.404,0.102,0.096,0
2024-12-29,0.725,16.1,3.8,0.11,holiday,5.5,21.1,0.0,0,0.429,0.628,0.475,0.361,0.195,0.401,0.387,,0.096,0
2024-12-30,0.577,17.2,3.4,0.101,holiday,5.8,19.8,0.0,0,0.386,0.282,0.297,0.187,0.158,0.378,0.259,0.156,0.126,1
2024-12-31,0.514,16.3,4.4,0.085,holiday,5.9,21.6,0.0,0,0.157,0.169,0.306,0.135,0.075,0.493,0.376,0.187,0.12,1
2025-01-01,0.631,15.9,1.8,0.056,holiday,7.8,22.1,0.0,0,0.164,0.329,0.294,0.235,0.0,0.517,,0.066,0.045,0
2025-01-02,0.554,14.9,5.9,0.033,holiday,3.8,24.0,0.0,0,,0.299,0.315,0.301,0.007,0.406,0.347,,0.144,1
2025-01-03,0.583,15.2,4.3,0.158,holiday,5.2,22.7,0.0,0,0.174,0.342,0.193,0.272,0.043,,0.34,0.143,,0
2025-01-04,0.519,15.7,2.9,0.062,holiday,5.6,21.7,0.0,0,0.418,0.632,,0.378,0.175,0.466,0.507,0.154,0.085,0
2025-01-05,0.692,15.0,5.7,0.077,holiday,7.4,22.9,0.0,0,0.447,0.544,0.48,0.338,0.027,0.493,0.585,0.18,0.146,1
2025-01-06,0.507,15.6,3.5,0.101,holiday,9.2,20.2,0.0,0,0.404,0.364,0.325,0.215,0.0,0.356,0.215,0.118,0.113,0
2025-01-07,0.565,15.0,2.9,0.021,,3.8,23.4,0.0,0,0.32,0.334,0.323,0.221,0.149,0.445,0.38,0.111,0.103,0
2025-01-08,0.505,15.2,1.6,0.124,holiday,6.0,20.7,0.0,0,0.247,0.27,0.266,0.19,0.173,0.435,0.334,0.095,0.054,0
2025-01-09,0.707,14.2,5.1,0.086,holiday,2.8,25.3,0.0,0,0.066,,0.343,0.219,0.05,,0.372,0.19,0.098,0
2025-01-10,0.756,12.9,5.1,0.078,holiday,3.2,24.8,0.0,0,0.114,0.208,0.384,0.316,0.0,,,0.192,0.107,0
2025-01-11,0.67,12.0,3.1,0.019,holiday,2.7,29.0,0.0,0,0.355,0.527,0.606,0.354,0.206,0.56,0.5,0.13,0.054,0
2025-01-12,0.585,13.7,6.4,0.147,holiday,7.0,26.8,0.0,0,0.455,0.539,0.534,0.489,0.0,0.564,0.489,0.232,0.178,1
2025-01-13,0.488,13.7,4.1,0.113,holiday,2.0,24.6,0.0,0,0.041,0.327,0.242,0.269,0.136,0.465,0.271,0.192,0.055,0
2025-01-14,0.597,12.9,2.9,0.13,holiday,0.1,28.9,0.0,0,0.141,0.309,0.239,0.262,0.006,0.555,0.461,0.138,0.028,0
2025-01-15,0.592,11.8,4.9,0.067,holiday,2.2,26.6,1.0,0,0.322,0.515,0.504,0.256,0.001,0.579,0.351,0.166,,0
2025-01-16,,12.5,3.0,0.138,holiday,6.8,29.3,1.0,0,0.41,0.469,0.533,0.162,0.004,0.707,0.493,0.028,0.107,0
2025-01-17,0.55,10.9,4.6,0.021,holiday,2.4,29.6,0.0,0,0.173,,0.353,0.21,0.076,0.612,0.466,0.129,0.122,1
2025-01-18,0.734,12.9,3.3,0.086,holiday,1.4,22.1,0.0,0,0.415,0.663,0.505,0.369,0.075,0.562,0.477,0.106,0.065,0
2025-01-19,0.798,12.1,4.7,0.208,holiday,3.3,30.9,0.0,0,0.4,0.548,0.551,,0.162,0.667,0.506,0.138,0.092,0
2025-01-20,0.554,11.1,2.3,0.154,holiday,3.8,29.8,0.0,0,0.167,0.397,0.245,0.294,,0.648,0.416,0.108,0.052,0
2025-01-21,0.582,11.9,4.8,0.072,holiday,2.0,28.9,1.0,0,,0.62,0.405,0.239,0.0,0.672,0.545,0.175,0.122,1
2025-01-22,0.519,11.7,2.1,0.093,holiday,5.1,29.5,0.0,0,0.186,0.233,0.247,0.243,0.131,0.731,,0.034,0.067,0
2025-01-23,0.526,10.2,2.0,0.085,holiday,1.4,33.2,0.0,0,0.244,0.247,0.306,0.218,0.071,0.787,0.524,0.089,0.056,0
2025-01-24,0.416,9.5,2.5,0.013,holiday,2.3,31.6,0.0,0,0.282,0.309,0.256,0.244,0.092,0.697,0.435,0.109,0.047,0
2025-01-25,0.763,9.4,2.6,0.013,holiday,5.0,32.5,0.0,0,0.586,0.527,0.452,0.478,0.007,0.753,0.679,,0.031,0
2025-01-26,0.714,11.0,3.3,0.201,holiday,6.9,29.8,0.0,0,0.342,0.593,0.493,,0.122,0.711,0.578,0.125,0.093,1
2025-01-27,0.6,8.9,5.2,0.162,holiday,7.7,34.5,0.0,0,0.195,0.263,0.252,0.283,0.064,0.807,0.547,0.17,0.141,0
2025-01-28,0.656,11.1,4.8,0.154,holiday,4.1,29.5,0.0,0,0.078,0.244,0.365,0.218,0.0,0.733,0.368,0.226,0.14,1
2025-01-29,0.46,8.5,1.9,0.144,holiday,,35.0,0.0,0,0.177,0.303,0.308,0.325,0.0,0.668,0.438,0.086,0.091,0
2025-01-30,0.513,8.6,3.5,0.099,holiday,0.4,34.4,0.0,0,,0.225,0.323,0.239,0.132,0.73,0.369,0.11,0.044,0
2025-01-31,0.578,9.0,5.6,0.162,holiday,6.3,35.0,0.0,0,,0.217,0.197,0.287,0.085,0.782,0.556,0.2,0.203,1
2025-02-01,0.676,7.6,4.5,0.123,holiday,3.7,33.4,1.0,0,0.684,0.804,0.713,0.472,0.205,0.776,0.627,0.171,0.097,1
2025-02-02,0.674,7.1,2.8,0.167,holiday,1.8,34.1,0.0,0,0.423,0.614,0.523,0.453,0.175,0.829,0.698,0.124,0.101,0
2025-02-03,,7.7,2.7,0.64,weekday,4.0,33.4,0.0,0,0.153,0.042,0.0,0.042,0.0,0.788,0.425,0.096,0.051,0
2025-02-04,0.517,9.3,2.8,0.631,weekday,4.0,34.9,0.0,0,0.091,0.004,0.0,0.04,0.0,0.697,0.395,0.097,0.046,0
2025-02-05,0.459,7.3,5.2,0.644,weekday,4.3,32.3,0.0,0,0.0,0.076,0.108,0.152,0.0,0.801,,0.128,0.121,0
2025-02-06,0.476,6.4,3.8,0.633,weekday,6.4,35.0,0.0,0,0.04,0.054,0.024,0.052,0.0,0.941,0.451,0.098,0.085,0
2025-02-07,0.325,7.4,2.5,0.599,weekday,1.7,32.9,,0,0.026,0.029,0.0,0.151,0.0,0.696,0.288,0.068,0.058,0
2025-02-08,0.587,6.7,3.3,0.119,holiday,3.5,35.0,0.0,0,0.361,0.563,0.378,0.476,0.074,0.805,0.632,0.086,0.094,0
2025-02-09,0.745,6.7,4.7,0.056,holiday,1.9,34.0,0.0,0,0.413,0.543,0.522,0.545,0.169,0.936,0.806,0.156,0.061,1
2025-02-10,0.541,5.3,4.1,0.588,weekday,2.5,35.0,0.0,0,0.063,0.0,0.061,0.164,0.0,0.874,0.46,0.158,0.127,0
2025-02-11,0.435,6.7,3.5,0.676,weekday,6.9,33.5,0.0,0,0.0,0.003,0.0,0.098,0.0,0.781,0.441,0.178,0.148,1
2025-02-12,0.545,6.4,4.7,0.586,weekday,2.8,35.0,0.0,0,0.001,0.025,0.0,0.041,,0.837,0.422,0.184,0.117,0
2025-02-13,0.332,5.9,2.6,0.577,weekday,5.0,35.0,1.0,0,0.19,0.272,0.234,0.104,0.057,0.788,,0.131,0.085,1
2025-02-14,0.38,6.2,1.9,0.64,weekday,7.0,35.0,,0,0.0,0.036,0.073,0.142,0.0,0.869,,0.054,0.084,0
2025-02-15,0.631,5.1,3.7,0.123,holiday,3.4,35.0,0.0,0,0.372,0.537,0.474,0.517,0.268,0.901,0.702,0.155,0.151,0
2025-02-16,0.599,7.0,5.2,0.129,holiday,2.7,35.0,0.0,0,0.295,0.545,0.429,0.465,0.096,0.76,,0.217,0.139,1
2025-02-17,0.295,4.8,4.2,0.633,weekday,,33.4,0.0,0,0.0,0.0,,,0.0,0.824,0.463,0.127,0.114,0
2025-02-18,0.577,4.8,5.1,0.664,weekday,0.4,34.6,0.0,0,,0.101,0.0,0.1,0.0,0.947,0.477,0.14,0.12,0
2025-02-19,0.509,4.3,4.0,0.6,weekday,2.1,33.2,0.0,0,0.047,0.0,0.062,0.051,0.01,0.907,0.503,0.139,0.087,0
2025-02-20,0.367,3.7,1.4,,weekday,3.4,33.2,0.0,0,0.0,0.006,0.046,0.111,0.052,0.857,0.487,0.0,0.045,0
2025-02-21,0.396,4.2,4.5,0.63,weekday,7.4,35.0,0.0,0,0.108,0.066,0.034,0.124,,0.855,0.507,0.178,0.167,1
2025-02-22,,3.9,4.6,0.044,holiday,,33.3,0.0,0,0.485,0.491,0.512,0.489,0.126,0.793,0.614,0.212,0.084,0
2025-02-23,0.737,4.0,2.7,0.183,holiday,2.6,35.0,0.0,0,0.334,0.644,0.443,0.457,0.057,0.863,0.665,0.067,0.115,0
2025-02-24,0.538,3.0,3.9,0.632,weekday,2.8,33.2,0.0,0,0.038,0.003,0.018,0.281,0.0,0.848,0.514,0.113,0.134,0
2025-02-25,0.552,2.5,5.2,0.695,weekday,5.1,35.0,1.0,0,0.15,0.31,0.162,0.142,0.0,0.97,0.527,0.156,0.1,0
2025-02-26,0.452,3.5,5.9,0.634,weekday,5.4,31.6,0.0,0,0.021,0.0,0.0,0.154,0.0,0.843,0.412,0.214,0.156,1
2025-02-27,0.391,3.0,4.4,0.643,weekday,3.8,33.1,0.0,0,0.0,0.0,0.0,0.156,0.0,0.892,0.418,0.105,0.093,0
2025-02-28,0.461,3.7,7.9,0.67,weekday,2.5,33.3,1.0,0,0.133,,0.24,0.156,0.0,0.812,0.451,0.224,0.19,1
2025-03-01,0.78,2.5,3.1,0.082,holiday,6.4,35.0,0.0,0,0.477,0.69,,0.47,0.193,0.877,0.673,0.107,0.128,0
2025-03-02,0.727,2.8,3.7,0.156,holiday,1.9,35.0,,0,0.473,0.624,0.44,0.511,0.194,0.923,0.706,0.117,0.114,0
2025-03-03,0.341,2.8,2.8,0.589,weekday,11.0,35.0,0.0,0,0.0,0.146,0.04,0.076,0.0,0.985,0.54,0.086,0.143,0
2025-03-04,0.424,1.5,8.5,0.569,weekday,3.9,35.0,0.0,0,0.0,0.0,0.002,,0.0,0.888,0.477,0.306,0.143,1
2025-03-05,0.37,2.6,6.1,0.573,weekday,6.4,35.0,0.0,0,0.035,0.046,0.0,,0.0,0.884,,0.177,0.199,1
2025-03-06,0.511,1.8,4.5,0.698,weekday,3.3,35.0,1.0,0,0.354,0.174,0.196,0.142,0.0,0.927,0.482,0.115,0.043,0
2025-03-07,0.444,1.6,4.2,0.661,weekday,1.3,34.6,0.0,0,0.051,0.012,0.006,0.127,0.0,0.992,,0.134,0.112,1
2025-03-08,0.694,2.3,0.7,0.104,holiday,4.9,35.0,0.0,0,0.551,0.64,0.561,0.518,0.083,0.964,0.742,0.0,0.033,0
2025-03-09,0.717,0.5,3.1,0.08,holiday,,32.5,0.0,0,0.447,0.59,0.533,0.534,0.213,0.903,0.675,0.16,0.097,0
2025-03-10,0.386,1.5,4.4,0.655,weekday,3.6,35.0,0.0,0,0.05,0.099,0.048,0.11,0.0,0.881,0.47,0.139,0.116,0
2025-03-11,0.513,1.7,5.0,0.6,weekday,,35.0,0.0,0,0.0,0.0,0.061,0.091,0.0,,0.538,0.183,0.165,1
2025-03-12,0.304,0.2,5.6,0.608,weekday,8.7,35.0,,0,0.0,0.0,0.018,0.222,0.0,,0.422,0.221,0.171,0
2025-03-13,0.378,0.1,4.4,0.651,weekday,4.5,33.7,0.0,0,0.06,0.059,0.013,0.196,0.0,1.0,0.463,0.108,0.09,1
2025-03-14,0.419,0.2,6.5,0.778,weekday,2.9,35.0,0.0,1,0.0,0.0,0.115,0.136,0.017,0.927,0.463,0.599,0.44,1
2025-03-15,0.731,1.2,3.6,0.159,holiday,3.5,35.0,0.0,0,0.537,0.665,0.571,0.451,0.173,0.975,0.725,0.158,0.071,0
2025-03-16,0.556,0.1,1.9,0.0,holiday,1.4,35.0,,0,0.401,0.454,0.465,0.459,0.278,0.972,0.733,0.046,0.064,0
2025-03-17,0.29,0.4,3.5,0.658,weekday,0.8,35.0,0.0,0,0.085,,0.0,0.05,0.0,0.952,0.552,0.134,0.056,0
2025-03-18,0.49,0.0,4.1,0.629,weekday,3.1,32.4,0.0,0,0.009,0.055,0.0,0.257,0.0,1.0,0.504,0.112,0.095,0
2025-03-19,0.445,-1.3,2.7,0.617,weekday,2.2,34.4,0.0,0,0.0,0.0,0.0,0.167,0.036,0.958,0.473,0.15,0.071,0
2025-03-20,0.516,0.5,2.9,0.687,weekday,2.4,33.4,0.0,0,0.0,0.0,0.025,0.182,0.0,0.881,0.556,0.101,,1
2025-03-21,0.486,-0.2,2.8,0.665,weekday,2.0,34.6,1.0,0,0.245,0.274,0.303,0.151,0.0,0.993,0.454,0.122,0.086,0
2025-03-22,0.525,-0.7,3.2,0.037,holiday,2.0,34.1,0.0,0,0.546,0.663,0.535,0.47,0.13,1.0,0.768,0.164,0.052,0
2025-03-23,0.585,0.8,3.4,0.0,holiday,8.0,35.0,0.0,0,0.264,0.616,0.561,0.439,0.114,0.95,0.686,0.174,0.116,0
2025-03-24,,-1.3,3.1,0.629,weekday,6.1,34.5,0.0,0,0.166,0.111,0.0,0.122,0.0,0.979,0.5,0.12,0.155,1
2025-03-25,0.433,-0.0,1.8,0.67,weekday,5.5,32.2,0.0,0,0.032,0.042,0.03,0.124,0.045,0.91,0.47,0.106,0.071,0
2025-03-26,0.405,-2.1,5.0,0.581,weekday,4.9,35.0,0.0,0,0.0,0.011,0.0,0.096,0.0,0.961,0.54,0.164,0.117,0
2025-03-27,0.458,-1.6,5.0,0.673,weekday,7.1,35.0,0.0,0,0.009,0.0,0.055,0.059,0.005,0.994,0.485,0.183,0.196,1
2025-03-28,0.438,0.0,3.6,0.607,weekday,2.8,35.0,0.0,0,0.038,,0.024,0.081,0.0,1.0,0.6,0.141,0.072,0
2025-03-29,0.718,-0.7,3.8,0.183,holiday,5.0,31.9,0.0,0,0.449,0.531,0.428,0.537,0.122,0.999,0.719,0.067,0.109,0
2025-03-30,0.602,-1.0,5.0,0.147,holiday,3.3,35.0,0.0,0,0.422,0.653,0.514,0.589,0.065,0.991,0.735,0.175,0.133,1
2025-03-31,0.362,0.0,6.2,0.584,weekday,3.1,35.0,0.0,0,0.0,0.016,0.0,0.138,0.0,1.0,0.58,0.204,0.166,1
2025-04-01,0.451,-2.2,4.9,0.68,weekday,0.8,0.0,0.0,0,,0.0,0.0,0.102,0.0,0.627,0.37,0.121,0.169,0
2025-04-02,0.425,-1.5,3.1,0.699,weekday,5.8,0.0,0.0,0,0.012,0.0,0.012,0.222,0.027,0.629,0.312,0.096,0.095,0
2025-04-03,0.359,-2.2,4.1,0.57,weekday,0.1,0.0,0.0,0,0.106,0.023,0.062,,0.0,0.67,0.395,0.094,0.069,0
2025-04-04,0.348,-1.7,5.0,0.658,weekday,3.8,0.0,0.0,0,0.015,0.083,0.02,0.124,0.0,0.622,0.268,0.175,0.109,0
2025-04-05,0.839,-0.5,3.8,0.073,holiday,2.7,0.6,1.0,0,0.673,0.807,0.675,0.483,,0.685,0.6,0.17,0.096,0
2025-04-06,0.573,-2.1,5.4,0.064,holiday,,0.0,0.0,0,0.45,0.595,0.438,,0.149,0.506,0.463,0.184,0.165,1
2025-04-07,0.325,-1.2,4.7,0.686,weekday,2.6,0.0,0.0,0,0.137,0.073,0.036,0.092,,0.639,0.396,0.12,0.132,0
2025-04-08,0.459,-3.0,3.8,0.632,weekday,0.5,3.6,0.0,0,0.106,0.0,0.102,0.145,0.0,0.759,0.507,0.026,0.117,0
2025-04-09,0.355,-2.0,4.3,0.672,weekday,1.9,0.0,0.0,0,0.0,0.06,0.024,0.12,0.0,0.669,0.345,0.142,0.072,0
2025-04-10,0.528,-3.8,3.3,0.653,weekday,3.8,0.0,0.0,0,0.048,0.053,0.027,0.14,0.0,0.642,0.296,0.097,0.054,0
2025-04-11,0.275,-0.9,2.3,0.641,weekday,3.0,3.1,0.0,0,0.0,0.0,0.01,0.132,0.0,0.678,0.373,0.114,0.084,0
2025-04-12,0.568,-1.4,3.9,0.143,holiday,2.6,0.0,0.0,1,0.493,0.627,0.356,0.558,0.0,0.643,0.581,0.427,0.394,1
2025-04-13,0.782,-4.0,6.6,0.092,holiday,0.9,0.0,0.0,0,0.389,0.582,0.515,0.551,0.171,0.657,0.527,0.247,0.154,0
2025-04-14,0.395,-2.8,2.8,0.668,weekday,2.1,0.9,0.0,0,0.007,0.0,0.013,0.143,0.0,0.66,0.284,0.074,0.059,0
2025-04-15,0.416,-0.1,3.8,0.612,weekday,2.3,0.0,0.0,0,,0.0,0.0,0.031,0.0,0.748,0.346,0.073,0.062,1
2025-04-16,0.463,-2.0,3.5,,weekday,0.6,0.0,0.0,0,0.096,0.041,0.032,0.182,0.0,0.59,0.406,0.104,0.041,0
2025-04-17,0.411,-2.7,2.6,0.67,weekday,3.0,0.0,0.0,0,0.0,0.0,0.0,,0.0,0.628,0.436,0.054,0.064,0
2025-04-18,0.436,-0.7,2.3,0.659,weekday,1.6,0.0,0.0,0,0.0,0.101,0.055,0.071,0.0,0.673,0.41,0.11,,0
2025-04-19,0.828,-1.5,3.8,0.122,holiday,0.8,0.0,1.0,0,0.629,0.779,0.698,0.4,0.108,0.704,,0.126,0.029,0
2025-04-20,0.51,-1.4,4.4,0.0,holiday,0.3,0.0,0.0,0,0.334,0.548,0.492,0.445,0.019,0.725,0.65,0.106,0.111,0
2025-04-21,0.187,-1.2,6.0,0.554,weekday,1.6,0.0,0.0,0,0.019,0.028,0.0,0.213,0.0,0.561,0.345,0.19,0.225,1
2025-04-22,0.501,-1.5,5.6,,weekday,2.6,0.0,0.0,0,0.0,0.0,0.0,0.185,0.0,0.692,0.374,0.152,0.135,0
2025-04-23,0.365,-3.1,5.7,0.645,weekday,5.7,4.2,0.0,0,0.0,0.0,0.0,0.114,0.0,0.729,0.382,0.24,0.174,1
2025-04-24,0.552,-1.0,5.2,0.679,weekday,0.4,0.2,0.0,0,0.0,0.101,0.043,0.169,0.0,0.628,0.452,0.171,0.104,0
2025-04-25,0.364,-3.0,3.7,0.646,weekday,0.3,0.0,0.0,0,0.06,0.0,0.034,0.085,0.0,0.682,0.442,0.151,0.125,0
2025-04-26,0.658,-0.9,3.8,0.119,holiday,7.7,0.6,0.0,0,0.437,0.635,0.474,0.466,0.096,0.658,0.569,0.163,0.111,0
2025-04-27,0.615,-1.6,2.7,0.0,holiday,9.9,0.0,0.0,0,0.453,0.631,0.489,0.485,0.256,0.686,0.488,0.149,0.129,1
2025-04-28,0.548,-2.1,5.9,0.608,weekday,3.8,0.0,0.0,0,0.0,0.033,0.0,0.147,0.0,0.62,0.352,0.206,,1
2025-04-29,0.532,-1.5,4.4,0.576,weekday,1.9,1.2,0.0,0,0.0,0.033,0.067,0.225,0.0,0.662,0.376,0.104,0.112,0
2025-04-30,0.295,-2.5,3.6,0.655,weekday,2.3,0.0,0.0,0,0.0,0.024,,0.137,0.0,0.714,0.374,0.102,,0
2025-05-01,0.574,-2.2,6.0,0.088,holiday,2.9,0.0,0.0,0,0.176,0.177,0.316,0.383,0.031,0.605,0.463,0.162,0.12,1
2025-05-02,,-1.4,3.8,0.018,holiday,,0.0,0.0,0,0.147,0.268,0.322,0.278,,,0.515,0.157,0.11,1
2025-05-03,0.736,-0.6,4.3,0.157,holiday,4.2,1.1,0.0,0,0.371,0.568,0.506,0.508,0.043,0.542,0.427,0.136,0.135,0
2025-05-04,0.638,-4.5,4.2,0.006,holiday,1.5,0.0,0.0,0,0.51,0.674,0.552,0.564,0.185,0.656,0.507,0.136,0.1,0
2025-05-05,0.656,-1.8,4.3,0.093,holiday,8.2,0.6,0.0,0,0.159,0.3,0.304,0.35,0.004,0.595,0.408,0.166,,1
2025-05-06,0.617,-0.8,4.7,,holiday,3.6,0.0,0.0,0,0.338,0.295,,0.374,0.145,0.592,0.448,0.166,0.082,0
2025-05-07,0.655,-3.0,2.9,,holiday,0.4,0.1,0.0,0,0.197,0.298,0.18,0.362,0.033,0.643,0.425,0.077,0.028,0
2025-05-08,0.632,-1.4,3.2,0.012,holiday,1.1,0.0,1.0,0,0.414,0.516,0.411,0.258,0.0,0.606,0.429,0.089,0.062,0
2025-05-09,0.503,-0.3,4.0,0.052,holiday,5.7,0.9,0.0,0,0.213,0.34,0.231,0.353,0.0,0.679,0.383,0.174,0.12,1
2025-05-10,0.778,-1.8,2.4,0.052,holiday,5.5,0.0,0.0,0,0.379,0.516,0.411,0.48,0.106,0.647,0.554,0.067,0.086,0
2025-05-11,0.718,-2.2,5.8,0.087,holiday,5.1,0.0,0.0,0,,0.601,0.6,0.489,0.057,0.661,0.507,0.247,0.187,1
2025-05-12,0.626,-1.2,4.4,0.188,holiday,3.0,0.0,0.0,0,0.142,0.269,0.331,0.269,0.114,0.653,0.366,0.111,0.145,0
2025-05-13,0.487,-0.5,5.7,0.168,holiday,3.0,0.0,0.0,0,0.23,0.287,0.276,0.3,0.0,0.642,0.457,,,1
2025-05-14,0.467,-1.4,2.4,0.061,holiday,6.3,0.0,0.0,0,0.283,0.335,0.188,0.298,0.026,0.642,0.486,0.12,0.094,1
2025-05-15,0.5,-0.7,6.8,0.04,holiday,4.1,1.0,0.0,0,0.226,0.28,0.225,0.216,,0.589,,0.202,0.19,1
2025-05-16,0.491,-0.1,3.4,0.076,holiday,2.2,0.0,0.0,0,0.123,0.301,0.29,0.306,0.175,0.679,0.392,0.062,0.075,0
2025-05-17,0.801,0.2,4.3,0.137,holiday,1.0,0.0,0.0,0,0.252,0.534,0.503,0.5,0.269,0.598,0.547,0.103,0.144,0
2025-05-18,0.633,-0.0,3.2,0.173,holiday,5.0,0.5,0.0,0,0.398,0.552,0.468,0.553,0.101,0.635,0.581,0.116,0.121,0
2025-05-19,0.688,-0.2,2.8,0.148,holiday,3.2,0.2,0.0,0,0.278,,0.232,0.342,0.128,0.536,0.398,0.127,0.052,0
2025-05-20,0.448,-1.2,2.7,0.074,holiday,3.6,0.0,0.0,0,0.195,0.258,0.142,0.303,0.0,,0.512,0.122,0.111,0
2025-05-21,0.505,-0.2,4.6,0.072,holiday,,0.5,0.0,0,0.036,0.244,0.269,0.321,0.037,0.607,0.457,0.157,0.107,0
2025-05-22,0.465,0.4,3.0,0.075,holiday,1.7,0.3,0.0,0,0.224,0.4,0.303,0.29,0.0,0.59,0.504,0.058,0.074,0
2025-05-23,0.501,-0.1,4.7,0.004,holiday,1.2,0.8,1.0,0,0.531,0.602,,0.265,0.03,0.685,0.554,0.141,0.094,0
2025-05-24,0.661,0.1,1.9,0.182,holiday,5.0,3.1,0.0,0,0.331,0.528,0.602,0.552,0.153,0.653,0.529,0.025,0.098,0
2025-05-25,0.627,0.4,5.5,0.041,holiday,5.5,0.0,1.0,0,0.686,0.757,0.664,0.546,0.227,0.589,0.503,0.207,0.092,0
2025-05-26,0.684,0.8,2.4,0.065,holiday,0.1,0.0,0.0,0,0.189,0.332,0.175,0.308,0.074,0.628,0.448,0.108,,0
2025-05-27,0.722,1.7,7.0,0.102,holiday,0.2,0.0,0.0,0,0.083,0.231,0.182,0.391,0.0,0.508,0.402,0.243,0.114,0
2025-05-28,0.583,1.3,4.4,0.123,holiday,2.0,0.0,0.0,0,0.268,0.353,0.108,0.332,0.084,0.546,,0.094,0.104,0
2025-05-29,,1.8,4.4,0.105,holiday,1.8,1.2,0.0,0,0.134,0.2,0.267,0.415,0.0,0.539,0.397,0.099,0.032,0
2025-05-30,0.474,1.4,2.3,0.082,holiday,2.7,2.0,0.0,0,0.278,0.321,0.233,0.277,0.07,0.546,0.464,0.093,0.073,0
2025-05-31,0.685,3.1,3.1,,holiday,3.2,0.0,0.0,0,0.355,0.577,0.524,0.488,0.139,0.521,0.44,0.13,0.023,0
2025-06-01,0.73,1.2,4.2,0.132,holiday,,0.0,0.0,0,0.366,0.546,0.462,0.453,0.201,0.597,0.532,0.141,0.107,0
2025-06-02,,2.2,3.8,0.713,weekday,4.8,1.3,0.0,0,0.0,0.0,0.055,0.144,0.0,0.599,0.389,0.173,0.098,0
2025-06-03,0.542,1.3,5.1,0.698,weekday,2.1,0.0,1.0,0,0.201,0.047,0.236,0.082,0.0,0.599,0.27,0.14,,0
2025-06-04,0.444,2.5,5.2,0.626,weekday,3.4,0.8,0.0,0,0.0,0.0,0.0,0.104,0.0,0.656,0.354,0.215,0.134,1
2025-06-05,0.342,2.6,6.7,0.624,,0.8,1.8,0.0,0,0.0,0.038,0.043,0.178,0.0,,0.315,0.193,0.15,1
2025-06-06,0.313,2.0,2.9,0.644,weekday,0.9,0.0,0.0,0,0.0,0.0,0.115,,0.0,0.537,0.275,0.06,0.051,0
2025-06-07,0.616,1.2,5.5,0.002,holiday,1.9,1.7,0.0,0,0.352,0.621,0.491,0.505,0.044,0.646,0.642,0.139,0.113,0
2025-06-08,0.724,3.4,2.2,0.057,holiday,1.4,0.0,0.0,0,0.485,0.643,0.58,0.485,0.095,0.538,0.424,0.028,0.032,0
2025-06-09,0.53,3.0,4.9,0.718,weekday,0.1,1.0,0.0,0,0.0,0.072,0.0,0.106,0.0,0.594,0.375,0.154,0.096,0
2025-06-10,0.54,1.9,3.3,0.673,weekday,3.6,0.0,1.0,0,0.256,0.271,0.227,0.069,0.0,0.592,0.381,,0.113,0
2025-06-11,0.54,3.3,1.6,0.586,weekday,8.3,0.2,0.0,0,0.0,0.0,0.0,0.1,0.0,0.563,0.338,,0.053,0
2025-06-12,0.497,4.9,6.1,0.639,weekday,4.5,1.1,0.0,0,0.0,,0.023,0.111,0.0,0.514,0.307,0.247,0.105,1
2025-06-13,0.472,4.3,3.2,0.683,weekday,2.9,0.4,0.0,0,0.013,0.02,0.0,0.193,0.0,0.509,0.212,0.157,0.125,1
2025-06-14,0.781,3.7,1.9,0.19,holiday,5.6,0.4,0.0,0,0.427,0.579,0.47,0.428,0.045,0.594,0.496,,,0
2025-06-15,0.713,5.0,0.4,0.126,holiday,2.8,0.0,0.0,0,0.433,0.569,0.541,0.487,,0.515,0.388,0.066,0.0,0
2025-06-16,0.346,6.0,3.1,0.676,weekday,2.1,1.4,0.0,0,0.0,0.0,0.035,0.174,0.0,0.471,0.308,0.112,0.064,0
2025-06-17,0.343,3.9,3.3,,weekday,1.1,0.0,0.0,1,0.0,0.0,0.0,0.0,0.04,0.574,0.358,0.479,0.363,1
2025-06-18,0.425,4.7,5.6,0.628,weekday,4.4,0.0,0.0,0,0.0,,0.0,0.145,,0.471,0.331,0.238,0.103,1
2025-06-19,0.482,5.5,3.4,0.679,weekday,2.5,0.0,0.0,0,0.0,0.034,0.0,0.097,0.051,0.5,0.242,0.138,,0
2025-06-20,0.538,5.6,2.5,0.652,weekday,20.3,0.0,0.0,0,0.0,0.001,0.047,0.124,0.0,0.468,0.199,0.142,0.183,0
2025-06-21,0.7,4.5,5.3,0.0,holiday,22.4,0.0,0.0,0,0.381,0.638,0.521,0.403,0.0,0.437,0.313,0.246,0.277,1
2025-06-22,0.784,4.9,7.0,0.061,holiday,21.3,0.0,0.0,0,0.157,0.478,0.47,0.516,0.0,0.391,0.419,0.271,0.295,1
2025-06-23,0.37,6.5,2.2,0.625,weekday,19.5,0.0,0.0,0,0.0,0.057,0.051,0.084,0.0,0.429,0.197,0.162,0.163,0
2025-06-24,0.481,4.7,4.8,0.608,weekday,24.0,0.0,0.0,0,0.0,0.01,0.008,0.08,0.0,0.479,0.276,0.194,0.226,1
2025-06-25,0.678,8.1,2.8,0.674,weekday,22.6,0.0,0.0,0,0.006,0.039,0.0,0.079,0.0,0.302,0.175,,0.183,0
2025-06-26,0.454,6.0,5.6,0.582,weekday,19.5,0.0,0.0,0,0.0,0.0,0.0,0.169,0.0,0.356,0.25,0.221,0.256,1
2025-06-27,0.402,7.0,3.7,0.663,weekday,21.8,0.0,0.0,0,0.0,0.0,0.063,0.131,0.0,0.426,0.225,0.164,0.22,1
2025-06-28,0.686,7.0,5.9,0.065,holiday,25.0,0.0,0.0,0,0.321,,0.449,,0.0,0.438,0.384,0.268,0.227,1
2025-06-29,0.792,8.0,4.6,0.077,holiday,19.4,1.3,0.0,0,0.517,0.665,0.468,0.536,0.0,0.448,0.322,0.199,0.207,1
2025-06-30,0.265,8.5,4.4,0.613,weekday,20.1,2.0,0.0,0,0.0,0.0,0.113,0.0,0.0,0.379,0.252,0.217,0.211,1
2025-07-01,0.398,7.1,5.6,0.586,weekday,22.7,0.3,0.0,0,0.0,0.045,0.0,0.124,0.0,0.441,0.15,0.284,0.272,1
2025-07-02,0.426,7.4,5.5,0.555,weekday,25.1,0.0,0.0,0,0.035,0.059,0.0,0.106,0.0,0.382,0.188,0.28,0.282,1
2025-07-03,0.48,9.2,6.2,0.647,weekday,20.1,0.0,0.0,0,0.0,0.021,0.077,0.178,0.0,,0.183,0.222,0.214,1
2025-07-04,0.37,8.5,4.3,0.637,weekday,21.6,0.0,0.0,0,0.0,0.0,0.067,0.13,0.0,0.327,0.216,0.232,0.238,1
2025-07-05,0.778,8.6,4.1,0.063,holiday,21.6,0.0,0.0,0,0.383,0.564,0.528,0.459,0.0,0.352,0.425,0.225,0.174,1
2025-07-06,0.62,9.7,5.5,0.071,holiday,18.6,0.0,0.0,0,0.321,0.618,0.452,0.411,0.0,0.348,0.296,0.243,0.209,1
2025-07-07,,9.5,4.0,0.673,weekday,20.2,2.0,0.0,0,0.032,0.005,0.044,0.127,0.0,0.329,0.167,0.202,0.165,0
2025-07-08,0.417,9.9,3.4,0.667,weekday,26.0,0.0,0.0,0,0.0,0.0,0.038,0.055,0.0,0.242,0.119,0.142,0.228,0
2025-07-09,0.506,9.9,4.2,0.727,weekday,22.6,2.7,0.0,0,0.0,0.04,0.089,0.004,0.0,0.368,0.055,0.163,0.222,1
2025-07-10,0.385,9.3,3.4,0.668,weekday,22.8,2.6,0.0,0,0.0,0.0,0.049,0.019,0.0,0.34,0.16,,0.201,1
2025-07-11,0.405,8.2,4.0,0.588,weekday,21.4,0.0,0.0,0,0.0,0.0,0.093,0.093,0.0,0.327,0.145,0.195,0.236,1
2025-07-12,,9.5,3.3,0.114,holiday,22.3,1.8,1.0,0,0.581,0.781,0.749,0.426,,0.339,0.236,,0.277,0
2025-07-13,0.538,11.8,4.0,0.0,holiday,19.8,0.0,1.0,0,0.619,0.855,0.719,0.509,0.107,0.275,0.296,0.148,0.223,0
2025-07-14,0.398,11.6,3.1,0.637,weekday,22.3,0.1,0.0,0,0.0,0.089,0.017,0.076,0.0,0.256,0.003,0.212,0.188,1
2025-07-15,0.358,10.7,3.8,0.617,weekday,19.2,1.0,0.0,0,0.044,0.0,0.0,0.069,0.0,0.346,0.045,0.177,0.254,1
2025-07-16,0.406,9.5,2.3,0.557,weekday,21.0,0.0,0.0,0,0.0,0.0,0.034,0.002,0.0,0.498,0.254,0.168,0.156,0
2025-07-17,0.342,11.3,2.0,0.652,weekday,18.8,0.0,0.0,0,0.0,0.0,0.04,0.062,0.0,0.28,0.053,0.131,0.169,0
2025-07-18,0.27,11.1,4.7,0.683,weekday,21.8,0.0,0.0,0,0.007,0.0,0.072,0.0,0.0,0.167,0.048,0.203,0.258,1
2025-07-19,0.738,11.7,5.5,0.151,holiday,25.0,0.0,0.0,0,0.294,,0.452,0.426,0.0,,0.237,0.22,0.224,1
2025-07-20,0.485,12.1,4.7,0.088,holiday,21.4,0.0,0.0,0,0.237,0.568,0.6,0.342,0.0,0.337,0.382,0.183,0.225,0
2025-07-21,0.419,13.2,3.8,0.63,weekday,,0.0,0.0,0,0.0,0.0,0.094,0.12,0.0,0.254,0.11,0.195,0.213,1
2025-07-22,0.356,12.6,2.8,0.563,weekday,23.9,0.0,1.0,0,0.196,0.256,,0.0,0.0,0.42,0.176,0.163,0.19,1
2025-07-23,0.327,11.3,0.5,0.714,weekday,22.6,0.0,0.0,0,0.018,0.0,0.01,0.024,0.0,0.305,0.216,0.042,0.162,1
2025-07-24,0.466,14.1,3.1,0.617,weekday,21.6,0.6,,0,0.059,0.0,0.014,0.018,0.0,0.266,0.076,0.152,0.175,1
2025-07-25,0.406,13.0,2.6,0.6,weekday,23.4,0.9,0.0,0,0.0,0.06,0.02,0.0,0.0,0.251,0.03,0.159,,0
2025-07-26,0.685,12.9,2.9,0.117,holiday,,3.7,0.0,0,0.327,0.584,0.58,0.443,0.0,0.239,0.404,0.167,0.178,1
2025-07-27,0.611,14.0,3.7,0.041,holiday,21.4,0.0,0.0,0,0.507,0.507,0.5,0.445,0.145,0.239,0.372,0.153,0.209,1
2025-07-28,,14.4,1.2,0.665,weekday,23.5,0.5,0.0,0,0.0,0.015,0.045,0.063,0.0,0.129,0.052,0.113,0.091,0
2025-07-29,0.306,13.2,2.9,0.558,weekday,,0.0,0.0,0,0.0,,0.043,0.058,0.0,0.262,0.15,0.168,0.178,1
2025-07-30,0.593,14.7,3.7,0.659,weekday,26.8,3.0,0.0,0,0.0,0.022,0.051,0.0,0.0,0.222,0.096,0.201,0.217,1
2025-07-31,0.554,15.2,1.5,0.647,weekday,4.2,0.0,0.0,0,0.143,0.0,0.085,0.095,0.0,0.2,0.165,0.106,0.06,0
2025-08-01,0.602,15.6,3.4,0.148,holiday,8.6,0.5,1.0,0,0.424,0.677,0.535,0.194,0.11,0.165,0.234,0.152,0.126,1
2025-08-02,0.787,16.4,6.0,0.183,holiday,11.9,2.3,0.0,0,0.572,0.636,0.52,0.297,0.086,0.32,0.38,0.249,0.206,1
2025-08-03,0.654,15.7,5.1,0.064,holiday,9.7,0.0,0.0,0,0.392,,0.56,0.363,0.089,0.166,0.273,0.179,,0
2025-08-04,0.393,15.9,3.9,0.0,holiday,6.4,0.0,0.0,0,0.102,0.372,0.247,0.18,0.068,0.227,0.177,0.127,0.075,0
2025-08-05,0.494,16.6,5.2,0.094,holiday,8.3,2.2,0.0,0,0.12,0.243,0.281,0.23,0.04,0.229,0.316,0.208,0.165,1
2025-08-06,0.574,15.5,5.2,0.0,holiday,10.1,3.5,0.0,0,0.252,0.291,0.319,0.275,0.0,0.374,0.282,0.167,0.164,0
2025-08-07,0.394,16.1,6.9,0.039,holiday,14.1,1.7,0.0,0,0.165,0.34,0.294,0.159,0.0,0.165,0.082,,0.183,1
2025-08-08,0.537,16.4,6.6,0.03,holiday,7.5,0.4,0.0,0,0.162,0.262,0.311,0.2,0.048,0.188,0.122,0.244,0.187,1
2025-08-09,0.613,16.3,6.0,0.0,holiday,7.5,0.0,0.0,0,0.394,0.657,0.499,0.379,0.0,0.155,,0.234,0.206,1
2025-08-10,0.814,16.2,6.1,0.044,holiday,14.1,0.3,0.0,0,0.338,0.612,0.541,0.383,0.16,0.096,0.243,0.237,0.173,1
2025-08-11,0.493,15.8,4.5,0.042,holiday,12.8,1.2,0.0,0,0.215,0.248,0.248,0.207,0.027,0.276,0.154,0.228,0.123,0
2025-08-12,0.532,17.7,3.3,0.096,holiday,7.3,0.0,0.0,0,0.264,0.345,0.33,0.229,0.318,0.256,0.267,0.124,0.114,1
2025-08-13,0.475,18.0,6.7,0.08,holiday,8.1,0.6,0.0,0,0.156,0.336,0.312,0.248,0.063,0.135,0.191,0.237,0.182,1
2025-08-14,0.512,18.3,4.2,0.107,holiday,8.2,2.8,0.0,0,0.155,0.291,0.283,0.131,0.0,0.295,,0.165,0.175,0
2025-08-15,0.504,18.1,7.2,0.103,holiday,9.4,0.8,0.0,0,0.374,0.378,0.391,0.182,0.073,0.161,0.128,,0.154,1
2025-08-16,0.72,18.4,4.8,0.113,holiday,7.7,3.4,0.0,0,0.445,0.503,0.5,0.464,0.197,0.176,0.239,0.153,0.213,1
2025-08-17,0.714,19.0,8.4,0.101,holiday,7.5,0.0,0.0,0,0.398,0.548,0.553,0.358,0.215,0.178,0.245,0.239,0.234,1
2025-08-18,0.6,18.5,5.8,0.128,holiday,7.4,0.0,0.0,0,0.31,0.379,0.315,0.186,0.031,0.191,0.161,0.212,0.153,0
2025-08-19,0.457,19.1,6.7,,holiday,8.9,1.0,0.0,0,0.236,0.345,0.331,0.19,0.0,0.159,0.202,,0.178,1
2025-08-20,0.471,19.2,5.9,0.099,holiday,7.6,3.9,0.0,0,0.253,0.302,0.334,0.197,0.137,0.199,0.185,,0.182,1
2025-08-21,0.571,17.6,4.3,0.011,holiday,,0.0,0.0,0,0.41,0.264,0.292,0.219,0.046,0.133,0.186,0.2,0.122,1
2025-08-22,0.457,20.3,5.3,0.028,holiday,8.3,0.6,0.0,0,0.271,0.258,0.303,0.162,0.174,0.133,0.122,0.213,0.158,1
2025-08-23,0.646,19.0,4.0,0.02,holiday,9.8,0.0,0.0,0,0.54,0.53,0.628,0.338,0.295,0.137,0.249,0.189,0.164,0
2025-08-24,0.654,19.8,6.2,0.147,holiday,10.2,0.0,0.0,1,0.396,0.629,0.671,0.35,0.187,0.071,0.188,0.585,0.514,1
2025-08-25,0.665,21.2,4.4,0.144,holiday,9.9,0.0,1.0,0,0.468,0.557,0.523,0.112,0.083,0.088,0.059,0.18,0.086,1
2025-08-26,0.463,20.1,6.7,0.0,holiday,8.0,1.4,0.0,0,0.13,0.207,0.266,0.036,0.108,0.263,0.195,0.228,0.212,1
2025-08-27,0.641,20.1,6.9,0.065,holiday,9.1,0.0,1.0,0,0.49,0.537,0.584,0.223,0.056,0.097,0.161,0.246,0.24,1
2025-08-28,0.524,21.5,3.7,0.066,holiday,7.7,0.0,0.0,0,0.404,0.212,0.314,0.168,0.265,0.153,,0.086,0.123,0
2025-08-29,0.585,21.2,6.1,0.13,holiday,10.2,0.0,0.0,0,0.217,0.329,,0.135,0.131,0.094,0.134,0.231,0.191,1
2025-08-30,0.526,19.0,7.2,0.109,holiday,11.0,0.7,0.0,0,0.43,0.623,0.636,0.409,0.142,0.219,0.281,0.256,,1
2025-08-31,0.702,20.6,6.1,0.068,holiday,9.2,2.7,0.0,0,0.465,0.64,0.555,0.253,,0.1,0.282,0.231,0.233,1
2025-09-01,,21.1,7.6,0.685,weekday,8.5,0.4,0.0,0,0.103,0.048,0.08,,0.106,0.027,0.0,0.264,0.225,1
2025-09-02,0.372,21.3,5.3,0.614,weekday,5.8,0.6,0.0,0,0.105,0.084,0.1,0.0,0.089,0.085,0.009,0.179,0.159,0
2025-09-03,0.352,22.1,5.4,0.624,weekday,9.3,0.8,0.0,0,0.108,0.0,,0.039,0.045,0.001,0.0,0.203,,1
2025-09-04,0.392,22.4,7.5,0.631,weekday,7.9,0.0,0.0,1,0.053,0.051,,0.0,,0.019,0.001,0.605,0.552,1
2025-09-05,0.421,22.5,5.3,0.652,weekday,5.8,1.9,0.0,0,0.071,0.0,0.154,0.0,0.033,0.034,0.083,0.138,0.126,1
2025-09-06,0.671,23.2,4.9,0.024,holiday,,0.0,0.0,0,0.404,0.53,0.575,0.356,0.345,,0.139,0.182,0.097,0
2025-09-07,0.604,23.3,6.6,0.104,holiday,6.0,2.1,0.0,0,0.356,0.584,0.585,0.351,0.303,,0.318,0.179,0.224,1
2025-09-08,0.43,22.1,7.4,0.622,weekday,8.2,0.0,0.0,0,0.0,0.077,,0.0,0.0,0.006,0.015,0.307,0.19,1
2025-09-09,,22.0,6.6,0.723,weekday,7.1,0.4,0.0,0,0.063,0.037,0.149,0.0,0.168,0.0,0.033,0.169,0.228,1
2025-09-10,0.355,22.8,3.5,0.666,weekday,7.2,0.0,0.0,0,0.043,0.0,0.071,0.0,0.186,0.0,0.061,0.134,0.085,0
2025-09-11,0.588,22.4,6.1,0.667,weekday,8.3,0.0,0.0,0,0.139,0.0,0.118,0.016,0.117,0.189,0.084,0.241,0.162,1
