date,snowfall_cm,wind_speed_mps,rail_ridership,snow_quality_index,holiday,temperature_c,rainfall_mm,event_local_flag,typhoon_alert_flag,mobility_inflow_index,tourist_inflow_count,lodging_occupancy_ratio,temple_shrine_visits,onsen_visitors_count,beach_crowd_index,ski_resort_visitors,ferry_cancel_count,flight_delay_count,y
2023-09-13,0.0,5.7,0.714,0.0,weekday,23.5,7.6,0.0,0,0.369,0.0,0.0,0.106,0.027,0.047,0.067,0.165,0.178,0
2023-09-14,0.0,7.0,0.636,0.0,weekday,23.1,6.0,0.0,0,0.303,0.275,0.172,0.073,0.0,0.139,0.0,0.217,0.165,0
2023-09-15,0.5,6.3,0.609,0.035,weekday,23.0,8.8,0.0,0,0.495,0.051,0.041,0.098,0.078,0.063,0.0,0.197,0.158,0
2023-09-16,0.0,4.6,0.08,0.0,holiday,23.6,13.9,0.0,0,,0.535,0.579,0.545,0.309,0.143,0.171,0.171,0.15,0
2023-09-17,0.0,5.7,0.083,0.002,holiday,23.9,8.6,0.0,0,,0.479,0.449,0.576,0.342,0.324,0.202,0.228,0.166,0
2023-09-18,0.0,6.3,0.692,0.0,weekday,24.0,8.1,0.0,0,,0.164,0.0,0.134,0.054,0.159,0.0,0.231,0.175,0
2023-09-19,1.7,6.8,0.693,0.0,weekday,23.6,6.1,0.0,0,0.404,0.0,0.02,0.097,0.0,0.179,0.0,0.28,0.155,0
2023-09-20,0.0,4.9,0.689,0.031,weekday,23.8,6.7,0.0,0,,0.0,0.0,,0.0,0.232,0.006,0.192,0.141,0
2023-09-21,2.2,5.8,0.675,0.055,weekday,24.5,7.2,0.0,0,0.351,0.142,0.126,,0.071,,0.028,0.224,0.151,0
2023-09-22,0.1,6.1,0.671,0.0,weekday,26.5,10.4,0.0,0,0.631,0.175,0.068,0.087,0.0,0.185,0.051,0.233,0.167,0
2023-09-23,0.0,6.0,0.185,0.011,holiday,24.7,6.8,,0,0.636,0.485,0.624,0.558,0.36,0.247,0.213,0.22,,0
2023-09-24,0.0,7.9,0.041,0.033,holiday,24.3,7.6,0.0,0,0.642,0.475,0.672,0.569,0.351,0.344,0.199,0.286,0.248,0
2023-09-25,1.0,6.9,0.677,0.0,weekday,24.7,7.1,0.0,0,0.32,0.189,,0.03,0.055,0.213,0.0,0.249,0.201,0
2023-09-26,0.0,4.4,0.645,0.0,weekday,25.4,7.3,0.0,0,0.498,0.137,0.065,0.13,0.0,0.188,0.0,,0.148,0
2023-09-27,4.1,7.8,0.56,0.016,weekday,24.6,8.3,0.0,0,0.39,0.037,0.023,0.092,0.029,0.076,0.0,,0.218,1
2023-09-28,0.0,4.2,0.645,0.0,weekday,24.3,9.8,1.0,0,0.341,,0.326,0.278,0.0,0.26,0.022,0.188,0.215,0
2023-09-29,1.8,5.8,0.583,0.0,weekday,26.0,6.6,0.0,0,0.469,0.13,,0.022,0.027,0.265,0.0,0.203,0.118,0
2023-09-30,0.0,4.0,0.068,0.038,holiday,25.9,12.1,0.0,0,0.644,0.343,0.565,0.629,0.371,0.462,0.25,0.142,,0
2023-10-01,1.5,3.0,0.22,0.0,holiday,24.6,5.0,0.0,0,0.748,0.541,0.528,0.695,0.299,0.4,0.299,0.11,,0
2023-10-02,0.3,4.4,0.623,0.081,weekday,24.3,3.2,0.0,0,0.389,0.048,0.0,,0.055,0.306,0.036,0.136,0.108,0
2023-10-03,0.0,3.5,0.707,0.0,weekday,26.9,2.9,0.0,0,0.563,0.079,0.038,0.11,,0.337,0.0,0.08,0.131,0
2023-10-04,0.6,2.6,,0.028,weekday,24.9,3.1,0.0,0,0.536,0.109,0.012,0.041,0.0,0.208,,0.154,0.076,0
2023-10-05,0.0,5.7,0.648,0.0,weekday,26.3,6.6,0.0,0,,0.021,0.0,0.15,0.0,0.18,0.0,0.162,0.14,0
2023-10-06,0.5,2.4,0.676,0.037,weekday,24.7,5.9,0.0,0,0.358,0.142,0.0,0.115,0.108,0.215,0.069,0.091,0.092,0
2023-10-07,0.0,3.0,0.035,0.0,holiday,26.1,4.1,0.0,0,0.52,0.542,0.569,0.665,0.421,0.568,0.181,0.115,0.119,0
2023-10-08,0.0,5.6,0.072,0.0,holiday,25.3,2.8,0.0,0,0.548,0.501,0.69,0.591,0.334,0.255,0.195,0.188,0.13,0
2023-10-09,0.9,2.9,0.635,0.0,weekday,25.1,3.4,0.0,0,0.395,0.128,0.023,0.026,0.011,0.161,0.0,0.099,0.051,0
2023-10-10,1.0,2.8,0.71,0.0,weekday,26.6,3.6,0.0,0,0.44,0.111,,0.023,0.0,0.322,0.0,0.122,0.094,0
2023-10-11,0.2,2.3,,0.0,weekday,25.8,3.2,0.0,0,0.386,0.134,0.029,0.121,0.01,0.247,0.027,0.052,0.043,0
2023-10-12,2.8,4.5,0.622,0.001,weekday,25.8,5.2,0.0,0,0.359,0.137,0.0,0.015,0.008,0.309,0.111,0.128,0.119,0
2023-10-13,2.1,3.9,0.686,0.0,weekday,26.2,2.1,1.0,0,0.462,0.412,0.334,0.28,0.031,0.199,0.06,0.079,0.13,0
2023-10-14,1.5,2.1,0.124,0.0,holiday,25.6,0.5,0.0,0,0.693,0.456,0.674,0.584,0.403,0.467,0.169,0.062,0.049,0
2023-10-15,0.0,3.1,0.156,0.012,holiday,25.6,6.1,0.0,0,0.62,0.537,0.555,0.642,0.337,0.471,0.224,0.133,0.029,0
2023-10-16,2.8,4.0,0.682,0.038,weekday,26.3,3.7,0.0,0,0.465,0.147,0.033,0.158,0.026,0.257,0.0,0.106,0.096,0
2023-10-17,0.0,5.6,0.602,,weekday,25.2,1.2,0.0,0,0.351,0.129,0.047,0.042,0.0,0.166,0.0,0.17,0.162,0
2023-10-18,0.0,3.7,0.716,,weekday,27.3,6.1,0.0,0,0.487,0.032,,0.092,0.0,0.231,0.0,0.151,0.14,0
2023-10-19,0.0,2.2,0.614,,weekday,26.3,8.6,1.0,1,0.474,0.472,0.268,0.321,0.056,0.251,0.05,0.468,0.419,0
2023-10-20,0.0,3.5,0.673,0.01,weekday,26.2,2.7,0.0,0,0.495,0.061,,0.084,0.013,0.162,0.0,0.076,0.061,0
2023-10-21,0.0,2.0,0.132,0.0,holiday,25.5,1.1,1.0,0,0.657,0.928,0.773,0.773,0.26,0.522,0.159,0.071,0.084,0
2023-10-22,1.0,3.2,0.153,0.099,holiday,27.6,1.4,1.0,0,0.683,0.762,0.816,0.801,0.357,0.51,0.274,0.05,0.08,0
2023-10-23,0.2,0.0,0.668,,weekday,25.6,,0.0,0,0.549,0.065,0.058,0.0,0.004,0.321,0.058,0.0,0.026,0
2023-10-24,0.0,1.4,0.649,0.069,weekday,26.6,1.3,0.0,0,0.425,0.103,0.087,0.053,0.0,,0.0,0.023,0.0,0
2023-10-25,1.1,3.4,0.596,0.0,weekday,27.1,,0.0,0,0.442,0.184,0.052,,0.0,,0.0,0.109,0.171,0
2023-10-26,2.2,6.8,0.676,0.0,weekday,25.7,0.8,0.0,0,0.464,,0.102,0.126,0.028,0.197,0.0,0.247,0.16,0
2023-10-27,2.4,4.6,,0.0,weekday,25.2,3.6,0.0,0,0.48,0.236,,0.159,0.0,0.219,0.035,0.152,0.131,0
2023-10-28,0.0,3.5,0.005,,holiday,24.0,3.5,0.0,0,0.749,0.717,0.553,0.659,0.409,0.425,0.223,0.103,0.115,0
2023-10-29,2.1,3.3,0.103,0.006,holiday,26.2,6.2,0.0,0,0.775,0.636,,0.541,0.316,0.442,0.199,,0.121,0
2023-10-30,0.0,4.2,0.686,0.049,weekday,28.2,1.1,0.0,0,0.465,0.262,0.07,0.032,0.0,0.242,0.0,0.131,0.081,0
2023-10-31,0.0,4.8,0.65,0.026,weekday,25.4,1.8,0.0,0,0.319,0.105,0.117,0.18,0.0,0.232,0.051,0.186,0.087,0
2023-11-01,2.0,4.4,0.672,0.068,weekday,25.5,6.7,0.0,0,0.402,0.143,0.009,0.04,0.015,0.246,0.054,0.168,0.105,0
2023-11-02,0.0,2.7,0.748,0.0,weekday,25.4,7.4,0.0,0,0.278,0.09,0.0,0.108,0.0,0.189,0.0,0.065,0.053,0
2023-11-03,0.0,5.5,0.631,0.0,weekday,25.1,3.8,0.0,0,0.345,0.037,0.036,0.0,0.037,0.155,0.0,0.112,0.189,0
2023-11-04,0.0,4.0,0.077,0.04,holiday,25.0,6.1,0.0,0,0.712,0.513,0.622,0.633,0.477,0.361,0.12,0.192,0.144,0
2023-11-05,0.3,3.6,0.065,0.0,holiday,24.4,1.4,1.0,0,0.642,0.742,0.909,0.758,0.33,0.52,0.174,0.157,,0
2023-11-06,1.9,4.8,0.598,0.056,weekday,25.3,3.5,0.0,0,0.308,0.204,0.051,0.06,0.059,0.241,0.0,0.149,0.139,0
2023-11-07,1.5,6.3,0.726,0.024,weekday,25.1,2.8,0.0,0,0.565,,0.0,0.046,,0.106,0.054,0.172,0.165,0
2023-11-08,0.0,4.3,0.641,,weekday,23.1,3.4,0.0,0,0.317,0.183,,,0.0,0.187,0.015,0.203,0.077,0
2023-11-09,0.0,1.2,0.604,0.041,weekday,24.5,0.6,0.0,0,0.406,0.116,0.015,0.099,0.064,0.315,0.066,0.032,0.0,0
2023-11-10,2.2,5.2,0.687,0.0,weekday,25.6,3.5,0.0,0,0.508,0.168,0.0,0.063,0.061,0.102,0.0,0.157,0.102,0
2023-11-11,0.0,3.1,0.144,0.022,holiday,24.4,4.1,0.0,0,0.587,0.486,0.575,0.62,0.379,0.435,0.194,0.11,0.088,0
2023-11-12,0.0,4.8,0.054,0.095,holiday,23.4,,0.0,0,0.846,0.504,0.647,0.632,0.391,,0.26,0.169,0.143,0
2023-11-13,0.0,5.4,0.7,0.0,weekday,25.0,5.8,0.0,0,0.506,0.01,0.0,0.172,0.007,0.119,0.061,0.23,,0
2023-11-14,0.0,4.7,0.649,0.012,weekday,23.9,0.2,0.0,0,0.419,0.038,0.0,0.041,0.003,0.064,0.0,0.22,0.096,0
2023-11-15,0.0,1.3,0.692,0.0,weekday,25.4,2.8,0.0,0,0.509,0.314,0.116,0.127,0.0,0.177,0.084,0.071,0.014,0
2023-11-16,0.9,3.2,0.667,0.0,weekday,23.8,2.7,1.0,0,0.389,0.349,0.275,0.337,0.0,0.262,0.054,0.075,0.061,0
2023-11-17,2.4,3.6,0.709,0.0,weekday,23.9,5.2,0.0,1,0.621,0.0,0.0,0.119,0.0,,0.0,0.505,,0
2023-11-18,2.0,3.5,0.084,0.023,holiday,26.2,1.6,0.0,0,0.608,0.567,0.523,0.658,0.43,0.494,0.251,0.11,,0
2023-11-19,0.0,0.0,0.14,0.028,holiday,24.1,3.6,0.0,0,0.608,0.427,0.521,0.614,0.348,0.306,0.316,0.027,0.001,0
2023-11-20,0.0,4.7,0.642,0.144,weekday,23.2,1.9,0.0,0,0.499,,0.07,0.106,0.032,0.061,0.06,0.152,0.13,0
2023-11-21,1.4,5.1,0.693,0.107,weekday,23.3,2.9,0.0,0,0.448,0.143,0.0,0.109,0.0,0.074,0.102,0.163,0.053,0
2023-11-22,0.0,6.0,0.608,0.036,weekday,24.9,2.8,0.0,0,0.426,0.183,0.028,0.1,0.0,0.219,0.076,,0.154,0
2023-11-23,0.0,4.2,0.672,0.029,weekday,23.4,2.1,0.0,0,0.576,0.119,0.0,0.11,0.075,0.05,0.022,0.214,0.056,0
2023-11-24,2.9,3.4,0.783,,weekday,23.6,6.5,0.0,0,0.408,0.015,0.0,0.125,0.0,0.163,0.023,0.137,0.121,0
2023-11-25,1.3,4.5,0.135,0.057,holiday,24.1,5.5,0.0,0,0.727,0.445,0.538,0.609,0.374,0.304,0.212,0.148,0.135,0
2023-11-26,0.0,4.7,0.111,0.0,holiday,23.2,0.6,0.0,0,0.533,0.518,0.631,0.587,0.355,0.321,0.245,0.112,0.071,0
2023-11-27,1.0,7.1,0.611,0.113,weekday,23.4,3.3,0.0,0,0.311,0.16,0.0,0.12,0.059,0.079,0.061,0.303,0.174,0
2023-11-28,0.0,3.2,0.602,0.098,weekday,22.7,2.0,0.0,0,0.319,0.038,0.053,0.11,0.01,0.0,0.092,0.117,0.096,0
2023-11-29,0.0,3.9,0.636,,weekday,22.6,1.0,0.0,0,0.326,0.0,0.067,0.054,0.0,0.156,0.0,0.188,0.061,1
2023-11-30,0.7,1.9,0.657,0.107,weekday,22.9,4.8,0.0,0,0.374,0.088,,0.087,0.0,0.168,0.118,0.084,0.092,0
2023-12-01,5.7,3.6,0.04,0.109,holiday,22.6,0.0,0.0,0,0.619,0.246,0.259,0.417,,0.225,0.122,0.08,0.043,0
2023-12-02,6.9,5.6,0.148,0.121,holiday,23.3,0.0,0.0,0,0.794,0.619,0.644,0.57,0.379,0.451,0.226,0.181,0.106,0
2023-12-03,7.7,4.2,0.116,0.193,holiday,22.4,0.0,0.0,0,0.745,0.553,0.641,0.54,0.388,0.339,0.237,0.119,0.09,0
2023-12-04,5.0,4.5,0.181,0.118,holiday,23.8,0.0,0.0,0,0.586,0.279,0.287,0.334,0.159,0.24,0.192,0.16,0.12,1
2023-12-05,6.8,1.9,0.12,0.151,holiday,22.1,0.0,1.0,0,0.471,0.555,0.574,0.554,0.099,0.258,0.18,0.088,0.07,0
2023-12-06,12.2,4.9,0.124,,holiday,21.2,0.0,0.0,0,0.53,0.272,0.267,0.285,0.186,0.207,0.224,0.139,0.086,1
2023-12-07,9.4,1.9,0.031,0.226,holiday,21.5,2.0,1.0,0,0.436,0.633,0.583,0.517,0.224,0.18,0.179,0.079,0.0,0
2023-12-08,5.2,3.8,0.124,0.088,holiday,22.3,0.0,0.0,0,0.548,0.351,0.253,0.337,0.153,0.23,0.12,0.117,0.097,0
2023-12-09,8.6,5.0,0.0,0.185,holiday,21.4,0.0,0.0,0,0.557,0.557,0.568,0.628,0.357,0.228,0.381,0.156,0.129,1
2023-12-10,7.8,3.8,0.089,0.124,holiday,22.0,0.0,0.0,0,0.96,0.496,0.547,0.629,0.371,0.328,,0.177,0.091,0
2023-12-11,16.0,4.0,,0.269,holiday,19.4,0.0,0.0,0,0.553,0.249,0.344,0.387,0.132,0.137,0.246,0.117,0.044,1
2023-12-12,18.0,6.1,0.058,0.259,holiday,20.1,0.0,1.0,0,0.302,0.481,0.686,0.511,0.16,0.148,0.216,0.198,0.148,1
2023-12-13,14.6,5.4,0.004,0.296,holiday,20.0,0.0,0.0,0,0.562,0.246,0.247,0.311,0.188,0.246,0.268,0.202,0.119,1
2023-12-14,11.0,3.2,0.082,0.209,holiday,20.1,0.0,1.0,0,0.5,0.572,0.467,0.573,0.151,,0.14,0.092,0.119,1
2023-12-15,9.0,4.1,0.083,0.183,holiday,20.3,0.0,0.0,0,,0.176,0.251,,0.174,0.202,0.15,0.149,0.103,1
2023-12-16,13.4,3.8,0.08,0.184,holiday,20.9,0.0,0.0,0,0.51,0.371,0.638,0.639,0.306,0.268,0.351,0.027,0.054,0
2023-12-17,12.3,5.3,0.04,0.267,holiday,19.3,0.0,0.0,0,0.573,0.507,0.631,0.557,0.37,0.298,0.339,0.146,0.095,0
2023-12-18,16.4,4.2,0.101,0.343,holiday,17.6,0.0,0.0,0,0.469,0.251,0.36,0.312,0.249,,0.377,0.102,0.07,1
2023-12-19,14.6,2.8,0.048,0.271,holiday,19.9,0.0,,0,0.425,0.286,,0.328,0.188,0.202,0.178,0.051,0.091,0
2023-12-20,12.3,3.9,0.078,0.328,holiday,19.6,0.0,0.0,0,0.481,0.46,0.251,0.378,0.145,0.139,0.379,,0.049,1
2023-12-21,15.8,1.1,0.069,0.284,holiday,18.8,0.0,0.0,0,0.676,0.341,0.321,0.363,0.062,0.134,0.147,0.051,0.009,1
2023-12-22,18.2,4.0,0.0,0.354,holiday,18.8,0.0,0.0,0,0.464,0.313,0.302,,0.267,0.233,0.283,0.15,0.095,1
2023-12-23,19.5,2.9,0.111,0.291,holiday,18.5,0.0,0.0,0,0.772,0.515,0.653,0.537,0.36,0.082,,0.06,0.036,1
2023-12-24,16.8,1.0,0.175,0.326,holiday,18.9,0.0,1.0,0,0.751,0.627,0.803,0.787,0.401,0.294,0.339,0.05,0.0,1
2023-12-25,20.4,3.3,0.114,0.484,holiday,16.1,0.0,0.0,0,0.404,0.277,0.274,0.286,0.2,0.178,0.464,0.098,0.071,1
2023-12-26,19.8,5.2,0.115,0.433,holiday,16.2,0.0,0.0,0,0.656,0.249,0.341,0.291,0.189,0.096,0.286,0.139,,1
2023-12-27,20.4,2.9,0.087,,holiday,16.3,0.0,0.0,0,0.557,0.311,0.34,0.305,0.167,0.066,0.348,0.093,0.117,1
2023-12-28,20.8,1.4,,0.404,holiday,17.3,0.0,0.0,0,0.697,0.179,0.218,0.349,0.158,0.135,0.378,0.118,0.043,1
2023-12-29,23.0,5.1,0.056,0.422,holiday,16.8,0.0,0.0,0,0.509,0.192,0.198,0.341,0.203,0.024,0.369,0.156,0.122,1
2023-12-30,19.8,4.4,0.0,0.432,holiday,15.8,0.0,0.0,0,0.685,0.436,0.612,0.551,0.439,0.2,0.509,0.14,0.077,1
2023-12-31,23.8,2.8,0.072,0.454,holiday,16.0,0.0,0.0,0,0.89,0.376,0.672,0.557,0.432,0.129,,0.089,0.096,1
2024-01-01,17.9,3.0,0.114,0.346,holiday,17.1,0.0,0.0,0,0.672,0.365,0.348,0.243,0.239,0.063,0.355,0.105,0.061,1
2024-01-02,19.7,4.4,0.077,0.43,holiday,16.7,0.0,0.0,0,0.621,0.267,0.326,0.184,0.171,0.115,0.382,0.111,0.138,1
2024-01-03,22.1,4.0,0.109,0.609,holiday,14.9,0.0,0.0,0,0.445,0.121,0.3,0.175,0.139,0.013,0.481,0.112,0.111,1
2024-01-04,23.8,2.2,0.047,0.531,holiday,14.7,0.0,0.0,0,0.547,0.305,0.192,0.292,0.221,0.054,0.51,0.093,0.028,1
2024-01-05,24.2,5.0,0.043,0.421,holiday,14.9,0.0,0.0,0,,0.248,0.288,0.28,0.162,0.085,0.31,,0.091,1
2024-01-06,21.5,4.4,0.111,0.451,holiday,16.6,0.0,0.0,0,0.589,0.566,0.66,0.537,0.247,0.183,0.427,0.137,0.079,1
2024-01-07,26.6,4.7,0.123,0.497,holiday,14.3,0.0,0.0,0,0.686,0.408,0.456,0.575,0.35,0.037,0.423,0.157,0.108,1
2024-01-08,23.8,5.4,0.077,0.566,holiday,14.9,0.0,0.0,0,0.543,0.202,0.252,0.277,0.219,0.013,0.418,0.22,0.12,1
2024-01-09,19.9,3.4,0.093,0.509,holiday,15.1,0.0,0.0,0,0.461,0.092,0.337,0.272,0.247,0.08,,0.165,0.059,1
2024-01-10,25.8,3.6,0.017,0.576,holiday,13.1,0.0,0.0,0,0.585,0.187,0.362,0.265,0.233,0.059,0.418,0.109,0.083,1
2024-01-11,19.5,2.6,0.133,0.486,holiday,13.8,0.0,0.0,0,0.653,0.225,0.328,0.276,0.201,0.067,0.401,0.111,0.038,1
2024-01-12,25.4,3.4,0.166,0.582,holiday,13.5,3.3,0.0,0,0.513,0.143,0.324,0.216,0.262,0.0,0.397,0.093,0.098,1
2024-01-13,24.8,4.6,0.118,0.645,holiday,13.4,1.5,0.0,0,0.715,0.339,0.603,0.546,0.328,0.066,0.63,0.095,0.114,1
2024-01-14,25.4,3.2,0.158,0.499,holiday,12.7,0.0,0.0,0,0.676,0.327,0.536,0.56,0.453,0.211,0.464,0.11,0.105,1
2024-01-15,26.5,5.0,0.148,0.613,holiday,13.7,0.0,0.0,0,0.454,0.185,0.236,0.29,0.277,0.0,0.423,0.148,0.101,1
2024-01-16,29.5,3.3,0.035,0.613,holiday,13.1,0.0,,0,0.568,0.272,0.269,0.282,0.135,0.0,0.419,0.094,0.038,1
2024-01-17,29.3,4.8,0.038,0.602,holiday,12.1,0.0,0.0,0,0.504,0.257,0.336,0.31,0.27,0.011,0.502,0.103,0.085,1
2024-01-18,25.1,6.2,0.051,0.691,holiday,12.8,0.0,0.0,0,0.443,0.178,0.266,0.284,0.277,0.105,0.415,0.221,0.126,1
2024-01-19,32.9,3.5,0.054,0.772,holiday,10.6,0.0,0.0,0,0.55,0.187,0.322,0.274,0.225,0.104,0.5,0.116,0.069,1
2024-01-20,27.8,3.4,0.157,0.607,holiday,12.3,0.0,0.0,0,,0.348,0.536,0.517,0.396,0.131,0.553,0.093,0.056,1
2024-01-21,31.8,3.3,0.004,0.704,holiday,12.3,0.0,0.0,0,0.664,0.485,0.661,0.517,0.413,0.189,0.624,0.095,0.11,1
2024-01-22,28.9,2.6,0.101,0.658,holiday,11.9,0.0,1.0,0,0.464,0.359,0.634,0.437,0.26,0.033,0.435,0.107,0.061,1
2024-01-23,32.9,2.8,0.086,0.793,holiday,10.0,0.0,0.0,0,0.502,0.247,0.231,0.242,0.275,0.136,0.603,0.069,0.085,1
2024-01-24,29.5,3.4,0.082,0.652,holiday,10.9,0.0,0.0,0,0.612,0.124,0.238,0.275,0.238,0.078,0.406,0.083,0.039,1
2024-01-25,32.1,4.4,0.079,0.659,holiday,10.5,0.0,0.0,0,0.641,0.284,0.334,0.311,0.2,0.015,0.511,0.142,0.114,1
2024-01-26,29.5,4.5,0.083,0.695,holiday,10.4,0.0,0.0,0,,0.238,0.211,0.303,0.277,0.185,0.464,0.142,0.158,1
2024-01-27,33.8,2.8,0.001,,holiday,9.6,0.0,0.0,0,0.609,0.31,0.489,0.503,0.471,0.156,0.657,0.111,0.067,1
2024-01-28,32.0,4.7,0.093,0.757,holiday,9.8,0.0,0.0,0,0.602,0.53,0.572,0.491,0.427,0.116,,0.166,0.079,1
2024-01-29,33.8,4.1,0.063,0.754,holiday,8.3,0.0,0.0,0,0.468,0.27,0.35,0.288,0.194,0.136,0.562,0.157,0.109,1
2024-01-30,34.3,5.7,0.118,0.792,holiday,10.0,0.0,0.0,0,0.556,0.173,0.261,0.249,0.22,0.0,0.533,0.216,0.18,1
2024-01-31,34.2,3.7,0.034,0.778,holiday,9.9,0.0,0.0,0,0.43,0.352,0.303,0.319,0.261,0.01,0.566,0.09,0.08,1
2024-02-01,35.0,4.2,0.672,0.704,weekday,9.1,,0.0,0,0.409,0.036,0.0,0.0,0.112,0.061,0.467,0.157,0.043,1
2024-02-02,34.7,3.1,0.693,0.804,weekday,9.1,0.0,0.0,0,0.419,0.0,0.0,0.0,0.056,0.0,0.52,0.12,0.022,1
2024-02-03,35.0,3.6,0.09,0.817,holiday,7.9,0.0,0.0,0,0.719,0.416,0.674,0.525,0.421,0.251,0.643,0.055,0.046,1
2024-02-04,34.5,3.0,0.083,0.776,holiday,8.6,0.9,0.0,0,0.705,0.481,0.558,0.545,0.488,,0.597,0.117,0.08,1
2024-02-05,34.3,2.4,0.698,0.74,weekday,9.2,0.0,0.0,0,0.426,0.014,0.018,0.095,0.151,0.06,0.339,0.094,0.111,1
2024-02-06,35.0,4.6,0.665,0.819,weekday,7.4,,1.0,0,0.455,0.12,0.263,0.168,0.092,0.0,0.504,0.143,0.182,1
2024-02-07,32.5,3.4,0.752,0.825,weekday,6.3,0.0,0.0,0,0.432,0.118,0.0,0.026,0.133,,0.54,0.031,0.079,1
2024-02-08,34.4,3.0,0.74,0.789,weekday,7.5,0.0,0.0,0,0.483,0.102,0.086,0.0,0.171,0.0,0.511,0.108,0.032,1
2024-02-09,34.5,4.7,0.764,0.789,weekday,8.2,5.8,,0,0.526,0.001,0.041,0.026,0.12,0.0,0.367,0.21,0.109,1
2024-02-10,34.3,2.4,0.098,0.851,holiday,6.9,0.0,0.0,0,0.745,0.57,0.566,,0.337,0.151,0.699,0.099,0.06,1
2024-02-11,34.3,4.5,0.015,0.838,holiday,6.3,0.0,0.0,0,0.637,0.249,0.593,0.558,0.392,0.037,0.658,0.165,0.127,1
2024-02-12,35.0,6.0,0.617,0.782,weekday,7.7,0.0,0.0,0,0.446,0.0,0.108,0.065,0.043,0.0,0.453,,0.112,1
2024-02-13,35.0,4.4,0.681,0.881,weekday,5.3,0.0,0.0,0,0.408,0.0,0.016,,0.132,0.0,0.499,0.164,0.094,1
2024-02-14,35.0,2.7,0.669,0.904,weekday,6.0,0.0,0.0,0,0.535,,0.0,0.0,0.086,0.001,0.435,0.056,0.08,1
2024-02-15,35.0,4.9,0.617,0.879,weekday,5.2,0.0,0.0,0,0.478,,0.039,0.083,0.098,0.0,0.568,0.134,0.097,1
2024-02-16,35.0,3.6,0.773,0.892,weekday,4.5,,0.0,0,0.507,0.055,0.006,0.0,0.175,0.0,0.556,0.108,0.069,1
2024-02-17,35.0,3.7,,0.772,holiday,4.7,0.0,0.0,0,0.659,0.488,0.581,0.447,0.431,0.081,0.636,0.109,0.092,1
2024-02-18,35.0,4.7,0.102,0.875,holiday,5.3,0.0,0.0,0,0.556,0.264,0.532,0.551,0.453,0.159,0.68,0.134,0.085,1
2024-02-19,34.1,3.3,0.682,0.849,weekday,4.0,0.0,0.0,0,0.468,0.006,0.0,0.018,0.103,0.018,,0.069,0.066,1
2024-02-20,35.0,3.5,0.693,0.929,weekday,4.7,0.0,0.0,0,0.471,0.062,0.029,0.059,0.085,0.0,0.548,0.106,0.092,1
2024-02-21,35.0,2.4,0.625,0.919,weekday,4.3,0.0,0.0,0,0.611,0.0,0.0,,0.196,0.0,0.496,,0.076,1
2024-02-22,33.4,5.5,0.705,0.904,weekday,3.4,0.0,0.0,0,0.347,0.078,0.011,0.0,0.138,0.0,0.463,0.15,0.112,1
2024-02-23,32.2,5.5,0.656,0.871,weekday,3.4,0.0,0.0,0,0.496,0.059,0.054,0.01,0.058,0.0,0.462,0.212,0.117,1
2024-02-24,35.0,3.5,0.016,0.874,holiday,4.6,0.0,0.0,0,0.515,0.497,0.526,0.475,0.46,,0.685,0.071,0.031,1
2024-02-25,31.0,5.6,0.084,0.977,holiday,1.8,0.0,0.0,0,0.653,0.458,0.615,0.479,0.374,0.08,0.873,0.143,0.154,1
2024-02-26,35.0,2.2,0.698,0.996,weekday,2.6,0.0,,0,0.342,,0.0,0.0,0.134,0.0,,0.047,0.019,1
2024-02-27,35.0,2.0,0.737,0.921,weekday,3.0,0.0,0.0,0,0.498,0.0,0.055,0.0,0.111,0.0,0.455,0.096,0.075,1
2024-02-28,35.0,6.5,0.594,0.94,weekday,2.0,0.0,0.0,0,0.568,0.15,0.111,0.051,0.113,0.0,0.543,,,1
2024-02-29,35.0,3.6,,0.853,weekday,2.3,0.0,0.0,0,0.376,0.0,0.0,0.023,0.082,0.0,0.455,0.115,0.059,1
2024-03-01,35.0,4.2,0.764,0.948,weekday,3.4,0.0,0.0,0,0.41,0.114,0.003,0.037,0.122,0.0,0.49,0.214,0.146,1
2024-03-02,35.0,5.9,0.089,0.997,holiday,0.3,0.0,0.0,0,0.713,0.506,0.612,0.491,0.474,0.134,0.797,0.202,0.107,1
2024-03-03,33.4,4.7,0.105,0.947,holiday,1.2,0.0,0.0,0,0.78,0.387,0.566,0.494,0.556,0.238,0.735,0.168,0.11,1
2024-03-04,35.0,2.4,0.678,1.0,weekday,1.9,0.0,0.0,0,0.322,0.0,0.109,0.01,0.102,0.0,0.541,0.057,0.055,1
2024-03-05,33.4,4.3,0.692,0.987,weekday,1.7,0.0,0.0,0,0.334,0.0,,0.0,0.101,0.0,0.519,0.135,0.072,1
2024-03-06,35.0,4.8,0.737,0.973,weekday,1.9,0.0,0.0,0,0.451,0.0,0.0,0.04,0.233,0.007,0.518,0.137,0.094,1
2024-03-07,34.4,3.3,0.602,,weekday,1.5,0.0,0.0,0,0.493,0.0,0.0,0.0,0.126,0.029,0.592,0.073,,1
2024-03-08,34.6,4.2,0.641,0.994,weekday,1.4,0.0,1.0,0,0.497,0.17,0.31,0.163,0.14,,0.581,0.085,0.101,1
2024-03-09,35.0,3.6,0.094,1.0,holiday,1.4,0.0,0.0,0,0.695,0.303,0.595,0.486,,0.128,0.768,0.1,0.062,1
2024-03-10,34.8,3.5,0.115,0.971,holiday,1.1,0.0,1.0,0,0.601,,0.817,0.634,0.448,0.297,0.744,0.068,0.084,1
2024-03-11,35.0,3.8,0.632,0.982,weekday,1.7,1.0,0.0,0,0.373,0.0,0.0,0.0,0.197,0.008,0.491,0.14,0.056,1
2024-03-12,35.0,2.1,0.577,1.0,weekday,0.3,0.0,0.0,0,0.314,0.007,0.041,0.0,0.201,0.0,0.483,0.088,,1
2024-03-13,35.0,5.7,0.63,1.0,weekday,0.3,0.0,0.0,0,0.371,0.0,0.0,0.0,0.09,0.0,0.523,0.199,0.143,1
2024-03-14,33.8,3.2,0.637,1.0,weekday,1.7,0.0,0.0,0,0.455,0.0,0.0,0.042,0.136,0.0,0.626,0.118,0.065,1
2024-03-15,32.2,1.8,0.655,1.0,weekday,0.3,0.0,0.0,0,0.362,0.127,0.071,0.012,0.071,0.07,,0.087,0.049,1
2024-03-16,35.0,2.2,,0.936,holiday,2.6,0.0,0.0,0,0.613,0.449,0.583,0.516,0.513,0.186,0.74,0.089,0.063,1
2024-03-17,35.0,4.4,0.135,0.939,holiday,-1.2,0.0,0.0,0,0.761,0.385,0.677,0.521,0.517,,0.637,0.146,0.065,1
2024-03-18,35.0,2.8,,1.0,weekday,0.3,0.0,0.0,0,0.446,0.0,0.064,0.0,0.2,0.0,0.604,0.102,0.063,1
2024-03-19,35.0,4.6,0.641,1.0,weekday,-0.6,0.0,0.0,0,0.413,0.038,0.0,0.035,0.228,0.0,0.588,0.142,,1
2024-03-20,33.3,2.8,,1.0,weekday,0.5,0.0,0.0,0,0.54,0.0,0.0,,0.169,0.0,0.514,0.067,0.143,1
2024-03-21,34.8,2.6,0.649,,weekday,-0.7,0.0,0.0,1,0.353,0.035,0.118,0.016,0.125,0.0,0.52,0.467,0.37,1
2024-03-22,34.8,2.0,0.698,1.0,weekday,-0.3,0.0,0.0,0,0.555,0.025,0.0,0.0,0.157,0.0,0.436,0.065,0.056,1
2024-03-23,35.0,1.6,0.111,1.0,holiday,-0.5,0.0,0.0,0,0.747,0.47,0.51,0.512,0.557,0.237,0.828,0.028,0.011,1
2024-03-24,33.7,3.8,0.082,1.0,holiday,0.0,0.0,0.0,0,0.657,,0.597,0.523,0.512,0.107,0.717,0.112,0.082,1
2024-03-25,34.1,2.8,0.731,0.968,weekday,-0.6,0.0,0.0,0,,0.208,0.067,0.0,0.141,0.015,0.47,0.057,0.036,1
2024-03-26,30.8,3.1,0.715,0.928,weekday,-2.0,0.0,0.0,0,0.452,0.0,0.114,0.0,0.244,0.0,0.594,0.115,0.04,1
2024-03-27,33.7,2.5,0.636,0.977,weekday,-3.1,0.0,0.0,0,0.42,0.0,0.0,0.03,0.184,0.0,0.525,0.1,0.047,1
2024-03-28,34.4,4.8,0.71,1.0,weekday,-0.1,0.8,0.0,0,0.467,0.013,0.0,0.012,0.082,0.0,0.546,0.139,0.075,1
2024-03-29,34.5,4.3,0.615,1.0,weekday,-1.6,0.0,0.0,0,0.522,0.177,0.029,0.0,0.186,0.0,0.417,0.166,0.097,1
2024-03-30,35.0,4.8,0.132,0.906,holiday,-1.8,0.0,0.0,0,0.618,0.393,0.533,0.49,0.475,0.143,0.657,0.124,0.058,1
2024-03-31,32.6,3.7,0.091,0.99,holiday,-0.8,0.0,0.0,0,0.675,0.444,0.638,0.51,0.465,0.239,0.756,,0.091,1
2024-04-01,0.1,3.4,0.667,0.617,weekday,-1.2,2.3,0.0,0,0.351,0.09,,0.0,0.164,0.0,0.332,0.066,0.107,0
2024-04-02,1.4,5.5,0.615,0.695,weekday,-0.5,1.8,0.0,0,0.446,0.031,0.021,0.069,0.116,0.0,0.365,0.116,0.127,0
2024-04-03,1.6,2.9,0.71,0.555,weekday,-2.2,5.2,0.0,0,0.525,0.0,0.017,0.062,0.227,0.026,,0.135,0.095,0
2024-04-04,5.1,2.7,0.682,0.72,weekday,-1.6,2.8,1.0,0,0.526,0.3,0.308,0.161,0.125,0.0,0.354,0.062,0.074,1
2024-04-05,1.6,6.4,0.718,0.603,weekday,-0.8,2.5,0.0,0,0.394,0.0,0.0,0.0,0.158,0.0,0.335,0.193,0.148,0
2024-04-06,0.0,4.8,0.147,0.617,holiday,-1.9,1.7,0.0,0,0.745,0.179,0.52,0.534,0.541,0.062,0.515,0.147,0.175,1
2024-04-07,0.0,1.8,0.06,0.582,holiday,-1.1,0.9,0.0,0,0.706,0.292,0.561,0.486,0.497,0.125,0.529,0.007,0.073,0
2024-04-08,0.0,2.8,0.631,0.724,weekday,-2.5,2.9,0.0,0,0.417,0.0,0.0,0.036,0.171,0.0,0.36,0.074,0.053,0
2024-04-09,1.4,5.2,0.748,0.587,weekday,-2.0,4.7,0.0,0,0.398,0.109,0.0,0.014,0.256,0.0,0.293,0.141,0.098,1
2024-04-10,1.4,2.9,0.669,,weekday,-3.4,1.1,,0,0.601,0.0,0.025,0.033,0.09,0.0,0.367,0.094,0.074,0
2024-04-11,0.2,0.9,0.689,0.744,weekday,-1.2,,0.0,0,0.485,0.0,0.0,0.108,0.108,0.0,0.424,0.04,0.041,0
2024-04-12,0.0,3.6,0.686,0.742,weekday,-1.4,4.8,0.0,0,0.541,0.031,0.113,0.048,0.146,0.0,0.449,0.129,0.099,0
2024-04-13,2.2,6.1,0.085,0.638,holiday,-1.3,4.5,0.0,0,0.489,0.264,0.565,0.403,0.514,0.051,0.491,0.2,0.143,0
2024-04-14,0.0,6.2,0.085,0.595,holiday,-1.9,4.6,0.0,0,0.59,0.397,0.521,,0.617,0.05,0.498,0.254,0.199,0
2024-04-15,0.0,4.6,0.625,0.545,weekday,-0.6,7.4,0.0,0,0.392,0.105,0.089,0.045,0.217,0.0,0.314,0.216,0.158,0
2024-04-16,1.3,1.6,0.6,0.706,weekday,-1.8,2.6,0.0,0,,0.068,0.06,0.0,0.205,0.0,0.43,0.042,0.042,0
2024-04-17,2.5,4.1,0.642,0.674,weekday,-2.1,4.0,0.0,1,0.497,0.008,0.008,0.001,0.103,0.0,0.339,0.476,0.397,1
2024-04-18,0.0,5.0,0.676,0.633,weekday,-2.3,1.6,0.0,0,0.449,0.0,0.0,0.042,0.187,0.0,0.272,0.134,0.104,0
2024-04-19,2.2,6.5,0.675,0.618,weekday,-1.9,7.0,0.0,0,0.43,0.0,0.042,0.0,0.148,0.0,0.322,0.237,0.17,1
2024-04-20,2.0,2.6,0.043,0.749,holiday,-0.4,1.4,0.0,0,0.668,,0.568,0.553,0.529,0.065,0.611,0.072,0.055,0
2024-04-21,0.0,3.7,0.138,0.598,holiday,-0.3,4.6,0.0,0,0.789,0.205,0.494,0.548,0.477,0.041,0.494,0.134,,0
2024-04-22,0.9,2.6,0.58,0.618,weekday,-3.7,4.3,0.0,0,0.387,0.0,0.08,0.011,0.155,0.0,0.26,0.076,0.102,0
2024-04-23,0.0,6.9,0.596,0.643,weekday,-2.0,0.3,0.0,0,0.387,0.031,0.053,0.0,0.246,0.0,0.412,0.229,0.138,1
2024-04-24,0.0,3.8,0.681,0.619,weekday,-1.5,3.2,0.0,0,0.397,0.151,0.035,0.056,0.189,0.0,0.292,0.189,0.12,0
2024-04-25,0.0,3.9,0.704,0.623,weekday,-1.9,1.3,0.0,0,0.514,0.0,0.0,0.0,0.112,0.0,0.337,0.105,0.1,0
2024-04-26,0.0,5.0,0.601,0.727,weekday,-2.1,3.4,0.0,0,0.223,0.0,0.023,0.084,0.208,0.0,0.442,0.164,0.154,0
2024-04-27,0.8,5.1,0.076,0.662,holiday,-1.2,3.9,0.0,0,0.662,0.252,0.589,0.53,0.579,0.085,0.514,,0.152,0
2024-04-28,0.0,5.8,0.09,0.623,holiday,-1.4,5.2,0.0,0,0.697,0.451,0.567,0.371,0.529,0.002,0.536,0.157,0.154,0
2024-04-29,1.9,5.1,0.705,0.706,weekday,-2.1,3.2,0.0,0,0.323,0.046,0.0,0.0,0.147,0.0,,0.179,0.15,1
2024-04-30,0.0,1.6,0.662,0.679,weekday,-0.2,2.4,0.0,0,0.446,0.001,0.038,0.0,0.216,0.0,0.312,0.066,0.013,0
2024-05-01,2.1,1.9,0.031,0.71,holiday,-2.0,6.9,0.0,0,0.613,0.104,0.241,0.137,0.378,0.079,0.505,0.104,0.065,0
2024-05-02,0.0,5.5,0.101,0.733,holiday,-0.8,2.6,0.0,0,0.488,0.203,0.294,0.255,0.306,0.0,0.47,0.174,0.087,1
2024-05-03,1.5,5.1,0.065,0.691,holiday,-3.7,2.1,0.0,0,0.594,0.151,0.265,0.201,0.23,0.052,0.48,0.107,0.099,0
2024-05-04,0.0,2.9,0.089,0.625,holiday,0.0,3.5,0.0,0,0.772,0.474,0.574,0.479,0.535,0.233,,0.064,0.098,0
2024-05-05,1.0,3.7,0.137,0.626,holiday,-1.6,0.8,0.0,0,0.592,0.566,,0.46,0.481,0.0,0.521,0.203,0.106,0
2024-05-06,1.0,3.3,0.008,0.644,holiday,-1.9,2.3,0.0,0,0.632,0.353,,0.263,0.331,0.0,0.39,0.113,0.091,0
2024-05-07,0.6,6.2,0.068,,holiday,-1.8,6.0,0.0,0,0.557,0.065,0.307,0.289,0.402,0.0,0.44,0.169,0.15,1
2024-05-08,0.8,3.5,0.042,0.609,holiday,-1.4,3.5,0.0,0,0.473,0.247,0.321,0.287,0.255,0.0,0.525,0.144,0.086,1
2024-05-09,0.0,1.5,0.02,0.58,holiday,0.8,2.5,0.0,0,0.57,0.246,0.298,0.339,0.302,0.055,0.381,0.087,0.022,0
2024-05-10,0.0,2.1,0.067,0.602,holiday,-1.1,0.4,0.0,0,0.578,0.139,0.322,0.325,0.348,0.078,,0.054,0.037,0
2024-05-11,0.0,3.9,0.085,0.633,holiday,-1.5,4.3,0.0,0,0.765,0.372,0.55,0.56,0.449,0.14,0.573,0.144,0.16,0
2024-05-12,0.8,4.4,0.132,0.658,holiday,-1.0,3.0,0.0,0,0.585,0.445,0.582,0.517,0.483,,0.544,0.113,0.11,1
2024-05-13,0.1,2.8,0.132,0.739,holiday,-1.3,1.4,0.0,0,0.617,0.207,0.239,0.243,0.347,0.025,0.39,,0.06,1
2024-05-14,0.0,4.7,0.026,0.534,holiday,-0.4,3.5,0.0,0,0.41,0.132,0.27,0.319,0.379,0.0,0.363,0.179,0.109,0
2024-05-15,2.2,2.4,0.026,0.751,holiday,-1.1,1.8,0.0,0,0.546,0.279,0.307,0.221,0.251,0.041,0.501,0.062,0.108,1
2024-05-16,0.0,4.7,0.078,0.6,holiday,0.7,1.0,0.0,0,,0.16,0.301,0.308,0.268,0.03,0.361,0.129,0.138,0
2024-05-17,0.0,2.1,0.082,0.635,holiday,0.2,1.7,1.0,0,0.464,0.499,0.547,0.49,0.304,0.0,0.395,0.119,0.039,1
2024-05-18,2.8,4.6,0.104,0.699,holiday,-0.0,5.8,0.0,0,0.655,0.426,0.575,0.547,0.573,0.053,,0.108,0.105,0
2024-05-19,0.0,4.2,0.123,0.571,holiday,-0.3,2.7,0.0,0,0.749,0.395,0.716,0.491,0.524,0.0,0.565,0.118,0.118,0
2024-05-20,0.0,2.1,0.078,0.694,holiday,0.3,1.0,0.0,0,0.536,0.221,0.414,0.239,0.363,0.0,0.562,0.049,0.109,0
2024-05-21,0.2,5.2,0.05,0.72,holiday,2.0,3.0,0.0,0,0.471,0.128,0.261,0.33,0.364,0.0,0.586,0.176,0.08,0
2024-05-22,2.3,4.3,0.0,0.612,holiday,0.1,4.4,0.0,0,0.582,0.126,0.199,0.28,0.353,0.006,0.474,0.218,0.107,1
2024-05-23,1.1,4.3,0.075,0.673,holiday,1.1,1.1,0.0,0,0.598,0.322,0.337,0.227,,0.173,0.477,0.13,0.12,0
2024-05-24,0.0,4.4,0.123,0.706,holiday,0.2,7.4,0.0,0,0.716,0.291,,0.168,0.32,0.0,0.519,0.197,0.056,0
2024-05-25,0.1,5.0,0.129,0.662,holiday,0.3,3.4,0.0,0,0.699,0.515,0.601,0.521,0.552,0.248,0.554,0.132,0.128,1
2024-05-26,0.0,2.7,0.129,0.613,holiday,1.1,1.0,0.0,0,0.817,0.353,0.561,0.453,0.537,0.106,0.516,0.123,0.102,0
2024-05-27,0.0,3.9,0.108,0.563,holiday,1.5,4.7,0.0,0,0.532,0.172,0.201,0.184,0.289,0.034,0.37,0.137,0.111,0
2024-05-28,0.0,5.0,,0.688,holiday,0.7,2.4,1.0,0,0.484,0.333,0.519,0.409,0.36,0.0,0.465,0.204,,0
2024-05-29,2.3,7.4,,0.705,holiday,1.7,4.8,0.0,0,0.474,0.181,0.266,0.175,0.322,0.0,0.434,0.243,0.171,0
2024-05-30,0.0,3.7,0.095,,holiday,2.8,5.4,0.0,0,0.431,0.059,0.289,0.279,0.294,0.039,0.559,0.18,0.124,0
2024-05-31,0.0,3.6,0.055,0.615,holiday,2.5,0.5,0.0,0,0.588,0.0,0.295,0.247,0.264,0.099,0.326,0.093,0.039,0
2024-06-01,0.0,4.8,0.138,0.519,holiday,2.0,3.9,0.0,0,0.714,,0.537,0.508,0.418,0.093,0.421,,0.122,0
2024-06-02,1.2,3.3,0.12,0.497,holiday,1.7,2.1,0.0,0,0.776,0.494,0.636,0.511,0.461,0.102,0.44,0.153,0.115,0
2024-06-03,0.2,3.2,0.631,,weekday,2.2,6.4,0.0,0,0.388,0.0,0.045,0.0,0.109,0.009,,0.124,0.072,1
2024-06-04,0.0,2.9,0.648,0.657,weekday,1.9,4.7,0.0,0,0.391,,,0.087,0.167,0.0,,0.148,0.073,0
2024-06-05,0.0,4.9,0.553,0.554,weekday,1.6,6.5,1.0,0,0.44,0.243,0.327,0.254,0.139,0.0,0.269,0.207,0.165,0
2024-06-06,3.9,3.9,0.557,0.571,weekday,2.2,9.4,0.0,0,0.264,0.0,0.0,0.001,0.089,0.005,0.325,0.149,0.127,0
2024-06-07,0.0,4.3,0.664,0.572,weekday,2.4,3.9,,0,0.509,0.0,0.0,0.0,0.138,0.0,0.252,0.136,0.107,1
2024-06-08,0.8,4.0,0.091,,holiday,3.8,0.7,0.0,0,0.704,0.451,0.62,0.427,0.518,0.0,0.508,0.085,0.106,0
2024-06-09,0.2,5.5,0.175,0.574,holiday,1.1,4.4,0.0,0,0.735,0.28,0.653,0.526,0.424,0.077,0.558,0.167,0.101,0
2024-06-10,6.5,3.3,0.613,0.673,weekday,3.1,4.2,0.0,0,0.484,0.1,0.085,0.0,0.025,0.0,0.33,0.109,,1
2024-06-11,1.5,4.9,0.647,0.509,weekday,4.4,1.8,0.0,0,0.619,0.0,0.013,0.0,0.089,0.0,0.321,0.171,0.155,0
2024-06-12,0.4,5.7,0.621,0.607,weekday,3.8,6.2,0.0,0,0.546,0.0,0.0,0.0,0.06,,,0.208,0.144,1
2024-06-13,0.0,4.6,0.625,0.513,weekday,3.5,6.7,0.0,0,0.437,0.0,0.0,0.0,0.105,0.0,0.348,0.115,0.126,0
2024-06-14,0.0,4.0,0.619,0.495,weekday,3.7,5.2,0.0,0,0.372,0.0,0.0,0.0,0.111,0.0,0.294,0.096,0.064,0
2024-06-15,1.7,3.1,0.057,0.506,holiday,4.3,5.9,0.0,0,0.776,0.442,0.634,0.553,0.419,0.089,0.499,0.152,0.095,1
2024-06-16,0.6,4.1,,0.52,holiday,4.4,3.5,0.0,0,0.802,0.359,0.522,0.522,0.422,0.187,0.437,0.173,,0
2024-06-17,0.0,5.4,,0.568,weekday,5.0,0.5,0.0,0,0.268,,0.0,0.0,0.156,0.038,0.343,0.106,0.116,0
2024-06-18,0.0,3.4,0.706,0.453,weekday,4.0,2.7,0.0,0,0.428,0.081,0.048,0.0,0.097,0.0,0.317,0.125,0.077,0
2024-06-19,1.0,2.1,0.597,0.598,weekday,5.1,0.9,0.0,0,0.289,0.0,0.0,0.0,0.078,0.0,0.346,0.042,0.043,0
2024-06-20,1.3,2.2,0.686,0.395,weekday,5.1,20.8,0.0,0,0.439,0.0,0.0,0.065,0.064,0.0,0.223,,0.136,0
2024-06-21,0.0,5.3,0.645,0.416,weekday,5.0,19.5,0.0,0,0.44,0.0,0.023,0.037,0.054,0.0,0.129,0.229,0.246,0
2024-06-22,0.2,5.3,0.018,0.504,holiday,4.8,19.4,1.0,0,0.525,0.552,0.813,0.71,0.518,0.0,0.543,0.263,0.194,0
2024-06-23,0.8,4.0,,0.454,holiday,6.4,18.1,0.0,0,0.703,0.38,0.543,,0.425,0.086,,0.179,0.213,0
2024-06-24,0.1,4.8,0.612,0.389,weekday,5.9,26.2,0.0,0,0.402,0.0,0.0,0.051,0.122,0.0,0.109,0.223,0.221,0
2024-06-25,1.9,3.3,0.675,0.415,weekday,7.0,18.5,0.0,0,0.47,0.0,0.0,0.0,0.057,0.0,0.216,0.153,0.189,0
2024-06-26,1.8,4.5,0.692,0.468,weekday,8.4,19.0,0.0,0,0.416,0.0,0.0,0.069,0.097,0.0,0.146,0.171,0.212,1
2024-06-27,2.0,4.4,0.658,0.453,weekday,7.0,22.2,0.0,0,0.408,0.0,0.063,0.0,0.121,,0.243,0.221,0.233,0
2024-06-28,0.0,3.9,0.619,0.382,weekday,6.7,22.2,0.0,0,0.397,0.0,0.0,0.074,0.08,0.0,0.182,0.168,0.191,0
2024-06-29,0.9,4.4,0.068,0.377,holiday,8.5,21.0,0.0,0,,0.469,0.644,0.498,0.486,,0.327,0.214,0.241,0
2024-06-30,0.0,5.0,0.123,0.425,holiday,7.0,18.9,0.0,0,0.776,0.329,0.569,0.405,0.418,0.0,0.42,0.211,0.245,0
2024-07-01,1.8,3.1,0.586,0.441,weekday,8.0,24.9,0.0,0,0.424,0.0,0.002,0.013,0.004,0.0,0.21,0.183,0.21,0
2024-07-02,0.0,4.0,0.676,0.394,weekday,7.5,23.1,0.0,0,0.46,0.0,0.09,0.0,,0.0,0.146,0.171,0.197,0
2024-07-03,1.4,3.1,0.68,0.477,weekday,8.8,21.1,1.0,0,0.453,0.122,0.167,0.24,0.027,0.0,0.198,0.166,0.191,0
2024-07-04,1.6,1.4,0.558,0.319,weekday,9.3,22.2,0.0,0,0.478,0.0,0.0,0.0,0.099,0.0,0.109,0.092,0.231,0
2024-07-05,0.0,5.0,0.657,0.284,weekday,8.8,22.4,0.0,0,0.503,0.03,0.028,0.0,0.093,0.0,0.081,0.208,0.279,0
2024-07-06,1.4,2.2,0.0,0.409,holiday,9.0,19.7,0.0,0,0.543,0.224,0.544,0.571,0.36,0.123,0.368,0.11,0.182,0
2024-07-07,0.0,3.6,0.123,0.35,holiday,9.4,18.8,0.0,0,0.657,0.461,0.624,0.542,0.488,0.024,0.328,0.167,0.114,0
2024-07-08,0.0,4.8,0.616,0.276,weekday,10.7,20.5,0.0,0,0.62,0.0,0.053,0.0,0.092,0.0,0.082,,0.226,0
2024-07-09,0.0,3.3,0.679,0.437,weekday,7.5,19.8,0.0,0,0.544,0.02,0.0,0.084,0.091,0.0,0.12,0.159,0.187,1
2024-07-10,2.8,1.5,0.612,0.411,weekday,8.9,19.0,0.0,0,0.431,0.031,0.016,0.0,0.051,0.0,0.138,0.125,0.117,1
2024-07-11,2.0,1.8,0.607,0.416,weekday,9.8,20.1,0.0,0,,0.0,0.069,0.044,0.0,0.0,0.157,0.101,0.145,0
2024-07-12,0.0,3.1,0.716,0.277,weekday,10.6,21.4,0.0,0,0.558,0.0,,0.031,0.06,,0.175,0.195,0.181,0
2024-07-13,0.0,3.5,,0.309,holiday,12.0,19.1,0.0,0,0.673,0.459,0.593,0.515,0.405,0.026,0.401,0.173,0.19,0
2024-07-14,0.0,5.0,0.086,0.375,holiday,10.0,19.7,0.0,0,0.456,0.484,0.641,0.375,0.392,0.0,0.426,0.159,0.217,0
2024-07-15,0.0,4.2,0.627,0.288,weekday,11.7,22.4,0.0,0,0.135,0.0,0.0,0.062,0.066,0.0,0.108,0.135,0.194,0
2024-07-16,0.0,3.7,0.588,0.289,weekday,10.9,21.0,0.0,0,0.428,0.0,0.0,0.0,0.012,0.0,0.168,0.166,0.259,0
2024-07-17,0.5,5.3,0.618,0.357,weekday,11.4,21.9,0.0,0,0.477,0.01,0.0,,0.061,0.0,0.225,0.234,0.239,0
2024-07-18,0.6,5.3,0.664,0.363,weekday,10.1,21.9,0.0,0,0.425,0.025,0.074,0.072,0.092,0.0,0.205,0.212,0.26,0
2024-07-19,2.1,5.4,0.617,0.288,weekday,13.2,,0.0,0,0.483,0.038,0.0,0.076,0.039,0.0,0.106,0.16,0.275,0
2024-07-20,0.7,3.2,0.083,0.37,holiday,11.9,25.2,1.0,0,0.683,0.509,,0.712,0.391,0.05,0.274,0.22,0.253,0
2024-07-21,0.0,3.1,0.018,0.248,holiday,12.0,24.3,1.0,0,0.657,0.548,0.766,0.677,0.395,0.11,0.18,0.219,0.18,0
2024-07-22,0.0,6.5,0.598,0.24,,13.3,20.4,0.0,0,0.654,0.0,0.004,0.144,0.0,0.0,0.091,0.218,0.284,0
2024-07-23,1.0,5.9,0.646,0.302,weekday,13.4,20.5,0.0,0,,0.0,0.009,0.046,0.058,0.0,0.206,0.233,0.216,0
2024-07-24,0.0,5.4,0.67,0.309,weekday,13.2,19.0,0.0,0,0.501,,0.0,0.049,0.097,0.0,0.029,0.258,0.262,0
2024-07-25,1.9,6.2,0.626,0.263,weekday,13.0,20.8,0.0,0,0.321,0.022,0.0,0.0,0.028,0.0,0.043,0.291,0.229,0
2024-07-26,0.6,3.9,0.581,0.257,weekday,13.2,19.4,0.0,0,0.523,0.054,0.0,0.022,0.005,0.0,0.1,0.226,0.185,0
2024-07-27,0.0,3.2,0.091,0.202,holiday,14.2,19.0,0.0,0,0.791,0.314,0.46,0.491,,0.053,0.354,0.223,0.169,0
2024-07-28,0.0,3.7,0.092,0.121,holiday,14.8,26.0,0.0,0,0.653,0.367,0.56,0.543,0.323,0.0,0.214,0.202,0.215,0
2024-07-29,0.0,4.0,0.654,,weekday,12.9,21.2,0.0,0,0.368,0.0,0.0,0.0,0.077,0.0,,0.19,0.206,0
2024-07-30,1.1,4.5,0.604,0.217,weekday,15.1,19.5,0.0,0,0.522,0.156,0.001,0.0,0.016,0.0,0.078,0.189,0.232,0
2024-07-31,3.9,2.8,0.641,0.354,weekday,13.7,4.5,0.0,0,0.395,0.093,,0.0,0.115,0.0,0.162,0.076,0.086,0
2024-08-01,0.0,7.9,0.1,0.16,holiday,16.7,8.3,0.0,0,0.561,0.134,0.324,0.289,0.119,0.0,0.195,0.302,0.225,0
2024-08-02,3.5,4.9,0.075,0.241,holiday,16.1,7.1,0.0,0,0.684,0.325,0.186,,0.123,0.0,0.189,0.152,0.103,1
2024-08-03,0.0,7.1,,0.203,holiday,14.6,6.4,0.0,0,0.73,0.445,0.679,0.513,0.358,0.011,0.253,0.279,0.187,0
2024-08-04,1.2,4.9,0.186,0.254,holiday,16.6,13.2,0.0,0,0.689,0.474,0.564,0.527,0.39,0.041,0.292,0.183,,0
2024-08-05,0.0,5.0,0.066,0.156,holiday,15.8,8.1,0.0,0,0.638,0.202,0.39,0.302,0.203,0.031,0.115,0.21,0.125,0
2024-08-06,0.4,5.7,0.148,0.286,holiday,16.4,6.7,1.0,0,0.448,,0.619,0.535,0.113,0.0,0.286,0.169,0.165,1
2024-08-07,0.0,4.7,0.044,0.169,holiday,16.6,7.7,1.0,0,0.551,0.521,0.527,0.538,,0.074,0.155,0.207,0.164,0
2024-08-08,0.0,4.3,,0.234,holiday,15.4,9.0,0.0,0,0.507,0.132,0.217,0.284,0.189,0.0,0.233,0.151,0.174,0
2024-08-09,0.0,4.2,0.086,,holiday,17.1,7.3,0.0,0,0.507,0.236,0.305,0.288,,0.069,0.218,0.144,0.14,0
2024-08-10,0.0,7.4,0.072,0.178,holiday,17.0,8.0,,0,0.659,0.508,0.578,0.571,0.337,0.138,0.12,0.281,0.222,1
2024-08-11,0.0,5.2,0.069,0.152,holiday,16.5,7.1,0.0,0,0.659,,0.552,0.549,0.324,0.075,0.283,0.149,0.159,0
2024-08-12,1.4,4.4,0.032,0.136,holiday,20.0,9.6,0.0,0,,0.343,0.359,0.317,,,0.159,0.241,,0
2024-08-13,0.0,6.5,0.061,0.121,holiday,18.1,6.7,0.0,0,0.592,0.181,0.278,0.25,0.037,0.059,0.134,,0.181,0
2024-08-14,0.0,6.2,0.039,0.096,holiday,18.5,10.6,,0,0.543,0.149,0.325,0.23,0.238,0.082,0.162,0.218,0.157,0
2024-08-15,0.0,7.5,0.065,0.097,holiday,19.6,11.0,0.0,0,0.545,0.195,0.221,0.323,0.163,0.106,0.1,0.285,0.232,0
2024-08-16,0.0,7.2,0.083,0.113,holiday,19.2,15.1,0.0,1,0.534,0.177,0.147,,0.26,0.0,0.176,0.625,0.522,0
2024-08-17,0.9,5.9,0.05,0.189,holiday,18.9,6.9,0.0,0,0.648,0.524,0.538,0.548,0.358,0.301,0.304,0.232,0.192,0
2024-08-18,0.0,6.9,0.111,0.146,holiday,18.8,7.3,0.0,0,0.714,0.269,0.532,0.512,,0.143,0.272,0.287,0.197,0
2024-08-19,0.0,5.1,0.057,0.216,holiday,18.5,7.4,0.0,0,0.491,0.104,0.324,0.296,0.165,0.144,0.185,0.196,0.222,0
2024-08-20,1.6,5.0,0.0,0.135,holiday,20.0,11.2,0.0,0,0.372,0.289,,0.277,0.199,0.123,0.197,0.197,0.157,0
2024-08-21,1.0,7.0,0.097,0.188,,19.3,6.5,0.0,0,0.438,0.398,0.334,0.431,0.184,0.004,0.254,0.243,,0
2024-08-22,2.8,5.0,0.099,0.177,holiday,19.4,6.7,0.0,0,0.591,0.244,0.238,0.251,0.146,0.028,0.195,0.185,0.149,0
2024-08-23,1.0,2.3,0.071,0.11,holiday,19.8,11.0,0.0,0,0.412,0.277,0.382,0.37,0.128,0.077,0.116,0.094,0.075,0
2024-08-24,1.5,5.6,0.048,0.111,holiday,20.3,9.2,0.0,0,0.597,0.57,0.659,0.535,0.403,0.152,0.258,0.227,0.157,0
2024-08-25,0.4,6.0,0.022,0.126,holiday,19.8,8.8,0.0,0,0.651,0.412,0.622,0.543,0.345,0.209,0.167,0.218,0.202,0
2024-08-26,1.3,6.0,0.051,0.135,holiday,20.0,7.8,0.0,0,0.496,0.208,0.232,0.269,0.195,0.162,0.234,0.209,0.182,0
2024-08-27,0.0,6.7,0.005,0.139,holiday,20.5,11.9,0.0,0,0.667,0.334,0.339,0.292,0.059,0.047,,0.273,0.205,0
2024-08-28,0.0,6.6,0.009,,holiday,21.1,7.4,0.0,0,0.439,0.367,0.251,0.382,0.178,0.191,0.045,0.268,0.193,0
2024-08-29,2.9,7.4,0.087,0.064,holiday,21.4,7.6,0.0,0,0.459,0.198,0.293,0.307,0.151,0.055,0.109,0.251,0.165,0
2024-08-30,0.7,7.1,0.051,0.007,holiday,22.3,7.9,0.0,0,0.492,0.364,0.283,0.334,0.129,0.113,0.03,0.25,0.202,0
2024-08-31,2.2,4.2,0.109,0.175,holiday,19.5,10.0,0.0,0,0.738,0.483,0.654,0.559,0.36,0.336,0.267,0.184,0.147,0
2024-09-01,0.3,5.8,0.151,0.091,holiday,22.4,9.3,0.0,0,0.481,0.552,0.555,0.543,0.382,0.488,0.224,0.2,0.148,0
2024-09-02,0.0,3.9,0.673,0.083,weekday,23.2,9.7,1.0,0,0.418,0.349,0.128,0.433,0.0,0.114,0.065,0.132,0.113,0
2024-09-03,0.7,5.0,0.628,0.0,weekday,23.1,10.7,0.0,0,0.452,0.173,0.033,0.147,0.0,0.092,0.0,,0.156,0
2024-09-04,0.0,5.4,0.645,0.031,weekday,21.5,9.4,0.0,0,0.377,0.0,0.115,0.096,0.0,0.0,0.001,0.21,0.155,0
2024-09-05,0.0,6.2,0.666,0.002,weekday,23.3,8.8,0.0,0,0.516,0.198,0.032,0.152,0.035,0.119,0.0,0.249,0.178,0
2024-09-06,0.0,4.6,0.57,0.0,weekday,23.1,10.8,0.0,0,0.351,0.158,0.012,0.05,0.009,0.101,0.0,0.23,0.143,0
2024-09-07,0.6,8.3,0.132,0.112,holiday,21.8,8.0,0.0,0,0.594,0.308,0.605,0.594,0.333,0.204,0.319,,0.214,0
2024-09-08,0.0,5.6,,0.094,holiday,22.5,6.9,0.0,0,0.707,0.425,0.532,0.632,0.413,0.263,0.233,0.238,0.198,0
2024-09-09,0.5,6.4,0.667,0.105,weekday,21.6,11.6,0.0,0,0.535,0.125,0.02,0.172,0.037,0.007,0.085,0.25,0.211,0
2024-09-10,2.0,4.4,0.606,,weekday,24.6,9.0,1.0,0,0.477,0.278,0.212,0.387,,0.189,0.041,0.119,,0
2024-09-11,0.0,3.9,0.684,0.0,weekday,23.7,7.0,0.0,0,0.47,0.166,0.0,0.152,0.033,0.236,0.013,0.22,0.121,0
2024-09-12,0.0,5.0,,0.0,weekday,24.5,9.6,0.0,0,,0.088,,0.012,0.06,0.135,0.104,0.184,0.2,0
2024-09-13,0.8,6.1,0.671,0.023,weekday,22.5,8.2,0.0,0,0.457,0.032,0.0,0.143,0.0,0.0,0.048,0.234,0.193,0
2024-09-14,0.0,8.0,0.186,0.0,holiday,23.9,9.3,0.0,0,,0.565,0.647,0.569,0.37,0.318,0.197,0.265,0.184,0
2024-09-15,0.0,4.0,,0.0,holiday,24.1,11.0,,0,0.628,0.533,,0.601,0.396,0.327,0.131,0.17,0.138,0
2024-09-16,1.7,6.5,0.619,0.0,weekday,24.6,5.7,0.0,0,0.414,0.09,0.0,0.036,0.0,0.131,0.0,0.226,0.181,0
2024-09-17,3.1,5.7,0.573,0.034,weekday,23.9,10.6,0.0,0,0.446,0.096,0.0,0.096,0.071,0.219,0.0,0.194,0.17,0
2024-09-18,2.4,5.7,0.705,0.0,weekday,23.1,12.3,0.0,1,0.278,0.109,0.061,0.129,0.0,0.092,0.073,0.587,0.503,0
2024-09-19,0.0,5.2,0.602,0.0,weekday,26.1,7.7,0.0,0,0.467,0.164,0.062,0.07,0.0,0.225,0.047,0.188,0.157,0
2024-09-20,0.0,7.5,0.579,0.024,weekday,24.0,14.0,0.0,0,0.233,0.0,0.086,0.152,0.0,0.0,0.03,0.31,0.218,0
2024-09-21,0.0,6.3,0.141,0.0,holiday,24.0,7.1,0.0,0,0.596,0.389,0.658,0.619,0.379,0.24,0.168,0.275,0.205,0
2024-09-22,1.9,5.3,0.035,0.0,holiday,24.7,11.4,0.0,0,0.624,0.566,0.691,0.615,0.367,0.279,0.145,0.213,0.127,0
2024-09-23,0.8,3.8,0.705,0.0,weekday,24.1,7.9,0.0,0,0.488,0.025,0.0,0.047,0.016,0.032,0.0,0.115,0.129,0
2024-09-24,0.0,6.0,0.612,0.0,weekday,25.3,11.7,0.0,0,0.303,0.124,0.085,0.11,0.011,0.098,0.071,0.216,0.152,0
2024-09-25,0.9,5.9,0.644,0.035,weekday,25.4,8.8,0.0,0,0.358,0.1,0.0,0.087,0.0,0.198,0.024,0.223,0.162,0
2024-09-26,0.0,4.0,0.613,0.027,weekday,24.3,,0.0,0,0.508,0.045,0.0,0.148,0.0,0.221,0.0,0.143,0.182,0
2024-09-27,0.0,2.9,0.654,0.0,weekday,25.2,8.3,0.0,0,0.511,0.055,0.051,0.09,0.07,0.221,0.0,0.111,0.09,0
2024-09-28,2.2,5.8,0.096,0.072,holiday,25.2,9.0,0.0,0,0.817,0.489,0.594,0.559,0.335,0.363,0.185,0.207,0.193,1
2024-09-29,1.3,4.4,0.068,0.0,holiday,26.1,6.2,0.0,0,0.55,0.447,0.658,0.558,0.332,0.378,0.259,0.168,0.128,0
2024-09-30,0.0,5.4,,0.0,weekday,26.5,6.9,0.0,0,0.475,0.266,,0.116,0.0,0.204,0.0,0.133,0.185,0
2024-10-01,0.0,3.7,0.667,0.063,weekday,24.4,2.1,0.0,0,0.371,0.153,0.068,0.172,0.017,0.206,0.102,0.147,0.108,0
2024-10-02,0.0,3.4,0.713,0.0,,24.9,2.6,0.0,0,0.422,0.049,0.005,0.088,0.0,,0.0,0.091,0.123,0
2024-10-03,0.0,4.0,0.709,0.0,weekday,25.8,3.8,0.0,0,0.596,0.114,0.112,0.15,0.022,0.149,0.0,0.165,0.055,0
2024-10-04,1.9,4.0,0.666,,weekday,25.7,8.4,0.0,1,0.358,0.048,0.044,0.092,0.0,0.104,0.0,0.522,0.439,0
2024-10-05,0.0,5.0,0.114,0.0,holiday,26.4,2.4,0.0,0,0.587,0.466,0.604,0.542,0.324,0.476,0.258,0.188,0.135,0
2024-10-06,0.0,2.9,0.167,0.0,holiday,25.6,0.9,0.0,0,0.669,0.626,0.481,0.582,0.362,0.519,0.245,0.127,0.043,0
2024-10-07,0.0,2.6,0.738,0.0,weekday,25.6,0.9,0.0,0,0.498,0.16,0.0,0.174,0.07,0.345,,0.102,0.032,0
2024-10-08,1.6,3.7,0.508,,weekday,26.2,1.7,0.0,0,0.48,0.1,0.011,0.04,0.012,0.314,0.0,0.146,0.115,0
2024-10-09,0.0,2.6,0.64,0.069,weekday,24.4,6.5,0.0,0,0.317,0.075,0.0,0.165,0.026,0.132,0.01,0.128,0.169,0
2024-10-10,3.2,2.3,0.808,0.0,weekday,25.8,2.4,,0,0.418,0.106,0.001,0.136,0.038,0.223,0.025,0.029,0.068,0
2024-10-11,0.0,3.3,0.643,0.0,weekday,26.7,7.6,0.0,0,0.47,,0.0,0.226,0.0,0.289,0.0,0.06,0.132,0
2024-10-12,0.7,3.1,0.159,0.0,,25.9,4.4,0.0,0,0.667,,0.565,0.629,0.395,0.392,0.154,0.114,0.069,0
2024-10-13,0.0,4.9,0.137,0.021,holiday,25.0,1.4,,0,0.68,0.502,0.695,0.591,0.382,0.444,0.174,0.151,0.094,0
2024-10-14,2.2,3.0,0.69,0.01,weekday,26.7,6.6,0.0,0,0.511,0.1,0.0,0.091,0.0,0.255,0.0,0.112,0.078,0
2024-10-15,0.9,4.2,0.688,0.101,weekday,26.5,1.6,0.0,0,0.427,0.112,0.009,0.126,0.0,0.33,0.018,0.142,0.096,0
2024-10-16,0.9,5.5,0.707,0.0,weekday,25.5,4.4,0.0,0,0.517,0.098,0.081,0.108,0.0,0.177,0.0,0.196,0.222,0
2024-10-17,0.0,6.5,0.699,0.0,weekday,24.8,4.5,0.0,0,0.434,0.101,0.0,0.117,0.014,0.158,0.0,0.197,0.162,0
2024-10-18,0.3,2.1,0.645,0.0,weekday,25.4,5.4,0.0,0,0.516,0.212,0.0,0.041,0.028,0.22,0.0,0.095,0.041,0
2024-10-19,0.0,5.5,0.0,0.019,holiday,28.1,6.2,0.0,0,0.695,0.467,0.644,0.58,0.352,0.56,0.238,0.183,0.144,0
2024-10-20,0.0,3.5,0.076,0.0,holiday,25.0,7.0,0.0,0,0.656,0.511,0.631,,0.384,0.397,0.212,0.155,0.1,0
2024-10-21,1.2,3.4,0.729,0.081,weekday,25.6,2.2,0.0,0,0.48,0.157,0.09,0.19,0.0,0.195,0.002,0.148,0.086,0
2024-10-22,0.0,6.7,0.668,0.03,weekday,25.2,4.3,0.0,0,0.546,0.06,0.016,0.1,,0.14,0.057,0.203,0.177,0
2024-10-23,0.0,3.6,0.694,,weekday,26.3,2.7,0.0,0,,0.115,0.003,0.06,0.0,0.253,0.004,0.12,0.11,0
2024-10-24,0.0,4.4,0.634,,weekday,25.0,6.5,0.0,0,0.449,0.102,0.101,0.071,0.0,0.159,0.0,0.18,0.101,0
2024-10-25,0.0,4.5,0.665,0.0,weekday,26.3,6.9,0.0,0,0.418,0.103,0.0,0.004,0.058,0.218,0.03,0.188,0.118,0
2024-10-26,0.0,6.2,0.193,0.003,holiday,26.0,1.7,0.0,0,0.765,0.415,0.576,0.637,0.374,0.492,0.198,,0.127,0
2024-10-27,0.0,6.9,0.085,0.03,holiday,26.2,1.0,0.0,0,0.615,,0.539,0.601,0.391,0.313,0.209,0.212,0.133,0
2024-10-28,2.8,3.4,0.549,0.09,weekday,26.1,3.7,0.0,0,0.383,0.154,0.096,0.118,0.0,0.39,0.101,0.146,,0
2024-10-29,1.9,4.2,0.705,0.0,weekday,25.1,2.4,,0,0.4,0.075,0.105,0.132,,0.151,0.0,0.12,0.093,0
2024-10-30,0.0,3.9,0.635,0.0,weekday,25.7,2.5,0.0,0,0.345,0.169,0.0,0.174,0.0,0.201,0.027,0.115,0.041,0
2024-10-31,0.4,2.4,0.639,0.03,weekday,25.6,0.9,0.0,0,0.49,0.0,0.0,0.13,0.041,0.225,0.015,0.057,0.05,0
2024-11-01,0.0,2.8,0.629,0.0,weekday,25.8,3.0,0.0,0,0.481,0.07,0.048,0.188,0.029,0.181,0.04,0.092,0.066,0
2024-11-02,0.0,5.9,0.0,,holiday,24.3,1.2,0.0,0,0.624,0.491,0.567,0.618,0.323,0.356,0.231,0.209,0.102,0
2024-11-03,1.1,2.8,0.015,,holiday,24.3,4.0,0.0,0,0.637,0.537,0.611,0.594,0.326,0.377,0.307,0.105,0.108,0
2024-11-04,0.0,5.0,0.579,0.0,weekday,25.0,4.5,0.0,0,0.465,0.174,0.004,0.094,0.039,0.162,0.0,,0.1,0
2024-11-05,1.6,5.0,0.632,0.115,weekday,26.3,7.4,0.0,0,,0.0,0.0,0.092,0.0,0.151,,0.174,0.141,0
2024-11-06,0.0,5.4,0.773,0.0,weekday,24.4,5.9,0.0,0,0.471,0.027,0.052,0.102,0.028,0.224,0.008,0.214,0.098,0
2024-11-07,1.7,4.6,0.713,0.033,weekday,26.6,2.4,0.0,0,0.335,0.214,0.072,0.042,0.0,0.294,0.0,0.141,0.104,0
2024-11-08,0.2,4.9,0.714,0.0,weekday,25.3,3.0,0.0,0,0.52,,0.026,0.104,0.06,0.211,0.0,0.167,0.166,0
2024-11-09,1.0,2.5,0.038,0.031,holiday,24.5,4.2,0.0,0,0.641,0.59,0.595,0.656,,0.409,0.156,0.088,0.086,0
2024-11-10,0.0,3.4,0.019,0.038,holiday,24.3,1.1,0.0,0,0.67,0.597,0.625,0.617,0.406,0.326,0.263,,0.08,0
2024-11-11,2.3,4.6,0.554,0.013,weekday,24.8,7.3,0.0,0,0.327,0.192,0.133,0.076,0.0,0.1,0.036,0.162,0.135,0
2024-11-12,0.9,2.0,0.603,0.0,weekday,24.8,0.4,0.0,0,0.325,0.0,0.059,0.082,0.002,0.338,0.0,,0.027,0
2024-11-13,0.8,4.0,0.709,0.0,weekday,24.7,,0.0,0,0.491,0.106,0.031,0.07,0.0,0.253,0.0,0.117,0.103,0
2024-11-14,1.0,4.2,0.58,0.116,weekday,24.9,5.0,0.0,0,0.39,0.196,0.049,0.029,0.032,0.278,0.0,0.101,0.122,0
2024-11-15,0.6,3.3,0.755,0.09,weekday,24.2,3.5,0.0,0,0.315,0.019,0.055,0.18,0.0,0.14,0.078,0.154,0.111,0
2024-11-16,0.6,4.6,0.12,0.0,holiday,23.9,3.5,0.0,0,0.688,0.564,0.617,0.585,0.365,0.326,0.123,0.194,0.162,0
2024-11-17,2.0,4.4,0.135,0.0,holiday,24.8,0.5,1.0,0,0.704,0.673,0.857,0.883,0.387,0.387,0.267,0.151,0.124,0
2024-11-18,0.9,2.8,0.73,0.067,weekday,24.6,2.4,1.0,0,,0.488,0.291,0.384,,0.25,0.046,0.132,0.032,0
2024-11-19,0.5,2.6,0.666,0.051,weekday,25.2,2.6,0.0,0,0.433,0.214,0.067,0.098,0.0,0.187,,0.109,0.135,0
2024-11-20,0.0,4.7,0.644,0.0,weekday,22.7,5.9,0.0,0,0.496,0.04,0.0,0.086,0.0,,0.106,0.214,0.126,0
2024-11-21,0.0,3.6,0.639,0.057,weekday,24.0,2.7,0.0,0,0.39,0.162,0.012,0.073,0.083,0.322,0.032,0.153,0.097,0
2024-11-22,1.6,3.1,0.643,0.048,weekday,22.6,1.4,0.0,0,0.41,0.091,0.141,0.045,0.04,0.153,0.021,0.127,0.068,0
2024-11-23,1.6,5.0,0.169,0.062,holiday,22.1,8.2,0.0,0,0.774,0.363,0.556,0.559,0.389,0.335,0.258,0.15,0.164,0
2024-11-24,0.0,3.4,0.101,0.022,holiday,23.6,3.7,0.0,0,0.612,0.403,0.501,0.675,,0.43,0.175,0.109,0.13,0
2024-11-25,0.0,3.6,0.685,0.0,weekday,23.8,4.2,0.0,0,0.439,0.192,0.0,0.029,0.063,0.227,0.033,0.15,0.122,0
2024-11-26,0.0,6.5,0.67,,weekday,23.9,5.3,0.0,0,0.43,0.197,0.084,0.189,0.018,,0.069,0.161,0.097,0
2024-11-27,1.8,3.3,0.644,0.095,weekday,23.6,3.9,0.0,0,0.386,0.136,0.036,0.065,0.0,0.18,0.05,0.078,0.081,0
2024-11-28,0.0,4.0,0.623,0.19,weekday,21.0,4.8,0.0,0,0.298,0.097,0.009,0.207,0.0,0.066,0.0,0.149,0.124,0
2024-11-29,0.0,4.1,0.68,0.063,weekday,22.1,1.9,0.0,0,0.483,,0.041,0.114,0.0,0.125,0.0,0.16,0.155,0
2024-11-30,0.0,4.2,0.003,0.098,holiday,22.5,2.7,0.0,0,0.648,0.54,0.661,0.64,0.253,0.407,0.276,0.15,0.081,0
2024-12-01,7.7,3.6,0.027,0.113,holiday,22.5,0.0,0.0,0,0.637,0.448,0.598,0.61,0.438,0.375,0.275,0.099,,1
2024-12-02,10.7,4.3,0.16,0.262,holiday,22.3,0.0,1.0,0,0.596,0.609,0.621,0.481,0.282,0.279,0.341,0.118,0.095,0
2024-12-03,9.2,4.0,0.001,0.128,holiday,21.8,0.0,0.0,0,0.55,0.2,0.245,0.305,0.077,,,0.112,0.038,0
2024-12-04,7.4,1.9,0.059,0.094,holiday,22.7,0.0,0.0,0,0.5,0.426,0.311,0.355,0.177,0.237,0.151,0.07,0.046,1
2024-12-05,13.0,4.3,0.088,0.242,holiday,21.6,0.0,0.0,0,0.519,0.286,0.321,0.215,0.291,0.153,0.206,0.15,0.081,1
2024-12-06,8.9,4.2,0.012,0.086,holiday,21.9,0.0,0.0,0,0.453,0.356,0.312,0.268,0.15,0.297,0.084,0.148,0.056,1
2024-12-07,8.5,3.3,0.078,0.245,holiday,22.0,0.0,0.0,0,0.614,0.667,0.606,0.54,0.381,0.407,0.292,0.064,0.119,0
2024-12-08,14.2,4.0,0.052,0.287,holiday,19.5,0.0,0.0,0,0.799,0.571,0.616,0.65,0.322,0.291,0.425,0.084,0.121,1
2024-12-09,10.2,5.0,0.098,0.165,holiday,22.0,0.0,0.0,0,0.48,0.498,0.316,0.357,0.083,0.309,0.209,0.145,,1
2024-12-10,12.7,3.2,0.08,0.297,holiday,20.4,0.0,0.0,0,0.623,0.312,0.315,0.392,0.221,0.266,0.257,0.125,0.086,1
2024-12-11,12.5,5.8,0.0,0.297,holiday,20.1,1.6,0.0,0,0.509,0.44,0.248,0.346,0.142,0.102,0.249,0.221,0.168,1
2024-12-12,16.3,1.6,0.002,0.414,holiday,19.1,0.0,0.0,0,0.501,0.272,0.255,0.184,0.099,0.119,0.339,0.074,0.002,1
2024-12-13,11.7,5.1,0.052,0.293,holiday,19.6,0.0,0.0,0,0.569,0.453,0.409,0.285,0.178,0.184,0.235,0.119,0.181,1
2024-12-14,16.2,3.6,0.189,0.359,holiday,19.6,0.0,0.0,0,0.669,0.362,0.595,0.669,0.453,0.37,0.365,0.091,0.038,1
2024-12-15,13.6,3.5,0.086,0.347,holiday,19.1,0.0,0.0,0,0.724,0.376,0.605,0.509,0.379,0.347,0.441,0.138,0.11,1
2024-12-16,15.7,3.9,0.043,0.249,holiday,18.8,0.0,0.0,0,0.516,0.34,,0.355,0.221,0.101,0.255,0.146,0.069,1
2024-12-17,14.9,4.8,0.109,,holiday,19.2,1.3,0.0,0,0.575,0.295,0.3,0.299,0.124,0.114,0.165,0.076,0.119,1
2024-12-18,13.7,2.8,0.085,0.298,holiday,19.4,,0.0,0,0.415,0.311,0.265,0.375,0.197,0.076,0.252,0.048,,1
2024-12-19,19.8,4.6,0.083,0.434,holiday,17.3,0.0,0.0,0,0.658,0.354,0.313,0.312,0.226,0.056,0.33,0.101,0.161,1
2024-12-20,14.6,4.4,0.088,0.315,holiday,19.7,0.0,0.0,0,0.54,0.126,0.339,0.261,0.151,0.2,0.232,0.126,0.118,1
2024-12-21,18.3,5.0,0.076,0.334,holiday,17.8,0.0,0.0,0,0.593,0.471,0.501,0.575,0.324,0.27,0.365,0.161,0.114,1
2024-12-22,19.1,2.7,0.093,0.309,holiday,17.7,0.0,0.0,0,0.697,,0.371,0.606,0.38,0.33,0.387,0.092,0.007,1
2024-12-23,20.2,4.3,0.0,0.446,holiday,17.0,0.0,0.0,0,0.562,0.398,0.325,0.245,0.225,0.119,0.404,0.108,,1
2024-12-24,18.1,3.1,0.001,,holiday,18.7,0.0,0.0,0,0.418,0.288,0.384,0.322,0.091,0.264,0.225,0.062,0.075,1
2024-12-25,16.9,4.0,0.057,0.309,holiday,17.0,0.0,0.0,0,0.677,0.326,0.331,0.271,0.12,0.019,0.36,0.132,0.046,1
2024-12-26,23.4,4.4,0.05,0.562,holiday,16.7,0.0,0.0,0,0.532,0.184,0.266,0.223,0.259,0.022,0.368,0.121,0.107,1
2024-12-27,18.6,3.8,0.143,0.396,holiday,17.1,,0.0,0,0.643,0.27,0.348,0.257,0.034,0.188,0.203,0.126,0.127,1
2024-12-28,16.1,4.6,0.13,0.249,holiday,18.3,0.0,0.0,0,0.619,0.424,0.604,0.68,,0.28,0.336,0.143,0.133,1
2024-12-29,18.5,5.3,0.149,0.423,holiday,17.3,0.0,0.0,0,,0.499,0.527,0.55,0.312,0.26,0.442,0.109,0.187,1
2024-12-30,21.0,3.5,0.183,0.427,holiday,16.6,,0.0,0,0.621,0.23,0.256,0.28,0.171,0.046,0.289,0.067,0.022,1
2024-12-31,19.9,5.6,,0.387,holiday,16.7,0.0,0.0,0,0.673,0.519,,0.371,0.201,0.178,0.36,0.214,0.118,1
2025-01-01,24.5,3.3,0.088,0.385,holiday,15.5,0.0,0.0,0,0.52,0.343,0.246,0.342,0.229,0.105,0.301,0.117,,1
2025-01-02,21.8,6.8,0.15,0.533,holiday,15.9,0.0,0.0,0,0.502,0.254,0.442,0.356,0.235,0.0,0.449,0.202,0.157,1
2025-01-03,22.0,5.6,0.207,0.475,holiday,14.9,,0.0,0,0.515,0.336,0.338,0.308,0.258,0.0,0.352,0.146,0.115,1
2025-01-04,23.5,2.8,0.082,0.534,holiday,14.6,0.0,0.0,0,0.627,0.48,0.595,0.521,0.427,0.128,0.493,0.067,0.031,1
2025-01-05,19.1,5.7,0.0,0.386,holiday,15.6,0.0,0.0,0,0.58,0.393,0.53,0.572,0.26,0.111,0.428,0.186,0.127,1
2025-01-06,23.7,3.1,0.128,0.514,,14.3,0.0,0.0,0,0.572,0.235,0.206,0.38,,0.0,0.397,0.17,0.116,1
2025-01-07,25.2,5.3,0.132,0.54,holiday,15.0,0.0,0.0,0,0.69,0.407,0.325,0.314,0.298,0.043,0.376,0.162,0.091,1
2025-01-08,22.8,5.4,0.08,0.448,holiday,14.8,0.0,0.0,0,0.688,0.21,0.29,0.287,0.241,0.088,0.372,0.174,0.037,1
2025-01-09,27.0,5.0,0.097,0.6,holiday,13.9,0.0,0.0,0,0.633,0.294,0.291,0.338,0.085,0.053,0.39,,0.165,1
2025-01-10,26.8,3.6,0.052,0.531,holiday,13.4,0.0,0.0,0,0.46,0.203,0.254,0.266,0.239,0.198,0.412,0.131,0.087,1
2025-01-11,26.8,0.4,0.136,0.718,holiday,13.1,0.0,0.0,0,0.697,0.375,0.554,0.616,0.409,0.313,,0.0,,1
2025-01-12,27.2,7.5,0.023,0.547,holiday,13.1,6.1,0.0,0,0.596,0.346,0.55,,0.402,0.0,0.491,0.238,0.17,1
2025-01-13,28.6,6.5,0.108,0.634,holiday,12.2,0.0,0.0,0,0.526,0.233,0.299,0.312,0.26,0.0,0.447,0.217,0.175,1
2025-01-14,25.2,4.2,0.008,0.576,holiday,14.1,0.0,0.0,0,0.538,0.355,0.301,0.274,,0.083,0.365,0.045,0.159,1
2025-01-15,29.3,3.5,0.054,0.57,holiday,12.5,0.0,0.0,0,0.493,0.343,0.329,0.314,0.296,0.088,0.381,0.08,0.1,1
2025-01-16,25.1,4.1,,0.601,holiday,12.0,,0.0,0,0.507,0.17,0.268,0.259,0.205,0.0,0.475,0.137,0.094,1
2025-01-17,29.2,3.4,0.117,0.498,holiday,13.0,0.0,0.0,0,0.532,0.355,0.239,0.223,0.178,0.038,0.421,0.113,0.101,1
2025-01-18,26.3,5.6,0.144,0.547,holiday,12.5,0.0,0.0,0,0.715,0.504,0.613,0.558,0.356,0.064,0.518,0.19,0.095,1
2025-01-19,27.1,5.4,0.111,0.635,holiday,12.6,0.0,,0,0.616,0.541,0.582,0.596,0.342,0.094,0.611,0.16,0.11,1
2025-01-20,30.5,2.5,0.135,0.642,holiday,11.5,0.0,0.0,0,0.524,0.204,0.267,0.268,0.231,0.046,0.418,0.05,0.004,1
2025-01-21,27.9,3.3,0.184,0.618,holiday,11.4,0.0,0.0,0,0.519,0.192,0.32,0.279,0.231,0.143,0.487,0.087,0.139,1
2025-01-22,31.4,5.6,0.029,0.661,holiday,11.7,0.0,0.0,0,0.576,0.243,0.29,,0.218,0.044,0.527,0.17,0.174,1
2025-01-23,35.0,3.9,0.041,0.714,holiday,10.8,0.0,0.0,0,0.554,0.118,0.251,0.256,0.255,0.165,0.497,0.078,0.132,1
2025-01-24,34.2,4.1,0.072,0.755,holiday,10.0,0.0,0.0,0,0.429,0.232,0.216,0.246,0.265,0.056,0.497,0.075,0.08,1
2025-01-25,33.1,5.7,0.1,0.749,holiday,10.0,0.0,1.0,0,0.719,0.616,0.9,0.81,0.411,0.082,0.584,0.219,0.119,1
2025-01-26,30.8,5.5,0.082,0.599,holiday,11.8,0.9,0.0,0,0.606,0.333,0.556,0.487,0.426,0.056,0.595,0.193,0.111,1
2025-01-27,33.8,3.0,0.081,0.745,holiday,9.7,0.0,0.0,0,0.573,0.059,0.268,0.252,0.234,0.017,0.583,0.103,0.008,1
2025-01-28,35.0,3.0,0.057,0.731,holiday,9.3,0.0,0.0,0,0.61,0.253,0.31,,0.298,0.099,0.591,0.073,0.082,1
2025-01-29,33.0,5.5,0.149,0.625,holiday,10.2,0.0,0.0,0,0.658,0.257,0.338,0.199,0.204,0.028,,0.19,0.09,1
2025-01-30,35.0,2.7,0.061,0.766,holiday,9.4,0.0,0.0,0,0.574,0.135,0.278,0.355,0.209,0.0,0.544,,0.056,1
2025-01-31,32.7,4.8,0.046,0.793,holiday,8.4,0.0,0.0,0,0.679,0.271,0.3,0.289,0.183,0.0,0.527,0.146,0.114,1
2025-02-01,35.0,5.4,,0.759,holiday,8.6,0.0,0.0,0,,0.323,0.544,0.505,0.435,0.109,0.635,0.166,0.088,1
2025-02-02,33.6,5.5,0.124,0.8,holiday,9.3,0.0,0.0,0,0.789,0.477,0.739,0.466,0.534,0.122,0.762,0.175,0.081,1
2025-02-03,34.4,3.6,,0.745,weekday,7.8,0.0,0.0,0,0.376,0.0,0.0,0.012,0.007,,0.4,0.087,0.065,1
2025-02-04,34.6,6.1,0.66,0.739,,8.3,0.0,0.0,0,0.458,0.157,0.028,0.0,0.071,0.076,0.453,0.203,0.086,1
2025-02-05,35.0,1.9,0.731,0.731,weekday,8.1,0.0,0.0,0,0.589,0.0,0.017,0.019,0.132,0.0,0.338,0.059,0.06,1
2025-02-06,35.0,4.8,0.635,0.886,weekday,6.7,0.0,0.0,0,0.431,0.0,0.0,0.0,0.123,,0.538,0.147,0.071,1
2025-02-07,35.0,0.8,0.713,0.884,weekday,6.5,0.0,0.0,0,0.495,0.0,0.035,0.0,0.185,0.0,0.48,0.021,0.005,1
2025-02-08,35.0,1.1,0.129,0.732,holiday,6.6,0.0,0.0,0,0.662,0.376,,0.489,0.435,0.194,0.601,,0.034,1
2025-02-09,33.9,4.5,0.094,0.845,holiday,7.9,0.0,0.0,0,0.713,0.535,0.451,0.455,0.383,0.1,0.737,0.141,0.044,1
2025-02-10,34.1,3.5,0.611,0.829,weekday,7.4,0.0,0.0,0,0.315,0.21,0.063,,0.067,0.011,0.4,0.078,0.107,1
2025-02-11,35.0,5.6,0.65,0.815,weekday,7.6,0.0,0.0,0,0.358,0.154,0.094,0.027,0.137,0.0,0.489,0.212,0.149,1
2025-02-12,35.0,5.4,0.624,0.73,weekday,6.4,0.0,0.0,0,0.397,0.083,0.087,0.027,0.216,0.0,0.405,0.148,0.145,1
2025-02-13,35.0,5.3,0.663,0.968,weekday,4.5,0.0,0.0,0,,0.024,0.105,0.0,0.124,0.0,0.521,0.162,0.102,1
2025-02-14,34.7,4.0,0.613,0.93,weekday,5.3,0.0,0.0,0,0.517,0.0,0.024,0.02,0.15,0.0,0.617,0.113,0.065,1
2025-02-15,35.0,5.0,0.1,0.88,holiday,5.7,0.0,0.0,0,0.58,0.349,0.58,0.425,0.465,0.112,0.677,0.133,0.133,1
2025-02-16,35.0,5.3,0.103,0.783,holiday,6.6,0.0,0.0,0,0.737,0.347,0.548,0.54,0.486,0.174,0.707,0.158,0.112,1
2025-02-17,31.6,1.1,0.577,0.791,weekday,4.3,0.0,0.0,0,0.471,0.0,0.0,0.04,0.159,0.17,0.435,0.041,0.018,1
2025-02-18,33.7,4.2,0.778,0.905,weekday,4.1,0.0,0.0,0,0.441,0.133,0.004,0.029,0.173,0.0,0.474,0.092,0.077,1
2025-02-19,34.0,4.5,0.649,0.903,weekday,3.8,0.0,0.0,0,0.311,0.137,0.0,0.0,0.138,0.0,0.426,0.18,0.081,1
2025-02-20,35.0,5.8,0.594,0.832,weekday,5.1,0.0,0.0,0,0.486,0.022,0.0,0.029,0.023,0.0,0.494,0.119,0.096,1
2025-02-21,35.0,3.9,0.705,0.824,weekday,4.8,0.0,0.0,0,0.362,,0.106,0.0,0.042,0.011,0.483,0.17,0.092,1
2025-02-22,35.0,2.6,,0.923,holiday,3.2,0.0,0.0,0,,0.389,0.673,0.527,0.451,0.138,0.738,0.062,0.068,1
2025-02-23,35.0,3.8,0.149,0.875,holiday,4.3,0.0,,0,0.723,0.26,0.522,0.502,0.465,0.088,0.658,0.083,0.111,1
2025-02-24,34.4,3.6,0.706,0.877,weekday,4.0,0.0,0.0,0,0.394,0.001,0.0,0.0,0.123,0.0,0.553,0.118,0.051,1
2025-02-25,35.0,4.9,0.707,0.944,weekday,3.7,0.0,0.0,0,0.381,0.045,,0.013,0.091,0.0,0.472,0.166,0.152,1
2025-02-26,32.2,3.0,0.642,0.868,weekday,3.2,0.0,0.0,0,0.338,,0.0,0.0,0.142,0.0,0.496,0.091,0.121,1
2025-02-27,33.9,5.3,0.752,0.939,weekday,2.5,0.0,0.0,0,0.372,0.0,0.067,0.032,0.078,0.026,0.589,,0.068,1
2025-02-28,32.5,2.5,0.709,0.881,weekday,4.0,0.0,0.0,0,0.49,0.216,0.0,0.0,0.085,0.039,0.435,0.034,0.062,1
2025-03-01,32.2,6.1,0.122,0.935,holiday,2.1,0.0,0.0,0,0.737,0.326,0.577,0.418,0.514,0.08,0.791,0.138,0.111,1
2025-03-02,31.3,4.4,0.037,1.0,holiday,1.0,0.0,0.0,0,0.665,0.326,,0.551,0.381,0.064,0.658,0.129,0.069,1
2025-03-03,35.0,1.3,0.676,,weekday,0.7,0.0,0.0,0,0.467,0.042,0.008,0.0,0.108,0.0,0.527,0.037,,1
2025-03-04,35.0,2.0,0.782,0.872,weekday,2.6,,0.0,0,0.458,0.09,0.0,0.0,0.086,,0.507,0.051,0.084,1
2025-03-05,35.0,2.6,0.656,0.89,weekday,3.0,0.0,0.0,0,0.486,0.005,0.0,0.0,0.167,0.0,0.522,0.092,0.064,1
2025-03-06,35.0,3.9,,1.0,weekday,1.8,0.0,0.0,0,0.545,0.148,,0.126,0.146,0.0,0.557,0.114,0.08,1
2025-03-07,35.0,2.0,0.664,0.954,weekday,1.3,,1.0,0,0.481,0.312,,0.227,0.137,0.0,0.503,0.086,0.061,1
2025-03-08,35.0,4.0,0.058,0.992,holiday,0.9,0.0,0.0,0,0.524,0.535,,0.484,0.467,0.157,0.817,0.181,0.086,1
2025-03-09,35.0,4.7,0.077,1.0,holiday,1.0,0.0,0.0,0,0.739,0.409,0.669,0.42,0.52,,0.722,0.171,0.068,1
2025-03-10,35.0,4.2,0.65,0.938,weekday,2.1,0.0,0.0,0,0.332,0.104,0.066,0.018,0.123,0.0,0.533,0.115,0.089,1
2025-03-11,34.9,3.5,0.621,0.964,weekday,0.6,0.0,0.0,0,0.592,0.0,0.03,0.0,0.213,0.0,0.543,0.084,0.068,1
2025-03-12,35.0,2.9,0.726,1.0,weekday,-0.1,0.0,0.0,0,0.513,0.016,0.051,0.0,0.11,0.0,0.588,0.085,0.027,1
2025-03-13,33.8,3.1,0.709,0.975,weekday,-0.1,0.0,0.0,0,0.431,0.109,0.046,0.0,0.184,0.0,0.484,0.067,0.083,1
2025-03-14,35.0,4.4,0.73,0.982,weekday,0.4,0.0,0.0,0,0.496,0.0,0.0,0.058,,0.0,0.443,0.18,0.11,1
2025-03-15,33.8,3.1,0.076,0.959,holiday,0.4,0.0,0.0,0,0.597,0.289,0.524,0.509,0.459,0.157,0.801,0.131,0.072,1
2025-03-16,35.0,4.3,0.051,0.909,holiday,1.2,0.2,0.0,0,0.757,0.393,0.67,0.542,0.491,0.138,0.705,0.111,0.084,1
2025-03-17,35.0,4.5,0.612,1.0,weekday,1.2,0.0,0.0,0,0.435,0.0,0.0,0.0,0.094,0.072,0.543,0.134,0.076,1
2025-03-18,34.7,3.1,0.655,1.0,weekday,1.5,0.0,0.0,0,0.382,,0.0,0.0,0.102,0.114,0.514,0.071,0.082,1
2025-03-19,35.0,4.4,0.769,0.989,weekday,0.6,2.9,1.0,0,0.339,0.157,0.17,0.203,0.093,0.0,0.554,0.161,0.068,1
2025-03-20,35.0,6.3,0.583,1.0,weekday,-1.0,0.0,1.0,0,0.595,0.238,0.272,0.177,0.183,0.0,0.561,0.22,0.131,1
2025-03-21,32.4,4.5,0.682,0.867,weekday,-1.3,0.0,0.0,0,0.344,0.183,0.12,0.017,0.21,0.0,0.507,0.137,0.079,1
2025-03-22,34.4,4.7,0.115,0.985,holiday,-0.5,0.0,0.0,0,0.727,0.23,0.557,0.449,0.578,0.138,0.73,0.155,0.094,1
2025-03-23,35.0,5.6,0.184,1.0,holiday,-1.5,0.0,0.0,0,0.824,0.403,0.552,0.495,0.49,0.208,0.695,0.115,0.193,1
2025-03-24,31.8,3.2,0.69,0.99,weekday,-1.4,,0.0,0,0.503,0.148,0.046,,0.199,0.0,,0.071,0.063,1
2025-03-25,35.0,1.8,0.641,0.908,weekday,-0.0,0.0,0.0,0,0.45,0.0,0.074,0.0,0.096,0.08,0.563,0.1,0.005,1
2025-03-26,34.4,5.7,0.635,0.991,weekday,0.0,0.0,0.0,0,0.346,0.0,0.0,0.0,0.108,0.0,0.668,0.232,0.129,1
2025-03-27,35.0,4.1,0.629,0.955,weekday,-0.6,0.0,0.0,0,0.347,0.053,0.0,0.0,0.142,0.0,0.508,,0.116,1
2025-03-28,35.0,5.0,0.625,0.983,weekday,-2.6,0.0,1.0,0,0.344,0.234,0.229,0.245,0.045,0.0,0.495,0.151,0.137,1
2025-03-29,35.0,6.0,0.201,0.98,holiday,-2.4,0.0,0.0,0,0.666,0.479,0.61,0.459,0.502,0.0,0.732,0.277,0.133,1
2025-03-30,35.0,2.7,0.075,0.991,holiday,-1.1,0.0,0.0,0,0.665,0.562,0.714,0.436,0.539,0.138,0.623,0.089,0.007,1
2025-03-31,34.5,5.1,0.632,0.966,weekday,-2.9,0.0,0.0,0,0.398,0.0,0.0,0.0,0.203,0.0,0.574,,0.101,1
2025-04-01,2.9,3.0,0.574,0.664,weekday,-0.8,7.6,0.0,0,0.411,,0.0,0.083,0.118,0.0,0.379,0.166,0.116,0
2025-04-02,0.0,4.5,0.613,0.614,weekday,-2.0,3.7,0.0,0,0.404,0.034,0.089,0.0,0.151,,0.222,0.213,0.134,1
2025-04-03,0.9,4.8,0.72,0.617,weekday,-0.7,3.0,0.0,0,0.356,0.094,0.072,0.156,0.163,0.0,0.368,0.142,0.094,1
2025-04-04,0.8,5.5,0.733,0.561,weekday,-2.4,1.6,,0,0.349,0.061,0.05,0.074,0.107,0.0,0.336,0.126,0.124,1
2025-04-05,0.0,3.2,0.091,0.632,holiday,-0.3,5.6,0.0,0,0.666,0.401,0.59,,0.473,,,0.119,0.127,0
2025-04-06,1.2,7.2,0.156,0.574,holiday,-1.6,2.0,0.0,0,0.648,0.475,0.555,0.548,0.506,0.0,0.439,0.214,0.116,1
2025-04-07,0.3,3.3,0.639,0.645,weekday,-2.2,,0.0,0,0.352,0.032,0.138,0.0,0.069,0.0,0.296,0.087,0.152,1
2025-04-08,2.4,4.4,0.727,0.689,weekday,-1.5,2.9,0.0,0,0.447,0.0,0.004,0.0,0.152,0.0,0.443,0.171,0.13,0
2025-04-09,5.1,4.9,0.612,0.698,weekday,-0.2,6.5,0.0,0,0.499,0.0,,0.0,0.095,0.0,0.4,0.163,,0
2025-04-10,0.0,4.2,0.636,0.659,weekday,-1.4,5.7,0.0,0,0.562,0.045,0.0,0.072,0.095,0.0,0.34,0.149,0.103,1
2025-04-11,0.0,3.8,0.757,0.614,weekday,-1.9,4.6,0.0,0,0.538,0.0,0.066,0.06,0.116,0.0,0.364,0.161,0.135,0
2025-04-12,0.0,1.5,0.128,0.695,holiday,-2.7,,0.0,0,0.763,0.26,0.537,0.511,0.468,0.187,0.639,0.001,0.037,0
2025-04-13,0.0,2.0,0.058,0.655,holiday,-1.8,,1.0,0,0.697,0.59,0.757,0.683,0.511,0.034,0.507,0.144,0.086,0
2025-04-14,0.7,4.2,0.647,0.693,weekday,-1.0,1.2,0.0,0,0.47,0.157,0.145,0.0,0.115,0.0,0.321,0.134,0.118,1
2025-04-15,0.0,8.4,0.692,0.621,weekday,-2.4,7.9,0.0,0,0.503,0.0,0.037,0.0,0.148,0.0,0.328,0.296,0.227,1
2025-04-16,0.0,2.4,0.654,0.604,weekday,-1.5,0.2,0.0,0,0.359,0.03,0.093,,0.157,0.121,0.331,0.05,0.074,0
2025-04-17,0.0,2.2,0.661,0.726,weekday,-2.1,5.0,0.0,0,0.413,,0.045,0.0,0.088,0.0,,0.108,0.083,0
2025-04-18,0.0,2.7,0.627,0.667,weekday,-1.8,5.0,0.0,0,0.368,0.0,0.0,0.0,0.0,0.0,0.518,0.063,0.055,0
2025-04-19,0.4,1.2,0.081,0.613,holiday,-1.0,1.1,1.0,0,0.852,0.569,0.792,0.602,,0.191,,0.078,0.101,0
2025-04-20,0.0,4.3,0.135,0.708,holiday,-2.2,5.2,0.0,0,0.711,,0.589,0.487,0.489,0.248,0.558,0.162,0.093,0
2025-04-21,0.0,4.0,0.724,,weekday,-1.6,2.5,0.0,0,0.418,0.0,0.0,0.037,0.124,0.0,0.459,0.131,0.097,0
2025-04-22,0.6,4.9,0.681,0.632,weekday,-2.2,4.4,,0,0.341,0.061,0.072,0.0,0.091,0.013,0.357,0.192,0.146,0
2025-04-23,0.7,5.5,0.618,0.739,weekday,-1.6,2.3,0.0,0,0.498,0.031,0.05,0.0,0.237,0.0,0.383,0.161,0.153,1
2025-04-24,0.0,4.1,,0.621,weekday,-2.0,4.9,0.0,0,0.438,0.0,0.0,0.0,,0.0,0.448,0.13,0.092,0
2025-04-25,0.0,3.2,0.668,0.621,weekday,-2.7,0.9,0.0,0,0.321,0.013,0.0,0.0,0.097,0.0,0.301,0.044,0.068,1
2025-04-26,3.1,4.7,0.062,0.678,holiday,-2.2,5.7,0.0,0,0.688,0.521,0.52,0.411,0.481,0.092,0.493,0.164,0.134,0
2025-04-27,0.0,4.5,0.135,0.685,holiday,-2.0,0.8,0.0,0,0.596,0.267,0.468,0.45,0.445,0.184,0.58,0.13,0.078,1
2025-04-28,0.0,3.7,0.685,0.697,weekday,-1.2,4.1,1.0,0,0.394,0.302,0.306,0.211,0.177,0.0,0.407,0.07,0.152,1
2025-04-29,0.0,3.1,0.672,0.626,weekday,-2.0,6.8,0.0,0,0.4,0.0,0.0,0.014,0.139,,0.303,0.118,0.066,0
2025-04-30,1.1,4.0,0.719,0.552,weekday,-1.9,4.9,0.0,0,0.476,0.057,0.0,0.023,0.233,0.0,0.208,0.113,0.085,0
2025-05-01,0.0,4.9,0.039,0.627,holiday,-2.5,2.9,1.0,0,0.497,0.394,0.634,0.434,0.327,0.0,,0.142,0.139,0
2025-05-02,0.0,2.4,0.151,0.584,holiday,-1.6,3.9,0.0,0,0.565,0.11,0.233,0.259,0.34,0.016,0.468,0.09,0.082,0
2025-05-03,0.0,2.7,0.069,0.583,holiday,-0.7,3.0,0.0,0,0.728,0.299,0.525,0.441,0.524,0.083,0.386,0.1,0.104,0
2025-05-04,0.7,5.3,0.067,0.605,holiday,-2.6,4.6,0.0,0,0.701,,0.502,0.484,0.596,0.123,0.449,0.186,0.159,0
2025-05-05,0.0,4.9,0.099,0.673,holiday,-2.4,1.6,0.0,0,0.49,0.133,0.332,0.303,0.224,0.01,0.483,0.121,0.1,1
2025-05-06,0.6,3.7,0.022,0.589,holiday,-1.8,4.8,0.0,0,0.327,0.036,0.236,0.265,0.325,0.0,,0.168,0.051,0
2025-05-07,2.6,3.6,0.011,0.728,holiday,-0.6,4.9,0.0,0,0.59,0.172,0.248,0.233,0.271,,0.456,0.161,0.128,0
2025-05-08,1.3,3.6,0.033,0.708,holiday,-0.7,3.1,0.0,0,0.492,0.294,0.301,0.222,0.255,0.009,0.393,0.116,0.061,0
2025-05-09,0.8,2.9,0.118,0.698,holiday,-1.5,1.1,0.0,0,0.579,0.451,0.379,0.306,0.288,0.0,0.488,0.12,0.105,0
2025-05-10,0.0,4.0,0.062,0.668,holiday,-1.6,2.1,0.0,0,0.667,0.354,0.613,0.561,0.461,0.163,0.522,0.153,0.13,0
2025-05-11,0.6,0.6,,0.684,holiday,-0.6,,0.0,0,0.611,0.376,0.634,0.499,0.579,0.339,0.628,0.04,0.011,0
2025-05-12,2.1,4.0,0.043,0.637,holiday,-1.7,2.7,0.0,0,0.467,0.083,0.274,,0.345,0.07,,0.177,0.119,0
2025-05-13,0.8,0.5,0.035,0.685,holiday,-0.9,1.6,0.0,0,,0.207,0.21,0.236,,0.0,0.607,0.038,0.041,1
2025-05-14,0.0,6.1,0.157,0.698,holiday,-0.2,5.9,0.0,0,0.586,0.183,,0.235,0.334,0.0,0.357,0.241,0.188,1
2025-05-15,1.4,3.5,0.109,0.669,holiday,-0.6,4.1,0.0,1,0.527,0.234,0.363,0.24,0.3,0.006,0.404,0.519,0.416,1
2025-05-16,0.5,4.0,0.09,0.629,holiday,-1.1,4.9,0.0,0,0.402,0.036,0.209,0.273,0.312,0.142,0.398,0.153,0.122,0
2025-05-17,0.1,5.4,0.0,0.626,,0.6,4.3,0.0,0,0.687,0.201,0.564,0.445,0.419,0.085,0.522,0.202,0.156,0
2025-05-18,0.0,3.8,,0.604,holiday,-0.5,2.6,0.0,0,0.643,0.438,0.58,0.522,0.433,0.164,0.564,0.118,,0
2025-05-19,0.0,5.6,0.064,0.652,holiday,0.2,8.8,0.0,0,0.687,0.217,0.193,0.202,,0.0,0.457,0.181,0.123,1
2025-05-20,1.4,2.9,0.149,0.627,holiday,0.7,0.9,0.0,0,0.436,0.183,0.338,0.139,0.227,0.0,0.4,0.055,0.017,1
2025-05-21,0.4,3.1,0.0,0.582,holiday,0.4,1.9,0.0,0,0.553,0.129,,0.199,0.269,0.195,0.321,,0.06,0
2025-05-22,0.0,2.0,0.037,0.579,holiday,0.8,,0.0,0,0.582,0.155,0.356,0.201,0.304,0.223,0.37,0.134,0.07,0
2025-05-23,0.0,3.9,0.142,0.755,holiday,0.4,1.9,0.0,0,0.459,0.129,0.193,0.262,0.321,0.0,0.559,0.151,0.074,1
2025-05-24,2.2,5.3,0.117,0.614,holiday,0.1,2.8,0.0,0,0.682,0.353,0.605,0.418,0.542,0.146,0.465,0.173,0.167,0
2025-05-25,0.0,3.5,0.179,0.578,holiday,1.6,1.0,0.0,0,,0.286,0.458,0.466,0.478,0.242,0.445,0.084,0.101,0
2025-05-26,2.8,5.0,0.109,,holiday,1.2,1.5,0.0,0,0.589,0.225,0.169,0.206,0.211,0.059,0.379,0.188,0.142,1
2025-05-27,0.0,4.5,0.045,0.7,holiday,0.5,1.6,0.0,0,0.47,0.258,0.302,0.243,0.324,0.073,,0.159,0.097,0
2025-05-28,2.1,3.1,0.107,0.679,holiday,2.7,5.8,0.0,0,0.584,0.246,0.378,0.292,0.253,0.059,0.471,0.149,0.129,0
2025-05-29,1.0,2.7,,0.706,holiday,0.6,4.2,0.0,0,0.64,0.091,0.257,0.264,0.313,0.019,0.492,0.105,0.094,0
2025-05-30,1.0,3.1,0.089,0.655,holiday,0.6,0.9,0.0,0,0.572,0.184,0.248,0.228,0.268,,0.443,0.119,0.061,0
2025-05-31,0.0,4.7,0.14,,holiday,1.5,1.2,1.0,0,0.651,0.819,0.914,0.697,0.495,0.096,0.518,0.153,0.085,0
2025-06-01,0.8,4.6,0.056,0.528,holiday,2.9,6.1,0.0,0,0.715,,0.581,0.565,0.512,0.0,0.481,0.19,0.105,1
2025-06-02,1.6,5.2,0.603,0.599,weekday,2.4,2.7,0.0,1,0.418,0.0,0.0,0.0,0.105,0.0,0.358,0.515,0.466,1
2025-06-03,0.0,4.8,0.57,0.637,weekday,2.6,3.6,,0,0.406,0.039,0.008,0.0,0.177,0.0,0.335,0.161,0.131,0
2025-06-04,2.8,0.5,0.589,0.589,weekday,1.9,0.5,0.0,0,0.416,0.07,0.05,0.039,0.236,0.051,0.341,0.037,0.004,0
2025-06-05,1.6,6.5,0.647,0.594,weekday,2.7,6.8,0.0,0,0.384,0.0,0.0,0.0,0.12,0.0,0.324,0.204,0.149,0
2025-06-06,0.0,1.5,0.684,0.611,weekday,2.4,2.6,0.0,0,0.322,0.0,0.0,0.079,0.056,0.0,0.244,0.084,0.075,0
2025-06-07,0.0,4.4,0.048,0.521,holiday,2.9,,0.0,0,0.655,0.615,0.606,0.511,0.462,0.079,0.518,0.135,0.107,0
2025-06-08,0.0,5.2,0.057,0.591,holiday,3.8,,0.0,0,0.675,0.244,0.522,0.499,0.409,0.187,0.55,0.115,0.124,0
2025-06-09,0.0,2.5,0.649,0.543,weekday,2.8,4.7,0.0,0,0.342,0.051,0.0,0.0,0.126,0.0,0.32,0.131,0.036,0
2025-06-10,1.3,5.3,0.644,0.711,weekday,3.1,4.1,0.0,0,0.398,0.0,,0.0,0.177,0.0,0.324,0.17,0.086,1
2025-06-11,0.0,5.2,0.606,0.607,weekday,3.3,2.3,0.0,0,0.583,0.0,0.066,0.0,0.083,0.0,0.334,0.151,0.162,0
2025-06-12,0.8,5.6,0.694,0.632,weekday,4.3,2.2,0.0,0,0.292,0.04,0.0,0.0,0.152,0.076,0.335,0.213,0.092,0
2025-06-13,0.0,4.5,0.715,0.549,weekday,3.8,2.2,0.0,0,0.476,0.099,0.081,0.022,,0.0,0.302,0.114,0.096,0
2025-06-14,0.3,5.6,0.042,0.626,holiday,3.2,2.0,0.0,0,0.642,0.4,0.586,0.483,,0.1,0.565,0.166,,0
2025-06-15,0.3,4.8,0.067,0.467,holiday,4.5,6.7,0.0,0,0.73,0.318,0.526,0.478,0.449,0.118,0.332,0.234,0.122,0
2025-06-16,0.0,5.6,,0.568,weekday,4.7,6.0,0.0,0,0.306,0.069,0.08,0.028,0.098,0.0,0.293,0.191,0.183,0
2025-06-17,1.3,3.3,0.624,0.391,weekday,4.3,8.3,0.0,0,0.4,0.037,0.05,0.086,0.085,0.0,0.213,0.139,0.113,0
2025-06-18,1.4,3.3,0.699,0.464,weekday,5.2,3.9,0.0,0,0.416,0.009,0.037,0.0,0.081,0.0,0.248,0.123,0.053,0
2025-06-19,2.7,3.5,0.62,0.508,weekday,4.3,1.7,0.0,0,0.273,0.0,0.0,0.038,0.194,0.0,0.22,0.144,0.094,1
2025-06-20,0.0,2.9,,0.427,weekday,4.5,20.9,0.0,0,0.47,0.0,0.008,0.0,0.083,0.0,0.263,0.149,0.168,1
2025-06-21,0.5,5.3,0.052,0.483,holiday,5.7,20.2,0.0,0,0.531,,0.491,0.6,0.447,0.022,0.383,,0.216,0
2025-06-22,0.0,3.5,0.095,0.587,holiday,5.1,22.8,0.0,0,0.668,0.294,0.523,0.572,0.448,0.0,0.43,0.206,0.194,0
2025-06-23,0.0,3.8,0.63,0.434,weekday,6.7,21.3,0.0,0,0.341,0.017,0.099,0.0,0.172,0.0,0.21,0.194,0.254,0
2025-06-24,1.3,1.7,0.587,0.492,weekday,6.4,21.1,0.0,0,0.506,0.0,0.038,0.086,0.043,,0.235,0.135,0.123,0
2025-06-25,0.0,2.9,0.557,0.387,weekday,5.6,18.4,1.0,0,0.325,0.32,0.232,0.203,0.077,0.0,0.195,0.183,0.16,0
2025-06-26,0.2,0.3,0.51,0.456,weekday,6.7,21.2,1.0,0,,0.223,0.244,0.204,0.06,0.0,0.243,0.14,0.146,0
2025-06-27,0.0,6.1,0.578,0.35,weekday,6.8,23.2,0.0,0,0.437,0.0,0.0,0.0,0.08,0.0,0.129,0.256,0.187,0
2025-06-28,0.0,3.9,0.111,0.402,holiday,7.6,18.7,0.0,0,0.582,0.41,0.59,0.429,0.432,0.094,0.329,0.149,0.211,0
2025-06-29,0.6,2.4,0.062,0.415,holiday,7.2,20.8,0.0,0,0.74,0.319,0.566,0.509,0.467,0.211,0.48,0.166,0.18,0
2025-06-30,0.8,2.6,0.7,0.51,weekday,6.4,20.5,0.0,0,0.512,0.0,0.0,0.065,0.095,0.0,0.261,0.127,0.193,0
2025-07-01,0.0,5.5,,0.445,weekday,7.5,27.0,0.0,0,0.191,0.0,0.0,0.019,0.035,0.0,0.269,0.259,0.253,1
2025-07-02,3.3,3.1,0.608,0.38,weekday,8.0,20.2,1.0,0,0.358,0.211,0.233,0.128,0.125,0.0,0.188,0.09,,0
2025-07-03,1.9,1.7,0.678,0.377,weekday,7.7,26.8,0.0,0,0.455,0.0,0.0,0.066,0.147,0.0,0.155,,0.174,0
2025-07-04,2.1,3.6,0.643,0.413,weekday,8.4,25.0,0.0,0,,0.0,0.0,0.045,0.067,0.0,,0.186,0.245,0
2025-07-05,0.3,3.0,0.115,0.438,holiday,8.8,20.1,0.0,0,0.927,0.318,0.572,0.572,0.483,0.0,0.409,0.116,0.216,0
2025-07-06,0.8,5.9,0.066,0.365,holiday,7.2,20.6,0.0,0,0.653,0.309,0.631,0.483,0.421,0.055,0.427,0.245,0.242,0
2025-07-07,0.0,2.6,0.629,0.383,weekday,9.0,21.6,0.0,0,0.408,0.0,0.0,0.032,0.035,0.0,0.142,0.149,0.213,1
2025-07-08,2.1,4.6,0.582,0.374,weekday,9.9,,0.0,0,0.268,0.0,0.0,0.021,0.028,0.0,0.283,0.219,0.203,0
2025-07-09,1.3,6.4,0.683,0.354,weekday,9.8,18.6,0.0,0,0.355,0.0,0.008,0.05,0.069,0.0,0.05,0.294,0.254,1
2025-07-10,0.0,3.3,0.65,0.297,weekday,8.0,23.3,0.0,0,0.318,0.0,0.0,0.071,0.067,0.0,0.111,0.209,0.188,0
2025-07-11,0.7,2.5,0.654,0.446,weekday,9.2,23.2,0.0,0,0.505,0.0,0.0,0.052,0.102,,0.19,0.152,0.157,0
2025-07-12,0.0,4.6,0.15,0.471,holiday,9.2,20.6,0.0,0,0.683,0.337,0.472,0.406,0.37,0.0,0.396,0.224,0.238,0
2025-07-13,0.0,1.8,0.0,0.322,holiday,11.0,23.3,0.0,0,0.635,0.251,0.589,0.518,0.391,0.0,0.339,0.17,0.171,0
2025-07-14,1.7,4.5,0.613,0.319,weekday,10.7,19.0,,0,0.467,0.05,0.0,0.098,0.033,0.0,0.174,0.16,0.256,0
2025-07-15,0.0,3.7,0.645,0.335,weekday,11.1,23.7,0.0,0,0.391,0.0,0.0,0.032,0.13,0.0,0.178,0.266,0.194,0
2025-07-16,0.0,3.8,0.68,0.376,weekday,10.6,18.7,0.0,0,0.457,0.0,0.08,0.08,0.023,0.0,0.266,0.134,0.157,0
2025-07-17,0.0,4.1,0.536,0.289,weekday,11.4,19.9,0.0,0,0.439,0.0,0.0,0.053,0.142,0.0,0.094,0.222,0.226,0
2025-07-18,0.0,7.7,0.633,0.266,weekday,11.7,18.7,0.0,0,0.45,0.0,0.024,,0.0,0.0,0.114,0.337,0.242,0
2025-07-19,0.0,5.5,0.033,0.324,holiday,11.4,21.6,0.0,0,0.735,,0.552,0.436,0.395,0.149,0.335,0.228,0.298,0
2025-07-20,0.0,5.4,0.129,0.318,holiday,11.7,19.7,0.0,0,0.599,0.208,0.563,0.493,0.356,0.0,0.302,0.246,0.3,0
2025-07-21,2.5,5.3,,0.325,weekday,11.8,19.5,0.0,0,0.522,0.0,0.096,0.0,0.09,0.0,0.171,0.194,0.235,0
2025-07-22,1.0,4.5,0.556,0.27,weekday,11.9,21.3,0.0,0,0.46,0.0,0.0,0.05,0.205,0.0,0.127,,0.155,0
2025-07-23,0.7,0.3,0.646,0.361,weekday,12.0,22.1,0.0,0,0.443,0.0,0.0,0.109,0.15,,0.168,0.092,,0
2025-07-24,0.0,6.0,0.618,0.277,weekday,12.7,20.6,0.0,1,0.431,0.0,0.0,0.061,0.062,0.0,0.166,,0.521,1
2025-07-25,2.1,1.8,0.541,0.324,weekday,11.6,24.0,,0,0.403,0.0,0.0,0.017,0.043,0.0,0.081,,0.182,0
2025-07-26,1.3,3.8,0.046,0.248,holiday,13.7,21.0,0.0,0,0.627,0.54,0.553,0.592,0.441,0.095,0.281,0.213,0.203,0
2025-07-27,0.0,5.6,0.0,0.131,holiday,13.3,22.1,0.0,0,0.652,0.331,0.594,0.543,0.316,0.0,0.302,0.291,0.275,0
2025-07-28,0.0,4.3,0.653,0.244,weekday,13.4,23.6,,0,0.395,0.0,0.0,0.057,0.086,0.0,0.029,0.218,0.222,0
2025-07-29,3.3,5.1,0.644,0.241,weekday,13.0,19.2,0.0,0,0.381,0.0,0.047,0.117,0.065,0.0,0.114,,0.204,0
2025-07-30,0.0,5.2,0.559,0.288,weekday,13.8,23.3,0.0,0,0.426,0.0,0.019,0.046,0.0,0.0,0.09,0.244,0.268,0
2025-07-31,0.3,4.6,0.649,0.309,weekday,14.9,9.8,1.0,0,0.517,0.374,0.24,0.218,0.0,0.0,0.178,0.226,0.162,0
2025-08-01,0.0,5.8,0.056,0.295,holiday,15.3,5.9,0.0,0,0.547,,0.268,0.34,0.11,0.0,0.238,0.225,0.151,0
2025-08-02,1.2,4.8,0.066,0.162,holiday,16.2,,0.0,0,0.669,0.309,0.551,0.667,0.399,,0.235,0.129,0.118,0
2025-08-03,0.4,7.5,0.101,0.156,holiday,14.5,11.7,0.0,0,0.626,0.58,0.619,0.632,0.328,0.0,0.285,0.275,0.181,1
2025-08-04,2.5,6.2,0.017,0.303,holiday,15.6,10.6,0.0,0,0.517,0.043,0.194,0.293,0.144,0.0,0.109,0.188,0.213,0
2025-08-05,2.1,8.3,0.052,0.259,holiday,16.7,8.2,0.0,0,0.535,0.267,0.276,0.373,0.153,0.101,0.235,0.334,0.206,0
2025-08-06,0.6,7.7,0.0,0.264,holiday,16.3,6.2,0.0,0,0.494,0.234,0.353,0.342,,0.035,0.286,0.297,0.218,1
2025-08-07,1.9,7.6,0.01,0.233,holiday,16.1,8.1,0.0,0,0.569,0.359,0.426,0.255,0.229,0.021,0.277,0.237,,0
2025-08-08,0.0,1.9,0.07,0.238,holiday,14.8,15.1,0.0,0,0.689,0.108,0.264,0.335,0.268,0.0,0.127,0.099,0.131,0
2025-08-09,0.0,6.5,0.075,0.15,holiday,16.1,8.3,0.0,0,0.875,0.34,0.444,0.555,0.366,0.193,0.243,0.261,0.14,0
2025-08-10,2.3,2.8,0.049,0.168,holiday,15.8,13.7,0.0,0,0.591,0.484,0.564,0.642,0.305,0.108,0.264,0.163,0.114,0
2025-08-11,0.6,4.3,0.107,0.121,holiday,18.4,10.1,0.0,0,0.496,0.104,0.334,0.298,0.193,0.095,0.102,0.194,,0
2025-08-12,1.2,5.1,0.032,0.185,holiday,16.2,6.6,0.0,0,0.645,0.247,0.306,0.267,0.254,0.0,0.128,0.148,0.153,1
2025-08-13,0.4,5.6,0.055,0.245,holiday,17.5,7.2,0.0,0,0.493,,0.271,0.233,0.293,0.101,0.2,0.214,0.181,0
2025-08-14,2.7,7.2,0.098,0.155,holiday,16.8,10.1,0.0,0,0.608,0.091,0.256,0.294,0.225,0.059,0.127,0.221,0.235,0
2025-08-15,1.9,7.2,0.094,0.169,holiday,18.0,8.1,0.0,0,0.605,0.141,0.328,0.309,0.226,0.106,0.249,0.293,0.246,0
2025-08-16,0.6,5.8,0.103,0.025,holiday,19.3,9.9,0.0,0,0.626,,0.578,0.509,0.398,0.11,0.215,0.177,0.226,0
2025-08-17,1.7,3.0,0.087,0.197,holiday,18.5,12.0,0.0,0,0.633,0.407,0.53,0.522,0.329,0.152,0.239,0.13,0.144,0
2025-08-18,0.0,4.1,0.094,0.104,holiday,17.6,7.4,1.0,0,0.498,0.49,0.616,0.495,0.216,0.026,0.085,0.174,0.135,0
2025-08-19,1.6,5.0,0.01,0.125,holiday,18.7,10.8,0.0,0,0.603,0.343,0.324,0.301,0.238,0.129,0.14,0.174,0.151,0
2025-08-20,1.8,5.6,0.0,0.135,holiday,18.9,8.9,0.0,0,0.569,0.091,0.288,0.445,0.195,0.012,0.163,0.168,0.232,0
2025-08-21,1.4,7.3,0.075,0.223,holiday,18.3,8.2,0.0,0,0.566,0.16,0.379,,0.211,0.0,0.21,0.241,0.2,0
2025-08-22,0.5,5.4,0.0,0.135,holiday,19.3,9.1,0.0,0,0.382,0.165,0.384,0.191,0.244,0.031,0.17,0.261,0.178,0
2025-08-23,0.0,6.5,0.064,0.203,holiday,20.0,8.9,0.0,0,0.663,0.424,0.623,,0.405,0.213,0.232,0.223,0.198,0
2025-08-24,2.9,5.8,0.01,0.072,holiday,21.5,10.3,0.0,0,0.842,0.552,0.613,0.644,0.344,0.397,0.226,0.217,0.19,0
2025-08-25,0.1,7.3,0.107,0.148,holiday,19.7,,0.0,0,0.639,0.179,0.183,0.318,0.238,0.176,0.182,0.223,0.201,0
2025-08-26,0.0,7.8,0.192,0.174,holiday,21.5,8.6,0.0,0,0.505,0.259,0.33,0.289,0.237,0.192,,0.237,0.214,0
2025-08-27,0.0,7.6,0.052,0.101,holiday,21.1,9.5,0.0,0,0.539,0.187,0.373,0.386,0.199,0.106,0.135,0.321,0.212,0
2025-08-28,1.1,7.6,0.0,0.143,holiday,21.3,,0.0,0,0.55,0.269,0.336,0.241,0.171,0.137,0.164,0.249,0.191,0
2025-08-29,1.1,4.0,0.001,0.14,holiday,21.3,10.7,0.0,0,0.512,0.328,0.278,0.41,,0.165,0.08,0.166,0.13,0
2025-08-30,0.0,5.6,0.144,0.032,holiday,20.5,12.6,0.0,0,0.757,0.365,0.583,0.569,0.338,0.299,0.222,0.253,0.205,0
2025-08-31,1.5,7.9,0.118,0.12,holiday,20.2,10.4,1.0,0,0.609,0.669,0.843,0.82,0.313,0.235,0.306,0.299,0.203,0
2025-09-01,1.0,6.4,0.569,0.064,weekday,22.2,6.8,1.0,0,0.39,0.208,0.302,0.313,0.012,0.098,0.082,0.206,0.166,0
2025-09-02,0.7,5.9,0.714,0.143,weekday,20.4,7.4,0.0,0,0.425,0.0,0.071,,0.0,0.0,0.066,,0.165,0
2025-09-03,0.0,5.9,0.679,,weekday,21.6,7.1,0.0,0,0.323,0.1,,0.056,0.05,0.088,0.104,0.237,0.14,0
2025-09-04,0.5,7.0,0.678,0.077,weekday,21.6,8.8,0.0,0,0.456,0.07,0.0,0.034,0.0,0.065,0.0,0.24,0.166,0
2025-09-05,0.0,5.2,0.624,0.008,weekday,22.9,9.4,0.0,0,0.408,0.06,0.099,0.0,0.0,0.109,0.111,0.171,0.146,0
2025-09-06,0.0,5.0,0.052,0.089,holiday,22.0,6.9,0.0,0,0.712,,0.626,0.574,0.367,0.209,0.254,0.182,0.165,0
2025-09-07,0.6,6.4,0.085,0.018,holiday,22.5,12.0,0.0,0,0.84,0.28,0.549,0.621,0.381,0.123,0.258,0.226,0.239,0
2025-09-08,0.0,4.5,0.709,0.017,weekday,23.1,7.2,0.0,0,0.451,0.0,0.082,0.136,0.019,,0.0,0.141,0.174,0
2025-09-09,0.7,7.5,0.681,0.172,weekday,22.4,13.9,0.0,0,0.49,0.119,0.049,0.069,0.025,0.111,0.038,0.259,,0
2025-09-10,0.0,6.3,0.599,0.083,weekday,23.3,11.6,0.0,0,0.556,0.0,0.0,0.136,0.008,0.057,0.0,0.208,0.26,0
2025-09-11,0.0,4.8,0.699,0.106,weekday,24.0,7.7,0.0,0,0.347,0.029,0.0,0.058,0.032,0.013,0.0,0.183,0.145,0
