date,wind_speed_mps,flight_delay_count,rainfall_mm,typhoon_alert_flag,holiday,temperature_c,snowfall_cm,event_local_flag,mobility_inflow_index,tourist_inflow_count,lodging_occupancy_ratio,rail_ridership,temple_shrine_visits,onsen_visitors_count,beach_crowd_index,snow_quality_index,y
2023-09-13,9.7,,13.6,0,weekday,23.3,1.7,0.0,0.428,0.118,0.016,0.633,0.183,0.086,0.099,0.007,0.253
2023-09-14,7.2,0.199,14.0,0,weekday,23.4,0.1,0.0,0.588,0.01,0.019,0.706,0.109,0.033,0.135,0.018,0.29
2023-09-15,7.2,0.27,19.4,0,weekday,24.4,0.0,0.0,0.312,0.023,0.0,0.594,0.084,0.038,0.078,0.033,0.203
2023-09-16,8.3,0.23,12.3,0,holiday,25.2,1.4,1.0,0.424,0.753,0.874,0.048,0.774,0.291,0.298,0.025,0.442
2023-09-17,12.3,0.358,15.2,0,holiday,24.5,1.2,0.0,0.745,0.451,0.636,0.03,0.642,0.194,0.224,0.023,0.253
2023-09-18,10.2,0.298,12.9,0,weekday,25.1,0.0,0.0,0.44,0.0,0.059,0.645,0.074,0.002,,0.026,0.168
2023-09-19,10.7,,,0,weekday,24.9,0.0,0.0,0.347,0.13,0.068,0.571,0.126,0.0,0.003,0.0,0.243
2023-09-20,9.4,0.27,15.8,0,weekday,25.1,2.1,0.0,0.304,0.14,0.0,0.662,0.13,0.0,,0.0,0.217
2023-09-21,9.4,0.279,12.5,0,weekday,25.8,0.2,0.0,0.493,0.141,0.052,0.671,0.095,0.0,0.108,,0.245
2023-09-22,11.4,0.588,12.7,1,weekday,24.3,0.0,0.0,0.392,0.0,0.0,,0.103,0.022,0.014,0.0,0.143
2023-09-23,11.0,0.333,15.6,0,holiday,25.3,1.3,0.0,0.848,0.475,0.503,,0.557,0.4,,0.0,0.294
2023-09-24,8.9,0.251,14.3,0,holiday,24.9,0.2,0.0,0.683,0.426,0.6,0.108,,0.351,0.238,0.0,0.348
2023-09-25,7.8,0.248,15.1,0,weekday,25.3,0.0,0.0,0.369,0.144,0.058,0.636,0.087,0.0,0.084,0.0,0.227
2023-09-26,7.3,0.215,12.2,0,weekday,25.0,0.0,0.0,0.308,0.233,0.0,0.621,0.071,0.0,0.168,0.0,0.254
2023-09-27,9.0,0.249,11.6,0,weekday,25.8,0.0,0.0,0.33,0.11,0.053,0.717,0.054,0.0,0.001,0.0,0.249
2023-09-28,10.0,0.289,13.1,0,weekday,25.2,0.0,0.0,0.482,0.042,0.0,0.624,0.162,0.0,0.114,0.0,0.275
2023-09-29,9.0,0.254,13.8,0,weekday,25.7,0.0,0.0,0.464,0.121,0.004,0.7,0.109,0.044,0.029,0.0,0.183
2023-09-30,9.3,0.282,18.5,0,holiday,27.2,0.0,0.0,0.674,0.453,0.542,0.086,0.595,0.359,0.275,0.0,0.328
2023-10-01,6.0,0.159,2.0,0,holiday,26.6,0.7,,0.581,0.543,0.686,0.154,0.633,0.392,0.489,0.06,0.475
2023-10-02,3.9,0.096,3.0,0,weekday,27.3,0.0,0.0,0.486,0.108,0.058,0.655,,0.0,,,0.338
2023-10-03,6.6,0.142,3.1,0,weekday,26.5,0.0,0.0,0.353,0.142,0.034,0.625,0.141,0.113,0.219,0.014,0.403
2023-10-04,5.0,0.107,3.4,0,weekday,24.7,1.2,1.0,0.476,0.551,0.36,0.617,0.249,0.023,0.147,0.0,0.287
2023-10-05,3.6,0.106,5.8,0,weekday,27.5,0.0,0.0,0.402,0.0,0.066,0.517,0.165,0.072,0.313,0.0,0.347
2023-10-06,4.6,0.096,4.7,0,weekday,27.5,1.8,0.0,0.55,0.0,0.055,0.674,0.068,0.059,0.309,0.01,0.353
2023-10-07,4.8,0.12,3.3,0,holiday,26.6,0.1,,,0.36,0.546,0.093,0.693,0.27,0.557,0.05,0.442
2023-10-08,5.2,0.116,6.8,0,holiday,27.7,0.0,0.0,0.631,0.441,0.518,0.072,0.575,0.329,0.506,0.034,0.599
2023-10-09,7.1,0.229,4.3,0,weekday,26.9,1.6,0.0,0.39,0.044,0.008,0.581,0.063,0.003,0.208,0.134,0.277
2023-10-10,5.3,0.137,3.6,0,weekday,27.2,0.0,0.0,0.375,0.207,0.053,0.661,0.134,0.0,0.354,0.0,0.337
2023-10-11,6.3,0.142,2.2,0,weekday,25.6,0.1,0.0,0.459,0.023,0.049,0.684,,0.023,0.202,0.043,0.293
2023-10-12,7.0,0.139,3.2,0,weekday,26.4,4.4,0.0,0.265,0.228,0.055,0.613,0.037,0.0,0.237,0.01,0.291
2023-10-13,5.4,0.203,6.5,0,weekday,29.1,0.0,0.0,0.543,0.094,0.035,0.681,0.14,0.0,,0.0,0.39
2023-10-14,4.4,0.107,2.7,0,holiday,28.4,0.5,0.0,0.632,0.599,0.66,0.027,0.614,0.418,0.56,0.0,0.545
2023-10-15,3.3,,2.4,0,holiday,28.7,1.3,1.0,0.67,0.811,0.841,0.177,0.753,0.356,0.529,0.008,0.57
2023-10-16,5.9,0.137,10.0,0,weekday,27.8,0.0,0.0,0.455,,0.0,0.69,0.112,0.0,0.281,0.0,0.375
2023-10-17,5.9,0.178,4.1,0,weekday,29.1,0.0,0.0,0.328,0.119,0.002,0.632,0.116,0.002,0.239,0.048,0.326
2023-10-18,6.5,0.251,7.1,0,weekday,28.3,0.0,0.0,0.456,0.205,0.004,0.672,0.055,0.0,0.252,0.046,0.323
2023-10-19,6.2,,7.8,0,weekday,26.9,3.4,0.0,0.286,0.168,0.057,0.513,0.041,0.021,0.232,0.043,0.259
2023-10-20,5.3,0.135,0.4,0,weekday,28.0,0.0,0.0,,0.165,0.008,0.593,0.097,0.048,0.281,0.073,0.414
2023-10-21,5.6,0.152,9.3,0,holiday,26.7,0.8,0.0,0.779,0.453,0.617,0.107,0.686,0.424,0.438,0.0,0.472
2023-10-22,6.6,0.148,1.9,0,holiday,28.5,1.3,1.0,0.854,0.812,0.905,0.083,0.8,0.378,0.442,0.0,0.496
2023-10-23,6.5,0.183,3.7,0,weekday,29.0,1.1,,0.526,0.238,0.113,0.58,0.117,0.0,0.19,0.009,0.359
2023-10-24,6.7,0.153,4.5,0,weekday,28.2,4.2,0.0,0.563,0.0,0.0,0.72,0.064,0.0,0.328,0.102,0.289
2023-10-25,8.7,0.239,3.0,0,weekday,28.4,2.0,0.0,0.307,0.236,0.126,0.587,0.169,0.0,0.189,0.032,0.311
2023-10-26,4.0,0.131,7.5,0,weekday,28.5,0.7,0.0,,0.197,0.0,0.624,0.123,0.055,0.204,0.0,0.315
2023-10-27,5.4,0.166,4.6,0,weekday,28.0,3.6,0.0,0.438,0.142,0.124,0.666,0.055,0.043,0.316,0.0,0.343
2023-10-28,6.1,0.216,5.3,0,holiday,30.1,0.0,0.0,0.695,0.551,0.632,,0.553,0.374,,,0.478
2023-10-29,3.7,0.055,2.9,0,holiday,28.4,0.0,0.0,0.728,0.458,0.564,0.12,0.606,0.389,0.482,0.025,0.577
2023-10-30,5.8,0.148,3.6,0,weekday,28.3,0.0,,0.584,0.437,0.375,0.762,0.291,0.0,0.301,0.0,0.31
2023-10-31,6.5,0.135,3.2,0,weekday,29.4,1.2,1.0,0.591,0.396,0.197,0.716,0.238,0.0,0.297,0.045,0.313
2023-11-01,4.5,0.081,2.3,0,weekday,28.2,1.4,0.0,0.519,0.093,0.04,0.594,0.182,0.018,0.373,0.0,0.408
2023-11-02,6.7,,2.1,0,weekday,28.6,0.7,0.0,0.482,0.223,0.023,0.694,0.156,0.0,0.287,0.0,0.364
2023-11-03,4.2,0.153,5.1,0,weekday,30.9,0.0,0.0,0.291,0.02,0.0,0.594,0.159,0.0,0.46,0.0,0.419
2023-11-04,8.3,0.216,,0,holiday,28.7,3.2,0.0,0.781,0.547,0.641,0.091,0.64,0.427,0.393,0.09,0.423
2023-11-05,4.0,0.09,1.8,0,holiday,29.2,0.0,0.0,0.806,0.591,0.589,0.068,0.584,0.353,0.629,0.009,0.482
2023-11-06,4.7,0.145,0.9,0,weekday,27.5,2.3,0.0,0.226,0.187,0.0,0.556,0.119,0.0,0.316,0.01,0.402
2023-11-07,6.0,0.128,9.1,0,weekday,28.5,0.7,0.0,0.501,0.027,0.043,0.684,0.08,0.0,0.213,0.0,0.342
2023-11-08,4.6,0.141,3.0,0,weekday,29.7,0.9,0.0,0.336,0.215,0.045,0.649,0.014,0.107,0.406,0.061,0.476
2023-11-09,4.3,0.139,5.2,0,weekday,29.7,0.0,0.0,0.396,0.166,0.008,,0.152,0.0,0.206,0.0,0.418
2023-11-10,7.4,0.184,1.6,0,weekday,26.7,0.0,0.0,0.491,0.2,0.042,0.628,0.064,0.024,0.13,0.029,0.397
2023-11-11,5.7,0.144,6.7,0,holiday,29.7,0.0,0.0,0.769,0.532,0.644,0.142,0.597,0.449,0.438,0.0,0.555
2023-11-12,3.5,0.408,3.5,1,holiday,26.7,0.0,0.0,0.594,0.571,0.64,0.015,,,0.484,0.0,0.481
2023-11-13,7.2,0.207,3.5,0,weekday,27.8,0.0,0.0,0.333,0.188,0.072,0.638,0.142,0.024,0.21,0.0,0.31
2023-11-14,5.0,0.17,6.5,0,weekday,29.5,0.1,0.0,0.404,0.104,0.0,0.654,0.182,0.019,0.264,0.0,0.297
2023-11-15,6.4,0.132,3.3,0,weekday,28.1,0.0,0.0,0.363,0.131,0.078,0.682,0.108,0.0,0.213,0.04,0.42
2023-11-16,6.5,0.16,5.6,0,weekday,27.5,2.2,0.0,0.246,0.216,0.004,0.648,0.107,0.084,0.425,,0.309
2023-11-17,3.8,0.064,0.6,0,weekday,28.0,0.0,0.0,0.246,0.33,0.136,0.689,0.171,0.0,0.316,0.043,0.413
2023-11-18,5.5,0.117,2.1,0,holiday,27.8,1.2,0.0,0.684,0.592,0.624,0.025,0.557,0.384,0.544,0.03,0.425
2023-11-19,5.3,0.114,3.4,0,holiday,28.8,0.3,0.0,0.636,0.603,,0.053,0.656,0.243,0.468,0.026,0.523
2023-11-20,1.8,0.089,5.8,0,,28.5,0.6,0.0,0.407,0.126,0.011,0.699,0.152,0.0,0.308,0.041,0.363
2023-11-21,5.4,0.189,2.2,0,weekday,29.3,0.0,0.0,0.473,0.155,0.043,0.667,0.074,0.031,,0.0,0.414
2023-11-22,5.8,0.117,2.1,0,weekday,28.7,0.5,0.0,0.448,0.263,0.0,0.638,0.075,0.0,0.212,0.035,0.404
2023-11-23,2.5,0.081,,0,weekday,28.0,0.3,0.0,0.424,0.223,0.023,0.679,0.054,0.063,0.363,0.017,0.429
2023-11-24,3.6,0.067,4.4,0,weekday,27.4,0.4,0.0,0.334,0.172,0.024,0.629,0.138,0.0,0.225,0.0,0.395
2023-11-25,5.9,0.146,2.1,0,holiday,27.4,0.0,0.0,0.725,0.56,0.498,0.088,0.544,0.383,0.464,0.054,0.48
2023-11-26,3.8,0.062,4.0,0,holiday,28.3,0.6,0.0,0.698,0.589,0.568,0.136,0.518,0.327,0.462,0.06,0.558
2023-11-27,6.9,0.206,6.5,0,weekday,28.0,0.6,0.0,,0.066,0.007,,0.096,,,0.0,0.321
2023-11-28,3.1,0.075,0.8,0,weekday,26.6,0.0,,,0.056,0.025,0.684,0.053,0.0,0.24,0.092,0.365
2023-11-29,4.6,0.099,3.4,0,weekday,26.8,0.0,0.0,0.423,0.189,0.09,0.633,0.069,0.0,0.344,0.0,0.36
2023-11-30,4.9,0.145,2.2,0,weekday,26.9,0.0,0.0,0.464,0.195,0.0,0.69,0.104,0.0,0.358,0.0,0.337
2023-12-01,7.3,0.165,3.1,0,holiday,27.4,0.4,0.0,0.649,,0.333,0.068,0.254,0.099,0.292,0.0,0.475
2023-12-02,5.3,0.164,1.7,0,holiday,27.6,0.3,0.0,0.788,0.505,0.665,0.162,0.571,0.311,0.392,0.14,0.538
2023-12-03,3.9,0.033,2.2,0,holiday,27.8,0.5,0.0,0.75,0.426,,0.225,0.557,0.299,0.402,0.0,0.541
2023-12-04,7.0,0.134,3.8,0,holiday,28.4,1.8,0.0,0.475,0.35,0.329,0.045,0.342,0.25,0.387,0.0,0.474
2023-12-05,4.8,0.054,3.1,0,holiday,28.3,0.1,0.0,0.433,0.32,0.43,0.142,0.394,0.216,0.206,0.033,0.493
2023-12-06,6.3,0.114,1.8,0,holiday,26.2,1.7,0.0,0.481,0.273,0.327,0.088,0.283,0.183,0.307,0.0,0.468
2023-12-07,4.5,0.084,1.4,0,holiday,27.3,1.0,0.0,,0.218,0.29,0.082,0.372,0.217,0.398,0.0,0.504
2023-12-08,4.2,0.16,5.6,0,holiday,26.8,0.0,1.0,0.488,0.72,0.63,0.019,0.509,0.176,0.194,0.042,0.394
2023-12-09,3.8,0.128,0.8,0,holiday,26.5,1.8,0.0,0.694,0.423,0.7,0.106,0.548,0.409,0.536,0.01,0.517
2023-12-10,5.3,0.093,5.8,0,holiday,25.0,0.7,0.0,0.774,0.493,0.71,0.056,0.549,0.429,0.492,0.017,0.438
2023-12-11,6.9,0.168,3.4,0,holiday,26.7,0.0,0.0,0.657,0.234,,,0.407,0.131,0.463,0.0,0.497
2023-12-12,4.0,0.027,1.5,0,holiday,25.9,3.4,0.0,0.455,0.407,0.29,0.088,0.386,0.153,0.309,0.037,0.461
2023-12-13,4.5,0.164,5.5,0,,27.2,0.0,0.0,0.592,0.313,0.239,0.106,0.402,0.208,0.4,0.0,0.497
2023-12-14,5.3,0.149,8.1,0,holiday,26.6,2.5,0.0,0.546,0.293,0.33,0.059,0.412,0.14,0.415,0.0,0.429
2023-12-15,4.3,0.121,0.3,0,holiday,25.3,0.0,0.0,0.506,0.237,0.301,,0.349,0.23,0.362,0.0,0.512
2023-12-16,7.8,0.184,3.5,0,holiday,26.1,1.3,0.0,0.745,0.578,0.577,,0.575,,0.306,0.007,0.447
2023-12-17,3.5,0.097,2.3,0,holiday,26.0,2.7,0.0,0.763,0.577,0.613,0.131,0.668,0.326,0.41,0.0,0.515
2023-12-18,5.7,,3.6,0,holiday,27.7,0.0,0.0,0.637,0.213,0.334,0.104,0.311,0.162,0.404,0.0,0.445
2023-12-19,5.3,0.088,2.3,0,holiday,25.4,0.0,0.0,0.296,0.281,0.386,0.008,0.302,0.142,0.398,0.0,0.399
2023-12-20,3.8,0.107,3.9,0,holiday,25.3,4.3,0.0,0.585,0.364,0.247,0.0,0.26,0.26,0.363,0.055,0.422
2023-12-21,5.2,,2.2,0,holiday,25.1,1.2,0.0,0.575,0.31,,0.029,0.325,0.187,0.38,0.0,0.474
2023-12-22,5.8,0.14,1.3,0,holiday,24.5,0.0,0.0,0.514,0.155,0.343,0.016,0.275,0.247,0.298,0.088,0.467
2023-12-23,4.1,0.081,4.0,0,holiday,24.4,1.6,0.0,0.659,0.495,0.653,0.142,0.61,0.341,0.404,0.051,0.45
2023-12-24,5.7,0.131,2.0,0,holiday,25.5,2.2,0.0,0.918,0.523,0.594,0.157,0.611,0.361,0.504,0.073,0.439
2023-12-25,3.2,0.126,2.3,0,holiday,23.9,1.3,0.0,0.597,,0.31,0.123,0.314,0.208,0.347,0.122,0.41
2023-12-26,5.4,0.189,9.5,0,holiday,23.9,0.8,1.0,0.464,0.55,0.608,0.157,0.584,0.15,0.117,0.047,0.462
2023-12-27,6.1,0.222,6.8,0,holiday,24.6,2.4,0.0,0.686,0.304,0.355,0.085,0.366,0.15,0.204,,0.473
2023-12-28,6.4,0.127,0.7,0,holiday,24.8,1.2,0.0,0.377,0.3,0.249,0.014,0.45,0.204,0.175,0.054,0.398
2023-12-29,5.7,0.2,7.7,0,holiday,24.4,4.4,0.0,0.603,0.338,0.322,0.12,0.398,0.148,0.34,0.0,0.439
2023-12-30,8.0,0.196,2.7,0,holiday,24.0,1.0,0.0,0.667,0.346,0.532,0.122,0.534,0.351,0.259,0.0,0.439
2023-12-31,5.3,0.138,2.8,0,holiday,23.6,5.4,0.0,0.582,0.535,0.552,0.096,0.489,0.399,0.483,0.002,0.415
2024-01-01,3.9,0.057,0.8,0,holiday,23.4,0.7,0.0,0.604,0.352,0.305,0.199,,0.176,0.309,0.104,0.448
2024-01-02,4.5,0.181,5.8,0,holiday,23.7,2.2,0.0,0.521,0.145,0.25,0.153,0.379,0.238,0.309,0.036,0.485
2024-01-03,7.1,0.141,7.0,0,holiday,23.1,0.8,0.0,0.49,0.157,0.303,0.049,0.297,0.2,0.134,0.034,0.351
2024-01-04,6.6,0.148,4.8,0,holiday,22.4,3.5,0.0,0.332,,0.321,0.0,0.27,0.204,0.209,0.133,0.397
2024-01-05,5.5,0.128,1.1,0,holiday,21.8,2.4,0.0,0.682,0.371,0.231,0.088,0.396,0.218,0.252,0.152,0.377
2024-01-06,5.7,0.12,0.5,0,holiday,23.7,2.4,0.0,0.686,0.524,0.564,0.146,0.64,0.376,0.339,0.001,0.477
2024-01-07,6.7,0.156,5.1,0,holiday,21.7,2.7,0.0,0.572,0.627,0.66,0.071,0.718,0.357,0.19,0.203,0.352
2024-01-08,6.2,0.15,5.0,0,holiday,22.0,0.4,0.0,0.623,0.281,0.324,0.116,0.396,,0.188,0.06,0.476
2024-01-09,6.3,0.155,1.4,0,holiday,21.4,4.7,0.0,0.611,0.248,0.296,0.181,0.395,0.176,0.138,0.194,0.386
2024-01-10,5.7,0.185,5.1,0,holiday,21.6,3.1,0.0,0.556,0.303,0.28,0.071,0.302,0.178,0.046,0.09,0.356
2024-01-11,6.1,0.183,1.8,0,holiday,20.7,4.2,0.0,0.475,0.295,0.324,0.087,0.343,0.145,0.235,0.137,0.453
2024-01-12,3.7,0.136,6.2,0,holiday,21.8,0.5,0.0,0.576,0.199,0.31,0.077,0.359,0.15,0.186,0.005,0.396
2024-01-13,5.0,0.095,0.7,0,holiday,21.2,3.0,0.0,0.699,0.47,0.617,0.11,0.612,0.285,0.279,0.33,0.376
2024-01-14,3.4,0.061,1.5,0,holiday,19.5,5.7,0.0,0.593,0.672,0.783,0.153,0.538,0.335,0.25,0.148,0.4
2024-01-15,6.6,0.173,,0,holiday,21.7,0.0,0.0,0.577,0.264,0.27,0.067,0.383,0.187,0.152,0.018,0.352
2024-01-16,4.3,0.133,2.7,0,holiday,21.8,1.1,0.0,0.5,,0.324,0.061,0.231,0.145,0.175,0.098,0.457
2024-01-17,6.5,0.158,4.4,0,holiday,18.0,7.3,0.0,0.387,,0.314,0.061,0.295,0.129,0.01,0.301,0.312
2024-01-18,4.0,0.116,3.9,0,holiday,21.3,2.3,0.0,0.642,0.119,0.339,0.16,0.397,0.265,0.343,0.136,0.377
2024-01-19,7.0,0.229,4.9,0,holiday,20.3,4.9,0.0,0.741,0.204,0.245,0.036,0.296,0.225,0.052,0.14,0.378
2024-01-20,6.3,0.175,0.9,0,holiday,20.2,3.4,1.0,0.792,0.635,0.9,0.081,0.823,0.298,0.181,0.187,0.332
2024-01-21,4.7,,5.6,0,holiday,18.8,5.3,0.0,0.7,0.577,0.555,,0.527,0.387,0.235,0.258,0.282
2024-01-22,2.2,0.095,,0,holiday,20.4,3.4,0.0,0.57,0.386,0.285,0.094,0.251,0.211,0.21,0.083,0.487
2024-01-23,4.5,0.15,2.9,0,holiday,18.5,6.4,0.0,0.467,0.254,0.479,0.085,0.186,0.188,0.02,0.301,0.349
2024-01-24,8.1,,2.1,0,holiday,18.9,4.1,0.0,0.496,0.112,0.299,0.005,0.418,0.245,0.0,0.19,0.29
2024-01-25,5.1,0.125,4.1,0,holiday,17.2,2.6,0.0,0.607,0.219,0.316,0.042,0.322,0.148,0.138,0.24,0.408
2024-01-26,3.6,0.104,3.7,0,holiday,18.8,2.9,0.0,0.564,0.241,0.294,0.021,0.293,0.164,0.071,0.1,0.337
2024-01-27,6.9,0.129,0.2,0,holiday,18.8,1.9,0.0,0.635,0.388,0.579,0.144,0.519,0.366,0.269,0.212,0.368
2024-01-28,6.9,0.172,4.2,0,holiday,18.5,3.6,0.0,,0.502,0.594,0.118,0.653,,0.252,0.173,0.383
2024-01-29,5.8,0.166,4.2,0,holiday,16.5,5.5,1.0,0.606,0.601,0.563,0.111,0.533,0.156,0.051,0.236,0.264
2024-01-30,3.8,,3.7,0,holiday,17.5,5.5,0.0,0.456,0.239,,0.119,0.211,0.249,0.089,0.229,0.286
2024-01-31,6.5,0.239,4.3,0,holiday,17.4,4.4,0.0,0.651,0.189,0.213,0.108,0.296,0.249,0.016,0.228,0.243
2024-02-01,5.0,,5.6,0,weekday,18.5,5.4,1.0,0.408,0.235,0.176,0.639,0.333,0.0,0.059,0.194,0.186
2024-02-02,3.8,0.113,1.1,0,weekday,17.7,6.0,0.0,0.336,0.051,0.011,0.67,0.029,0.058,0.0,0.335,0.151
2024-02-03,6.2,0.209,6.7,0,holiday,16.2,4.3,0.0,0.552,0.514,0.606,0.09,0.535,0.421,0.058,0.254,0.252
2024-02-04,4.6,0.393,2.4,1,holiday,17.3,1.6,0.0,0.658,0.491,0.614,0.05,0.627,0.369,0.097,0.232,0.369
2024-02-05,4.1,,3.0,0,weekday,17.7,5.0,1.0,0.27,0.384,0.247,0.61,0.304,0.033,0.0,,0.215
2024-02-06,5.7,0.206,8.1,0,weekday,17.6,5.1,0.0,0.51,0.15,0.0,0.652,0.046,0.0,0.0,0.248,0.194
2024-02-07,7.0,0.166,1.3,0,weekday,16.2,5.2,0.0,0.283,0.014,0.0,0.631,0.044,0.026,0.0,0.266,0.169
2024-02-08,7.1,0.197,8.1,0,weekday,15.9,3.7,0.0,0.544,,0.1,0.659,,0.058,0.0,0.276,0.102
2024-02-09,7.6,0.202,0.9,0,weekday,16.8,3.2,0.0,0.476,0.031,0.032,0.718,0.057,0.053,0.0,0.28,0.113
2024-02-10,5.0,0.152,5.2,0,holiday,14.5,2.8,0.0,0.56,0.298,0.6,0.066,0.569,0.392,0.102,0.33,0.288
2024-02-11,6.4,0.15,3.3,0,holiday,14.6,5.0,0.0,0.682,,0.619,0.038,0.593,0.351,0.124,0.333,0.297
2024-02-12,6.0,0.148,3.8,0,weekday,15.3,2.5,0.0,0.505,0.0,0.0,0.644,0.056,0.0,0.0,0.281,0.176
2024-02-13,4.2,0.11,3.2,0,weekday,15.3,3.3,0.0,0.253,0.023,0.012,0.565,0.092,0.07,0.0,0.324,0.156
2024-02-14,5.0,0.092,2.0,0,weekday,14.2,3.9,0.0,0.33,,0.07,,0.059,0.025,0.0,0.315,0.15
2024-02-15,5.4,0.146,,0,weekday,14.7,5.1,0.0,0.644,0.11,0.0,0.618,0.0,0.092,,0.3,0.152
2024-02-16,4.9,0.159,10.3,0,weekday,13.8,4.4,0.0,0.431,0.189,0.112,0.683,0.129,0.0,0.0,0.29,0.146
2024-02-17,3.0,0.052,2.0,0,holiday,14.9,6.9,0.0,0.733,0.455,0.541,0.0,0.527,0.417,0.119,0.356,0.271
2024-02-18,6.9,0.179,3.8,0,holiday,14.7,4.7,0.0,0.689,0.456,0.554,0.046,0.566,0.338,0.168,0.282,0.249
2024-02-19,5.0,0.155,7.7,0,weekday,14.1,1.6,0.0,0.371,0.084,0.0,0.629,0.0,0.108,0.0,0.302,0.151
2024-02-20,2.4,0.063,1.4,0,weekday,12.9,5.7,1.0,0.501,0.348,0.345,0.849,0.272,0.119,0.0,0.355,0.19
2024-02-21,7.2,0.217,6.8,0,weekday,13.5,1.1,0.0,0.446,0.0,0.056,0.676,0.069,0.0,0.0,0.323,0.083
2024-02-22,6.3,0.176,3.7,0,weekday,13.1,6.1,0.0,0.356,0.025,0.0,0.581,0.039,0.126,0.0,0.4,0.082
2024-02-23,5.0,0.167,3.0,0,weekday,12.5,4.2,0.0,0.42,0.0,0.0,0.619,0.04,0.127,0.0,0.336,0.07
2024-02-24,6.0,,3.0,0,holiday,11.6,6.9,1.0,0.636,0.503,0.79,0.064,0.679,0.389,0.041,0.364,0.202
2024-02-25,5.4,0.139,4.0,0,holiday,13.4,6.8,0.0,0.694,0.386,0.536,0.095,0.489,0.395,0.18,,0.371
2024-02-26,4.6,0.064,3.8,0,weekday,11.5,2.7,0.0,0.396,0.007,0.0,0.657,0.055,0.0,0.076,0.373,0.075
2024-02-27,5.0,0.137,6.7,0,weekday,11.9,8.0,0.0,0.381,0.0,0.011,0.616,0.022,0.065,,0.452,0.135
2024-02-28,7.8,0.136,0.3,0,weekday,11.4,5.3,0.0,0.429,0.185,0.05,0.6,0.091,0.115,0.0,0.348,0.053
2024-02-29,5.4,0.126,1.5,0,weekday,12.7,5.1,0.0,0.451,0.059,0.016,0.582,0.0,0.016,0.0,0.423,0.083
2024-03-01,4.9,0.168,7.1,0,weekday,10.3,8.7,1.0,0.531,0.166,0.151,0.593,0.151,0.115,0.036,0.488,0.118
2024-03-02,4.9,0.168,8.6,0,holiday,11.5,4.5,0.0,0.751,,0.638,0.125,0.561,0.459,0.16,0.38,0.149
2024-03-03,5.7,0.142,2.1,0,holiday,11.0,6.5,0.0,0.595,0.277,0.61,0.135,0.476,0.388,0.093,0.43,0.226
2024-03-04,3.3,0.042,2.8,0,weekday,10.0,5.3,0.0,0.283,0.041,0.0,0.595,0.0,0.109,0.0,0.421,0.063
2024-03-05,4.1,0.086,2.9,0,weekday,10.9,2.5,0.0,0.342,0.236,0.096,0.67,0.059,0.138,0.0,0.332,0.134
2024-03-06,4.0,0.111,5.2,0,weekday,9.7,5.1,0.0,0.434,0.0,0.037,0.602,0.014,0.045,0.0,0.413,0.106
2024-03-07,4.8,0.086,1.9,0,weekday,11.0,4.3,0.0,0.506,0.223,0.006,0.686,0.1,0.076,0.0,0.416,0.134
2024-03-08,5.4,0.146,4.3,0,weekday,10.5,4.5,,0.358,0.088,0.0,0.674,0.028,0.109,0.0,0.378,0.051
2024-03-09,5.7,0.112,1.3,0,holiday,10.4,6.4,0.0,0.654,0.428,0.598,0.0,0.447,0.457,0.063,0.474,0.154
2024-03-10,3.5,0.117,9.2,0,holiday,10.7,4.5,0.0,0.868,0.457,0.621,0.138,0.596,0.396,0.102,0.447,0.21
2024-03-11,4.3,0.121,0.7,0,weekday,9.9,4.7,0.0,0.362,0.03,0.028,0.601,,0.057,0.0,0.476,0.0
2024-03-12,4.0,0.101,6.1,0,weekday,9.8,5.7,,0.337,0.126,,,0.008,0.103,0.0,0.497,0.093
2024-03-13,5.3,0.15,2.2,0,weekday,9.0,5.7,0.0,0.571,0.0,0.0,0.617,0.037,0.073,0.0,,0.067
2024-03-14,5.5,0.098,,0,weekday,9.3,3.0,0.0,0.466,0.022,0.033,0.648,0.059,0.117,0.0,0.442,0.077
2024-03-15,5.7,0.116,2.5,0,weekday,7.7,3.8,0.0,0.396,0.032,0.0,0.603,0.091,,0.0,0.549,0.0
2024-03-16,6.9,0.246,4.9,0,holiday,8.6,2.4,0.0,0.677,0.434,0.604,0.07,0.515,0.395,0.0,0.458,0.117
2024-03-17,3.5,0.117,0.4,0,holiday,8.8,3.5,0.0,0.609,0.335,0.543,0.005,0.478,0.45,0.116,0.421,0.228
2024-03-18,4.5,0.12,5.3,0,weekday,9.5,4.3,0.0,0.399,0.0,0.0,0.698,0.017,0.068,0.0,0.459,0.0
2024-03-19,6.6,0.263,3.4,0,weekday,8.2,5.4,0.0,0.319,0.0,0.0,0.724,0.033,0.044,0.0,0.533,0.071
2024-03-20,3.1,,4.3,0,weekday,9.7,7.2,0.0,0.451,0.0,0.0,0.548,0.038,,0.0,0.444,0.092
2024-03-21,8.1,0.227,2.6,0,weekday,9.0,2.6,0.0,0.343,0.0,0.018,0.647,0.0,0.23,0.0,0.487,0.027
2024-03-22,4.5,0.114,5.4,0,weekday,8.1,5.9,0.0,0.248,0.0,0.0,0.684,,0.094,0.0,0.449,0.029
2024-03-23,7.0,0.132,1.7,0,holiday,7.7,7.0,0.0,0.642,0.373,0.605,0.066,0.517,0.485,0.0,0.519,0.116
2024-03-24,5.7,0.139,3.3,0,holiday,7.9,4.1,0.0,0.643,0.403,,0.086,0.603,0.425,0.0,0.418,0.159
2024-03-25,7.0,0.158,1.6,0,weekday,8.0,6.9,0.0,0.517,0.081,0.041,0.647,0.001,0.139,0.0,0.471,0.0
2024-03-26,5.7,0.175,4.6,0,weekday,7.6,6.3,0.0,0.348,0.0,0.0,0.614,0.043,0.079,0.004,0.533,0.039
2024-03-27,5.1,0.112,4.5,0,weekday,7.3,9.3,0.0,0.487,0.014,0.0,0.66,0.0,0.112,0.0,0.511,0.06
2024-03-28,4.0,0.048,0.4,0,weekday,6.0,1.8,0.0,0.496,0.018,0.011,0.808,0.021,0.021,0.015,0.505,0.065
2024-03-29,6.8,0.211,2.3,0,weekday,6.4,3.3,0.0,0.49,0.0,0.028,0.679,,0.139,0.0,0.474,0.0
2024-03-30,7.5,0.18,8.5,0,holiday,6.8,6.2,0.0,0.809,0.336,0.642,0.046,0.465,0.396,0.099,0.521,0.079
2024-03-31,7.8,0.167,3.3,0,holiday,6.3,3.4,0.0,0.644,0.401,0.599,0.135,0.484,0.572,0.024,0.51,0.095
2024-04-01,6.9,0.153,2.1,0,weekday,6.9,0.0,0.0,0.417,0.0,0.0,0.716,0.0,0.101,0.0,0.406,0.08
2024-04-02,4.8,0.093,1.2,0,weekday,4.9,0.1,0.0,0.364,0.026,0.0,0.66,0.0,0.125,0.0,0.476,0.038
2024-04-03,8.0,0.254,5.2,0,weekday,7.5,0.0,0.0,0.311,0.0,0.0,,0.0,0.166,0.0,0.456,0.0
2024-04-04,3.2,0.071,4.4,0,weekday,6.5,1.2,0.0,0.372,0.0,0.0,0.622,,0.142,0.0,0.524,0.055
2024-04-05,5.5,0.075,1.8,0,weekday,5.0,0.0,,0.288,0.31,0.302,,0.215,0.177,0.034,0.49,0.0
2024-04-06,6.3,0.154,3.9,0,holiday,6.5,1.5,0.0,0.479,0.374,0.544,0.017,0.465,0.342,0.18,0.463,0.154
2024-04-07,3.4,0.069,1.7,0,holiday,6.3,1.0,0.0,0.649,0.566,0.609,0.049,0.499,,0.097,0.451,0.193
2024-04-08,4.5,0.127,2.9,0,weekday,6.2,0.1,0.0,0.475,0.0,,0.678,0.0,0.061,0.0,,0.071
2024-04-09,6.7,0.157,6.0,0,weekday,5.5,0.7,0.0,0.495,0.001,0.0,0.705,0.0,0.079,0.0,0.548,0.0
2024-04-10,4.0,0.093,5.5,0,weekday,5.8,0.0,0.0,0.419,0.0,0.0,0.637,0.065,0.078,0.0,0.37,0.081
2024-04-11,6.3,0.196,5.8,0,weekday,4.8,0.0,0.0,0.234,0.0,0.0,0.618,0.0,0.167,0.0,0.541,0.0
2024-04-12,6.6,0.136,2.1,0,weekday,5.9,1.4,0.0,0.537,,0.045,0.631,0.0,0.068,0.0,0.439,0.0
2024-04-13,5.9,0.169,6.7,0,holiday,4.8,0.0,0.0,,0.396,0.586,0.083,0.521,0.526,0.095,0.451,0.139
2024-04-14,6.1,0.169,5.4,0,holiday,4.4,0.0,,0.728,0.41,0.66,0.164,0.515,0.451,0.148,0.593,0.14
2024-04-15,6.8,0.185,4.8,0,weekday,5.0,0.3,0.0,0.479,0.0,0.0,0.628,0.0,0.143,0.0,0.539,0.0
2024-04-16,5.7,0.155,,0,weekday,5.8,0.4,0.0,0.542,0.0,0.0,0.688,0.0,0.071,0.0,0.524,0.0
2024-04-17,2.5,0.165,5.1,0,weekday,6.7,0.9,0.0,0.554,0.0,0.059,0.68,0.0,0.099,0.0,0.443,0.055
2024-04-18,5.5,0.11,3.4,0,weekday,6.7,1.0,0.0,0.477,0.068,0.0,0.707,0.0,0.039,0.0,0.477,0.04
2024-04-19,5.0,0.156,6.8,0,weekday,5.7,0.0,0.0,0.372,0.052,0.0,0.577,0.0,0.089,0.0,0.548,0.006
2024-04-20,5.8,0.182,5.5,0,,4.9,0.0,0.0,,0.414,0.575,0.033,0.5,0.398,0.109,0.635,0.096
2024-04-21,3.7,0.121,0.3,0,holiday,4.4,0.0,0.0,0.647,0.531,0.637,0.206,0.542,0.378,0.155,0.53,0.244
2024-04-22,5.2,0.206,9.0,0,weekday,6.1,0.6,0.0,0.496,0.039,0.037,0.567,,0.104,0.0,0.46,0.0
2024-04-23,4.8,0.167,7.3,0,weekday,4.6,1.3,0.0,0.424,0.0,0.091,0.614,0.0,0.116,0.0,0.472,0.005
2024-04-24,5.3,0.112,3.0,0,weekday,4.5,0.3,0.0,0.333,0.0,0.0,0.547,0.052,0.151,0.0,0.52,0.0
2024-04-25,7.0,0.174,5.7,0,weekday,5.5,1.3,0.0,0.473,0.0,0.023,0.626,0.035,0.185,0.0,0.52,0.0
2024-04-26,3.9,0.102,2.2,0,weekday,4.7,0.2,0.0,0.493,0.0,0.021,0.716,0.029,0.06,0.0,0.583,0.031
2024-04-27,5.3,0.175,4.9,0,holiday,6.1,0.0,0.0,0.633,0.411,0.573,0.111,0.444,0.453,0.0,0.405,0.192
2024-04-28,6.5,0.152,2.6,0,holiday,5.0,1.4,0.0,0.678,0.324,0.564,0.027,0.52,0.38,0.116,0.454,0.154
2024-04-29,6.1,0.155,3.7,0,weekday,4.3,0.0,1.0,0.523,,0.239,0.699,0.244,0.115,0.0,0.597,0.037
2024-04-30,5.7,0.084,1.3,0,weekday,5.0,0.0,1.0,0.457,,0.267,0.596,0.269,0.12,0.0,0.483,0.068
2024-05-01,6.7,0.164,0.4,0,holiday,4.3,0.3,0.0,0.574,,0.278,0.065,0.251,0.28,0.0,0.535,0.143
2024-05-02,1.7,0.024,3.9,0,holiday,3.8,0.0,0.0,0.517,0.065,0.165,0.021,0.247,0.284,,0.541,0.12
2024-05-03,6.6,0.137,0.7,0,holiday,5.0,0.0,0.0,,0.193,0.343,0.09,0.33,0.352,0.0,0.532,0.14
2024-05-04,5.0,0.122,3.0,0,holiday,4.4,1.0,0.0,,0.42,0.615,0.063,0.479,0.436,0.142,0.557,0.223
2024-05-05,4.2,0.137,4.9,0,holiday,3.1,1.2,1.0,0.8,0.59,0.854,0.135,0.726,0.466,0.0,0.54,0.132
2024-05-06,3.4,0.124,7.6,0,holiday,3.8,1.5,0.0,0.507,0.083,0.289,0.004,0.23,0.249,0.022,0.518,0.13
2024-05-07,5.2,0.159,1.4,0,holiday,3.6,2.2,0.0,0.571,0.083,0.271,0.056,0.319,0.209,0.0,0.653,0.186
2024-05-08,5.7,0.159,1.0,0,holiday,5.1,1.8,0.0,0.472,0.332,0.303,0.12,0.218,0.347,0.055,,0.188
2024-05-09,4.6,0.136,4.7,0,holiday,4.9,0.0,0.0,0.507,,0.278,0.075,0.354,0.341,0.0,0.549,0.148
2024-05-10,3.9,0.132,2.1,0,holiday,5.4,0.4,0.0,0.521,0.159,0.294,0.065,0.351,0.324,0.0,0.549,0.115
2024-05-11,4.5,0.095,2.7,0,holiday,4.8,0.0,0.0,0.672,0.4,0.571,0.087,0.507,0.51,0.17,0.502,0.156
2024-05-12,4.8,0.125,3.1,0,holiday,4.3,0.0,0.0,0.67,0.331,0.53,0.163,0.449,0.471,0.06,0.508,0.128
2024-05-13,4.5,0.132,4.5,0,holiday,3.7,0.0,0.0,0.503,0.206,0.328,0.039,0.272,0.285,0.0,0.542,0.12
2024-05-14,6.4,,3.3,0,holiday,3.2,1.3,0.0,0.52,0.164,0.2,0.035,0.212,0.231,0.106,0.53,0.115
2024-05-15,3.5,0.085,6.7,0,holiday,5.0,0.6,1.0,0.414,0.307,0.541,0.012,0.449,0.217,0.011,0.476,0.1
2024-05-16,4.8,0.115,3.3,0,holiday,6.0,0.0,0.0,0.51,0.248,0.288,,0.304,0.29,0.0,0.437,0.166
2024-05-17,1.1,0.04,2.5,0,holiday,5.3,0.4,0.0,0.551,0.159,0.309,0.093,0.232,0.237,0.039,0.474,0.2
2024-05-18,5.3,0.119,0.7,0,holiday,4.9,0.0,0.0,0.527,0.435,0.545,0.034,0.495,0.435,0.214,0.546,0.143
2024-05-19,7.5,0.246,,0,holiday,4.2,0.0,0.0,0.805,0.292,0.597,0.0,0.515,0.338,0.0,0.57,0.06
2024-05-20,5.3,0.1,0.4,0,holiday,5.9,2.1,,0.523,0.24,0.369,0.075,0.242,,0.087,0.504,0.077
2024-05-21,4.4,0.149,5.4,0,holiday,5.8,1.2,0.0,0.589,0.187,,0.04,0.224,0.203,0.037,0.482,0.133
2024-05-22,5.4,0.178,3.3,0,holiday,4.5,0.6,0.0,0.519,0.335,0.399,0.096,0.293,0.252,0.0,0.48,0.1
2024-05-23,4.5,0.074,1.2,0,holiday,3.7,0.0,0.0,0.572,0.186,0.262,0.148,0.247,0.264,0.026,0.494,0.033
2024-05-24,4.0,0.068,2.6,0,holiday,4.3,0.0,0.0,0.549,0.27,0.303,0.072,0.166,0.199,0.104,0.64,0.145
2024-05-25,6.7,0.147,2.9,0,holiday,6.1,0.3,1.0,0.788,0.591,0.788,0.129,0.705,0.424,,0.484,0.172
2024-05-26,5.0,,2.4,0,holiday,6.2,0.0,0.0,0.562,0.404,0.549,0.046,0.474,0.494,0.153,0.333,0.145
2024-05-27,6.5,0.189,3.9,0,holiday,7.3,0.0,1.0,0.613,0.643,0.59,0.061,0.453,0.209,,0.499,0.15
2024-05-28,6.5,0.154,1.0,0,holiday,5.6,4.2,0.0,0.643,0.254,0.265,0.065,0.275,0.254,,0.47,0.131
2024-05-29,5.5,0.143,5.4,0,holiday,5.5,0.0,0.0,0.52,0.215,0.342,0.081,0.368,0.331,0.018,0.474,0.091
2024-05-30,7.2,0.131,2.9,0,holiday,6.0,0.0,0.0,0.542,0.305,0.293,,0.185,0.314,0.0,0.482,0.097
2024-05-31,5.4,0.172,3.5,0,holiday,6.4,3.8,,0.54,0.17,,0.113,0.311,0.242,0.0,0.49,0.143
2024-06-01,7.1,0.154,,0,holiday,6.5,0.0,0.0,0.604,0.548,0.609,0.137,0.494,0.442,0.086,,0.094
2024-06-02,3.9,0.149,7.3,0,holiday,5.2,0.3,0.0,0.595,0.369,0.6,0.0,0.486,0.531,0.162,0.562,0.057
2024-06-03,6.4,0.218,6.4,0,weekday,6.7,2.0,0.0,0.493,0.0,0.0,0.631,0.042,0.0,0.0,0.488,0.0
2024-06-04,4.6,0.1,5.2,0,weekday,4.3,1.9,0.0,0.393,0.0,,0.634,0.008,0.172,0.055,0.618,0.027
2024-06-05,6.3,0.151,1.4,0,weekday,5.9,0.0,0.0,0.47,0.041,0.0,0.67,0.025,0.128,0.0,0.544,0.015
2024-06-06,3.1,0.094,5.1,0,weekday,5.4,0.0,0.0,0.479,0.042,0.026,0.682,0.059,0.155,0.0,0.472,0.044
2024-06-07,5.8,0.198,6.7,0,weekday,6.2,2.1,0.0,0.326,0.003,0.0,0.663,0.0,0.138,0.0,0.437,0.022
2024-06-08,4.9,0.253,26.4,0,holiday,5.4,0.0,0.0,0.679,0.345,0.561,0.155,0.497,0.451,0.002,0.535,0.087
2024-06-09,4.7,0.264,20.4,0,holiday,6.2,0.2,0.0,0.626,0.229,0.502,0.076,0.502,0.394,0.0,0.467,0.139
2024-06-10,4.1,0.24,28.4,0,weekday,7.1,3.9,0.0,0.518,0.0,0.0,0.623,0.006,0.072,0.0,0.493,0.0
2024-06-11,7.9,0.302,21.3,0,weekday,6.9,0.0,0.0,,0.0,0.019,0.666,0.0,0.067,0.0,0.403,0.0
2024-06-12,4.0,0.208,21.0,0,weekday,6.8,0.1,0.0,0.488,0.0,0.0,0.757,0.0,0.094,,0.343,0.0
2024-06-13,3.7,0.196,21.5,0,weekday,6.3,0.0,0.0,0.435,0.01,0.08,0.632,0.0,0.058,0.0,0.524,0.0
2024-06-14,5.3,0.25,18.2,0,weekday,6.2,0.0,0.0,0.541,0.0,0.0,0.595,0.012,0.183,0.0,0.467,0.0
2024-06-15,5.5,0.217,18.9,0,holiday,8.0,0.4,0.0,0.628,0.239,0.587,0.185,0.47,0.412,0.0,0.364,0.143
2024-06-16,5.5,0.19,20.2,0,holiday,6.8,0.6,0.0,0.79,0.381,0.509,0.127,0.472,0.498,0.0,0.501,0.096
2024-06-17,3.8,0.172,21.7,0,weekday,7.3,0.0,1.0,0.311,0.147,0.236,0.591,0.261,,0.0,0.422,0.026
2024-06-18,5.3,0.226,20.8,0,weekday,8.2,0.5,0.0,0.424,0.0,0.0,0.592,0.002,0.147,0.0,0.416,0.0
2024-06-19,7.4,0.307,22.6,0,weekday,7.7,0.4,0.0,0.637,0.0,0.003,0.663,0.0,0.03,0.0,0.443,0.0
2024-06-20,4.7,0.263,23.6,0,weekday,7.3,2.4,0.0,0.455,0.073,0.0,0.597,0.044,0.085,0.0,0.335,0.0
2024-06-21,6.4,0.279,27.6,0,weekday,9.3,0.0,0.0,0.343,0.0,0.049,0.51,0.0,0.109,0.0,,0.0
2024-06-22,4.9,0.239,,0,holiday,7.8,0.7,0.0,0.593,0.321,0.574,0.017,0.478,0.538,0.004,0.41,0.122
2024-06-23,6.7,0.226,19.1,0,holiday,9.3,0.0,0.0,0.788,0.188,0.522,0.037,0.535,0.459,0.058,0.234,0.1
2024-06-24,5.7,0.247,20.1,0,weekday,7.8,0.6,0.0,0.432,0.0,0.019,0.614,0.0,0.075,0.0,0.428,0.009
2024-06-25,6.4,0.269,20.8,0,weekday,8.3,0.0,0.0,0.363,0.0,0.01,0.621,0.0,0.094,0.0,0.45,0.0
2024-06-26,4.4,0.184,21.0,0,weekday,9.5,0.0,0.0,0.473,0.0,0.019,0.717,0.0,0.057,0.0,0.408,0.0
2024-06-27,7.0,0.31,23.3,0,weekday,9.1,0.0,0.0,0.42,0.0,0.0,0.659,0.0,0.072,0.0,0.425,0.0
2024-06-28,4.6,0.184,21.2,0,weekday,9.9,0.0,0.0,0.36,0.0,0.0,0.685,0.026,,0.0,0.323,0.009
2024-06-29,5.5,0.265,26.5,0,holiday,8.7,2.9,0.0,0.752,,0.618,0.111,0.558,0.417,,0.374,0.103
2024-06-30,2.2,0.183,25.1,0,holiday,9.4,1.6,0.0,0.644,0.325,0.552,0.073,0.523,0.457,0.014,0.431,0.197
2024-07-01,7.1,0.249,22.2,0,weekday,10.2,0.4,0.0,0.411,0.0,0.0,0.607,0.039,0.025,0.0,0.264,0.0
2024-07-02,6.5,0.256,19.3,0,weekday,9.1,0.8,0.0,0.458,0.03,0.032,0.685,0.105,0.113,0.0,0.327,0.016
2024-07-03,4.4,0.213,19.2,0,weekday,11.2,0.0,0.0,0.302,0.0,0.0,0.627,0.0,0.071,0.0,0.309,0.044
2024-07-04,2.4,0.176,20.5,0,weekday,9.3,0.0,0.0,0.377,0.0,0.029,0.617,0.067,0.105,0.0,0.314,0.0
2024-07-05,5.4,0.215,19.7,0,weekday,11.3,1.2,0.0,0.331,0.0,0.056,0.722,0.087,0.115,0.0,0.297,0.0
2024-07-06,6.1,0.29,22.5,0,holiday,9.1,0.0,0.0,0.673,0.341,,0.099,0.513,0.404,0.0,0.349,0.098
2024-07-07,4.5,0.24,23.3,0,holiday,11.0,0.0,0.0,0.657,0.195,0.551,,,0.406,0.086,0.304,0.189
2024-07-08,3.7,0.246,24.3,0,weekday,10.2,2.3,0.0,0.458,0.0,0.0,0.649,0.0,0.109,0.0,0.284,0.0
2024-07-09,5.7,0.302,21.3,0,weekday,12.2,0.1,0.0,,0.0,0.0,0.616,0.073,0.041,0.0,0.35,0.015
2024-07-10,6.5,,,0,weekday,11.6,0.0,0.0,0.579,0.0,0.01,0.701,0.0,0.044,0.0,0.308,0.078
2024-07-11,6.5,0.225,21.9,0,weekday,12.3,3.3,0.0,0.566,,0.0,0.569,0.065,0.042,0.0,0.313,0.004
2024-07-12,4.5,0.183,24.7,0,weekday,12.1,3.7,1.0,0.449,0.056,0.249,0.666,0.217,0.0,0.0,0.314,0.018
2024-07-13,6.4,0.263,,0,holiday,11.6,2.3,0.0,0.543,0.304,0.483,0.059,0.636,0.484,0.0,0.323,0.202
2024-07-14,5.3,0.214,23.0,0,holiday,11.9,0.0,0.0,0.684,0.481,0.575,0.127,0.524,0.421,0.108,0.302,0.175
2024-07-15,5.0,0.265,26.0,0,weekday,12.5,1.7,,0.457,0.0,0.0,0.673,0.027,0.078,0.0,0.342,0.116
2024-07-16,6.5,0.23,24.6,0,weekday,11.5,0.0,0.0,0.218,0.0,0.018,0.541,0.0,0.006,0.0,0.303,0.0
2024-07-17,6.9,0.288,23.4,0,weekday,11.7,0.2,0.0,0.525,0.008,0.0,0.664,0.147,0.055,0.0,0.234,0.03
2024-07-18,3.2,0.179,18.7,0,weekday,14.3,0.0,0.0,0.422,0.0,,0.688,0.005,0.029,0.0,0.194,0.062
2024-07-19,3.9,0.186,20.9,0,weekday,14.0,0.6,0.0,0.512,0.0,0.0,0.666,0.162,0.142,0.0,0.253,0.147
2024-07-20,4.5,0.121,21.8,0,holiday,13.6,5.5,0.0,0.68,0.426,0.649,0.133,0.54,0.378,0.059,0.3,0.195
2024-07-21,5.0,0.154,2.9,0,holiday,13.4,1.4,0.0,0.605,0.394,0.677,0.097,0.534,0.385,0.253,0.295,0.222
2024-07-22,7.2,0.144,1.9,0,weekday,13.9,2.7,0.0,0.467,0.0,0.017,0.681,0.011,0.034,0.0,0.296,0.122
2024-07-23,6.0,0.164,1.3,0,weekday,13.7,0.0,0.0,0.58,0.027,0.0,0.668,0.049,0.108,0.0,0.237,0.034
2024-07-24,5.6,0.105,0.8,0,weekday,13.0,0.0,0.0,0.358,0.017,0.087,0.649,0.141,0.058,0.0,0.385,0.155
2024-07-25,6.8,0.161,1.3,0,weekday,14.8,1.1,0.0,0.385,0.0,0.089,0.627,0.074,0.038,0.0,0.395,0.188
2024-07-26,4.5,0.083,1.5,0,weekday,13.4,0.0,0.0,0.39,0.015,0.02,0.611,0.032,0.082,0.0,,0.131
2024-07-27,5.6,0.116,2.2,0,holiday,15.3,2.3,0.0,0.679,0.487,0.682,0.0,0.503,0.342,,0.3,0.321
2024-07-28,4.7,0.154,3.3,0,,14.1,0.0,0.0,0.824,0.479,0.539,0.046,0.504,0.369,0.017,0.232,0.185
2024-07-29,3.5,0.008,0.6,0,weekday,15.0,0.0,0.0,0.478,0.102,0.124,,0.029,0.053,0.0,0.378,0.126
2024-07-30,4.9,0.185,7.1,0,,14.1,0.0,1.0,0.391,0.093,0.212,0.611,0.258,0.106,0.0,0.322,0.085
2024-07-31,5.6,0.182,2.4,0,weekday,15.7,1.4,0.0,0.43,0.1,0.085,0.542,0.008,0.096,0.0,0.211,0.093
2024-08-01,10.3,0.297,12.6,0,holiday,14.5,3.7,,0.561,,0.332,0.018,0.226,0.233,0.0,0.246,0.277
2024-08-02,9.0,0.228,13.2,0,holiday,15.8,0.0,1.0,0.602,0.517,0.55,0.0,0.481,0.182,0.0,0.26,0.258
2024-08-03,10.0,0.318,13.8,0,holiday,16.7,0.5,0.0,,0.489,0.556,0.09,0.634,0.369,0.159,0.209,0.19
2024-08-04,9.3,0.268,12.9,0,holiday,15.9,0.0,0.0,0.734,0.459,0.627,0.048,0.589,0.444,0.055,0.175,0.238
2024-08-05,9.9,0.293,14.8,0,holiday,15.8,1.1,0.0,0.5,0.191,0.314,0.131,0.359,0.291,0.0,0.213,0.206
2024-08-06,9.7,0.256,12.1,0,holiday,17.7,0.0,0.0,0.523,0.397,0.333,0.06,0.267,0.141,0.04,0.221,0.289
2024-08-07,9.2,0.293,12.9,0,holiday,15.0,0.0,0.0,0.519,0.246,0.329,0.113,0.358,0.268,0.0,0.249,0.159
2024-08-08,8.4,0.609,,1,holiday,16.9,0.0,1.0,0.603,0.533,,0.111,0.496,0.273,0.035,0.104,0.274
2024-08-09,11.7,0.361,14.1,0,holiday,17.6,0.0,1.0,0.576,0.463,0.497,0.06,0.52,0.151,0.0,,0.166
2024-08-10,7.5,0.234,13.9,0,holiday,16.5,5.5,0.0,0.685,0.309,0.55,0.033,0.521,0.43,0.0,0.222,0.181
2024-08-11,7.7,0.235,12.9,0,holiday,16.8,2.6,0.0,0.608,0.322,0.529,0.079,0.659,0.358,0.178,0.225,0.271
2024-08-12,7.6,0.28,13.6,0,holiday,18.0,0.0,0.0,0.505,0.218,0.222,0.037,0.219,0.134,0.002,0.186,0.304
2024-08-13,7.6,0.299,17.7,0,holiday,17.4,0.0,0.0,0.668,0.169,0.257,0.151,0.351,0.161,0.0,0.133,0.291
2024-08-14,9.5,0.312,17.2,0,holiday,16.4,2.2,0.0,0.539,0.212,0.295,0.066,0.323,0.174,0.0,0.284,0.207
2024-08-15,7.6,0.204,13.6,0,holiday,18.6,0.0,0.0,0.628,0.084,0.276,0.053,0.343,0.131,,0.19,0.386
2024-08-16,7.8,0.298,14.3,0,holiday,19.3,0.0,0.0,0.449,0.019,0.225,0.064,,0.17,0.04,0.092,0.275
2024-08-17,10.0,0.279,14.4,0,holiday,18.9,2.0,0.0,0.674,0.332,0.642,0.137,0.567,0.31,0.0,0.194,0.239
2024-08-18,9.0,0.259,13.7,0,holiday,18.3,1.0,0.0,0.744,0.394,0.521,0.128,0.584,0.298,0.0,0.163,0.238
2024-08-19,6.4,,12.0,0,holiday,19.1,0.0,0.0,0.528,0.283,0.337,0.094,0.283,0.176,0.115,0.102,0.333
2024-08-20,10.6,0.329,15.5,0,holiday,18.5,1.5,0.0,0.529,0.255,0.371,0.12,0.315,,0.0,0.136,0.136
2024-08-21,6.2,0.232,12.6,0,holiday,19.7,0.0,0.0,0.528,,0.244,0.115,0.371,0.224,0.058,0.039,0.35
2024-08-22,7.3,0.251,15.1,0,holiday,20.7,0.5,0.0,0.591,0.205,0.254,0.0,0.392,0.065,0.001,0.055,0.327
2024-08-23,7.1,0.194,12.9,0,holiday,21.1,0.0,0.0,0.6,0.07,0.249,0.025,0.34,0.233,0.141,0.145,0.365
2024-08-24,7.8,0.223,12.7,0,holiday,20.8,0.0,0.0,0.646,0.449,0.651,0.11,0.589,0.254,0.172,0.078,0.279
2024-08-25,10.0,0.339,15.8,0,holiday,20.4,1.1,1.0,0.563,0.666,0.856,0.114,0.753,0.426,0.084,0.057,0.355
2024-08-26,9.6,0.271,12.5,0,holiday,19.8,0.0,0.0,0.593,0.23,0.265,0.054,0.294,0.153,0.0,0.146,0.332
2024-08-27,5.8,0.251,14.0,0,holiday,20.8,0.3,0.0,0.54,0.299,0.33,0.0,0.303,0.159,0.158,0.106,0.297
2024-08-28,9.4,0.211,11.4,0,holiday,22.4,2.0,0.0,0.62,0.368,0.242,0.102,0.332,0.099,0.147,0.002,0.276
2024-08-29,9.3,0.291,13.9,0,holiday,20.8,1.3,0.0,0.486,0.249,0.385,0.085,0.318,0.154,0.0,0.119,0.26
2024-08-30,9.1,0.554,12.4,1,holiday,21.5,0.5,1.0,0.657,0.466,,0.011,0.47,0.197,0.0,0.058,0.287
2024-08-31,12.2,0.635,,1,holiday,21.1,0.0,0.0,0.643,0.487,0.563,0.112,0.583,0.382,0.141,0.058,0.211
2024-09-01,10.1,0.253,14.0,0,holiday,21.2,2.5,0.0,,0.609,0.598,0.081,0.647,0.404,0.2,0.109,0.29
2024-09-02,8.8,0.218,11.5,0,weekday,20.7,0.0,0.0,0.51,0.03,0.061,0.63,0.097,0.127,0.0,0.008,0.225
2024-09-03,8.8,0.286,12.4,0,weekday,22.4,0.0,0.0,0.555,0.127,0.0,0.633,0.08,0.009,0.0,0.013,0.197
2024-09-04,9.3,0.372,19.4,0,weekday,21.1,0.0,0.0,0.401,0.108,0.065,0.598,0.084,0.001,0.0,0.051,0.076
2024-09-05,8.9,0.268,16.2,0,weekday,21.4,3.2,0.0,0.484,0.131,0.106,0.654,0.026,0.016,,0.072,0.111
2024-09-06,8.9,0.32,19.2,0,weekday,23.1,1.1,0.0,0.331,0.086,0.0,0.588,0.099,0.023,0.0,0.122,0.108
2024-09-07,8.6,0.262,15.6,0,holiday,21.5,0.1,0.0,0.774,0.327,0.575,0.119,0.565,0.313,0.175,0.093,0.304
2024-09-08,7.9,0.247,12.3,0,holiday,22.1,0.0,0.0,0.536,0.47,,0.04,0.57,0.406,0.324,0.109,0.321
2024-09-09,9.0,0.309,20.8,0,weekday,23.3,0.0,0.0,0.525,0.0,0.043,0.695,0.107,0.0,0.097,0.058,0.156
2024-09-10,9.6,0.274,14.7,0,weekday,21.3,1.3,0.0,0.42,0.133,0.0,0.658,0.062,0.0,0.0,0.051,0.166
2024-09-11,9.6,0.315,15.9,0,weekday,24.6,4.3,,0.42,0.0,0.0,0.63,0.129,0.0,0.0,0.081,0.178
2024-09-12,8.2,0.227,11.7,0,weekday,23.6,0.8,0.0,0.542,,0.046,,0.172,0.0,0.071,0.0,0.288
2024-09-13,9.2,0.204,12.5,0,weekday,23.6,0.0,0.0,0.507,0.07,0.031,0.649,0.108,0.021,0.184,0.073,0.164
2024-09-14,8.5,0.241,16.6,0,holiday,24.4,0.0,0.0,0.704,0.518,0.635,0.0,0.668,0.286,0.162,0.0,0.345
2024-09-15,10.2,0.298,14.5,0,holiday,24.3,0.0,0.0,0.757,0.379,0.61,0.127,0.687,0.403,0.288,0.062,0.353
2024-09-16,9.7,0.308,14.0,0,weekday,24.4,0.0,1.0,0.535,0.171,0.267,0.731,0.381,0.012,0.0,0.0,0.144
2024-09-17,7.8,0.248,15.0,0,weekday,25.0,1.8,0.0,0.439,0.107,0.003,0.651,0.035,0.004,0.17,0.043,0.218
2024-09-18,12.0,0.363,19.1,0,weekday,24.3,0.0,0.0,0.346,0.0,0.0,0.606,0.12,,0.0,0.0,0.059
2024-09-19,6.5,,17.9,0,weekday,25.5,0.0,0.0,0.373,0.117,0.0,0.646,0.104,0.0,0.034,0.022,0.296
2024-09-20,11.0,0.271,17.8,0,weekday,25.3,0.0,0.0,0.543,0.131,0.009,0.59,,0.0,0.014,0.0,0.231
2024-09-21,9.8,0.256,12.0,0,holiday,25.4,0.5,0.0,0.705,0.463,0.581,0.091,0.627,0.309,0.326,0.0,0.319
2024-09-22,9.6,0.341,18.1,0,holiday,26.0,1.0,0.0,,0.381,0.596,0.027,0.644,0.275,0.379,0.0,0.389
2024-09-23,9.7,0.287,,0,weekday,24.9,0.0,0.0,0.412,0.022,0.041,0.575,0.133,0.0,0.108,0.072,0.177
2024-09-24,7.7,0.251,13.0,0,weekday,24.1,1.5,1.0,0.509,0.296,0.205,0.631,0.317,0.055,0.04,0.083,0.241
2024-09-25,9.6,0.279,16.4,0,weekday,25.3,1.4,0.0,,0.0,0.0,0.645,0.15,0.047,0.146,0.0,0.234
2024-09-26,8.5,0.212,12.0,0,weekday,25.9,0.0,0.0,,0.11,0.02,0.658,0.095,0.132,0.0,0.075,0.252
2024-09-27,9.7,0.344,16.0,0,weekday,25.7,2.2,0.0,0.511,0.125,0.085,0.697,0.012,0.0,0.0,0.008,0.144
2024-09-28,10.6,0.341,18.6,0,holiday,26.9,0.0,0.0,0.559,0.497,0.555,0.0,0.56,,0.349,,0.316
2024-09-29,6.5,0.256,16.1,0,holiday,25.7,0.0,0.0,0.62,0.654,0.647,0.079,0.541,0.33,0.299,0.0,0.3
2024-09-30,11.0,0.339,12.9,0,weekday,27.2,0.0,0.0,0.384,0.053,0.017,0.681,0.058,0.033,0.191,0.0,0.249
2024-10-01,5.9,0.167,5.3,0,weekday,26.6,0.0,0.0,,0.202,0.054,0.654,0.161,0.0,0.193,0.0,0.303
2024-10-02,3.3,0.076,0.7,0,weekday,26.7,0.0,0.0,0.497,0.097,0.028,0.696,0.0,0.0,0.267,0.0,0.373
2024-10-03,6.0,0.192,4.5,0,weekday,26.9,0.0,0.0,0.238,0.214,0.004,0.689,0.144,0.0,0.346,0.007,0.343
2024-10-04,4.6,0.117,4.0,0,weekday,26.4,0.0,0.0,0.446,0.026,,0.633,0.113,0.0,0.255,0.0,0.345
2024-10-05,5.1,0.085,2.3,0,holiday,27.3,2.0,0.0,0.693,0.451,0.658,0.08,0.597,0.306,0.366,0.019,0.489
2024-10-06,7.1,0.154,3.8,0,holiday,27.1,0.0,0.0,0.689,0.589,0.676,0.155,0.643,0.39,0.379,0.0,0.503
2024-10-07,3.2,0.069,2.5,0,weekday,25.9,1.0,0.0,,0.168,0.06,0.62,0.015,0.0,0.16,0.037,0.415
2024-10-08,6.1,0.193,3.4,0,weekday,26.8,0.0,0.0,0.387,0.22,0.057,0.646,0.101,0.021,0.322,0.06,0.302
2024-10-09,3.7,,3.4,0,weekday,26.7,0.0,0.0,0.42,0.043,0.009,0.594,0.113,,0.329,0.0,0.341
2024-10-10,4.6,0.12,3.8,0,weekday,28.6,1.5,0.0,0.342,0.222,0.048,0.588,0.188,0.0,0.416,0.0,0.364
2024-10-11,4.5,0.184,2.6,0,weekday,27.4,0.0,1.0,0.536,0.357,0.336,0.63,0.318,0.007,,0.064,0.403
2024-10-12,5.5,0.109,1.7,0,holiday,27.0,0.0,0.0,0.638,,0.662,,0.591,0.326,0.426,0.0,0.439
2024-10-13,6.7,0.144,0.7,0,holiday,27.0,3.0,,0.715,0.517,0.59,0.061,0.501,0.309,0.389,0.0,0.46
2024-10-14,5.1,0.142,5.5,0,weekday,27.5,0.0,0.0,0.443,0.079,0.018,0.736,0.053,0.049,0.264,0.031,0.305
2024-10-15,4.8,0.114,2.7,0,weekday,27.9,0.0,0.0,0.389,0.11,,0.605,0.033,0.002,0.25,0.022,0.39
2024-10-16,6.6,0.153,3.3,0,weekday,28.0,0.0,0.0,0.409,0.257,0.167,0.676,0.108,0.049,0.191,0.072,0.402
2024-10-17,5.3,0.121,2.9,0,weekday,27.2,0.0,0.0,0.376,,0.038,0.642,,0.0,0.232,0.0,0.313
2024-10-18,4.2,0.111,5.5,0,weekday,27.3,0.5,0.0,0.325,0.102,0.059,0.7,0.054,0.101,0.216,0.0,0.386
2024-10-19,5.3,0.106,2.5,0,holiday,28.3,0.0,0.0,0.631,0.515,,0.172,,0.336,0.577,0.0,0.477
2024-10-20,4.3,0.097,0.9,0,holiday,28.0,0.4,0.0,0.664,0.552,0.688,0.173,0.56,0.401,0.518,0.0,0.503
2024-10-21,5.0,0.139,6.6,0,weekday,28.8,2.6,0.0,0.413,0.082,0.008,0.686,0.118,0.028,0.259,0.0,0.439
2024-10-22,6.2,0.142,4.0,0,weekday,27.6,0.1,0.0,0.378,,0.118,0.655,0.131,0.005,0.223,0.011,0.321
2024-10-23,5.3,0.139,1.4,0,weekday,29.0,0.4,0.0,0.498,0.134,0.0,0.658,0.115,0.0,0.365,0.0,0.335
2024-10-24,3.7,0.095,1.9,0,weekday,28.4,2.9,1.0,0.296,,0.299,0.656,0.267,0.073,0.296,0.0,0.397
2024-10-25,5.4,0.174,0.8,0,weekday,27.6,0.0,0.0,0.602,0.158,0.082,0.689,0.144,0.023,0.233,,0.416
2024-10-26,5.6,0.149,3.1,0,holiday,28.2,1.3,0.0,0.713,0.554,0.537,0.114,0.654,0.43,0.539,0.04,0.499
2024-10-27,4.6,0.087,1.2,0,holiday,28.7,0.0,0.0,0.676,0.496,0.619,0.002,0.601,0.435,0.544,0.0,0.548
2024-10-28,7.7,0.145,0.6,0,weekday,29.2,0.0,0.0,0.347,0.12,0.065,0.681,0.094,0.0,0.363,,0.441
2024-10-29,4.3,0.14,6.9,0,weekday,29.4,2.0,0.0,0.501,0.092,0.0,,0.145,0.0,0.335,0.0,0.414
2024-10-30,3.9,0.068,2.9,0,weekday,27.2,0.5,0.0,0.453,0.163,0.084,,0.085,0.0,0.343,0.0,0.417
2024-10-31,4.9,0.176,1.6,0,weekday,30.4,1.3,0.0,0.49,0.183,0.06,0.676,0.104,0.025,0.411,0.002,0.384
2024-11-01,4.4,0.105,6.5,0,weekday,27.2,0.0,,0.629,0.068,0.0,0.674,0.161,0.0,0.246,0.063,0.303
2024-11-02,5.1,,3.6,0,holiday,29.6,2.4,1.0,0.674,,0.852,0.012,0.743,0.338,0.478,0.0,0.511
2024-11-03,6.9,0.177,2.8,0,holiday,27.3,0.0,1.0,0.6,0.741,0.772,0.088,0.814,0.367,0.455,0.0,0.431
2024-11-04,1.7,0.062,1.7,0,weekday,28.3,0.0,1.0,0.4,0.448,0.274,0.576,0.291,0.036,0.397,0.0,0.386
2024-11-05,5.5,0.18,7.7,0,weekday,29.0,0.5,0.0,0.549,0.159,0.076,0.655,0.065,0.0,,0.0,0.36
2024-11-06,4.8,0.141,3.9,0,weekday,27.7,1.9,0.0,0.302,0.006,0.0,0.589,0.094,0.0,0.346,0.0,0.374
2024-11-07,3.7,0.146,5.3,0,weekday,27.8,0.0,0.0,0.349,0.159,0.0,0.701,0.11,,0.415,0.0,0.318
2024-11-08,4.2,0.138,3.5,0,weekday,28.6,2.1,0.0,0.447,0.089,0.048,0.574,0.027,0.022,0.311,0.0,0.332
2024-11-09,4.9,,0.6,0,holiday,26.8,1.1,0.0,0.682,0.437,0.567,0.187,0.639,0.35,0.582,0.0,0.516
2024-11-10,4.6,0.089,1.9,0,holiday,27.8,0.0,0.0,0.674,0.39,0.562,0.126,0.564,0.388,0.412,0.0,0.508
2024-11-11,5.3,0.173,6.3,0,weekday,29.1,0.0,0.0,0.448,0.03,0.0,0.647,0.095,0.0,0.217,0.0,0.436
2024-11-12,5.8,0.161,3.0,0,weekday,28.8,0.0,1.0,0.461,0.366,0.286,0.647,0.336,0.031,0.296,0.0,0.292
2024-11-13,5.5,0.097,4.5,0,weekday,27.8,0.8,0.0,0.34,0.157,0.075,0.68,0.059,0.098,0.314,0.031,0.342
2024-11-14,5.2,0.091,1.5,0,weekday,27.8,0.0,1.0,0.398,0.414,0.336,0.583,0.31,0.0,0.242,0.0,0.328
2024-11-15,5.7,0.172,3.3,0,weekday,28.3,0.0,0.0,0.32,0.091,0.029,0.6,0.0,0.0,0.293,0.083,0.429
2024-11-16,7.4,0.214,5.5,0,holiday,27.6,1.8,0.0,0.736,0.593,0.635,0.077,0.589,0.323,0.393,0.067,0.431
2024-11-17,9.5,0.21,2.2,0,holiday,27.5,0.0,1.0,0.745,0.904,0.804,0.041,0.854,0.35,0.535,0.0,0.443
2024-11-18,2.8,0.037,1.0,0,weekday,29.0,0.0,0.0,0.483,0.118,0.037,,0.11,0.012,0.424,0.003,0.44
2024-11-19,4.3,0.158,2.6,0,weekday,28.0,1.3,0.0,0.447,0.198,0.105,0.659,0.172,0.039,0.333,0.0,0.405
2024-11-20,5.0,0.116,8.7,0,weekday,27.4,0.0,0.0,0.45,0.059,0.0,0.719,0.15,0.101,0.359,0.065,0.234
2024-11-21,6.0,0.189,2.5,0,weekday,28.1,0.0,0.0,0.35,0.255,0.021,0.565,0.182,0.0,0.236,0.0,0.348
2024-11-22,6.5,0.137,2.5,0,weekday,26.2,0.1,0.0,0.325,0.166,0.0,,0.141,0.0,0.289,,0.315
2024-11-23,7.3,,2.3,0,holiday,28.1,1.3,0.0,0.685,0.517,,0.069,0.704,0.336,,0.067,0.565
2024-11-24,4.9,0.151,1.4,0,holiday,28.8,0.0,0.0,0.724,0.604,0.586,0.085,0.643,0.287,0.458,0.0,0.483
2024-11-25,4.7,0.093,1.9,0,weekday,27.5,0.0,0.0,0.423,0.093,0.037,0.605,0.044,0.0,0.356,0.0,0.382
2024-11-26,4.7,0.105,2.0,0,weekday,26.6,3.0,0.0,0.326,0.151,0.024,0.54,0.094,0.039,0.419,0.0,0.408
2024-11-27,4.6,0.083,1.9,0,weekday,27.4,1.3,1.0,0.624,0.367,0.195,0.672,0.366,0.095,0.28,0.0,0.363
2024-11-28,5.7,,2.0,0,weekday,26.4,0.0,0.0,0.358,0.075,0.015,0.596,0.122,0.0,0.258,0.051,0.407
2024-11-29,4.1,0.069,3.8,0,weekday,28.2,0.6,0.0,0.476,0.268,,0.685,0.114,0.0,0.267,0.0,0.425
2024-11-30,3.6,0.117,9.1,0,holiday,26.0,2.4,0.0,0.707,0.683,0.555,0.177,0.619,0.336,0.556,0.0,0.527
2024-12-01,8.6,0.214,3.5,0,holiday,27.8,0.1,0.0,0.816,0.592,,0.113,0.507,0.343,0.493,0.0,0.458
2024-12-02,6.0,0.173,,0,holiday,26.8,0.0,0.0,0.461,0.322,0.304,0.005,0.354,0.104,0.333,0.046,0.481
2024-12-03,6.4,0.121,1.0,0,holiday,27.8,1.6,0.0,0.525,0.436,0.325,0.057,0.39,0.203,0.34,0.008,0.545
2024-12-04,5.6,0.143,3.6,0,holiday,28.5,3.1,0.0,0.691,0.267,0.338,0.067,0.375,0.183,,0.089,0.543
2024-12-05,7.7,0.251,1.8,0,holiday,26.6,0.0,0.0,0.543,0.277,0.35,0.075,0.348,0.157,0.361,0.0,0.406
2024-12-06,5.0,0.116,1.8,0,holiday,26.5,4.1,0.0,0.71,0.311,,0.032,0.381,,0.453,0.036,0.464
2024-12-07,6.7,0.179,5.2,0,holiday,26.5,4.8,0.0,0.575,0.436,0.627,0.102,0.621,0.368,0.386,0.07,0.436
2024-12-08,3.9,0.064,0.8,0,holiday,26.8,0.0,0.0,0.465,0.493,0.559,0.082,,0.282,0.498,0.0,0.439
2024-12-09,3.3,0.067,1.1,0,holiday,24.4,1.0,1.0,,0.464,0.511,0.02,0.532,0.176,0.376,0.049,0.49
2024-12-10,5.6,0.058,2.1,0,holiday,24.3,2.4,0.0,0.538,0.187,0.182,0.0,0.396,0.105,0.279,0.075,0.466
2024-12-11,6.3,0.222,6.4,0,holiday,27.7,0.0,0.0,0.575,0.386,0.362,0.045,0.311,0.234,0.363,0.042,0.439
2024-12-12,6.0,0.139,3.1,0,holiday,26.5,1.3,0.0,0.587,0.286,0.27,0.121,,0.167,0.406,0.0,0.492
2024-12-13,3.7,0.094,4.3,0,holiday,25.1,2.5,0.0,0.498,0.332,0.306,0.03,0.344,0.246,0.525,0.014,0.364
2024-12-14,5.5,,2.6,0,holiday,25.7,0.0,0.0,0.735,0.408,0.698,0.048,0.576,0.329,0.437,0.01,0.536
2024-12-15,3.6,0.128,5.6,0,holiday,24.6,2.5,0.0,0.725,0.486,0.523,0.102,0.582,0.398,0.455,0.0,0.532
2024-12-16,6.1,0.123,6.4,0,holiday,25.1,3.5,0.0,0.481,0.258,0.244,0.127,0.306,0.22,0.243,0.0,0.433
2024-12-17,2.3,0.133,5.3,0,holiday,26.2,5.4,0.0,0.529,0.436,0.293,0.053,0.333,0.139,0.283,0.055,0.524
2024-12-18,4.9,0.164,6.1,0,holiday,25.8,0.7,0.0,0.603,0.24,0.291,0.133,0.292,0.149,0.342,0.0,0.446
2024-12-19,6.3,0.174,2.9,0,holiday,24.0,0.0,0.0,0.612,0.335,0.283,0.177,0.296,0.213,0.191,0.077,0.396
2024-12-20,4.3,0.157,5.4,0,holiday,26.3,3.9,1.0,0.524,0.624,0.559,0.053,0.497,0.154,0.32,0.096,0.479
2024-12-21,2.6,0.129,8.0,0,holiday,24.3,2.0,0.0,0.581,0.415,0.673,0.033,0.614,0.313,0.332,0.032,0.503
2024-12-22,6.8,0.201,2.2,0,holiday,25.3,2.9,0.0,0.631,0.512,0.586,0.106,0.597,0.337,0.352,0.094,0.396
2024-12-23,3.8,0.108,1.0,0,holiday,23.6,1.2,0.0,0.434,0.221,0.326,0.009,0.335,0.093,0.241,0.004,0.489
2024-12-24,3.4,0.116,7.8,0,holiday,24.6,1.0,0.0,0.467,0.351,0.428,0.066,0.3,0.251,,0.048,0.43
2024-12-25,5.7,0.133,3.8,0,holiday,24.2,3.5,0.0,0.383,0.249,0.289,0.0,0.362,0.117,0.267,0.028,0.399
2024-12-26,6.6,0.188,4.8,0,holiday,25.1,0.0,0.0,0.605,0.14,,0.111,0.357,0.127,0.272,0.0,0.5
2024-12-27,4.1,0.096,5.0,0,holiday,24.4,2.3,0.0,0.621,0.286,0.35,0.07,0.33,0.247,0.254,0.0,0.381
2024-12-28,3.8,0.116,2.2,0,holiday,24.0,2.8,0.0,0.483,0.622,0.601,0.003,,0.344,0.321,0.105,0.437
2024-12-29,6.0,,1.5,0,holiday,23.8,2.9,0.0,0.696,0.398,0.5,0.154,0.548,0.366,0.36,,0.453
2024-12-30,5.9,0.149,1.4,0,holiday,21.9,2.7,0.0,0.678,0.198,0.271,0.088,0.316,0.216,0.116,0.128,0.424
2024-12-31,6.3,0.185,7.2,0,holiday,23.1,2.8,0.0,0.475,,0.371,0.078,0.348,0.146,0.244,0.028,0.35
2025-01-01,3.3,0.063,2.4,0,holiday,23.9,1.6,0.0,0.627,0.362,0.298,0.006,0.377,0.258,0.257,0.064,0.489
2025-01-02,4.2,0.068,0.8,0,holiday,23.6,2.7,0.0,0.563,0.295,0.284,0.157,0.32,0.138,0.175,0.06,0.434
2025-01-03,4.7,0.148,7.0,0,holiday,21.8,3.5,0.0,0.529,0.303,0.329,0.142,0.32,0.113,0.168,0.079,0.497
2025-01-04,5.9,0.138,1.6,0,holiday,22.8,2.1,0.0,0.576,0.407,0.604,0.065,0.45,0.368,0.347,0.079,0.375
2025-01-05,5.7,0.122,2.4,0,holiday,22.4,2.0,0.0,0.631,0.469,0.612,0.117,0.629,0.378,0.22,0.084,0.38
2025-01-06,4.6,0.138,2.4,0,holiday,20.9,2.8,0.0,0.454,0.302,0.273,0.122,0.356,0.137,0.244,0.047,0.369
2025-01-07,7.1,0.187,3.3,0,holiday,21.6,0.6,0.0,0.518,0.27,,0.097,,0.239,0.168,0.077,0.272
2025-01-08,2.8,0.101,4.7,0,holiday,21.8,5.7,0.0,0.723,0.171,0.213,0.209,0.35,0.267,0.259,,0.418
2025-01-09,5.7,0.135,,0,holiday,21.9,2.7,0.0,0.636,0.403,0.288,0.106,0.352,0.113,0.271,0.016,0.393
2025-01-10,4.7,0.149,3.6,0,holiday,20.7,0.8,0.0,0.417,0.343,0.29,0.004,0.348,0.245,0.138,0.027,0.395
2025-01-11,5.6,0.123,3.6,0,holiday,21.3,3.7,0.0,0.748,0.557,0.601,0.043,0.638,0.368,0.24,0.154,0.358
2025-01-12,4.5,0.124,2.3,0,holiday,22.3,4.9,0.0,0.698,0.406,,0.178,0.482,0.353,0.26,0.056,0.415
2025-01-13,2.9,0.133,5.2,0,holiday,21.5,2.2,0.0,0.652,0.327,0.396,0.029,0.355,0.149,0.32,,0.392
2025-01-14,7.4,0.162,2.1,0,holiday,21.8,2.1,1.0,0.489,0.628,0.622,0.037,0.475,0.059,,0.051,0.37
2025-01-15,6.4,0.162,1.4,0,holiday,20.7,0.0,0.0,0.55,0.226,0.192,0.005,0.348,0.151,,0.082,0.319
2025-01-16,5.0,0.198,2.5,0,holiday,20.7,2.5,0.0,0.626,0.473,0.314,,0.366,0.105,0.235,0.129,0.342
2025-01-17,5.4,0.144,1.2,0,holiday,19.7,0.8,0.0,0.592,0.223,0.39,0.122,0.306,0.188,,0.252,0.355
2025-01-18,4.2,0.162,4.1,0,holiday,22.0,4.8,1.0,0.69,0.615,0.795,0.022,0.777,0.387,0.257,0.101,0.42
2025-01-19,3.9,0.089,4.7,0,holiday,20.9,4.2,0.0,0.685,0.538,0.668,0.154,0.609,0.422,0.23,0.124,0.44
2025-01-20,6.6,0.181,4.0,0,holiday,19.8,5.4,0.0,0.456,0.379,0.315,0.165,0.271,0.128,0.204,,0.342
2025-01-21,7.0,0.135,0.5,0,holiday,20.3,0.6,0.0,0.479,0.328,,0.09,0.353,0.226,0.269,,0.385
2025-01-22,5.8,0.162,8.0,0,holiday,18.4,3.6,0.0,0.588,0.405,0.274,0.076,0.325,0.249,0.026,0.148,0.321
2025-01-23,5.8,0.115,0.6,0,holiday,19.3,0.5,0.0,0.591,0.256,0.278,0.095,0.315,0.308,0.071,,0.375
2025-01-24,3.9,0.116,,0,holiday,19.6,3.4,0.0,0.584,0.297,0.348,0.013,0.27,0.122,0.168,0.161,0.334
2025-01-25,1.8,,2.7,0,holiday,18.5,2.2,0.0,0.811,0.461,0.571,0.13,0.609,0.271,0.2,0.237,0.36
2025-01-26,7.9,0.162,1.2,0,holiday,20.2,4.7,0.0,0.567,0.296,0.653,0.0,0.597,0.443,0.162,0.138,0.298
2025-01-27,7.8,0.149,6.0,0,holiday,19.0,4.6,0.0,0.573,0.191,0.232,0.041,0.341,0.191,0.0,0.155,0.368
2025-01-28,3.4,0.098,4.4,0,holiday,17.1,5.3,0.0,0.538,0.353,0.307,0.082,0.343,0.215,0.0,0.253,0.349
2025-01-29,5.3,0.135,6.1,0,holiday,17.3,2.1,0.0,0.607,0.223,0.326,0.028,0.29,0.187,0.0,0.175,0.302
2025-01-30,5.4,0.156,,0,holiday,16.8,3.5,0.0,0.561,0.296,0.362,0.124,0.393,,0.071,0.211,0.328
2025-01-31,6.7,0.197,4.2,0,holiday,17.5,0.8,0.0,0.644,0.335,0.347,0.146,0.362,0.192,0.0,0.121,0.258
2025-02-01,5.4,0.09,4.6,0,holiday,16.7,5.9,0.0,0.792,0.586,0.638,0.024,0.472,0.38,0.172,0.279,0.246
2025-02-02,4.4,0.109,,0,holiday,17.0,1.7,0.0,0.586,0.546,0.559,0.076,0.589,0.359,0.181,0.344,0.301
2025-02-03,4.6,0.113,0.6,0,weekday,19.0,4.6,0.0,0.342,0.051,0.011,0.643,0.027,0.0,0.069,0.165,0.274
2025-02-04,7.4,0.166,3.1,0,weekday,16.5,7.5,0.0,0.419,0.118,0.0,0.682,0.099,0.016,0.0,0.21,0.192
2025-02-05,7.5,0.112,1.8,0,weekday,16.7,5.2,0.0,0.335,0.063,0.005,0.695,0.058,0.0,0.0,0.32,0.146
2025-02-06,4.3,0.087,5.6,0,weekday,14.4,6.4,0.0,0.39,,0.01,0.771,0.105,0.087,0.0,0.385,0.153
2025-02-07,5.2,0.15,8.6,0,weekday,16.1,4.2,0.0,0.444,0.0,0.0,0.654,0.078,0.093,0.0,0.348,0.127
2025-02-08,6.7,0.161,2.1,0,holiday,15.5,0.0,0.0,0.628,0.322,0.551,0.081,0.487,0.3,0.119,0.253,0.261
2025-02-09,7.3,0.132,0.8,0,holiday,14.5,1.1,0.0,0.659,0.622,,0.087,0.514,0.357,0.103,0.291,0.24
2025-02-10,5.6,0.123,,0,weekday,16.7,5.0,0.0,0.455,0.278,0.091,0.743,0.071,0.051,0.0,0.322,0.149
2025-02-11,3.0,,3.8,0,weekday,14.5,2.8,1.0,0.353,0.079,0.151,0.644,0.221,,0.048,0.272,0.09
2025-02-12,5.4,0.127,3.0,0,weekday,15.7,5.3,0.0,0.446,,0.019,0.714,0.104,0.047,0.0,0.221,0.15
2025-02-13,4.7,0.14,1.3,0,weekday,14.3,6.8,0.0,0.452,0.008,0.02,0.644,0.061,0.025,0.0,0.268,0.117
2025-02-14,5.3,0.063,2.9,0,weekday,15.3,0.0,0.0,0.299,0.049,0.0,0.576,0.057,0.016,0.0,0.249,0.191
2025-02-15,4.0,0.088,5.6,0,holiday,13.7,5.4,0.0,0.67,0.278,0.533,0.139,0.567,0.403,0.038,,0.241
2025-02-16,5.7,0.141,1.6,0,holiday,13.9,5.4,0.0,0.586,0.458,0.69,0.212,0.528,0.369,0.107,0.339,0.303
2025-02-17,5.6,0.132,5.9,0,weekday,12.3,6.7,0.0,0.33,0.0,0.042,0.589,0.049,0.072,0.0,0.392,0.12
2025-02-18,7.2,0.173,4.6,0,weekday,14.0,4.7,0.0,0.451,0.011,0.124,0.736,0.018,,0.0,0.29,0.134
2025-02-19,3.8,0.15,4.6,0,weekday,13.9,3.3,0.0,0.461,0.037,0.083,0.76,0.043,0.09,0.0,0.28,0.131
2025-02-20,4.9,0.071,2.0,0,weekday,12.3,6.1,0.0,0.461,0.093,0.0,0.697,0.02,0.049,0.0,0.382,0.14
2025-02-21,5.2,0.131,4.1,0,weekday,13.4,6.5,0.0,,0.025,0.029,,0.044,0.036,0.0,0.351,0.094
2025-02-22,5.7,0.156,4.1,0,holiday,13.0,1.3,0.0,0.655,0.462,0.615,0.094,0.51,0.382,0.114,,0.278
2025-02-23,3.9,0.128,4.2,0,holiday,12.8,5.7,0.0,0.657,0.332,0.675,0.072,0.549,0.398,0.206,0.358,0.206
2025-02-24,6.4,0.185,5.0,0,weekday,14.0,3.7,0.0,,0.0,0.01,0.696,0.018,0.059,0.0,0.271,0.166
2025-02-25,6.3,0.134,0.4,0,weekday,12.9,7.0,0.0,0.421,0.043,0.0,0.75,0.02,0.018,0.0,0.38,0.116
2025-02-26,7.1,0.138,1.0,0,weekday,13.1,5.6,0.0,0.462,0.133,0.023,0.633,0.043,0.133,0.0,0.292,0.134
2025-02-27,6.1,0.118,5.4,0,weekday,11.6,7.2,0.0,0.324,0.019,0.031,0.636,0.049,,0.0,0.467,0.005
2025-02-28,5.4,0.114,5.3,0,weekday,11.0,3.8,0.0,0.504,0.0,0.0,0.677,0.069,0.0,0.0,0.381,0.0
2025-03-01,5.6,0.092,4.1,0,holiday,10.8,4.1,0.0,0.552,0.374,0.57,0.0,0.533,0.424,0.035,0.402,0.235
2025-03-02,2.3,0.0,1.1,0,holiday,12.6,6.4,0.0,0.784,0.52,0.675,0.173,0.516,0.416,0.162,0.382,0.299
2025-03-03,3.0,,3.6,0,weekday,11.7,6.4,0.0,0.503,0.096,0.0,0.733,0.008,0.078,0.0,0.384,0.044
2025-03-04,3.6,0.117,1.8,0,weekday,12.7,8.5,0.0,0.358,0.037,0.0,0.664,0.123,0.101,0.017,0.432,0.169
2025-03-05,6.2,0.166,6.5,0,weekday,11.2,5.9,0.0,0.618,0.135,,0.657,0.04,0.101,0.0,0.368,0.088
2025-03-06,4.1,0.113,1.1,0,weekday,11.1,1.7,0.0,0.435,0.244,0.053,0.698,0.0,,0.0,0.415,0.074
2025-03-07,6.9,0.168,5.8,0,weekday,10.8,5.6,0.0,0.445,0.065,0.023,0.757,0.0,0.045,0.0,0.351,0.095
2025-03-08,3.6,0.117,,0,holiday,10.5,6.3,0.0,0.642,0.496,0.602,0.012,0.551,0.427,0.161,0.462,0.173
2025-03-09,5.9,0.159,1.6,0,holiday,10.8,6.3,0.0,0.716,0.374,0.619,0.158,0.582,0.42,0.071,0.373,0.186
2025-03-10,4.2,0.138,3.2,0,weekday,10.0,3.1,1.0,0.448,0.326,0.263,,0.258,0.076,0.01,0.385,0.1
2025-03-11,3.6,,2.0,0,weekday,9.6,2.8,1.0,0.502,0.162,0.295,0.595,,0.038,0.0,0.445,0.084
2025-03-12,4.8,0.156,3.6,0,weekday,10.5,3.9,1.0,0.523,0.185,0.251,0.58,,0.058,0.0,0.332,0.146
2025-03-13,4.7,0.185,4.1,0,weekday,9.0,8.4,0.0,0.226,0.0,0.008,0.604,0.0,0.062,0.0,0.5,0.027
2025-03-14,4.9,,0.5,0,weekday,9.8,4.8,0.0,0.434,0.0,0.0,0.647,0.019,0.086,0.0,0.521,0.105
2025-03-15,5.9,0.172,2.3,0,holiday,9.2,1.9,0.0,0.733,0.49,0.599,0.163,0.483,0.461,0.13,0.404,0.21
2025-03-16,5.3,0.128,4.5,0,holiday,8.4,0.9,0.0,0.707,0.319,0.558,0.039,0.463,0.387,,0.453,0.189
2025-03-17,5.7,0.154,9.3,0,weekday,9.0,4.7,1.0,0.511,0.271,0.162,0.632,0.238,0.022,0.0,0.469,0.043
2025-03-18,6.6,0.21,7.4,0,weekday,10.4,4.6,0.0,,0.0,0.0,0.698,0.0,0.056,0.0,0.331,0.078
2025-03-19,5.8,,3.9,0,weekday,8.9,3.8,0.0,0.484,0.044,0.038,0.638,0.0,0.093,0.0,0.377,0.043
2025-03-20,3.9,0.172,3.2,0,,8.6,7.4,0.0,0.454,0.0,0.064,0.681,0.02,0.008,0.016,0.505,0.03
2025-03-21,6.6,0.131,9.0,0,weekday,6.6,5.2,0.0,0.435,0.0,0.0,0.683,0.0,0.044,0.0,0.53,0.058
2025-03-22,3.0,0.068,2.1,0,holiday,8.2,4.9,0.0,0.592,0.371,0.6,0.094,0.539,0.495,0.075,0.467,0.189
2025-03-23,7.1,0.16,0.4,0,holiday,8.3,8.4,0.0,0.674,0.528,0.605,0.042,0.487,0.434,0.232,0.615,0.111
2025-03-24,4.7,0.157,1.9,0,weekday,8.4,8.2,0.0,0.452,0.043,0.0,0.651,,0.017,0.019,0.584,0.073
2025-03-25,4.9,0.147,1.7,0,weekday,8.6,6.6,0.0,0.313,0.0,0.0,0.722,0.153,0.066,0.0,0.416,0.088
2025-03-26,5.3,0.121,5.5,0,weekday,7.9,5.3,0.0,,0.0,0.0,0.651,0.045,,0.0,0.544,0.031
2025-03-27,8.8,0.239,6.9,0,weekday,6.6,5.8,0.0,0.409,0.008,0.0,,0.054,0.142,0.0,0.535,0.0
2025-03-28,5.1,0.119,1.5,0,weekday,5.9,4.0,,0.445,0.005,0.04,0.67,0.053,0.091,0.0,0.604,0.002
2025-03-29,5.8,0.134,0.3,0,holiday,7.7,4.6,0.0,0.653,0.413,0.649,0.119,0.54,0.416,0.117,0.459,0.261
2025-03-30,6.6,0.164,4.0,0,holiday,7.1,5.6,0.0,0.688,,0.614,,0.511,0.501,0.0,0.577,0.091
2025-03-31,7.0,0.233,6.6,0,weekday,7.1,3.2,0.0,0.434,0.003,0.043,0.704,0.05,0.109,0.0,0.443,0.0
2025-04-01,6.1,0.123,1.9,0,weekday,6.3,0.0,0.0,0.455,0.0,0.034,0.613,0.043,0.144,0.0,0.472,0.0
2025-04-02,6.3,0.164,3.1,0,weekday,6.7,0.4,0.0,0.469,0.0,0.112,0.604,0.0,0.083,0.0,0.441,0.007
2025-04-03,4.6,0.168,8.1,0,weekday,6.3,0.0,0.0,0.439,0.0,0.065,0.673,0.0,0.143,0.0,0.539,0.004
2025-04-04,5.3,0.156,5.4,0,weekday,5.7,0.8,0.0,0.466,0.0,0.0,0.661,0.048,0.091,0.023,0.514,0.03
2025-04-05,7.1,0.229,9.6,0,holiday,7.3,0.0,0.0,0.522,0.273,0.526,0.022,0.487,0.528,0.134,0.456,0.106
2025-04-06,1.3,0.042,3.2,0,holiday,8.1,1.2,0.0,0.783,0.506,0.635,0.14,0.452,0.448,0.237,0.415,0.255
2025-04-07,5.2,0.093,6.2,0,weekday,5.1,0.0,0.0,0.429,0.067,0.0,0.587,0.036,0.087,0.0,,0.0
2025-04-08,7.3,0.205,6.1,0,weekday,5.7,0.0,0.0,0.304,0.0,,0.67,0.0,0.103,,0.493,0.045
2025-04-09,5.9,0.178,8.8,0,weekday,5.5,1.1,0.0,0.584,0.099,0.0,0.672,0.028,0.116,0.0,0.53,0.053
2025-04-10,6.2,0.194,3.3,0,weekday,5.8,1.9,0.0,0.376,0.115,0.107,0.556,0.0,0.0,0.0,0.479,0.0
2025-04-11,5.5,0.152,5.3,0,weekday,5.8,0.0,0.0,0.476,0.0,0.0,0.614,0.0,0.189,0.0,,0.002
2025-04-12,6.6,0.155,2.8,0,holiday,5.6,0.0,0.0,0.596,0.442,0.641,0.038,0.444,0.409,0.079,,0.145
2025-04-13,6.6,0.157,2.6,0,holiday,5.4,0.0,0.0,0.639,0.511,0.624,0.139,0.531,0.483,0.046,0.552,0.116
2025-04-14,4.7,0.103,1.0,0,weekday,6.2,0.0,0.0,0.36,0.14,0.023,0.645,0.076,0.129,0.0,0.352,0.0
2025-04-15,5.6,0.099,2.9,0,weekday,5.0,0.7,0.0,0.422,0.0,0.06,0.633,0.0,0.153,0.0,0.515,0.0
2025-04-16,4.1,0.129,8.3,0,weekday,4.9,0.0,0.0,0.382,0.0,0.025,0.673,0.071,0.068,0.0,0.467,0.002
2025-04-17,6.3,0.149,2.7,0,weekday,5.0,0.9,0.0,0.422,0.0,0.065,0.577,0.0,0.139,0.0,0.485,0.084
2025-04-18,4.5,0.109,1.9,0,weekday,5.7,0.0,0.0,0.403,0.0,0.0,0.718,0.0,0.111,0.0,0.429,0.0
2025-04-19,1.8,0.018,1.3,0,holiday,4.4,0.0,0.0,0.699,0.375,0.65,0.102,0.465,0.444,0.049,,0.154
2025-04-20,4.8,0.08,1.1,0,holiday,5.4,0.0,0.0,0.725,0.386,0.59,0.191,0.485,0.453,,0.566,0.218
2025-04-21,4.8,0.149,3.0,0,weekday,5.6,1.0,0.0,0.553,0.0,0.014,0.72,0.042,0.169,0.0,0.477,0.067
2025-04-22,5.5,0.131,1.2,0,weekday,5.2,0.0,0.0,0.267,0.0,0.018,0.616,0.046,0.134,0.0,0.471,0.015
2025-04-23,4.2,0.126,3.6,0,weekday,6.2,0.0,0.0,0.525,0.033,0.056,,0.0,0.099,0.0,0.568,0.097
2025-04-24,7.3,0.217,2.7,0,weekday,4.5,1.1,0.0,0.354,0.0,0.0,0.554,0.089,0.088,0.0,0.501,0.0
2025-04-25,6.5,0.19,2.2,0,weekday,4.6,0.0,0.0,0.375,0.011,0.017,0.566,0.0,0.151,0.0,0.483,0.0
2025-04-26,4.8,0.106,7.7,0,holiday,5.0,1.2,0.0,0.69,0.444,0.655,0.127,0.497,0.48,0.028,,0.149
2025-04-27,6.8,0.173,3.8,0,holiday,4.9,0.0,0.0,0.729,0.383,0.567,0.136,0.424,0.391,0.095,0.497,0.09
2025-04-28,6.7,0.159,2.2,0,weekday,3.8,0.0,0.0,0.408,0.0,0.0,,0.077,0.106,0.0,0.521,0.0
2025-04-29,3.3,0.065,3.0,0,weekday,3.5,0.8,0.0,0.448,0.0,0.0,0.709,0.0,,0.0,0.56,0.0
2025-04-30,5.9,0.125,6.3,0,weekday,4.2,1.4,0.0,0.396,0.0,0.034,0.629,0.017,0.192,0.0,0.594,0.0
2025-05-01,5.0,0.116,1.7,0,holiday,4.2,0.0,0.0,0.367,0.272,0.337,0.076,0.169,0.283,0.136,0.501,0.105
2025-05-02,6.2,0.189,2.1,0,holiday,5.4,0.0,0.0,0.59,0.058,0.316,0.109,0.283,0.245,0.006,0.463,0.087
2025-05-03,4.3,0.112,2.1,0,holiday,4.2,0.9,0.0,0.795,0.38,0.596,0.188,0.514,0.445,0.0,0.568,0.163
2025-05-04,4.2,0.118,2.9,0,holiday,4.1,2.4,0.0,0.632,0.4,0.552,0.145,0.526,0.433,0.218,0.535,0.193
2025-05-05,4.3,0.092,5.7,0,holiday,4.7,0.0,,0.486,0.206,0.234,0.01,0.285,0.258,0.043,0.592,0.176
2025-05-06,3.3,0.075,4.5,0,holiday,5.1,0.0,0.0,0.602,0.189,0.229,0.174,0.316,0.307,0.001,0.578,0.171
2025-05-07,2.2,0.065,2.7,0,holiday,3.8,2.4,1.0,0.53,,0.511,0.131,0.454,0.291,0.092,0.542,0.142
2025-05-08,5.2,0.17,7.6,0,holiday,4.8,0.0,0.0,0.51,0.225,0.214,0.134,0.287,0.331,0.0,0.456,0.141
2025-05-09,7.3,0.252,3.5,0,holiday,4.0,0.0,0.0,0.666,0.093,0.229,,0.28,0.262,0.0,0.564,0.063
2025-05-10,6.8,0.194,1.6,0,holiday,3.1,0.0,0.0,0.743,0.32,0.549,0.091,0.484,0.43,0.177,0.565,0.147
2025-05-11,6.7,0.146,1.3,0,holiday,4.2,0.0,0.0,0.693,0.267,0.569,0.065,0.494,0.481,0.022,0.55,0.134
2025-05-12,4.9,0.115,4.0,0,holiday,3.2,1.3,0.0,0.614,,0.297,0.0,0.204,0.278,0.115,0.485,0.252
2025-05-13,4.0,0.097,1.4,0,holiday,5.3,1.7,0.0,0.678,0.336,0.258,0.048,0.239,0.254,0.0,0.521,0.149
2025-05-14,6.3,0.186,6.8,0,holiday,4.6,0.4,0.0,0.737,0.268,0.344,0.179,0.156,0.309,,0.487,0.058
2025-05-15,2.1,0.046,0.3,0,holiday,5.6,0.0,1.0,0.638,0.524,0.496,0.059,0.436,0.28,0.055,0.486,0.186
2025-05-16,4.1,0.111,4.4,0,holiday,5.1,2.6,0.0,0.637,0.134,0.265,0.13,0.378,0.29,0.076,0.53,0.167
2025-05-17,5.0,0.164,8.6,0,holiday,5.0,0.0,0.0,0.788,0.379,0.657,0.088,0.537,,0.0,0.462,0.003
2025-05-18,2.0,,4.2,0,holiday,6.4,1.5,0.0,0.522,0.514,,0.151,0.506,0.475,0.04,0.433,0.209
2025-05-19,4.4,0.162,3.2,0,holiday,4.2,4.0,0.0,0.643,0.285,0.323,0.132,0.296,0.258,0.043,0.589,0.131
2025-05-20,4.6,0.151,3.7,0,holiday,4.2,0.2,0.0,,,0.249,0.046,0.221,0.229,0.0,0.535,0.096
2025-05-21,6.8,0.15,1.4,0,holiday,5.7,0.0,0.0,0.467,0.256,0.36,0.123,0.28,0.292,0.0,0.558,0.106
2025-05-22,4.6,0.141,4.8,0,holiday,3.8,0.4,0.0,0.593,0.27,0.231,0.092,0.27,0.269,0.14,0.603,0.17
2025-05-23,5.6,0.144,1.9,0,holiday,5.3,0.0,,0.482,0.257,0.283,0.081,,0.215,0.0,0.487,0.137
2025-05-24,5.9,0.218,5.1,0,holiday,5.8,2.3,0.0,0.608,0.466,0.661,0.159,0.485,0.517,0.026,0.499,0.079
2025-05-25,4.4,0.387,2.0,1,holiday,5.7,0.5,0.0,0.657,0.391,0.615,0.0,0.472,0.427,0.166,0.416,0.188
2025-05-26,3.6,0.095,2.1,0,holiday,4.9,0.5,0.0,0.485,0.331,0.236,0.008,0.285,0.252,0.086,0.512,0.128
2025-05-27,5.8,0.121,1.9,0,holiday,4.8,0.0,0.0,0.474,0.292,0.333,0.079,0.291,0.339,0.045,0.569,0.214
2025-05-28,4.9,0.161,2.3,0,holiday,7.0,0.0,0.0,0.548,0.194,0.338,0.0,0.286,0.226,0.012,0.542,0.122
2025-05-29,3.8,0.08,5.4,0,holiday,5.5,0.0,0.0,0.556,0.187,0.181,0.017,0.184,0.167,0.0,0.502,0.178
2025-05-30,6.6,0.129,3.0,0,holiday,7.1,0.9,0.0,0.6,,0.315,0.074,0.243,0.344,0.0,0.425,0.176
2025-05-31,3.4,,3.2,0,holiday,6.7,1.4,0.0,0.727,0.363,0.499,0.028,0.536,,0.084,0.44,0.175
2025-06-01,6.9,0.164,2.9,0,holiday,5.4,0.6,0.0,0.715,0.412,0.665,,0.565,0.425,0.164,0.563,0.104
2025-06-02,4.2,0.132,4.3,0,weekday,5.2,0.0,0.0,0.451,0.0,0.005,0.715,0.066,0.036,0.0,0.534,0.0
2025-06-03,5.9,0.218,9.8,0,weekday,6.1,0.0,0.0,0.39,0.0,0.0,0.638,0.0,0.109,0.0,0.463,0.0
2025-06-04,6.2,0.182,4.2,0,weekday,6.8,0.1,0.0,0.458,0.0,0.079,0.696,0.007,0.086,0.0,0.433,0.075
2025-06-05,6.8,0.14,4.5,0,weekday,7.0,2.4,0.0,0.287,0.095,0.0,0.696,0.07,0.014,0.0,0.451,0.0
2025-06-06,4.3,0.14,4.8,0,weekday,5.7,0.1,0.0,0.397,0.0,0.038,,0.0,0.045,0.004,0.487,0.059
2025-06-07,5.5,0.13,2.3,0,holiday,6.2,0.0,0.0,,0.201,0.512,0.129,0.507,0.533,0.033,0.521,0.112
2025-06-08,5.9,0.278,24.3,0,holiday,4.9,0.0,0.0,0.592,0.439,0.535,0.085,0.501,0.461,0.0,0.486,0.037
2025-06-09,3.9,0.253,24.4,0,weekday,5.9,0.0,1.0,0.47,0.226,0.13,0.653,0.252,0.15,0.0,0.409,0.0
2025-06-10,1.7,0.128,24.3,0,weekday,6.6,0.1,0.0,0.684,0.0,0.059,,0.0,0.059,0.0,0.497,0.039
2025-06-11,6.2,0.234,19.7,0,weekday,6.5,0.0,0.0,0.54,0.0,0.0,0.651,0.0,,0.0,0.444,0.0
2025-06-12,7.4,0.315,20.0,0,weekday,6.6,0.0,0.0,0.422,0.0,0.0,0.63,0.0,0.086,0.0,0.411,0.0
2025-06-13,6.8,0.254,22.8,0,weekday,6.7,0.0,0.0,0.392,0.0,0.0,0.548,0.039,0.174,0.0,0.407,0.0
2025-06-14,5.4,0.318,20.1,0,holiday,4.6,0.0,0.0,0.782,0.278,0.613,0.0,0.477,0.443,0.0,0.546,0.062
2025-06-15,5.0,0.273,22.2,0,holiday,8.0,0.7,1.0,0.739,0.483,0.754,0.09,,0.547,,0.413,0.132
2025-06-16,4.4,0.194,22.2,0,weekday,6.3,0.2,0.0,0.54,0.0,0.0,0.623,0.0,0.154,0.0,,0.039
2025-06-17,3.9,0.155,19.6,0,weekday,6.1,0.0,1.0,0.389,0.227,0.188,0.521,0.232,0.028,0.0,0.433,0.0
2025-06-18,5.3,0.273,,0,weekday,7.7,0.0,0.0,0.468,0.024,0.028,0.587,0.078,0.051,0.0,0.439,0.0
2025-06-19,4.6,0.242,19.1,0,weekday,7.2,0.0,0.0,0.42,0.0,0.041,0.654,0.0,0.047,0.0,0.471,0.0
2025-06-20,5.6,0.251,22.9,0,weekday,7.5,1.5,0.0,0.262,,0.033,0.567,0.0,0.029,0.0,0.398,0.0
2025-06-21,4.7,0.216,18.3,0,holiday,7.5,2.3,0.0,0.622,0.419,0.555,0.079,0.533,0.51,0.012,0.422,0.167
2025-06-22,3.7,,21.5,0,holiday,8.5,0.2,0.0,0.53,0.304,0.614,0.078,,0.395,0.074,0.411,0.157
2025-06-23,8.7,0.255,21.7,0,weekday,10.2,0.0,0.0,0.419,0.0,0.021,0.587,0.0,0.055,0.0,0.328,0.0
2025-06-24,5.1,0.283,21.6,0,weekday,8.2,0.8,0.0,0.406,0.0,0.054,0.604,0.027,0.147,0.0,0.356,0.0
2025-06-25,6.0,0.27,19.0,0,weekday,9.2,1.0,0.0,0.453,0.0,0.025,0.667,0.0,0.176,0.0,0.295,0.005
2025-06-26,6.1,0.238,20.6,0,weekday,9.3,0.0,0.0,0.484,0.054,0.0,0.757,0.001,0.083,0.0,0.351,0.0
2025-06-27,6.3,,23.5,0,weekday,8.7,0.6,0.0,0.363,0.0,0.039,0.56,0.107,,0.0,0.381,0.0
2025-06-28,4.6,0.231,21.3,0,holiday,9.3,0.0,1.0,0.623,0.628,0.902,0.025,0.669,0.336,0.007,0.349,0.176
2025-06-29,6.2,0.281,26.7,0,holiday,10.1,0.0,0.0,0.517,0.372,0.599,0.0,0.504,0.413,0.0,0.308,0.113
2025-06-30,3.6,0.137,19.3,0,weekday,9.0,0.0,0.0,0.553,0.0,0.0,0.751,0.0,0.128,0.0,0.324,0.01
2025-07-01,5.8,0.297,23.5,0,weekday,9.0,1.4,0.0,0.504,0.0,0.024,0.682,0.0,0.069,0.0,0.347,0.007
2025-07-02,7.4,0.284,20.4,0,weekday,9.8,0.0,0.0,0.303,0.0,0.007,0.641,0.081,0.019,0.0,0.372,0.0
2025-07-03,4.7,0.214,23.7,0,weekday,8.9,1.0,0.0,0.434,0.0,0.0,0.655,0.0,0.191,0.0,0.351,0.0
2025-07-04,5.5,0.188,19.4,0,weekday,10.2,1.1,0.0,0.514,0.0,,0.576,0.003,0.069,0.0,0.429,0.0
2025-07-05,5.5,0.18,21.5,0,holiday,9.2,1.7,0.0,0.693,0.429,0.588,0.137,0.483,0.448,0.0,0.408,0.137
2025-07-06,6.3,0.221,18.8,0,holiday,11.5,0.0,0.0,0.778,0.324,0.553,0.176,0.466,,0.0,0.345,0.158
2025-07-07,4.7,0.248,24.0,0,weekday,11.3,0.0,0.0,0.419,0.0,0.0,0.658,0.15,0.009,0.0,0.38,0.085
2025-07-08,7.3,0.324,21.4,0,weekday,11.2,0.0,0.0,0.453,0.048,0.019,0.619,0.091,0.076,0.0,0.255,0.0
2025-07-09,6.4,0.262,22.3,0,weekday,10.7,0.3,0.0,0.281,0.031,,0.569,0.013,0.0,0.0,0.354,0.0
2025-07-10,3.4,0.203,19.7,0,weekday,12.0,1.4,1.0,0.327,0.063,0.258,0.557,0.28,0.0,0.0,0.292,0.021
2025-07-11,6.0,0.213,20.6,0,weekday,11.9,0.0,0.0,,0.0,0.0,0.604,0.085,0.043,0.0,0.256,0.013
2025-07-12,3.9,0.175,18.5,0,holiday,11.3,0.0,0.0,0.727,0.295,0.607,0.0,0.485,0.373,0.0,0.302,0.166
2025-07-13,4.9,0.241,24.6,0,holiday,11.5,0.0,0.0,0.605,0.373,0.616,0.064,0.572,0.356,,0.313,0.187
2025-07-14,7.1,0.245,20.9,0,weekday,11.7,1.6,0.0,0.555,0.055,0.0,0.625,0.05,0.059,0.0,0.287,0.016
2025-07-15,6.0,0.181,23.2,0,weekday,10.8,1.0,1.0,0.401,0.227,0.188,0.637,0.174,0.001,0.0,0.321,0.042
2025-07-16,4.2,0.226,21.0,0,weekday,11.4,2.9,0.0,0.339,0.0,0.0,0.662,0.028,0.091,0.0,0.299,0.093
2025-07-17,4.8,0.252,19.2,0,weekday,10.9,0.5,0.0,0.397,0.0,0.0,0.677,0.065,0.0,0.0,0.32,0.072
2025-07-18,5.2,0.243,,0,weekday,11.1,0.0,0.0,0.481,0.0,0.007,0.629,0.062,0.007,0.0,0.453,0.06
2025-07-19,6.5,0.235,18.2,0,holiday,11.6,2.6,0.0,0.578,0.198,0.609,0.0,0.475,0.367,0.018,0.341,0.17
2025-07-20,4.1,0.224,20.1,0,holiday,14.4,0.0,0.0,0.613,0.45,0.648,0.0,0.469,0.391,0.109,0.262,0.186
2025-07-21,4.2,0.13,6.1,0,,14.0,3.1,0.0,0.361,0.0,0.0,0.572,0.075,0.062,0.0,0.262,0.149
2025-07-22,3.3,0.12,4.8,0,weekday,14.3,0.0,0.0,0.384,0.068,0.0,0.601,0.0,0.0,0.0,0.255,0.214
2025-07-23,4.9,0.166,2.4,0,weekday,14.6,1.3,0.0,0.368,0.049,0.008,0.561,0.0,0.07,0.0,0.248,0.154
2025-07-24,3.7,0.107,,0,weekday,14.0,0.0,1.0,0.465,0.387,0.217,0.726,,0.03,0.0,0.252,0.119
2025-07-25,3.1,0.069,6.3,0,weekday,14.5,0.0,0.0,0.438,0.13,0.039,0.639,0.079,0.093,0.0,0.25,0.196
2025-07-26,5.3,0.15,2.8,0,holiday,14.8,0.5,0.0,0.866,,0.633,0.163,0.53,0.353,0.071,0.218,0.325
2025-07-27,5.6,0.151,5.8,0,holiday,13.4,2.2,0.0,0.737,0.517,0.579,0.127,0.574,0.459,,0.265,0.306
2025-07-28,6.3,0.18,4.7,0,weekday,14.0,0.0,0.0,0.404,0.0,0.0,0.565,0.081,0.06,0.0,0.286,0.079
2025-07-29,5.7,0.122,4.8,0,weekday,13.7,0.7,0.0,0.453,0.0,,0.752,0.013,0.082,0.0,0.17,0.204
2025-07-30,4.1,0.074,3.7,0,weekday,14.2,0.0,0.0,0.458,0.0,0.0,,0.117,0.079,0.0,0.241,0.106
2025-07-31,5.9,0.161,8.4,0,weekday,14.9,0.0,0.0,0.525,0.0,,0.615,0.086,0.017,0.0,0.174,0.109
2025-08-01,7.8,0.31,13.8,0,holiday,15.1,0.0,0.0,0.42,0.008,0.265,0.135,0.304,0.27,0.0,0.248,0.289
2025-08-02,7.7,0.224,15.1,0,holiday,16.0,0.0,0.0,0.58,0.365,0.606,0.013,0.55,0.386,0.168,,0.243
2025-08-03,8.0,0.257,13.2,0,holiday,16.2,0.7,0.0,0.617,0.354,0.611,0.183,0.6,0.469,0.0,0.069,0.252
2025-08-04,10.2,0.311,16.0,0,holiday,16.6,2.2,0.0,0.507,0.334,0.328,0.0,,0.209,0.0,0.132,0.258
2025-08-05,11.2,0.283,19.2,0,holiday,15.1,1.9,1.0,0.542,0.293,0.471,0.137,0.541,0.179,0.0,0.177,0.21
2025-08-06,7.3,0.19,11.5,0,holiday,16.3,0.0,0.0,0.539,0.148,0.279,0.095,0.247,0.174,0.0,0.268,0.275
2025-08-07,10.1,0.295,20.6,0,holiday,16.3,1.9,1.0,0.517,0.483,0.519,0.0,0.537,0.053,0.0,0.233,0.146
2025-08-08,10.0,0.207,16.2,0,holiday,15.9,0.0,0.0,0.36,0.351,0.336,0.0,0.242,0.135,0.0,0.248,0.175
2025-08-09,9.2,0.282,13.3,0,holiday,17.9,0.0,0.0,0.864,0.354,0.562,0.076,0.624,0.442,0.069,0.161,0.201
2025-08-10,12.2,0.371,15.0,0,holiday,16.6,0.3,0.0,0.679,0.601,0.681,0.154,0.664,0.458,0.0,0.162,0.158
2025-08-11,9.6,0.356,17.0,0,holiday,18.0,2.0,,0.803,0.243,0.241,0.036,0.255,0.173,0.0,0.184,0.26
2025-08-12,9.1,0.307,17.4,0,holiday,18.7,3.4,0.0,0.554,0.173,0.303,0.084,0.335,0.207,0.0,,0.148
2025-08-13,9.8,0.266,,0,holiday,19.6,0.0,0.0,0.534,0.298,0.362,0.068,0.312,0.273,0.063,0.119,0.252
2025-08-14,10.2,0.399,22.8,0,holiday,16.8,0.0,0.0,0.51,0.17,0.256,0.044,0.353,0.19,0.0,0.189,0.186
2025-08-15,7.3,0.163,11.9,0,holiday,19.7,0.0,0.0,0.441,0.291,0.284,0.093,0.35,0.183,0.109,0.248,0.317
2025-08-16,11.0,0.347,12.5,0,holiday,18.9,1.6,0.0,0.565,0.459,0.581,0.123,,0.342,0.164,,0.286
2025-08-17,11.0,0.579,11.7,1,holiday,18.7,0.2,0.0,0.719,0.434,0.506,0.043,0.626,0.333,0.03,,0.22
2025-08-18,10.8,0.282,11.6,0,holiday,18.2,1.2,0.0,0.572,0.383,0.351,0.071,0.332,0.206,0.0,0.168,0.246
2025-08-19,8.0,0.193,15.6,0,holiday,20.0,0.0,1.0,0.45,,0.538,0.061,0.508,0.296,0.009,0.134,0.328
2025-08-20,11.0,0.271,15.4,0,holiday,18.4,3.0,0.0,0.536,0.18,0.281,0.057,0.281,0.187,0.0,0.274,0.348
2025-08-21,10.5,0.314,14.3,0,holiday,19.6,0.0,,0.557,0.204,0.417,0.024,0.353,0.147,0.103,0.092,0.217
2025-08-22,7.7,0.205,11.6,0,holiday,20.0,0.8,0.0,0.587,0.181,0.224,0.0,0.322,0.242,0.0,0.082,0.351
2025-08-23,9.8,0.247,12.5,0,holiday,18.3,2.9,0.0,0.763,0.503,,0.172,0.649,0.324,,0.089,0.295
2025-08-24,13.2,0.361,12.0,0,holiday,18.8,1.9,0.0,0.593,0.509,0.675,0.091,0.457,0.402,0.0,0.065,0.164
2025-08-25,9.4,0.284,16.4,0,holiday,20.2,0.4,0.0,0.608,0.294,0.333,0.066,0.301,0.145,0.0,0.081,0.27
2025-08-26,9.8,0.247,11.4,0,holiday,20.6,0.0,1.0,0.58,0.558,0.512,0.099,0.422,0.135,0.058,0.141,0.32
2025-08-27,10.4,0.313,15.5,0,holiday,20.6,2.1,0.0,0.597,0.257,0.284,0.0,0.281,0.234,0.0,0.04,0.275
2025-08-28,9.7,0.334,15.2,0,holiday,19.1,0.0,0.0,0.534,0.257,0.25,0.071,0.354,0.103,0.001,0.173,0.264
2025-08-29,8.6,0.273,,0,holiday,21.0,0.0,0.0,0.546,0.268,0.228,,0.391,0.168,0.001,0.02,0.363
2025-08-30,9.8,0.268,14.9,0,holiday,21.4,0.0,0.0,0.741,0.449,0.607,0.229,0.564,0.392,0.101,0.063,0.321
2025-08-31,7.8,0.238,14.1,0,holiday,20.3,0.0,0.0,0.688,0.404,0.638,0.065,0.513,0.367,0.111,0.104,0.236
2025-09-01,9.2,0.326,14.0,0,weekday,19.9,0.0,1.0,0.403,0.342,0.244,0.654,0.184,0.0,,0.095,0.117
2025-09-02,11.3,0.265,12.8,0,weekday,22.0,1.0,1.0,0.505,0.21,0.298,0.686,0.253,0.016,0.045,0.004,0.073
2025-09-03,7.4,0.541,11.3,1,weekday,21.5,0.3,0.0,0.464,0.073,0.0,0.652,0.095,0.019,0.055,0.105,0.183
2025-09-04,10.5,0.359,16.2,0,weekday,23.3,0.0,0.0,0.389,0.125,0.074,0.617,0.017,0.076,0.057,0.044,0.111
2025-09-05,6.9,0.263,12.8,0,weekday,23.6,1.4,0.0,,0.123,0.033,0.535,0.113,0.044,0.101,0.0,0.173
2025-09-06,8.6,0.321,16.6,0,holiday,21.6,0.0,0.0,0.699,0.565,0.658,0.064,0.512,0.345,0.16,0.0,0.338
2025-09-07,10.2,0.314,12.8,0,holiday,21.2,1.1,0.0,0.689,0.435,0.679,0.087,0.558,0.311,0.136,0.033,0.302
2025-09-08,9.1,0.276,14.2,0,weekday,23.5,2.3,1.0,0.371,0.313,0.25,0.695,0.319,0.0,0.045,0.043,0.247
2025-09-09,11.3,0.318,12.7,0,weekday,22.6,1.0,0.0,0.649,0.084,0.053,0.686,0.068,0.078,0.002,0.0,0.134
2025-09-10,8.8,0.325,12.1,0,weekday,22.8,0.0,0.0,0.387,0.217,0.003,0.565,0.177,0.0,0.038,0.0,0.178
2025-09-11,9.5,0.291,,0,weekday,24.1,0.6,0.0,0.512,0.139,0.097,0.66,0.104,0.0,0.033,0.0,0.185
