date,event_local_flag,mobility_inflow_index,rainfall_mm,holiday,temperature_c,wind_speed_mps,snowfall_cm,typhoon_alert_flag,tourist_inflow_count,lodging_occupancy_ratio,rail_ridership,temple_shrine_visits,onsen_visitors_count,beach_crowd_index,snow_quality_index,ski_resort_visitors,y
2023-09-13,0.0,0.491,13.8,weekday,23.7,8.0,0.0,0,0.045,0.0,0.639,0.088,0.084,0.01,0.052,0.0,1
2023-09-14,0.0,0.454,12.1,weekday,24.4,8.0,2.6,0,0.091,,,0.11,0.079,0.03,0.0,0.005,1
2023-09-15,0.0,0.503,12.5,weekday,25.3,11.0,0.0,0,,0.071,0.673,0.112,0.049,0.125,0.0,0.0,1
2023-09-16,0.0,0.708,13.7,holiday,25.7,10.4,0.0,0,0.537,0.601,0.086,0.583,0.357,0.297,0.0,0.139,1
2023-09-17,0.0,0.662,14.0,holiday,25.4,8.1,0.9,0,,0.604,0.073,0.568,0.314,0.221,0.009,0.158,1
2023-09-18,0.0,,13.9,weekday,23.9,8.1,0.0,0,0.108,0.011,0.582,0.188,0.001,0.074,0.0,0.063,0
2023-09-19,0.0,0.438,12.9,weekday,25.5,9.9,0.6,0,0.179,0.091,0.645,0.126,0.0,0.141,0.0,0.0,1
2023-09-20,1.0,0.374,13.8,weekday,25.2,8.0,2.7,0,,0.214,0.702,0.327,0.0,0.038,0.0,0.0,1
2023-09-21,0.0,0.377,13.1,weekday,26.1,7.4,4.9,0,0.069,0.004,0.58,0.053,0.0,0.142,0.085,0.0,0
2023-09-22,0.0,0.433,16.2,weekday,24.8,9.0,0.0,0,0.0,0.0,0.697,0.033,0.092,0.162,0.0,0.057,1
2023-09-23,0.0,0.591,12.1,holiday,23.9,8.8,0.9,0,0.49,0.539,0.16,0.565,0.376,0.227,0.029,0.155,1
2023-09-24,0.0,0.687,15.0,holiday,23.8,9.5,0.0,0,,0.463,0.172,0.628,0.37,0.176,0.0,0.182,1
2023-09-25,0.0,0.364,18.2,weekday,25.0,10.2,4.6,0,0.067,0.062,0.648,,0.0,0.039,0.0,0.0,1
2023-09-26,0.0,0.337,15.2,weekday,26.8,11.0,0.6,0,0.0,0.013,0.601,0.094,0.0,0.184,0.0,0.0,1
2023-09-27,0.0,0.416,15.4,weekday,25.9,9.2,5.2,0,0.221,0.044,0.665,0.145,0.0,0.182,0.016,0.0,1
2023-09-28,0.0,0.407,14.8,weekday,26.9,10.6,2.0,0,0.056,0.042,0.627,0.149,0.0,0.103,,0.0,1
2023-09-29,0.0,0.284,15.8,weekday,26.5,8.7,0.0,0,0.048,0.0,0.614,0.159,0.0,0.127,0.0,0.0,1
2023-09-30,0.0,0.864,13.9,holiday,26.0,8.2,0.0,0,0.422,0.586,0.174,0.571,0.312,0.352,0.0,0.145,1
2023-10-01,0.0,0.787,2.0,holiday,26.2,6.7,4.2,0,0.522,0.58,0.128,0.623,0.354,0.237,0.014,0.253,0
2023-10-02,0.0,0.356,3.2,weekday,26.2,5.3,0.8,0,0.105,0.091,0.657,0.044,0.01,0.235,0.0,0.061,0
2023-10-03,0.0,0.335,7.5,weekday,26.0,4.6,0.3,0,0.134,0.068,0.524,0.14,0.023,0.197,,0.0,0
2023-10-04,0.0,0.487,6.2,weekday,26.8,4.5,0.0,0,0.109,0.021,0.687,0.112,0.002,0.108,0.008,0.015,0
2023-10-05,0.0,0.496,6.5,weekday,27.0,4.5,2.2,0,0.0,0.0,0.744,0.16,0.044,0.196,0.065,0.088,0
2023-10-06,0.0,0.53,1.2,weekday,27.0,5.0,0.0,0,,0.099,0.633,0.06,0.0,0.329,0.098,0.0,0
2023-10-07,1.0,0.53,1.9,holiday,26.9,6.4,0.0,0,0.814,,0.056,0.829,0.428,0.461,0.0,,0
2023-10-08,0.0,0.618,3.4,holiday,27.0,4.8,1.9,0,0.554,0.52,0.045,0.617,0.391,0.365,0.0,0.228,0
2023-10-09,0.0,0.359,,weekday,27.7,6.1,0.0,0,0.093,0.03,0.647,0.046,0.0,0.259,0.038,0.063,1
2023-10-10,1.0,0.395,2.3,weekday,27.5,6.0,1.0,0,0.383,0.243,0.677,0.228,0.0,0.217,,0.044,0
2023-10-11,1.0,0.374,4.8,weekday,27.0,4.8,0.1,0,0.362,0.263,0.602,0.23,0.021,0.223,0.043,0.0,0
2023-10-12,0.0,0.277,6.3,weekday,27.7,3.9,0.0,0,0.078,0.012,0.596,0.073,0.007,,0.0,0.02,0
2023-10-13,0.0,0.455,4.3,weekday,26.6,4.1,1.0,0,,0.04,0.686,0.1,0.0,0.368,0.0,0.033,0
2023-10-14,0.0,0.646,2.2,holiday,27.6,4.7,0.0,0,0.476,0.511,0.125,0.613,0.298,0.587,0.073,0.188,0
2023-10-15,0.0,0.743,4.8,holiday,28.3,3.9,0.0,0,0.519,0.695,0.138,0.544,0.327,0.437,0.0,0.216,1
2023-10-16,0.0,0.327,3.2,weekday,27.1,6.0,0.9,0,0.182,0.036,0.608,0.069,0.0,0.199,0.025,,0
2023-10-17,0.0,0.494,0.2,weekday,26.3,4.0,0.7,0,0.073,0.0,0.742,0.18,0.0,0.383,0.027,0.022,0
2023-10-18,0.0,0.332,1.4,weekday,27.9,4.6,2.2,0,0.27,0.072,0.584,0.119,0.044,0.331,0.0,0.0,0
2023-10-19,0.0,0.404,1.0,weekday,28.5,4.2,0.0,0,0.211,0.136,0.761,0.079,0.089,0.326,,0.03,1
2023-10-20,0.0,0.463,2.3,weekday,27.2,5.7,0.0,0,0.065,0.065,0.67,,0.038,0.265,0.0,0.011,0
2023-10-21,0.0,0.726,0.8,holiday,28.1,5.6,0.0,0,0.526,0.561,0.2,0.586,0.394,0.434,0.0,0.165,0
2023-10-22,0.0,0.567,3.2,holiday,27.9,5.2,0.0,0,0.493,0.594,,0.66,0.287,0.415,0.0,0.161,1
2023-10-23,0.0,0.414,0.8,weekday,26.3,5.2,0.0,0,,0.0,0.631,0.161,0.051,0.324,0.0,0.08,0
2023-10-24,0.0,0.428,3.7,weekday,27.9,8.2,0.0,0,0.165,0.03,0.677,0.07,0.039,0.338,0.051,0.108,1
2023-10-25,0.0,0.44,6.0,weekday,28.3,4.3,0.9,0,0.173,0.077,0.611,0.14,0.0,0.357,0.045,0.0,0
2023-10-26,0.0,0.478,1.7,weekday,28.2,5.3,0.0,0,0.111,0.0,0.764,0.156,0.068,0.369,0.042,0.013,0
2023-10-27,0.0,0.374,3.9,weekday,29.3,4.2,0.0,0,0.089,0.075,0.592,0.087,0.087,0.347,0.0,0.08,0
2023-10-28,0.0,0.903,3.5,holiday,27.4,6.6,0.0,0,0.547,0.643,0.065,0.597,0.266,0.4,0.05,0.177,0
2023-10-29,0.0,0.744,0.7,holiday,30.4,4.3,0.0,0,0.634,0.662,0.127,0.632,0.42,0.647,0.109,0.306,0
2023-10-30,0.0,0.311,0.4,weekday,28.2,6.0,0.0,0,0.212,0.004,0.625,0.215,0.029,0.226,0.0,0.13,1
2023-10-31,0.0,0.428,4.4,weekday,29.4,4.6,0.0,0,0.0,0.014,0.647,0.017,0.113,0.407,0.058,,0
2023-11-01,0.0,0.634,2.7,weekday,28.2,6.9,0.0,0,0.009,0.06,0.693,0.14,0.004,,0.0,0.0,1
2023-11-02,0.0,0.379,1.5,weekday,29.8,7.7,2.4,0,0.1,0.0,0.607,0.112,0.059,0.26,0.0,,1
2023-11-03,0.0,0.423,0.8,weekday,27.9,6.8,0.0,0,0.036,0.063,0.602,0.111,0.0,0.362,0.0,0.104,0
2023-11-04,0.0,0.743,0.3,holiday,28.8,6.3,0.8,0,0.478,0.571,0.087,0.626,0.346,0.577,0.0,0.096,1
2023-11-05,1.0,0.6,0.4,holiday,27.1,4.7,0.0,0,0.821,0.866,0.094,0.855,0.457,0.462,0.015,0.143,0
2023-11-06,0.0,0.422,3.3,weekday,28.0,6.5,0.0,0,0.195,0.081,0.693,0.108,0.056,0.248,0.027,0.006,0
2023-11-07,0.0,0.574,4.4,weekday,27.8,5.2,0.0,0,0.14,0.017,0.715,0.049,0.059,0.236,0.013,0.0,0
2023-11-08,0.0,0.32,4.7,weekday,27.9,5.1,0.5,0,0.11,0.041,0.623,0.014,0.013,0.417,0.103,0.051,0
2023-11-09,0.0,0.475,4.2,weekday,27.4,6.4,0.0,0,0.08,0.0,0.609,0.052,0.03,0.213,0.048,0.05,1
2023-11-10,0.0,0.408,3.1,weekday,28.6,4.6,0.0,0,0.159,0.093,0.647,0.11,0.079,0.328,0.006,0.111,0
2023-11-11,0.0,0.864,2.2,holiday,28.6,5.6,0.0,0,0.461,0.669,0.132,0.626,0.307,0.499,0.013,0.154,0
2023-11-12,0.0,0.706,2.8,holiday,28.0,6.6,0.2,0,0.587,0.731,0.037,0.607,0.431,0.442,0.0,0.116,0
2023-11-13,,0.395,1.5,weekday,28.6,5.2,1.4,0,0.232,,0.664,0.078,0.0,0.276,0.04,0.0,0
2023-11-14,0.0,0.478,4.6,weekday,29.5,6.0,0.5,0,0.065,0.008,0.711,0.148,0.134,,0.064,0.0,1
2023-11-15,0.0,0.365,4.3,weekday,27.3,5.3,0.0,0,0.063,0.006,0.675,0.082,0.0,0.207,0.032,0.0,0
2023-11-16,0.0,0.444,1.8,weekday,28.9,4.7,3.8,0,0.287,0.058,0.753,0.169,0.0,0.224,0.03,0.0,0
2023-11-17,0.0,0.396,1.8,weekday,28.9,6.5,0.6,0,0.0,0.075,0.676,0.042,0.0,0.391,0.0,0.0,0
2023-11-18,0.0,0.817,7.6,holiday,28.8,4.4,0.0,0,0.537,0.694,0.16,0.591,0.322,0.522,0.0,0.176,0
2023-11-19,0.0,0.681,1.4,holiday,28.2,6.6,0.4,0,0.624,0.649,0.142,0.643,0.335,0.626,0.0,0.11,1
2023-11-20,0.0,0.314,2.1,weekday,29.8,4.3,0.1,0,0.1,,0.675,0.132,0.005,0.354,0.0,0.0,0
2023-11-21,0.0,0.544,2.5,weekday,27.1,3.4,1.0,0,,0.049,0.589,0.149,0.021,0.338,0.024,0.066,0
2023-11-22,0.0,0.55,2.3,weekday,28.7,4.4,0.0,0,0.269,0.032,0.722,0.063,0.0,0.299,0.0,0.0,0
2023-11-23,0.0,0.381,1.8,weekday,27.9,4.5,0.0,0,0.144,0.0,0.702,0.164,0.0,0.246,0.019,0.0,0
2023-11-24,0.0,,2.5,weekday,28.1,5.3,0.0,0,0.208,0.039,0.658,0.156,0.013,0.36,0.046,0.009,0
2023-11-25,0.0,0.78,3.4,holiday,27.5,4.3,1.4,0,0.51,0.638,0.138,0.563,0.343,0.516,0.022,0.237,0
2023-11-26,0.0,0.802,4.2,holiday,27.5,4.8,0.0,0,0.342,0.591,0.2,0.609,0.293,,0.0,0.273,0
2023-11-27,0.0,0.509,,weekday,27.9,4.0,0.0,0,0.148,0.012,0.702,0.043,0.0,0.311,0.0,0.0,0
2023-11-28,1.0,0.477,7.6,weekday,27.2,4.6,0.0,0,0.445,0.282,0.601,0.275,0.099,0.21,0.043,0.0,0
2023-11-29,1.0,0.465,6.2,weekday,27.9,3.6,0.0,0,0.397,0.246,0.691,0.27,0.106,0.181,0.0,0.012,0
2023-11-30,0.0,0.483,1.7,weekday,27.7,4.3,0.1,0,0.088,0.0,0.716,0.127,0.009,0.385,0.0,0.018,0
2023-12-01,0.0,0.606,0.9,holiday,27.6,6.1,0.2,0,0.462,0.277,0.011,0.5,0.113,0.354,0.0,0.119,0
2023-12-02,0.0,0.635,2.4,holiday,28.0,3.9,0.2,0,0.444,0.632,0.026,0.534,0.333,0.552,0.046,0.266,0
2023-12-03,0.0,0.551,2.0,holiday,27.4,3.7,3.9,0,0.57,0.635,0.066,0.655,0.295,0.585,0.0,0.273,0
2023-12-04,0.0,0.698,1.4,holiday,27.4,6.1,2.1,0,0.297,0.308,0.225,0.39,0.039,0.393,0.0,0.205,1
2023-12-05,0.0,0.635,6.3,holiday,28.7,3.1,0.0,0,,0.343,0.069,0.294,0.122,0.478,0.089,0.186,0
2023-12-06,0.0,0.732,,holiday,26.5,5.1,0.0,0,0.301,0.34,0.034,0.421,0.226,0.357,0.0,0.164,0
2023-12-07,0.0,0.447,3.9,holiday,26.1,5.7,2.4,0,0.361,0.314,0.0,0.38,0.127,0.514,0.053,0.138,0
2023-12-08,0.0,0.683,,holiday,25.5,7.0,1.8,0,0.36,0.323,0.174,0.363,0.097,0.401,0.0,0.123,1
2023-12-09,0.0,0.645,1.8,holiday,27.0,5.3,0.0,0,0.68,,0.15,0.51,0.333,0.463,0.0,0.311,0
2023-12-10,0.0,0.756,2.0,holiday,26.2,4.8,3.7,0,0.5,0.581,0.214,0.636,0.435,0.452,0.07,0.23,0
2023-12-11,0.0,0.636,2.8,holiday,27.3,5.4,1.1,0,0.337,0.342,0.126,0.333,0.119,0.32,0.0,0.099,0
2023-12-12,0.0,0.601,3.8,holiday,27.8,6.1,2.7,0,0.307,0.296,0.08,0.307,0.178,0.272,0.025,0.094,0
2023-12-13,0.0,0.579,1.2,holiday,25.8,7.4,1.1,0,0.402,0.32,0.11,0.344,0.11,,0.033,0.241,0
2023-12-14,0.0,0.621,5.4,holiday,27.7,5.0,2.1,0,0.371,0.381,0.077,0.248,0.15,0.399,0.03,0.0,0
2023-12-15,0.0,,3.6,holiday,26.5,6.2,1.1,0,0.361,0.323,0.0,0.332,0.193,0.282,0.0,0.193,1
2023-12-16,1.0,0.587,1.0,holiday,26.1,6.2,2.7,0,0.766,0.885,0.066,0.819,0.35,0.532,0.0,0.128,0
2023-12-17,0.0,0.693,0.9,holiday,25.8,7.2,1.0,0,0.585,0.669,0.162,0.523,0.401,0.38,0.028,0.25,1
2023-12-18,0.0,0.629,1.0,holiday,25.2,3.5,0.0,0,0.312,0.201,0.153,0.431,0.165,0.224,0.0,0.146,0
2023-12-19,0.0,0.495,4.8,holiday,24.8,3.3,2.9,0,0.305,0.312,0.012,,0.199,0.415,0.03,0.043,0
2023-12-20,,0.581,2.4,holiday,24.7,6.4,0.0,0,0.339,0.304,0.044,0.328,0.12,0.317,0.0,0.128,0
2023-12-21,0.0,0.501,1.2,holiday,24.7,8.0,2.5,0,0.25,0.393,0.091,0.373,0.268,0.343,0.05,0.082,1
2023-12-22,0.0,0.459,7.5,holiday,24.4,6.7,4.8,0,0.308,,0.04,0.335,0.113,0.238,0.0,0.088,0
2023-12-23,0.0,0.727,7.3,holiday,23.9,4.9,1.0,0,0.436,0.611,0.109,0.571,0.276,0.337,0.0,0.166,0
2023-12-24,0.0,0.626,4.1,holiday,24.9,5.5,2.4,0,,0.58,0.079,0.641,0.324,0.228,0.0,,0
2023-12-25,0.0,0.555,5.8,holiday,24.1,5.6,3.6,0,0.265,0.313,0.137,0.366,0.1,0.266,0.059,0.141,1
2023-12-26,0.0,0.517,4.2,holiday,25.7,4.3,0.0,0,0.266,0.325,0.139,0.369,0.269,,0.0,0.056,0
2023-12-27,0.0,0.646,2.7,holiday,25.1,4.0,4.4,0,0.228,0.315,0.077,0.31,0.088,0.26,0.006,0.165,0
2023-12-28,0.0,0.5,0.2,holiday,24.3,5.3,2.5,0,0.193,,0.12,0.393,0.135,0.313,0.073,0.003,0
2023-12-29,0.0,0.64,6.8,holiday,24.5,2.9,3.9,0,0.373,0.363,,0.345,0.142,0.367,0.0,0.111,0
2023-12-30,0.0,0.608,4.6,holiday,23.1,4.1,3.9,0,0.439,0.614,0.042,0.768,0.321,0.301,0.164,0.272,0
2023-12-31,0.0,0.737,2.8,holiday,23.4,5.7,1.0,0,0.455,,0.112,,0.37,0.296,0.0,,0
2024-01-01,0.0,0.527,5.4,holiday,23.4,5.9,3.5,0,0.233,0.25,0.044,0.286,,0.131,0.032,0.072,0
2024-01-02,0.0,0.433,3.0,holiday,22.4,4.6,4.0,0,0.388,0.337,0.003,0.361,0.186,0.263,0.071,0.075,0
2024-01-03,0.0,0.708,3.1,holiday,22.5,1.6,0.4,0,0.251,0.334,0.177,0.395,0.11,0.319,,,0
2024-01-04,1.0,0.607,2.8,holiday,22.9,5.4,0.6,0,0.488,0.506,0.087,0.57,0.157,0.29,0.05,,0
2024-01-05,0.0,0.396,1.8,holiday,21.0,6.2,0.9,0,0.354,0.302,0.106,0.352,0.137,0.142,0.164,0.117,1
2024-01-06,0.0,0.753,3.7,holiday,22.5,7.8,4.1,0,0.29,0.583,0.126,0.563,0.373,0.348,0.061,0.242,0
2024-01-07,0.0,0.741,4.2,holiday,22.1,2.8,2.9,0,0.479,0.627,0.037,0.567,0.339,0.393,0.039,,0
2024-01-08,0.0,0.65,3.5,holiday,24.0,5.7,4.2,0,0.355,0.309,0.079,0.292,0.256,0.171,0.043,0.15,0
2024-01-09,0.0,0.546,3.9,holiday,22.7,4.8,6.5,0,0.394,0.411,0.055,0.395,0.183,0.129,0.048,0.143,0
2024-01-10,1.0,0.53,1.9,holiday,20.2,4.4,2.4,0,0.443,0.637,0.197,0.506,0.206,0.263,0.154,0.219,0
2024-01-11,0.0,0.621,2.9,holiday,21.8,3.1,0.0,0,,0.314,0.0,0.329,0.205,0.173,0.018,0.218,0
2024-01-12,0.0,0.494,1.5,holiday,22.4,5.5,1.9,0,0.139,0.257,0.028,0.302,0.215,0.281,0.106,0.276,1
2024-01-13,0.0,0.652,3.6,holiday,22.3,3.2,3.8,0,0.582,0.59,0.145,0.633,0.346,0.321,0.109,0.314,0
2024-01-14,0.0,0.631,0.7,holiday,21.0,5.2,1.4,0,0.531,0.654,0.185,0.656,0.215,0.321,0.06,0.183,0
2024-01-15,0.0,0.637,2.3,holiday,20.3,7.6,3.0,0,0.319,0.323,0.132,0.38,0.248,0.221,0.14,,1
2024-01-16,0.0,0.647,4.8,holiday,21.1,5.5,1.4,0,0.374,0.285,0.148,0.34,0.115,0.157,0.113,0.14,0
2024-01-17,0.0,,0.7,holiday,21.0,5.9,2.2,0,0.265,0.229,0.066,0.254,0.146,0.25,0.057,0.215,0
2024-01-18,0.0,0.601,5.9,holiday,20.2,3.7,3.5,0,0.301,0.362,0.038,0.33,0.187,0.001,0.172,0.142,0
2024-01-19,0.0,0.58,9.3,holiday,19.8,3.9,4.0,0,0.211,0.235,0.002,0.35,0.124,0.202,0.191,0.204,1
2024-01-20,0.0,0.598,,holiday,19.9,4.6,2.1,0,0.523,0.631,0.039,0.573,0.356,0.211,0.249,0.348,0
2024-01-21,0.0,0.822,,holiday,19.6,3.7,1.4,0,0.458,0.602,0.137,0.563,0.386,0.075,0.085,0.29,0
2024-01-22,0.0,0.516,4.0,holiday,20.4,4.5,0.7,0,0.374,0.298,0.0,0.456,0.149,0.116,,0.065,0
2024-01-23,0.0,0.6,3.9,holiday,18.7,8.1,4.7,0,0.301,0.334,0.126,0.258,0.159,0.114,,0.215,0
2024-01-24,0.0,0.582,1.5,holiday,18.9,5.2,0.0,0,0.229,0.365,0.077,0.281,0.222,0.122,0.099,0.146,0
2024-01-25,0.0,0.671,5.2,holiday,19.1,6.7,3.9,0,0.238,0.277,0.094,0.358,0.236,0.068,,0.21,1
2024-01-26,0.0,0.626,4.0,holiday,19.8,5.1,5.8,0,0.339,0.36,0.0,0.37,0.206,0.003,0.204,0.136,0
2024-01-27,0.0,0.623,3.0,holiday,18.1,4.6,0.1,0,0.424,0.597,0.0,0.645,0.42,,0.269,0.354,0
2024-01-28,1.0,0.602,1.2,holiday,18.5,5.4,3.8,0,0.657,0.824,0.111,0.752,0.389,0.122,0.232,0.275,0
2024-01-29,0.0,0.419,2.9,holiday,18.5,5.4,4.7,0,0.212,0.329,0.0,0.299,0.195,0.131,0.194,0.249,0
2024-01-30,0.0,0.494,7.0,holiday,17.5,7.2,3.3,0,0.168,0.364,0.119,0.23,,0.108,,0.271,0
2024-01-31,0.0,0.543,4.6,holiday,16.4,6.0,3.8,0,0.157,0.318,0.136,0.33,0.246,0.079,0.243,0.225,1
2024-02-01,0.0,0.518,5.6,weekday,17.7,5.5,3.9,0,0.069,0.029,0.606,0.153,0.0,0.0,0.128,0.023,0
2024-02-02,0.0,0.454,4.7,weekday,17.3,4.2,1.8,0,0.0,0.0,0.726,0.089,0.021,0.114,0.244,0.101,0
2024-02-03,0.0,0.629,8.0,holiday,17.6,6.3,3.4,0,0.369,0.593,0.113,0.625,0.421,0.169,0.199,0.338,0
2024-02-04,0.0,0.551,1.9,holiday,15.2,5.5,3.1,0,0.42,0.585,0.124,0.549,0.331,0.12,0.282,0.364,0
2024-02-05,0.0,0.384,2.3,weekday,16.2,5.0,3.4,0,0.0,0.0,0.719,0.115,0.0,0.0,0.255,0.108,0
2024-02-06,0.0,0.414,1.0,weekday,15.5,5.1,4.5,0,0.054,0.0,0.723,0.061,0.08,0.0,0.287,,0
2024-02-07,0.0,0.305,5.2,weekday,16.5,5.4,5.9,0,0.018,0.0,0.656,0.0,0.0,0.0,,0.158,0
2024-02-08,0.0,0.371,2.2,weekday,17.3,4.9,7.2,0,0.167,0.098,0.689,0.103,0.038,0.082,0.29,0.203,0
2024-02-09,,0.407,4.1,weekday,16.1,7.7,4.8,0,0.014,0.059,0.675,,0.11,0.0,0.203,0.168,1
2024-02-10,1.0,0.643,3.1,holiday,16.3,5.8,0.7,0,0.574,0.758,,0.875,0.409,0.12,0.221,0.335,0
2024-02-11,0.0,0.755,1.6,holiday,14.3,7.8,3.7,0,0.554,0.596,0.085,0.462,0.361,0.013,0.171,0.319,1
2024-02-12,0.0,0.456,3.8,weekday,15.6,5.7,4.3,0,0.0,,0.626,0.082,0.017,0.0,0.224,0.14,1
2024-02-13,0.0,0.488,4.7,weekday,15.1,4.5,5.9,0,0.0,0.041,0.646,0.0,0.022,0.0,0.307,0.119,0
2024-02-14,0.0,0.581,0.6,weekday,14.9,6.7,6.2,0,0.043,0.007,0.675,,0.027,0.0,0.32,0.154,0
2024-02-15,0.0,0.379,3.1,,16.0,4.0,5.7,0,0.142,0.0,0.647,0.047,0.006,0.0,0.351,0.147,0
2024-02-16,0.0,0.352,4.4,weekday,13.3,7.1,4.0,0,0.056,0.041,0.684,0.043,0.033,,0.352,0.217,1
2024-02-17,0.0,0.581,7.8,holiday,15.0,3.9,5.4,0,0.355,0.607,0.122,0.6,0.436,0.155,0.315,0.364,0
2024-02-18,0.0,0.775,2.2,holiday,13.6,5.0,8.2,0,0.365,0.578,0.09,0.529,0.487,0.028,0.337,0.364,0
2024-02-19,0.0,0.428,,weekday,14.2,3.7,8.1,0,0.0,0.0,0.7,0.0,0.082,,0.356,0.16,0
2024-02-20,0.0,0.417,4.0,weekday,13.6,2.8,6.7,0,0.05,0.022,0.614,0.076,0.05,0.0,,0.19,0
2024-02-21,0.0,0.481,1.5,weekday,13.5,5.4,7.0,0,0.114,0.107,0.691,0.0,0.0,0.0,0.284,0.18,0
2024-02-22,0.0,0.437,4.3,weekday,13.1,5.2,3.7,0,0.0,0.0,0.672,0.078,0.018,0.0,0.386,0.169,1
2024-02-23,0.0,0.429,1.8,weekday,12.8,5.7,6.1,0,0.015,0.0,0.649,0.087,0.034,0.0,0.317,0.15,0
2024-02-24,0.0,0.654,4.5,holiday,14.1,6.5,3.5,0,0.398,0.64,0.12,0.413,0.414,0.011,0.324,0.418,0
2024-02-25,0.0,0.555,2.2,holiday,12.8,6.0,11.7,0,0.467,0.621,0.05,0.51,0.42,0.004,0.488,0.458,1
2024-02-26,0.0,0.346,1.6,weekday,13.3,4.9,7.7,0,0.0,0.0,,0.137,0.006,0.0,0.363,0.156,0
2024-02-27,0.0,0.409,2.1,weekday,12.1,5.4,5.3,0,0.0,0.0,0.609,0.076,0.104,0.0,0.408,0.268,1
2024-02-28,0.0,0.501,1.1,weekday,11.7,6.1,4.7,0,0.064,0.06,0.597,0.134,0.083,0.0,0.412,0.232,0
2024-02-29,0.0,0.512,4.4,weekday,12.1,5.4,3.7,0,0.0,0.0,0.669,0.002,0.109,0.0,0.435,0.171,0
2024-03-01,0.0,0.504,3.7,weekday,14.0,5.4,2.3,0,0.074,0.021,0.665,0.068,0.09,0.0,0.311,0.203,1
2024-03-02,0.0,0.617,3.7,holiday,12.3,3.8,4.9,0,0.465,0.502,0.036,0.488,0.406,0.158,0.391,0.399,0
2024-03-03,0.0,0.678,7.9,holiday,10.6,4.6,5.0,0,0.339,0.591,0.097,0.565,0.369,0.023,0.426,0.38,0
2024-03-04,0.0,0.617,3.7,weekday,11.2,6.1,4.8,0,0.0,0.022,0.781,0.0,0.048,0.0,0.406,0.2,0
2024-03-05,0.0,0.371,3.9,weekday,10.9,4.2,6.4,0,0.113,0.055,0.626,0.05,0.109,0.0,0.377,0.174,0
2024-03-06,0.0,0.38,4.2,weekday,12.2,7.4,4.4,0,0.0,0.009,0.641,0.066,0.069,,,0.207,0
2024-03-07,1.0,0.508,4.5,weekday,9.6,6.3,4.3,0,0.376,0.306,0.652,0.251,0.029,0.0,0.441,0.268,0
2024-03-08,0.0,0.346,1.6,weekday,11.0,3.8,6.7,0,0.016,0.0,0.576,0.025,0.103,0.0,0.412,0.232,0
2024-03-09,0.0,0.626,5.4,holiday,11.4,4.5,3.1,0,0.419,0.552,0.095,0.557,,0.073,0.297,0.449,0
2024-03-10,0.0,0.694,0.9,holiday,10.3,5.4,4.1,0,0.465,0.662,0.069,0.505,0.48,0.044,0.373,0.35,0
2024-03-11,0.0,0.374,3.1,weekday,9.7,4.1,7.1,0,0.0,0.0,0.614,0.0,0.132,0.0,0.5,0.212,0
2024-03-12,0.0,0.345,2.3,weekday,9.5,3.0,1.7,0,0.017,0.041,0.664,0.09,0.135,0.05,0.411,0.27,0
2024-03-13,0.0,0.415,1.9,weekday,8.6,4.9,5.5,0,,0.133,,0.0,0.062,0.0,0.38,0.23,0
2024-03-14,0.0,0.425,0.9,weekday,10.7,5.7,4.2,0,,0.064,0.74,0.003,0.143,0.0,0.463,0.317,0
2024-03-15,0.0,0.408,2.4,weekday,10.0,5.2,8.0,0,0.0,0.0,0.664,0.0,0.0,0.0,0.429,0.263,0
2024-03-16,0.0,0.596,1.9,holiday,8.2,5.1,7.6,0,0.223,0.517,0.092,0.564,0.392,0.236,0.56,,0
2024-03-17,0.0,0.857,11.5,holiday,9.3,4.1,7.8,0,0.358,0.581,0.092,0.566,0.496,0.174,0.48,0.538,0
2024-03-18,0.0,0.371,0.2,weekday,8.5,5.8,3.8,0,0.0,0.0,0.566,0.068,0.07,0.032,0.45,,0
2024-03-19,0.0,0.374,13.7,weekday,8.6,3.0,4.7,0,0.0,0.0,0.706,0.023,0.0,0.0,0.423,0.298,0
2024-03-20,0.0,0.323,3.0,weekday,8.9,6.7,6.4,0,0.0,0.039,0.682,0.0,0.018,0.0,0.584,0.442,0
2024-03-21,0.0,0.426,4.3,weekday,8.6,5.9,7.7,0,0.0,0.0,0.7,0.149,0.141,0.0,0.53,0.263,1
2024-03-22,0.0,0.345,4.2,weekday,8.3,5.2,1.9,0,0.03,0.048,0.65,0.0,0.007,0.0,0.477,0.235,0
2024-03-23,0.0,0.702,5.7,holiday,7.5,6.6,6.3,0,0.346,0.568,0.058,0.444,0.421,0.134,0.384,0.401,1
2024-03-24,0.0,0.63,3.7,holiday,8.1,4.5,5.2,0,0.426,0.588,0.074,0.476,0.426,0.157,0.487,0.444,0
2024-03-25,0.0,0.591,2.1,weekday,6.7,4.5,5.2,0,0.0,0.055,0.652,,0.006,0.0,0.531,,0
2024-03-26,0.0,0.366,0.7,weekday,7.9,5.8,5.8,0,0.037,0.049,0.63,0.013,0.106,0.0,,0.301,0
2024-03-27,0.0,0.401,5.0,weekday,7.8,5.7,6.8,0,0.0,0.063,0.662,0.06,0.076,0.0,0.433,0.243,0
2024-03-28,0.0,0.367,5.2,weekday,5.3,8.2,1.5,0,0.0,0.0,0.617,0.018,0.102,0.0,0.43,0.211,0
2024-03-29,0.0,,0.9,weekday,7.1,5.1,7.7,0,0.004,0.0,0.716,0.0,0.033,0.0,0.533,0.244,1
2024-03-30,0.0,0.537,2.4,holiday,7.7,3.3,4.8,0,0.443,0.641,0.079,0.388,0.387,0.164,0.497,0.453,1
2024-03-31,0.0,0.893,3.2,holiday,6.6,4.8,2.4,0,0.404,0.67,0.094,0.591,0.464,0.1,0.488,0.48,0
2024-04-01,0.0,0.454,4.0,weekday,8.5,7.4,1.7,0,0.049,0.084,0.731,,0.079,0.0,0.366,0.184,1
2024-04-02,0.0,0.428,2.3,weekday,5.3,5.3,2.8,0,0.079,0.0,0.695,0.05,0.064,0.0,,0.318,0
2024-04-03,0.0,0.425,5.6,weekday,7.2,6.3,0.0,0,0.054,0.0,0.584,0.061,0.132,0.0,0.49,0.331,1
2024-04-04,0.0,0.573,2.8,weekday,7.7,5.9,0.0,0,0.026,0.0,0.722,0.0,0.111,0.0,0.502,0.189,1
2024-04-05,0.0,0.477,5.2,weekday,6.1,4.9,0.0,0,0.0,0.006,0.61,0.0,0.075,0.0,0.549,0.251,0
2024-04-06,1.0,0.625,2.0,holiday,5.6,4.9,0.0,0,0.648,0.755,0.059,0.656,0.421,0.136,0.413,0.54,1
2024-04-07,0.0,0.508,2.2,holiday,6.3,4.4,1.7,0,0.311,0.649,0.087,0.547,0.507,0.103,0.504,0.524,0
2024-04-08,0.0,,0.4,weekday,5.2,3.6,0.0,0,0.0,0.02,0.731,0.0,0.158,0.0,0.552,0.301,0
2024-04-09,0.0,0.467,3.6,weekday,6.7,3.7,0.8,0,0.0,0.027,0.723,0.0,0.019,0.0,0.424,0.176,0
2024-04-10,0.0,0.533,2.8,weekday,4.8,5.7,2.9,0,0.048,0.0,0.579,0.0,0.17,0.0,,0.362,0
2024-04-11,0.0,0.399,1.0,weekday,4.6,4.2,3.2,0,0.0,0.0,0.635,0.009,0.118,0.0,0.577,0.374,0
2024-04-12,0.0,,1.6,weekday,4.6,4.9,0.0,0,0.043,0.117,0.661,0.003,0.078,0.0,0.626,0.372,0
2024-04-13,0.0,0.598,7.7,holiday,5.0,6.0,3.2,0,0.343,0.559,0.092,0.542,0.425,0.09,0.529,0.374,0
2024-04-14,0.0,0.827,3.9,holiday,6.9,5.2,0.0,0,0.296,0.5,0.113,0.52,0.488,0.149,0.485,0.441,0
2024-04-15,0.0,,5.3,weekday,4.4,4.4,0.0,0,0.0,0.039,0.706,0.0,0.156,0.0,0.594,0.366,0
2024-04-16,0.0,0.527,1.0,weekday,5.2,6.2,0.9,0,0.11,,0.724,0.003,0.104,0.053,0.574,0.299,0
2024-04-17,0.0,0.457,,weekday,5.4,3.3,0.0,0,0.0,0.0,0.7,0.0,0.062,0.0,0.549,0.347,0
2024-04-18,0.0,0.314,4.4,weekday,5.6,5.2,0.0,0,0.0,0.006,0.549,0.0,0.078,0.0,0.524,,0
2024-04-19,0.0,0.471,5.8,weekday,3.4,5.9,2.8,0,0.124,0.121,0.688,0.0,0.214,0.0,0.627,0.318,0
2024-04-20,0.0,0.588,3.7,holiday,4.8,2.5,0.0,0,0.389,0.615,0.0,0.466,0.461,0.167,,0.524,0
2024-04-21,0.0,0.684,2.2,holiday,4.0,4.3,0.9,0,0.331,0.537,0.118,0.507,0.424,0.022,0.573,0.52,0
2024-04-22,0.0,0.335,2.3,weekday,5.0,5.4,2.4,0,,0.024,0.68,0.0,0.106,0.0,0.537,0.245,0
2024-04-23,0.0,0.462,6.5,weekday,4.7,4.9,0.0,0,0.014,0.0,0.703,0.01,0.14,0.0,0.563,0.321,0
2024-04-24,0.0,0.394,1.8,weekday,5.4,4.6,0.3,0,0.0,,0.636,0.0,0.071,0.0,0.568,0.341,0
2024-04-25,0.0,0.296,4.8,weekday,4.6,7.5,0.0,0,0.154,0.014,0.726,0.0,0.107,0.0,,0.302,0
2024-04-26,1.0,0.638,4.4,weekday,3.7,4.3,0.0,0,0.195,0.297,0.69,0.282,0.11,0.024,0.562,0.245,0
2024-04-27,0.0,0.746,2.4,holiday,4.8,4.7,1.4,0,0.331,0.542,,0.519,0.49,0.195,0.517,0.525,0
2024-04-28,0.0,0.685,2.2,holiday,3.6,2.8,0.8,0,0.314,0.503,0.026,0.489,,0.0,0.543,0.466,0
2024-04-29,0.0,0.458,1.9,weekday,3.6,5.4,0.0,0,0.033,0.06,0.576,0.037,0.129,0.0,0.531,0.282,0
2024-04-30,0.0,0.38,2.1,weekday,4.8,4.6,0.7,0,0.0,0.0,0.547,,0.096,0.011,0.585,0.326,0
2024-05-01,0.0,0.655,5.8,holiday,4.8,3.7,0.0,0,0.103,0.331,0.043,0.292,0.268,0.0,0.472,0.389,0
2024-05-02,0.0,0.569,3.1,holiday,4.0,4.2,1.7,0,0.348,0.431,0.091,0.252,0.294,0.003,0.543,0.348,1
2024-05-03,0.0,0.708,0.4,holiday,5.8,5.2,0.0,0,0.305,0.321,0.119,0.25,0.296,0.0,0.458,0.331,0
2024-05-04,0.0,0.645,3.4,holiday,5.2,4.9,0.2,0,0.263,,0.01,0.581,0.394,,0.508,0.471,0
2024-05-05,0.0,0.671,3.8,holiday,4.1,5.5,1.8,0,0.31,,0.151,0.569,0.442,0.033,0.478,,0
2024-05-06,0.0,0.541,3.7,holiday,6.4,4.2,0.8,0,0.197,0.243,0.019,0.208,0.445,0.086,0.468,0.35,0
2024-05-07,0.0,0.366,1.7,holiday,3.7,5.4,0.4,0,0.18,0.258,0.081,,,0.003,0.454,0.51,0
2024-05-08,0.0,0.592,1.1,holiday,4.4,4.4,0.0,0,0.306,0.373,0.124,0.232,0.252,0.113,0.621,0.424,0
2024-05-09,0.0,0.757,2.4,holiday,4.8,5.0,1.2,0,0.253,0.233,0.096,0.255,0.372,0.041,0.531,0.365,1
2024-05-10,0.0,0.582,5.8,holiday,3.3,3.6,1.4,0,0.217,0.229,0.035,0.272,0.267,0.009,0.61,0.472,0
2024-05-11,0.0,0.578,2.4,holiday,4.6,3.0,3.3,0,0.133,0.515,0.03,0.527,0.549,0.087,0.578,0.543,0
2024-05-12,0.0,0.687,1.7,holiday,4.6,5.7,1.7,0,0.373,0.63,0.081,0.488,0.412,0.104,0.497,0.396,1
2024-05-13,0.0,0.427,1.3,holiday,2.9,3.0,0.0,0,0.199,0.327,,0.181,0.333,0.12,0.553,0.385,0
2024-05-14,0.0,0.529,0.6,holiday,3.9,4.5,2.7,0,0.281,0.312,0.092,0.23,0.305,,0.616,0.387,0
2024-05-15,0.0,0.556,,holiday,4.5,6.3,1.6,0,0.13,0.292,0.068,0.286,0.277,0.0,0.579,0.39,0
2024-05-16,0.0,0.498,0.7,holiday,4.8,5.1,0.7,0,0.265,0.342,0.07,0.317,0.223,0.0,0.574,0.409,0
2024-05-17,0.0,0.538,2.2,holiday,4.8,6.4,0.0,0,0.075,0.267,0.041,0.224,0.28,0.11,,0.335,0
2024-05-18,0.0,0.775,5.3,holiday,3.5,4.7,0.2,0,0.424,0.597,0.051,0.506,0.453,0.135,0.535,0.526,0
2024-05-19,0.0,0.706,4.3,holiday,5.6,6.7,0.2,0,0.455,0.536,0.0,0.463,0.521,0.041,0.48,0.497,0
2024-05-20,0.0,0.646,3.6,holiday,5.0,6.0,0.0,0,0.144,0.293,0.106,0.282,0.222,0.02,0.504,0.387,0
2024-05-21,0.0,0.566,8.9,holiday,7.0,4.0,0.6,0,0.207,,0.104,0.27,,0.017,0.419,0.304,0
2024-05-22,0.0,0.394,5.3,holiday,4.8,5.0,0.0,0,0.189,0.27,0.132,0.383,0.342,0.014,0.535,0.438,1
2024-05-23,0.0,0.558,3.8,holiday,4.4,5.0,3.0,0,0.254,0.29,0.071,0.271,0.315,0.0,0.576,0.403,0
2024-05-24,0.0,0.736,2.0,holiday,5.6,6.9,0.6,0,0.159,0.234,0.158,0.249,0.363,0.022,0.569,0.432,0
2024-05-25,0.0,0.643,1.2,holiday,5.5,4.3,0.0,0,0.368,0.641,0.041,0.544,0.512,0.238,0.573,0.497,0
2024-05-26,1.0,0.684,3.4,holiday,4.5,6.7,0.0,0,0.613,,0.043,0.692,0.547,0.083,0.513,0.466,1
2024-05-27,0.0,0.568,2.1,holiday,4.7,2.4,0.0,0,0.177,0.289,0.074,0.268,0.217,0.0,0.515,0.382,0
2024-05-28,0.0,0.51,3.6,holiday,4.3,5.9,0.0,0,0.163,0.277,0.114,0.247,0.208,0.088,0.509,0.348,0
2024-05-29,0.0,0.513,1.3,holiday,5.5,7.2,0.9,0,0.425,0.367,0.187,,0.284,0.0,0.49,0.399,1
2024-05-30,0.0,0.478,5.1,holiday,5.2,5.4,0.1,0,0.22,0.242,0.069,0.274,0.271,0.0,0.473,,0
2024-05-31,0.0,0.641,5.6,holiday,6.8,5.8,0.7,0,0.188,0.292,0.067,0.196,0.284,0.035,0.362,0.365,1
2024-06-01,0.0,,5.3,holiday,5.3,1.9,0.0,0,0.307,0.525,0.012,0.482,0.477,0.123,0.502,0.478,0
2024-06-02,0.0,0.637,3.8,holiday,5.2,5.3,0.4,0,0.324,0.573,0.131,0.554,0.435,0.143,0.523,0.419,1
2024-06-03,0.0,0.423,3.5,,5.7,5.6,0.0,0,0.0,0.0,0.641,0.0,0.074,0.0,0.417,0.159,0
2024-06-04,0.0,0.416,6.7,weekday,5.6,6.2,1.3,0,0.064,0.033,0.604,0.0,0.25,0.0,0.603,0.353,1
2024-06-05,0.0,0.476,2.8,weekday,7.3,7.8,0.0,0,0.086,0.0,0.815,0.081,0.157,0.0,0.395,0.316,1
2024-06-06,,0.349,2.2,weekday,5.9,6.2,0.0,0,0.06,0.048,0.634,0.0,0.026,0.0,0.564,0.292,0
2024-06-07,,0.328,2.5,weekday,6.1,3.9,0.0,0,0.0,0.056,0.652,0.042,0.116,0.0,0.492,0.276,0
2024-06-08,0.0,0.662,19.8,holiday,6.3,6.4,0.0,0,0.156,0.528,0.15,0.476,0.43,0.0,0.484,0.436,1
2024-06-09,0.0,0.677,29.4,holiday,6.6,6.0,0.0,0,0.362,0.632,0.083,0.358,0.439,0.027,0.413,0.362,1
2024-06-10,0.0,0.375,20.4,weekday,7.1,7.0,0.0,0,0.0,0.0,0.593,0.0,0.032,0.0,0.471,0.162,1
2024-06-11,0.0,0.473,22.1,weekday,7.1,6.4,0.0,0,0.0,0.0,0.613,0.022,0.032,0.0,0.471,0.151,1
2024-06-12,0.0,,23.4,weekday,6.7,5.5,0.0,0,0.0,0.125,0.665,0.013,0.143,0.0,0.371,0.112,1
2024-06-13,0.0,0.404,20.1,weekday,6.0,4.6,2.5,0,0.076,0.003,0.665,0.0,0.13,0.0,0.433,0.122,0
2024-06-14,0.0,0.355,19.8,weekday,6.4,4.9,0.0,0,0.131,0.0,0.629,0.065,0.082,0.0,0.482,0.216,1
2024-06-15,0.0,0.57,19.2,holiday,6.7,3.9,1.0,0,0.398,0.627,0.05,0.572,0.45,0.0,0.516,0.442,0
2024-06-16,1.0,0.714,29.1,holiday,8.1,3.9,0.0,0,0.572,0.829,0.0,0.712,0.458,0.0,0.384,0.392,1
2024-06-17,0.0,0.449,21.5,weekday,8.4,6.4,0.8,0,0.137,0.121,0.656,0.0,0.048,0.0,0.405,0.166,1
2024-06-18,0.0,0.45,24.2,weekday,6.5,7.0,3.9,0,,0.003,0.624,0.0,0.045,0.0,0.468,0.199,1
2024-06-19,0.0,0.464,22.3,weekday,7.9,5.0,0.0,0,0.0,0.01,0.628,0.04,0.097,0.0,0.36,0.173,0
2024-06-20,0.0,0.457,19.9,weekday,7.5,8.4,0.0,0,0.0,0.0,0.698,0.092,0.099,0.0,0.437,0.208,1
2024-06-21,1.0,0.35,21.3,weekday,7.4,6.4,1.9,0,0.048,0.275,0.59,0.22,,0.0,0.389,0.113,1
2024-06-22,0.0,0.767,20.3,holiday,8.6,7.3,0.0,0,0.225,0.609,0.063,0.527,0.447,0.0,0.341,0.346,1
2024-06-23,1.0,0.664,26.2,holiday,7.3,8.1,0.0,0,0.5,0.756,0.043,0.723,0.442,0.039,0.297,0.293,1
2024-06-24,0.0,0.435,22.2,weekday,8.4,6.9,0.0,0,0.0,0.0,0.525,0.0,0.136,0.0,0.311,0.115,1
2024-06-25,0.0,0.397,,weekday,8.8,5.9,0.5,0,0.0,0.014,0.639,0.0,0.165,0.0,0.338,0.254,1
2024-06-26,0.0,0.341,19.6,weekday,8.6,5.0,0.0,0,0.0,0.0,0.654,0.0,0.179,,0.482,,1
2024-06-27,0.0,0.444,,weekday,9.5,4.9,0.0,0,0.0,0.0,0.623,0.0,0.127,0.0,,0.0,1
2024-06-28,0.0,0.424,20.2,weekday,9.2,3.9,1.6,0,0.0,0.039,0.591,0.044,0.03,0.0,0.336,0.14,0
2024-06-29,0.0,0.688,21.4,holiday,8.1,6.3,0.1,0,0.273,0.558,0.004,0.426,0.384,0.0,0.369,0.321,1
2024-06-30,0.0,0.716,19.4,holiday,9.7,5.3,1.6,0,0.349,0.566,0.08,0.571,0.363,0.0,0.395,0.365,1
2024-07-01,0.0,0.396,18.7,weekday,9.4,7.0,0.0,0,0.0,0.005,0.719,0.01,0.081,0.0,0.363,0.066,1
2024-07-02,0.0,0.48,23.1,weekday,8.3,3.6,2.2,0,0.0,0.028,0.65,0.0,0.035,0.0,0.442,0.112,0
2024-07-03,0.0,0.516,20.5,weekday,8.9,4.4,0.0,0,0.009,0.0,0.699,0.164,0.05,0.0,0.334,0.177,1
2024-07-04,0.0,0.376,20.5,weekday,9.9,6.5,0.1,0,0.0,0.026,0.526,0.0,0.0,0.0,0.293,,1
2024-07-05,0.0,0.44,19.7,weekday,11.0,3.9,1.1,0,0.0,0.046,0.678,0.024,0.0,0.0,0.376,0.133,0
2024-07-06,0.0,0.581,22.3,holiday,11.7,6.4,0.0,0,,0.495,0.086,0.401,0.408,0.032,0.31,0.298,1
2024-07-07,0.0,0.611,20.0,holiday,9.4,6.8,2.7,0,0.162,0.524,0.006,0.522,0.343,0.027,0.446,0.375,1
2024-07-08,0.0,0.373,21.8,weekday,10.2,4.7,0.0,0,,0.002,,0.014,0.065,0.0,0.345,0.124,1
2024-07-09,0.0,0.31,22.7,weekday,9.8,5.9,0.0,0,0.0,0.03,0.593,0.063,0.0,0.0,0.297,0.117,1
2024-07-10,1.0,0.403,19.6,weekday,10.4,4.1,0.0,0,0.277,0.26,0.724,0.167,0.002,0.0,0.414,0.256,1
2024-07-11,0.0,0.596,20.2,weekday,10.9,5.2,3.4,0,,0.0,0.663,0.0,0.026,0.0,0.358,0.179,0
2024-07-12,0.0,0.449,19.9,weekday,12.8,4.9,0.1,0,0.0,0.024,0.608,0.0,0.055,0.0,,0.123,1
2024-07-13,0.0,0.643,20.1,holiday,11.7,6.1,0.0,0,0.319,0.583,0.006,0.625,0.376,0.026,0.353,0.356,1
2024-07-14,0.0,0.841,21.0,holiday,12.2,6.5,0.0,0,0.376,,0.026,0.538,0.453,0.0,0.363,0.317,1
2024-07-15,0.0,0.359,18.6,weekday,12.1,4.1,0.0,0,,0.052,,0.011,0.079,0.0,0.325,0.123,1
2024-07-16,0.0,0.306,23.6,weekday,11.8,4.4,4.1,0,0.008,0.054,0.561,0.097,0.05,0.0,0.224,0.097,1
2024-07-17,0.0,0.367,21.2,weekday,12.9,5.8,0.0,0,0.0,0.0,0.579,0.0,0.105,0.0,0.184,0.037,1
2024-07-18,,0.349,21.7,weekday,12.1,7.6,0.0,0,0.0,0.0,0.636,0.197,0.06,0.0,0.358,0.18,1
2024-07-19,0.0,0.465,20.5,weekday,12.5,5.9,3.1,0,0.073,0.013,0.688,0.022,0.0,,0.271,0.121,0
2024-07-20,0.0,0.623,21.1,holiday,13.0,3.2,0.0,0,0.408,0.505,0.075,0.51,0.467,0.042,0.284,0.327,0
2024-07-21,0.0,0.653,1.6,holiday,13.0,5.2,0.2,0,0.493,,0.104,0.507,0.405,0.128,0.351,0.35,0
2024-07-22,,0.441,8.9,weekday,13.2,8.7,0.0,0,0.021,0.015,0.581,0.096,0.08,0.0,0.33,0.09,0
2024-07-23,0.0,0.377,2.5,weekday,15.2,6.4,0.0,0,0.039,0.0,0.634,0.0,0.046,0.046,0.294,0.231,0
2024-07-24,0.0,0.308,4.5,weekday,14.5,5.2,0.0,0,0.039,0.012,0.636,0.0,0.0,0.0,0.285,0.163,0
2024-07-25,0.0,0.399,4.8,weekday,14.7,6.1,0.0,0,0.01,0.026,0.628,0.041,0.099,0.0,0.257,0.132,1
2024-07-26,0.0,0.411,3.6,weekday,13.3,4.8,0.0,0,0.0,0.0,0.56,0.08,0.093,0.0,0.193,0.119,0
2024-07-27,0.0,0.633,4.0,holiday,13.0,5.2,0.0,0,0.372,0.619,0.06,0.572,0.441,0.114,0.281,0.398,0
2024-07-28,0.0,0.634,1.5,holiday,15.2,4.3,0.0,0,0.307,0.626,0.18,0.494,0.315,0.187,0.176,,0
2024-07-29,0.0,0.263,6.0,weekday,14.2,7.4,0.0,0,0.11,0.081,,0.0,0.132,0.0,0.33,0.193,0
2024-07-30,1.0,0.391,1.9,weekday,14.5,4.9,0.0,0,0.28,0.224,0.62,0.191,0.0,0.0,0.282,0.223,0
2024-07-31,0.0,0.317,0.8,weekday,15.9,6.2,2.6,0,0.143,0.051,0.675,0.096,0.0,0.0,0.313,,0
2024-08-01,0.0,0.456,16.6,holiday,16.3,9.9,0.0,0,0.184,0.254,0.092,0.328,,0.0,0.127,0.163,1
2024-08-02,0.0,0.646,11.4,holiday,16.5,9.3,0.0,0,0.201,0.305,0.0,0.291,0.194,0.0,0.213,0.156,1
2024-08-03,0.0,0.518,14.7,holiday,17.0,7.8,0.0,0,0.301,0.569,,0.488,,0.136,0.24,0.317,1
2024-08-04,0.0,0.681,12.3,holiday,16.2,10.3,0.0,0,0.414,,0.101,0.544,0.327,0.095,0.279,0.339,1
2024-08-05,0.0,0.618,17.5,holiday,17.1,8.3,2.3,0,0.067,0.233,0.0,0.33,0.146,0.0,0.213,0.153,1
2024-08-06,0.0,0.575,12.1,holiday,18.3,7.1,0.2,0,0.249,0.283,0.07,0.335,,0.0,0.162,0.204,0
2024-08-07,0.0,0.615,13.3,holiday,16.7,8.3,0.1,0,0.297,,0.065,0.338,0.194,0.046,0.231,0.16,1
2024-08-08,0.0,,15.4,holiday,17.1,8.7,0.0,0,0.114,0.275,0.0,0.308,0.271,0.0,0.09,0.024,1
2024-08-09,0.0,,12.1,holiday,17.9,8.6,0.0,1,,0.275,0.072,0.225,0.201,,0.08,0.198,1
2024-08-10,0.0,0.551,11.7,holiday,17.6,9.8,0.0,0,0.493,0.64,0.062,0.487,0.306,0.18,0.212,0.338,1
2024-08-11,0.0,0.729,13.5,holiday,17.7,11.7,0.1,0,0.417,0.628,0.13,0.528,0.244,0.072,0.078,0.193,1
2024-08-12,0.0,0.451,14.7,holiday,18.2,8.6,0.0,0,0.182,0.237,0.043,,0.204,0.009,0.171,0.132,1
2024-08-13,0.0,0.541,19.0,holiday,16.7,9.6,0.0,0,0.212,,0.124,0.282,0.121,0.059,0.181,0.253,1
2024-08-14,0.0,0.611,13.8,holiday,18.2,8.5,3.0,0,0.228,0.201,0.132,0.361,0.234,0.057,0.215,0.208,1
2024-08-15,0.0,0.56,13.7,holiday,17.8,11.9,1.9,0,0.308,0.294,0.134,0.202,0.087,0.0,0.227,0.235,1
2024-08-16,1.0,0.59,12.7,holiday,18.6,7.7,1.0,0,0.548,0.56,0.0,0.491,0.184,0.0,0.207,0.159,1
2024-08-17,0.0,0.699,13.8,holiday,18.5,8.9,1.9,0,0.302,0.526,0.039,0.562,0.366,0.106,0.244,0.307,1
2024-08-18,0.0,,12.3,holiday,18.6,8.3,0.0,0,0.445,0.513,0.083,0.542,,0.098,0.154,0.248,1
2024-08-19,0.0,0.596,11.8,holiday,19.5,11.2,0.4,0,0.084,0.31,0.061,0.268,0.259,0.04,0.106,0.184,1
2024-08-20,0.0,0.523,14.3,holiday,18.3,10.4,0.0,0,0.331,0.26,0.0,0.291,0.182,0.038,0.099,0.053,1
2024-08-21,0.0,0.402,14.9,holiday,20.2,9.2,0.0,0,0.249,0.326,0.0,0.305,0.222,0.055,0.157,0.179,1
2024-08-22,0.0,0.521,15.6,holiday,19.7,7.0,2.2,0,0.27,0.383,0.0,0.335,0.111,0.067,0.175,0.205,1
2024-08-23,0.0,0.448,17.0,holiday,19.1,6.7,1.2,0,0.195,0.399,0.022,0.307,,0.0,0.103,0.071,1
2024-08-24,0.0,0.708,12.1,holiday,20.5,9.9,0.0,0,0.429,0.472,0.059,0.479,0.356,,0.127,0.249,1
2024-08-25,0.0,0.692,13.7,holiday,20.5,9.7,0.4,0,0.532,0.642,0.09,0.605,0.329,0.164,0.076,0.276,1
2024-08-26,0.0,0.572,11.5,holiday,20.5,8.8,1.1,0,0.312,0.348,0.11,0.407,0.128,0.0,0.154,0.154,1
2024-08-27,0.0,0.61,11.6,holiday,20.7,11.1,1.3,1,0.215,0.273,,0.326,0.277,,0.161,0.117,1
2024-08-28,0.0,,17.7,holiday,21.8,8.9,2.3,0,,,0.0,0.352,0.178,0.056,0.046,0.178,1
2024-08-29,0.0,0.435,20.8,holiday,21.2,11.2,0.0,0,0.332,,0.173,0.314,,0.0,0.0,0.026,1
2024-08-30,0.0,0.716,15.6,holiday,22.0,10.7,0.0,0,0.258,0.297,0.067,0.347,0.187,0.148,0.039,0.133,1
2024-08-31,0.0,0.648,14.3,holiday,22.2,9.7,0.3,0,0.352,0.542,0.079,0.556,0.324,0.294,0.0,0.214,1
2024-09-01,0.0,0.698,14.0,holiday,20.7,8.8,0.3,0,0.421,0.622,0.134,0.577,0.373,0.23,0.153,0.267,1
2024-09-02,0.0,0.41,13.5,weekday,23.2,10.0,0.0,1,0.083,0.011,0.588,0.012,0.0,0.014,0.029,0.0,1
2024-09-03,0.0,0.415,11.2,weekday,22.6,9.5,0.0,0,0.0,0.0,0.596,0.149,0.0,0.125,0.026,0.008,1
2024-09-04,0.0,0.415,14.3,weekday,23.1,7.6,0.0,0,0.0,0.01,0.618,0.082,0.0,0.076,0.0,0.0,1
2024-09-05,0.0,0.538,13.8,weekday,22.1,9.2,1.3,0,0.001,0.03,0.672,0.016,0.0,0.073,0.015,0.015,1
2024-09-06,0.0,0.412,18.4,weekday,22.9,9.5,0.4,0,0.0,0.0,0.535,0.049,,0.138,0.0,0.0,1
2024-09-07,0.0,0.825,12.4,holiday,23.4,8.2,1.5,0,0.381,0.605,0.159,0.591,0.388,0.284,,0.251,1
2024-09-08,0.0,0.574,15.0,holiday,22.2,8.6,0.0,0,0.38,0.611,0.011,0.67,0.343,0.147,0.07,0.118,1
2024-09-09,0.0,0.505,15.4,weekday,24.1,10.7,2.4,0,0.13,0.0,0.577,0.067,0.0,0.0,0.027,0.0,1
2024-09-10,0.0,0.36,12.8,weekday,23.9,8.1,0.0,0,0.111,0.048,0.627,0.14,0.021,0.106,0.0,,1
2024-09-11,0.0,0.426,17.3,weekday,23.1,9.1,2.4,0,0.085,0.022,0.656,0.075,0.0,0.035,0.09,0.006,1
2024-09-12,0.0,0.38,11.4,weekday,24.2,6.7,0.8,0,,0.018,0.55,0.191,0.0,0.15,0.015,0.024,1
2024-09-13,0.0,,13.9,weekday,23.2,8.9,0.0,0,0.017,0.0,0.675,0.027,0.014,0.065,0.044,0.0,1
2024-09-14,0.0,0.65,18.8,holiday,25.3,8.9,1.5,0,0.452,0.589,0.026,0.614,0.313,0.114,0.0,0.163,1
2024-09-15,0.0,0.651,14.1,holiday,23.5,8.7,0.0,0,0.434,0.678,0.0,0.692,0.265,0.163,0.081,0.228,1
2024-09-16,0.0,0.255,17.5,weekday,25.0,7.3,0.0,0,0.064,0.0,,0.107,0.0,0.132,0.003,0.019,1
2024-09-17,0.0,0.324,12.7,weekday,23.8,10.7,0.3,0,0.0,0.0,0.705,0.127,0.0,0.0,0.0,0.004,1
2024-09-18,0.0,0.278,16.8,weekday,25.4,8.8,0.0,0,0.114,0.049,0.683,0.124,0.0,0.056,0.0,0.0,1
2024-09-19,0.0,0.46,12.9,weekday,24.7,10.9,0.8,0,0.112,0.014,0.642,0.128,0.053,0.106,0.0,0.0,1
2024-09-20,0.0,0.405,20.0,weekday,24.6,8.2,1.6,0,0.0,0.017,0.612,0.141,0.0,0.046,0.01,0.0,1
2024-09-21,0.0,0.605,16.2,holiday,25.2,10.7,2.4,0,0.581,0.708,0.066,0.6,0.297,0.249,0.054,0.197,1
2024-09-22,0.0,0.639,13.5,holiday,25.5,7.9,0.0,0,0.378,0.618,0.103,0.652,0.305,0.455,0.0,0.13,0
2024-09-23,0.0,,12.6,weekday,26.0,8.8,0.0,0,0.019,0.0,0.603,0.237,0.043,0.116,0.047,0.026,1
2024-09-24,0.0,0.367,15.3,weekday,25.6,10.6,0.0,0,,0.01,0.633,0.242,,0.064,0.0,0.0,1
2024-09-25,0.0,0.451,16.7,weekday,26.0,8.6,1.2,0,0.108,0.0,0.619,0.08,0.076,0.175,0.0,0.0,1
2024-09-26,0.0,0.525,16.2,weekday,26.5,11.3,0.0,0,0.0,0.002,0.675,0.135,0.0,0.016,0.007,0.0,1
2024-09-27,0.0,,12.1,weekday,24.4,9.6,0.0,0,0.133,0.0,0.641,0.089,0.0,0.077,0.044,,1
2024-09-28,0.0,0.627,13.4,holiday,26.3,9.4,3.5,0,0.423,0.602,0.094,0.579,0.324,0.274,0.022,0.15,1
2024-09-29,0.0,0.642,13.2,holiday,26.3,10.1,0.0,0,0.535,0.555,0.039,0.635,0.433,0.304,0.037,0.277,1
2024-09-30,0.0,0.41,16.7,weekday,27.5,8.9,0.0,0,0.121,0.0,0.657,0.057,,0.177,0.0,,1
2024-10-01,0.0,0.448,3.8,weekday,25.6,4.7,2.0,0,0.229,0.129,,0.2,0.0,0.163,0.0,0.061,0
2024-10-02,0.0,0.459,7.4,weekday,25.5,8.2,1.0,0,0.023,0.0,0.599,0.081,0.0,0.111,0.0,0.016,1
2024-10-03,0.0,0.324,4.3,weekday,27.0,1.9,0.0,0,0.147,0.028,0.662,0.107,0.0,0.347,0.0,0.0,0
2024-10-04,0.0,0.359,1.5,weekday,26.5,5.3,1.7,0,0.13,0.009,0.724,0.081,0.044,0.163,0.01,0.038,0
2024-10-05,1.0,0.697,7.1,holiday,27.7,3.7,0.3,0,0.718,0.746,0.109,0.786,0.311,0.424,0.051,0.163,0
2024-10-06,0.0,0.699,0.4,holiday,25.8,5.3,1.4,0,0.608,0.704,0.097,0.641,0.341,0.3,0.045,0.17,0
2024-10-07,0.0,0.303,4.7,weekday,28.0,8.0,0.0,0,0.129,0.013,0.572,0.12,,0.225,0.0,,0
2024-10-08,0.0,0.439,2.0,weekday,25.7,5.1,0.9,0,0.018,0.072,0.614,0.062,0.0,0.236,0.013,0.0,0
2024-10-09,0.0,0.37,5.3,weekday,26.9,4.8,0.0,0,0.015,0.0,0.633,0.22,,0.205,0.001,0.042,0
2024-10-10,0.0,0.397,2.5,weekday,26.6,6.6,1.5,0,0.063,0.099,0.601,0.068,0.0,0.288,0.018,0.025,0
2024-10-11,1.0,0.374,4.7,weekday,29.0,4.0,0.0,0,0.345,0.316,0.67,0.347,0.038,0.344,0.01,0.045,0
2024-10-12,0.0,0.666,2.0,holiday,27.4,5.1,0.0,0,0.598,0.671,0.095,0.671,0.349,0.426,0.0,0.235,0
2024-10-13,0.0,0.638,6.8,holiday,25.8,6.5,1.7,0,0.659,,0.054,0.7,0.341,0.496,0.064,0.268,1
2024-10-14,0.0,0.487,1.2,weekday,28.9,7.2,1.9,0,0.223,0.027,,,0.036,0.362,0.052,0.095,0
2024-10-15,0.0,0.428,3.0,weekday,27.7,5.9,1.8,0,0.128,0.049,0.575,0.103,0.0,0.359,0.047,0.026,0
2024-10-16,0.0,0.355,1.6,weekday,29.2,5.8,0.0,0,0.194,0.073,0.622,0.019,0.073,0.226,0.006,0.0,0
2024-10-17,1.0,0.401,3.8,weekday,28.3,6.1,1.2,0,0.405,0.322,0.702,0.301,0.0,0.325,0.015,0.0,0
2024-10-18,0.0,0.532,7.8,weekday,27.5,5.4,0.0,0,0.133,0.063,0.668,0.1,0.018,0.301,0.038,0.0,1
2024-10-19,0.0,0.758,10.2,holiday,28.5,5.1,0.5,0,0.564,0.6,0.131,0.6,0.38,0.446,0.0,0.196,0
2024-10-20,0.0,0.696,2.6,holiday,28.2,4.0,0.6,0,0.519,0.65,0.03,0.527,0.392,0.503,0.0,0.165,0
2024-10-21,0.0,0.471,3.5,weekday,26.7,4.3,0.0,0,0.146,0.0,0.843,0.056,0.0,0.311,0.0,0.0,0
2024-10-22,0.0,0.538,1.0,weekday,26.7,5.1,0.5,0,0.153,0.082,0.63,0.121,0.087,,0.05,0.0,0
2024-10-23,0.0,0.386,1.5,weekday,28.2,4.9,0.0,0,0.173,0.0,0.622,,0.005,0.232,0.0,0.06,0
2024-10-24,0.0,0.609,2.0,,28.3,6.8,0.8,0,0.113,0.099,0.757,0.112,0.0,0.371,0.0,0.008,1
2024-10-25,1.0,0.378,5.1,weekday,28.4,5.8,2.5,0,0.301,0.243,0.618,0.257,0.008,0.268,0.022,0.0,1
2024-10-26,0.0,0.682,3.6,holiday,28.1,5.3,0.0,0,0.462,0.591,0.067,0.645,0.364,0.537,0.0,0.132,0
2024-10-27,0.0,0.797,1.8,holiday,28.0,7.6,3.4,0,0.511,0.6,0.083,0.669,0.377,0.389,0.053,0.313,0
2024-10-28,0.0,0.374,4.6,weekday,28.0,4.9,0.0,0,0.125,0.012,0.625,0.129,0.0,0.323,0.0,0.0,0
2024-10-29,0.0,0.61,4.1,weekday,27.9,5.9,0.0,0,0.086,,0.795,0.141,0.0,0.347,0.0,0.042,1
2024-10-30,0.0,0.448,2.6,weekday,28.1,3.1,2.2,0,0.181,0.0,0.613,0.111,0.0,0.36,0.0,0.0,0
2024-10-31,1.0,0.552,1.4,weekday,28.4,4.7,1.5,0,,0.243,0.706,0.239,0.011,0.33,0.059,0.062,0
2024-11-01,0.0,0.526,3.2,weekday,28.3,4.3,0.0,0,0.209,0.084,0.68,0.103,0.029,0.261,0.0,0.0,0
2024-11-02,0.0,0.577,6.5,holiday,29.1,4.7,0.5,0,0.634,0.637,0.131,0.597,0.339,0.623,0.0,0.109,0
2024-11-03,0.0,0.699,,holiday,28.6,5.8,0.2,0,0.524,0.632,0.081,0.623,0.292,0.588,0.123,0.24,0
2024-11-04,0.0,0.421,1.7,weekday,28.8,4.5,1.7,0,0.186,0.072,0.619,0.149,0.0,0.386,0.0,,0
2024-11-05,0.0,0.336,2.7,weekday,27.6,6.3,0.8,0,0.079,0.031,0.724,0.185,0.012,0.208,0.004,0.0,1
2024-11-06,0.0,0.455,2.3,weekday,28.9,4.5,1.6,0,0.286,0.008,0.661,0.087,0.0,0.35,0.048,0.0,0
2024-11-07,0.0,0.197,4.6,weekday,28.8,7.4,1.2,0,0.206,0.081,0.62,0.0,0.026,0.169,0.02,0.0,1
2024-11-08,0.0,0.411,5.3,weekday,30.4,3.2,0.6,0,0.161,0.0,0.627,,0.0,0.454,0.02,0.051,0
2024-11-09,0.0,0.86,1.3,holiday,27.6,5.6,2.5,0,0.607,0.555,0.188,0.542,0.377,,0.028,0.131,0
2024-11-10,0.0,0.77,4.0,holiday,27.9,6.7,0.9,0,0.543,0.638,0.034,0.714,0.312,0.447,0.011,0.177,1
2024-11-11,0.0,0.25,4.4,,29.0,3.4,1.7,0,0.137,0.0,0.652,0.032,0.01,0.329,0.0,0.015,0
2024-11-12,,0.32,4.1,weekday,29.4,3.4,1.0,0,0.276,0.0,0.555,0.115,0.018,0.361,0.064,0.073,0
2024-11-13,0.0,0.504,5.5,weekday,28.2,5.3,0.6,0,0.288,0.047,0.689,0.037,0.015,0.247,0.026,0.04,0
2024-11-14,0.0,0.548,2.6,weekday,29.6,4.7,0.0,0,0.038,0.062,0.72,0.085,0.063,0.36,0.0,0.0,0
2024-11-15,0.0,0.448,2.4,weekday,28.3,6.7,1.4,0,0.209,0.0,0.707,0.145,0.0,0.315,0.003,0.0,0
2024-11-16,0.0,0.721,1.8,holiday,27.8,4.7,0.0,0,0.405,0.601,0.069,0.556,0.374,0.644,0.0,0.246,0
2024-11-17,0.0,0.704,2.7,holiday,29.4,6.8,0.9,0,0.625,0.666,0.031,0.615,0.483,0.62,,0.137,1
2024-11-18,0.0,0.456,6.3,weekday,28.8,4.9,2.2,0,0.074,0.031,0.654,0.095,0.0,0.439,0.0,0.0,1
2024-11-19,0.0,0.45,2.6,weekday,27.3,3.0,0.0,0,0.34,0.059,0.738,0.06,0.0,0.342,0.0,0.0,0
2024-11-20,0.0,0.413,2.0,weekday,25.6,8.3,0.0,0,0.214,0.0,0.647,0.148,0.018,0.251,0.033,0.11,1
2024-11-21,0.0,0.543,4.8,weekday,28.2,5.8,0.0,0,0.23,0.0,0.738,0.118,0.045,0.381,0.0,0.0,1
2024-11-22,0.0,0.445,2.0,weekday,29.0,3.4,0.0,0,0.139,0.035,0.631,0.021,0.0,0.407,0.0,0.0,0
2024-11-23,1.0,0.587,1.5,holiday,29.1,3.8,0.0,0,0.783,0.868,0.168,0.73,0.354,0.571,0.0,0.248,0
2024-11-24,0.0,0.642,3.5,holiday,27.5,4.2,0.5,0,0.593,0.599,0.107,0.534,,0.484,0.017,0.28,0
2024-11-25,0.0,0.458,2.4,weekday,28.0,3.3,0.3,0,0.119,0.0,0.643,0.082,0.0,0.258,0.038,0.004,0
2024-11-26,0.0,0.381,3.6,weekday,27.6,6.6,0.0,0,0.145,0.052,0.657,0.092,0.019,0.293,0.016,0.055,0
2024-11-27,0.0,0.372,6.2,weekday,27.6,4.5,0.0,0,0.194,0.02,0.679,0.109,0.035,0.313,0.0,0.0,0
2024-11-28,,0.483,1.4,weekday,27.8,5.7,0.0,0,0.489,0.169,0.696,0.233,0.0,0.388,0.0,0.005,0
2024-11-29,0.0,0.435,9.9,weekday,26.7,6.9,0.0,0,0.147,0.0,0.593,0.196,0.0,0.168,0.021,,1
2024-11-30,0.0,0.7,,holiday,28.3,4.9,0.0,0,0.685,0.612,0.162,0.587,0.291,0.581,0.034,0.224,0
2024-12-01,0.0,0.674,6.1,holiday,27.4,6.5,1.8,0,0.582,0.651,0.119,0.593,0.392,0.393,0.101,0.286,0
2024-12-02,0.0,0.609,3.1,holiday,27.7,5.7,2.6,0,0.418,0.307,0.187,0.393,0.22,0.502,0.015,0.063,1
2024-12-03,0.0,0.57,6.0,holiday,28.3,6.4,1.3,0,0.389,0.361,0.091,0.344,0.18,,0.002,0.1,1
2024-12-04,0.0,0.559,2.5,holiday,27.1,5.7,0.0,0,0.223,0.234,0.002,0.398,0.163,0.343,0.0,0.046,0
2024-12-05,0.0,0.538,5.1,holiday,26.6,6.0,1.8,0,0.143,0.35,0.129,,0.256,0.355,0.0,0.079,1
2024-12-06,0.0,0.669,3.6,holiday,26.7,4.8,5.5,0,0.259,0.321,0.01,0.418,,0.367,0.038,0.08,0
2024-12-07,,0.665,1.8,holiday,28.2,6.2,0.0,0,0.684,0.579,0.155,0.649,0.265,0.368,0.021,0.205,0
2024-12-08,0.0,0.582,3.3,holiday,26.7,6.2,0.2,0,0.449,0.622,0.0,,0.239,0.349,0.0,0.187,1
2024-12-09,0.0,0.614,1.2,holiday,26.7,3.0,2.6,0,0.358,0.268,0.049,0.391,0.173,0.494,0.0,0.153,0
2024-12-10,0.0,,0.8,holiday,26.8,5.7,1.5,0,0.181,0.246,0.0,0.281,,0.407,0.0,0.047,0
2024-12-11,1.0,0.341,3.3,holiday,26.1,5.4,3.1,0,0.509,0.616,0.066,0.587,0.181,0.401,0.015,0.216,0
2024-12-12,0.0,,7.4,holiday,24.4,3.2,4.3,0,0.283,0.385,0.093,0.438,0.145,0.342,0.074,0.091,0
2024-12-13,0.0,0.513,4.8,holiday,26.0,4.0,4.3,0,0.303,0.306,0.01,0.338,0.164,0.304,0.092,0.182,0
2024-12-14,0.0,0.745,5.1,holiday,25.0,5.6,1.0,0,0.442,0.576,0.108,0.581,0.292,0.448,0.053,0.184,0
2024-12-15,1.0,0.702,1.3,holiday,25.9,5.0,5.0,0,0.741,0.749,0.182,0.831,0.278,0.399,0.118,0.238,1
2024-12-16,0.0,0.549,3.3,holiday,25.2,5.9,2.5,0,0.388,0.32,0.02,0.318,0.169,0.279,0.0,0.088,0
2024-12-17,0.0,0.483,9.6,holiday,25.8,3.4,0.6,0,0.401,0.41,0.0,0.37,0.212,0.182,0.014,0.07,0
2024-12-18,0.0,0.585,1.7,holiday,24.8,4.7,3.2,0,0.378,0.373,0.053,0.344,0.154,0.256,0.045,0.062,0
2024-12-19,0.0,0.633,2.0,holiday,25.3,6.1,2.0,0,0.461,0.38,0.025,0.36,0.14,0.248,0.0,0.088,0
2024-12-20,0.0,0.587,2.0,holiday,24.2,4.4,2.3,0,0.303,0.332,0.109,0.305,0.1,0.329,0.059,0.125,0
2024-12-21,0.0,0.805,1.5,holiday,25.0,5.5,3.1,0,0.488,0.611,0.111,0.63,0.289,0.498,0.021,0.168,0
2024-12-22,0.0,0.527,5.1,holiday,24.0,4.6,2.3,0,0.435,0.566,0.152,0.64,0.395,0.256,0.088,0.202,0
2024-12-23,0.0,0.606,4.1,holiday,24.5,4.9,1.2,0,0.267,0.353,0.073,0.262,0.183,0.327,0.0,0.037,1
2024-12-24,0.0,0.433,5.7,holiday,24.3,4.3,1.9,0,0.3,0.259,0.142,0.312,0.183,0.256,0.0,0.0,0
2024-12-25,0.0,0.551,3.1,holiday,25.4,4.9,0.0,0,0.246,0.353,0.122,0.328,0.075,0.244,0.0,0.082,0
2024-12-26,0.0,0.553,7.8,holiday,24.4,5.6,0.5,0,,0.284,,0.454,0.093,0.13,0.0,0.114,1
2024-12-27,0.0,0.698,7.1,holiday,23.6,4.8,3.6,0,0.234,0.249,0.098,0.34,0.145,0.296,0.037,0.056,0
2024-12-28,0.0,0.732,5.0,holiday,24.8,3.0,1.4,0,0.575,0.604,0.156,0.682,0.371,0.312,0.0,0.229,0
2024-12-29,0.0,0.796,0.2,holiday,23.5,4.7,0.0,0,0.601,0.673,0.161,0.693,0.331,0.407,0.0,,0
2024-12-30,0.0,0.474,,holiday,23.7,5.6,0.0,0,0.284,0.163,0.08,0.331,0.198,0.386,0.099,0.165,0
2024-12-31,0.0,0.561,1.6,holiday,24.7,6.0,1.6,0,0.185,0.309,0.099,0.37,0.119,0.303,0.031,0.237,0
2025-01-01,0.0,0.479,,holiday,24.0,3.9,0.2,0,0.357,0.302,0.063,0.392,0.222,0.163,0.045,0.113,0
2025-01-02,0.0,0.432,3.4,holiday,24.7,5.2,0.9,0,0.241,0.281,0.0,0.318,0.196,0.237,0.0,0.108,1
2025-01-03,0.0,0.629,2.5,holiday,24.2,4.1,0.0,0,0.371,0.329,0.052,0.255,0.204,,0.05,0.054,0
2025-01-04,0.0,0.671,3.9,holiday,23.3,6.0,2.4,0,0.571,0.65,,0.556,0.382,0.362,0.08,0.145,0
2025-01-05,0.0,0.632,3.9,holiday,21.6,6.5,2.6,0,0.587,0.661,0.037,,0.384,,0.069,0.243,0
2025-01-06,0.0,0.561,3.0,holiday,20.5,4.7,3.8,0,0.26,0.326,,0.25,0.183,0.078,,0.195,0
2025-01-07,0.0,0.517,4.8,holiday,21.2,5.8,3.9,0,,0.281,0.081,0.394,0.217,,0.094,0.146,0
2025-01-08,0.0,0.481,4.6,holiday,23.4,3.8,6.1,0,0.287,0.218,0.052,0.317,0.076,0.227,0.186,0.146,0
2025-01-09,0.0,0.667,3.4,holiday,22.8,6.3,2.7,0,0.262,0.365,0.069,0.379,0.07,,0.137,0.081,0
2025-01-10,0.0,0.385,0.8,holiday,23.2,5.9,2.1,0,0.385,0.25,0.082,0.378,0.166,0.362,0.099,0.083,0
2025-01-11,0.0,0.705,7.3,holiday,23.1,5.3,0.9,0,0.349,0.568,0.078,0.717,0.272,,0.012,0.217,1
2025-01-12,0.0,0.685,7.6,holiday,21.2,5.2,0.5,0,0.421,0.519,0.113,0.577,0.278,0.325,0.114,0.217,0
2025-01-13,0.0,0.52,1.1,holiday,21.3,7.1,1.8,0,0.313,0.3,0.059,0.329,0.215,0.166,0.114,0.172,0
2025-01-14,0.0,0.449,3.1,holiday,20.4,3.8,2.8,0,0.408,0.261,,0.293,0.234,0.161,0.049,0.11,0
2025-01-15,0.0,0.514,4.7,holiday,21.4,4.4,0.0,0,0.32,0.398,0.069,0.296,0.231,0.168,0.061,0.125,0
2025-01-16,0.0,0.624,2.0,holiday,21.4,5.9,0.0,0,0.377,0.434,0.063,0.352,0.203,0.165,0.083,0.138,0
2025-01-17,0.0,0.721,1.7,holiday,20.6,5.9,4.7,0,0.297,0.279,0.108,0.327,0.213,0.043,0.281,0.254,1
2025-01-18,0.0,0.666,1.0,holiday,21.7,5.2,1.2,0,0.65,0.669,0.081,0.554,0.358,,0.155,0.315,0
2025-01-19,0.0,0.539,,holiday,20.0,2.4,4.1,0,0.468,0.62,0.104,0.571,0.347,0.292,0.177,0.305,0
2025-01-20,0.0,0.631,3.1,holiday,19.3,4.7,2.0,0,0.301,0.302,0.003,,0.232,0.272,0.112,0.168,0
2025-01-21,0.0,0.52,1.9,holiday,18.5,3.6,2.2,0,0.211,0.35,0.086,0.34,0.238,0.136,0.154,0.125,0
2025-01-22,0.0,0.659,5.5,holiday,18.9,5.3,2.3,0,0.24,0.344,0.121,0.34,0.232,0.114,0.12,0.122,1
2025-01-23,0.0,0.564,5.1,holiday,19.8,7.6,2.2,0,0.142,0.216,0.028,0.368,0.179,0.021,0.146,0.2,1
2025-01-24,0.0,0.487,3.0,holiday,18.6,4.9,4.6,0,0.161,0.216,0.094,0.311,0.179,0.063,0.129,0.136,0
2025-01-25,0.0,0.646,3.1,holiday,18.6,5.3,6.9,0,0.435,0.554,0.135,0.487,0.419,0.242,0.211,0.314,0
2025-01-26,0.0,0.597,2.0,holiday,18.6,6.9,2.4,0,0.434,0.558,0.077,0.471,0.494,0.124,0.171,0.357,1
2025-01-27,0.0,0.511,2.6,holiday,18.8,7.6,5.7,0,0.253,0.329,0.081,0.384,0.153,0.122,0.168,0.098,1
2025-01-28,0.0,0.518,6.4,holiday,17.8,5.5,4.7,0,0.239,0.285,0.034,0.24,0.189,,0.232,0.218,1
2025-01-29,0.0,0.627,0.8,holiday,17.6,7.0,6.8,0,0.278,0.261,0.096,0.419,0.139,0.163,0.345,0.314,0
2025-01-30,0.0,0.535,1.8,holiday,17.7,4.8,5.3,0,0.043,0.169,0.014,0.373,,0.037,0.203,0.188,1
2025-01-31,0.0,0.56,0.9,holiday,17.5,5.7,4.2,0,,0.189,0.143,0.191,0.249,0.189,0.247,0.329,0
2025-02-01,0.0,0.618,,holiday,19.3,5.1,3.0,0,0.53,0.581,0.085,0.543,0.379,0.15,0.197,0.358,0
2025-02-02,0.0,0.684,5.8,holiday,18.0,6.8,4.9,0,0.395,0.584,0.154,0.571,0.401,0.11,0.254,,0
2025-02-03,0.0,0.479,7.2,weekday,17.2,6.0,2.4,0,0.0,0.005,0.654,0.024,0.058,0.0,0.208,0.156,1
2025-02-04,0.0,0.506,2.5,weekday,18.2,4.8,3.4,0,0.075,,0.735,0.029,0.0,0.053,,0.171,0
2025-02-05,0.0,0.451,3.7,weekday,16.8,4.7,4.6,0,,0.062,0.672,0.061,0.0,0.09,0.257,0.215,0
2025-02-06,0.0,0.386,5.0,weekday,17.1,5.4,2.9,0,0.018,0.0,0.532,0.034,0.0,0.0,0.231,0.101,1
2025-02-07,0.0,0.385,4.8,weekday,16.3,8.3,3.8,0,0.067,0.021,0.723,0.053,0.06,0.0,0.275,0.03,1
2025-02-08,0.0,0.566,6.0,holiday,16.4,7.3,8.5,0,0.546,0.614,,0.544,0.4,0.209,0.308,0.395,1
2025-02-09,0.0,0.568,2.8,holiday,15.8,6.8,6.3,1,0.533,0.682,0.077,0.506,0.289,0.084,0.275,0.247,1
2025-02-10,0.0,0.302,1.4,weekday,14.3,5.4,2.8,0,0.0,0.0,0.713,0.078,0.015,0.0,0.223,0.135,0
2025-02-11,0.0,0.641,1.9,weekday,16.1,4.9,5.9,0,0.0,0.067,0.667,0.091,0.05,0.0,0.244,0.187,1
2025-02-12,0.0,0.555,7.6,weekday,15.4,5.7,6.9,0,0.0,0.0,0.666,0.074,0.0,0.0,0.381,0.149,1
2025-02-13,0.0,0.506,2.6,weekday,15.2,4.3,8.2,0,,0.07,0.666,0.076,0.013,0.0,0.385,0.231,0
2025-02-14,0.0,0.361,1.8,weekday,14.8,4.1,6.1,0,0.08,0.0,0.577,0.124,0.0,0.0,0.278,0.119,0
2025-02-15,0.0,0.607,,holiday,14.7,5.6,4.0,0,0.379,0.477,0.094,0.532,0.382,0.0,0.36,0.442,0
2025-02-16,0.0,0.553,3.3,holiday,14.9,4.1,1.6,0,0.436,0.577,0.013,0.528,0.323,0.136,0.272,0.321,0
2025-02-17,0.0,0.537,3.3,weekday,13.8,5.6,5.5,0,0.0,0.0,0.557,0.017,0.032,0.0,,0.219,1
2025-02-18,0.0,0.521,0.5,weekday,14.0,4.6,4.8,0,0.0,0.047,0.669,0.087,0.0,0.0,0.388,0.154,0
2025-02-19,0.0,0.337,1.2,weekday,14.3,5.9,4.1,0,0.011,0.0,0.633,0.106,0.086,0.043,0.354,0.157,0
2025-02-20,1.0,0.457,3.1,weekday,13.3,7.1,3.2,0,0.356,0.243,0.625,0.283,0.089,0.0,0.368,0.191,0
2025-02-21,0.0,0.375,1.6,weekday,12.9,4.0,4.9,0,0.077,0.038,0.679,0.049,0.067,0.0,,0.081,0
2025-02-22,0.0,0.716,4.0,holiday,14.2,3.3,1.3,0,0.481,0.55,0.082,0.488,0.462,0.06,,0.245,0
2025-02-23,1.0,0.801,10.2,holiday,13.4,5.0,4.8,0,0.543,0.836,0.072,0.712,0.343,0.111,0.346,0.337,1
2025-02-24,0.0,0.384,5.4,weekday,11.8,4.0,4.5,0,0.0,0.04,0.653,0.03,0.08,0.0,0.395,0.212,0
2025-02-25,0.0,0.432,,weekday,12.8,2.1,8.5,0,0.037,0.0,0.587,0.0,0.037,0.0,0.406,0.122,0
2025-02-26,1.0,0.413,6.0,weekday,11.8,4.2,4.2,0,0.229,0.29,0.662,0.144,0.0,0.0,0.407,0.208,0
2025-02-27,0.0,,3.1,weekday,12.4,4.2,5.1,0,0.0,0.0,0.651,0.0,0.067,0.0,0.405,0.328,0
2025-02-28,0.0,0.379,,weekday,11.6,4.7,7.2,0,0.0,0.024,0.625,0.0,0.072,0.0,0.438,0.305,0
2025-03-01,0.0,0.788,4.3,holiday,12.3,0.4,3.5,0,0.313,0.55,0.127,0.66,0.411,0.0,0.345,0.334,0
2025-03-02,0.0,0.805,1.5,holiday,11.8,4.2,3.0,0,0.443,0.541,0.198,0.456,0.356,0.099,0.41,0.375,0
2025-03-03,0.0,0.471,2.1,weekday,13.3,6.2,6.3,0,0.007,0.0,0.773,0.083,0.0,0.0,0.404,0.204,0
2025-03-04,0.0,0.396,5.8,weekday,11.5,4.3,4.6,0,0.12,0.056,0.666,0.076,0.047,0.034,0.283,0.139,0
2025-03-05,0.0,0.389,6.1,weekday,10.6,6.3,6.4,0,0.153,0.036,0.602,0.053,0.149,0.0,0.388,0.26,0
2025-03-06,0.0,0.376,3.3,weekday,11.0,5.1,6.0,0,0.105,0.0,0.66,0.0,0.075,0.0,0.299,0.196,0
2025-03-07,0.0,0.498,2.4,weekday,10.7,5.4,3.6,0,0.151,0.034,,0.051,0.028,0.0,0.371,0.122,0
2025-03-08,0.0,,1.5,holiday,10.0,5.1,4.2,0,0.34,0.544,0.105,0.474,0.439,0.146,0.434,0.449,0
2025-03-09,0.0,0.634,1.7,holiday,10.1,4.2,7.3,0,0.44,0.569,0.126,0.572,0.367,0.226,0.48,0.474,0
2025-03-10,0.0,0.472,2.2,weekday,10.9,4.0,7.1,0,0.0,0.0,0.651,,0.081,0.0,0.475,0.281,0
2025-03-11,0.0,0.401,2.8,weekday,9.8,3.4,6.3,0,0.1,,0.599,0.0,0.164,0.0,0.411,0.197,0
2025-03-12,0.0,0.529,5.1,weekday,8.6,4.1,5.8,0,0.0,0.0,0.716,0.0,0.014,0.0,,0.243,0
2025-03-13,0.0,0.357,2.1,weekday,9.0,7.0,5.8,0,0.0,0.0,0.589,0.051,0.001,0.0,0.517,0.352,0
2025-03-14,0.0,0.391,3.3,weekday,8.4,8.1,10.6,0,0.0,0.0,,0.086,0.118,,0.539,0.336,1
2025-03-15,0.0,0.662,,holiday,9.1,5.5,3.7,0,0.442,0.599,0.172,0.519,0.374,0.224,0.446,0.495,0
2025-03-16,,0.656,1.1,holiday,8.3,5.0,4.4,0,0.352,0.584,0.111,0.499,0.359,0.11,0.422,,0
2025-03-17,0.0,0.413,5.9,weekday,9.2,6.0,3.8,0,0.052,0.0,0.648,,0.038,0.0,0.407,0.288,0
2025-03-18,0.0,0.427,3.5,weekday,9.7,4.4,1.6,0,0.0,0.0,0.765,0.0,0.068,0.0,0.399,0.195,0
2025-03-19,0.0,0.339,1.5,weekday,9.9,4.2,3.4,0,0.062,0.028,,,0.117,0.0,0.456,0.282,0
2025-03-20,0.0,0.432,7.7,weekday,7.2,5.0,5.0,0,0.0,0.0,0.691,0.026,0.109,0.0,0.552,,0
2025-03-21,1.0,0.46,2.8,weekday,7.8,5.8,6.6,0,0.263,0.207,0.787,0.285,0.146,0.0,0.442,0.255,1
2025-03-22,0.0,0.597,4.1,holiday,9.1,6.8,7.2,0,0.312,0.624,0.07,0.546,0.408,0.038,0.484,0.412,0
2025-03-23,0.0,0.681,6.7,,8.3,4.6,3.2,0,,0.518,0.227,0.518,0.419,0.119,0.609,0.466,0
2025-03-24,0.0,0.36,4.3,weekday,8.2,6.6,5.5,0,0.0,0.0,0.701,0.0,0.166,0.0,0.517,0.347,0
2025-03-25,0.0,0.353,8.5,weekday,8.0,6.3,5.9,0,0.031,0.0,0.625,0.01,0.13,0.0,0.455,0.258,1
2025-03-26,0.0,0.445,5.2,weekday,6.2,3.3,2.9,0,0.0,0.0,0.733,0.0,0.036,0.0,0.464,0.155,0
2025-03-27,1.0,0.39,8.7,weekday,7.8,5.8,3.7,0,0.264,0.199,0.671,0.159,0.126,0.0,0.52,0.331,0
2025-03-28,0.0,0.427,1.6,weekday,6.5,5.2,4.0,0,0.0,0.0,0.7,0.045,0.0,0.0,0.412,0.294,1
2025-03-29,0.0,0.701,0.5,holiday,6.1,5.5,1.9,0,0.539,0.654,0.063,0.434,,0.169,0.484,0.514,0
2025-03-30,0.0,0.648,1.4,holiday,7.4,5.3,3.4,0,0.38,0.551,0.073,0.557,0.487,0.137,0.452,0.464,0
2025-03-31,0.0,0.392,8.6,weekday,7.7,7.2,1.7,0,0.023,0.0,0.666,0.01,0.158,0.0,0.419,,1
2025-04-01,0.0,0.466,5.8,weekday,7.2,7.3,0.5,0,0.0,0.0,0.682,,0.125,0.0,0.439,0.211,0
2025-04-02,0.0,0.356,2.7,weekday,7.0,4.6,0.4,0,0.0,0.014,0.562,0.0,0.228,0.0,0.609,0.272,0
2025-04-03,0.0,0.443,,weekday,5.5,7.2,1.7,0,0.039,0.056,0.712,0.143,0.08,0.0,0.509,0.344,1
2025-04-04,0.0,,2.0,weekday,6.0,5.6,0.0,0,0.088,0.04,0.656,0.064,0.146,0.0,,0.25,0
2025-04-05,0.0,0.679,2.1,holiday,6.3,3.8,0.0,0,0.267,0.52,0.138,0.506,0.426,0.04,0.466,,0
2025-04-06,0.0,0.657,7.7,holiday,6.2,4.4,0.1,0,0.338,0.674,0.075,0.496,0.456,0.0,0.552,0.454,0
2025-04-07,0.0,0.365,3.9,weekday,7.3,5.1,0.7,0,0.017,0.0,0.641,0.0,0.128,0.0,0.379,0.254,0
2025-04-08,1.0,0.412,,weekday,4.2,5.6,0.0,0,0.25,0.229,0.7,0.274,0.058,0.0,0.631,0.335,0
2025-04-09,0.0,0.415,2.4,weekday,5.5,5.6,1.7,0,0.072,0.0,0.656,0.0,0.247,0.0,0.535,0.286,0
2025-04-10,0.0,,7.0,weekday,6.4,4.3,1.1,0,0.0,0.0,0.654,0.019,0.119,0.0,0.427,0.227,0
2025-04-11,0.0,0.346,4.4,weekday,6.3,7.4,0.0,0,0.099,0.0,0.705,0.0,0.114,0.0,0.518,0.245,1
2025-04-12,,0.817,3.9,holiday,5.0,5.9,3.2,0,0.317,0.584,0.229,,0.37,,0.562,0.448,0
2025-04-13,0.0,0.651,,holiday,5.7,5.2,5.3,0,0.317,0.515,,0.522,0.492,0.103,0.523,0.557,0
2025-04-14,0.0,0.376,4.7,weekday,5.3,3.2,1.7,0,0.0,0.029,0.634,0.0,0.129,0.0,0.547,0.24,0
2025-04-15,0.0,0.463,3.2,weekday,5.8,4.2,1.1,0,0.087,0.0,0.618,0.0,0.09,0.01,0.578,0.378,0
2025-04-16,0.0,0.401,4.0,weekday,6.7,5.4,0.0,0,0.0,0.03,0.672,0.0,0.072,0.0,0.421,0.158,0
2025-04-17,0.0,0.657,1.1,weekday,6.3,4.5,3.4,0,0.106,,0.721,0.0,0.032,0.004,0.488,0.328,0
2025-04-18,0.0,0.416,1.7,weekday,4.1,7.7,1.1,0,0.117,0.047,0.624,0.0,0.125,,0.618,0.241,0
2025-04-19,0.0,0.753,4.1,holiday,4.7,7.2,3.2,0,0.377,0.527,0.093,0.515,0.391,0.0,0.592,0.578,1
2025-04-20,0.0,0.746,4.0,holiday,5.3,5.8,0.0,0,0.272,0.591,0.146,0.421,0.485,0.056,0.42,0.458,1
2025-04-21,0.0,0.491,4.6,weekday,5.6,3.5,5.0,0,0.086,0.05,,0.0,0.12,0.0,,0.278,0
2025-04-22,0.0,0.291,4.4,weekday,4.1,3.5,1.1,0,0.218,0.0,0.602,0.038,0.113,0.0,0.539,0.36,1
2025-04-23,0.0,0.438,6.7,weekday,4.6,6.7,2.2,0,0.037,0.0,0.698,0.0,0.19,0.0,0.507,0.203,1
2025-04-24,0.0,0.533,6.4,weekday,4.8,6.1,0.0,0,0.0,0.0,0.616,0.015,0.141,0.0,0.452,0.304,0
2025-04-25,1.0,0.391,4.2,weekday,4.5,6.3,0.4,0,0.273,0.235,0.595,0.169,0.118,0.0,0.52,0.18,0
2025-04-26,0.0,0.653,6.7,holiday,4.9,5.7,0.0,0,0.317,0.594,0.067,,0.51,0.0,0.462,0.402,0
2025-04-27,0.0,0.626,2.3,holiday,4.5,2.6,1.5,0,0.49,0.575,0.088,0.488,0.488,0.215,0.525,0.508,0
2025-04-28,0.0,0.429,3.8,weekday,4.8,6.3,1.9,0,0.105,0.0,0.723,0.014,0.199,0.0,0.517,0.277,0
2025-04-29,0.0,0.347,11.1,weekday,5.6,6.6,0.0,0,0.0,0.028,0.609,0.012,0.133,0.0,0.475,0.169,0
2025-04-30,0.0,0.41,1.9,weekday,5.3,8.6,0.1,0,0.051,0.027,0.689,0.009,0.13,0.02,0.558,0.24,1
2025-05-01,0.0,0.567,0.8,holiday,5.2,6.2,0.0,0,0.165,0.294,0.167,0.289,0.367,0.0,0.496,0.351,0
2025-05-02,0.0,0.57,1.2,holiday,5.9,4.8,0.7,0,0.238,0.304,0.19,0.342,0.259,0.001,0.467,0.252,0
2025-05-03,,0.593,2.5,holiday,3.6,6.3,0.3,0,0.431,0.656,0.0,0.548,0.524,0.21,0.558,0.393,0
2025-05-04,0.0,0.741,3.4,holiday,4.1,4.8,0.0,0,0.349,0.669,0.154,0.594,0.43,0.054,0.535,0.472,0
2025-05-05,0.0,,2.2,holiday,4.9,3.8,0.5,0,0.19,0.31,0.052,0.19,0.344,0.006,0.549,0.374,0
2025-05-06,0.0,,3.2,holiday,3.6,6.7,0.0,0,0.077,0.195,0.108,0.258,0.323,0.0,0.482,0.369,0
2025-05-07,0.0,0.51,2.5,holiday,3.9,7.2,1.3,0,0.162,0.25,0.122,0.234,0.28,0.0,0.518,0.363,1
2025-05-08,0.0,0.559,2.5,holiday,3.7,6.1,0.0,0,0.196,,0.0,0.228,0.288,0.0,0.54,0.345,0
2025-05-09,0.0,0.431,2.9,holiday,4.1,3.4,1.0,0,,0.294,0.17,0.24,0.305,0.092,0.514,0.377,0
2025-05-10,0.0,0.658,6.2,holiday,3.7,4.0,0.7,0,0.259,0.546,0.105,0.54,0.387,,0.597,0.544,0
2025-05-11,0.0,0.62,4.8,holiday,3.3,6.1,1.2,0,0.502,,0.047,0.525,0.533,0.012,0.539,0.478,0
2025-05-12,0.0,0.585,8.3,holiday,4.2,6.1,0.3,0,0.041,0.32,0.033,0.249,0.317,0.0,0.557,,0
2025-05-13,0.0,0.533,5.2,holiday,4.5,4.1,0.0,0,0.089,0.279,0.108,0.267,0.378,0.031,0.587,0.437,0
2025-05-14,0.0,0.527,4.1,holiday,3.6,6.1,0.0,0,0.217,0.303,0.036,,0.219,0.019,0.561,0.373,0
2025-05-15,0.0,0.487,4.4,holiday,4.3,6.1,1.8,0,0.006,0.281,0.108,0.261,0.291,0.001,0.545,0.424,0
2025-05-16,0.0,0.516,7.8,holiday,3.9,5.3,0.0,0,0.157,0.28,0.08,0.3,0.334,0.0,0.459,0.311,1
2025-05-17,0.0,0.652,3.3,holiday,4.3,5.2,0.0,0,0.399,0.604,0.088,0.392,0.49,0.017,,0.554,1
2025-05-18,0.0,0.734,5.9,holiday,5.4,4.8,0.0,0,0.326,0.557,0.101,0.492,0.469,0.071,0.457,0.455,0
2025-05-19,0.0,,5.0,holiday,5.6,5.3,0.0,0,0.198,0.277,0.124,0.249,0.29,0.0,0.507,0.371,0
2025-05-20,0.0,0.479,3.1,holiday,5.7,6.6,0.0,0,0.198,0.354,0.053,0.297,0.291,0.034,0.421,0.303,0
2025-05-21,0.0,0.664,6.2,holiday,5.5,6.6,0.0,0,0.199,0.154,0.07,0.272,0.352,0.0,0.474,0.319,1
2025-05-22,0.0,0.555,0.6,holiday,4.2,4.7,1.8,0,0.101,0.331,0.113,0.257,0.242,0.08,,0.434,0
2025-05-23,0.0,0.572,2.5,holiday,5.1,3.3,0.0,0,0.236,0.297,0.101,0.315,0.149,0.013,0.488,0.356,0
2025-05-24,0.0,0.697,0.7,holiday,5.3,7.4,0.0,0,0.37,0.553,0.217,0.487,0.532,0.155,0.511,0.595,0
2025-05-25,0.0,0.601,2.8,holiday,6.0,5.8,0.0,0,0.361,0.486,0.024,0.497,0.487,0.064,0.45,0.467,0
2025-05-26,0.0,0.62,1.5,holiday,5.1,6.3,0.0,0,0.241,0.274,0.08,0.31,0.212,0.0,0.518,,0
2025-05-27,0.0,0.515,6.0,holiday,5.4,5.1,0.0,0,0.19,0.23,,0.354,0.288,0.0,0.457,0.375,0
2025-05-28,0.0,0.618,1.0,holiday,5.2,4.0,0.0,0,0.199,0.257,0.066,0.153,0.228,0.129,0.493,0.374,0
2025-05-29,0.0,0.528,1.6,holiday,5.3,4.2,0.9,0,0.169,0.339,0.0,0.247,0.306,0.034,0.524,0.376,0
2025-05-30,0.0,0.662,5.9,holiday,4.7,7.4,0.0,0,0.3,0.298,0.15,0.233,0.362,0.0,0.542,0.394,1
2025-05-31,0.0,0.691,3.7,holiday,4.8,3.8,0.0,0,0.4,0.636,,0.538,0.38,0.142,0.441,0.476,0
2025-06-01,0.0,0.663,1.0,holiday,4.9,4.8,0.3,0,0.461,0.566,0.173,0.466,0.536,0.327,0.562,0.596,0
2025-06-02,0.0,0.291,4.5,weekday,5.6,7.2,0.0,0,0.0,0.0,0.615,0.0,0.073,0.0,0.469,0.216,0
2025-06-03,0.0,0.423,2.8,weekday,6.8,7.0,0.0,0,0.156,0.016,0.606,0.0,,,0.424,0.201,0
2025-06-04,0.0,0.481,8.5,weekday,5.3,5.3,3.1,0,0.0,0.041,0.577,0.0,0.174,0.0,0.484,0.286,0
2025-06-05,,0.319,4.7,weekday,4.9,4.2,0.5,0,0.0,0.039,0.676,0.0,0.089,0.0,0.538,0.296,0
2025-06-06,0.0,0.321,1.0,weekday,4.7,6.7,0.0,0,0.006,0.0,0.662,0.0,,0.0,0.545,0.298,0
2025-06-07,0.0,,2.7,holiday,6.3,5.7,0.1,0,0.342,0.585,0.1,0.53,0.477,0.224,0.492,0.407,1
2025-06-08,0.0,0.814,19.2,holiday,6.7,6.3,1.9,0,0.14,0.485,0.158,0.458,0.417,0.0,0.387,0.363,1
2025-06-09,0.0,0.349,21.7,weekday,5.5,6.4,0.3,0,0.0,0.063,0.724,0.002,0.153,0.0,0.513,0.269,1
2025-06-10,0.0,0.338,18.8,weekday,6.1,5.2,0.1,0,0.0,0.125,0.711,0.0,0.061,0.0,0.49,0.214,1
2025-06-11,0.0,0.283,,weekday,6.7,6.3,0.0,0,0.0,0.0,0.578,0.0,0.18,,0.417,0.161,1
2025-06-12,0.0,0.449,26.2,weekday,7.3,4.8,2.5,0,0.0,0.0,0.636,0.0,0.153,0.0,0.549,0.256,1
2025-06-13,0.0,0.412,20.9,weekday,6.5,2.9,1.1,0,0.024,0.015,0.573,0.0,0.111,0.0,0.417,0.109,0
2025-06-14,0.0,0.8,25.2,holiday,6.4,3.2,0.0,0,0.413,0.508,0.066,0.545,0.455,0.049,0.391,0.32,0
2025-06-15,0.0,0.657,26.2,holiday,6.3,4.4,0.0,0,0.302,,0.045,0.431,0.473,0.01,0.433,0.426,1
2025-06-16,0.0,0.496,20.3,weekday,6.3,6.4,0.0,0,0.0,0.007,0.662,0.0,,0.0,0.512,0.27,1
2025-06-17,,0.469,20.1,weekday,7.7,4.3,1.1,0,0.137,0.251,0.683,0.244,0.053,0.0,0.388,0.198,0
2025-06-18,0.0,0.488,20.3,weekday,7.1,5.1,1.6,0,0.0,0.036,0.668,0.073,0.024,0.0,0.318,0.105,0
2025-06-19,1.0,0.388,20.4,weekday,5.5,7.8,0.0,0,0.155,,0.615,0.224,0.079,0.0,0.455,0.267,1
2025-06-20,1.0,0.346,20.5,weekday,8.0,5.3,1.6,0,,0.214,0.62,0.135,0.069,0.0,0.457,0.221,1
2025-06-21,0.0,0.738,20.2,holiday,8.3,5.0,1.3,0,0.241,0.487,0.03,0.494,0.501,0.0,0.446,0.455,1
2025-06-22,,0.761,20.7,holiday,7.8,5.3,0.0,0,0.311,0.627,0.154,0.472,0.417,0.012,0.424,0.339,1
2025-06-23,1.0,0.513,,weekday,8.5,5.6,1.5,0,0.167,,0.703,0.217,0.063,0.0,0.386,0.165,1
2025-06-24,0.0,0.57,20.9,weekday,9.4,5.3,0.0,0,0.0,0.0,0.665,,0.08,0.0,0.361,0.081,0
2025-06-25,0.0,0.45,21.3,weekday,9.7,4.3,0.0,0,0.0,0.065,0.61,0.013,0.054,0.0,0.341,0.136,1
2025-06-26,,0.443,,weekday,9.6,6.0,3.2,0,0.171,0.155,0.69,0.141,0.009,0.0,0.343,0.122,1
2025-06-27,0.0,0.348,23.1,weekday,8.6,5.3,1.4,0,0.0,0.074,0.62,0.0,0.015,0.0,0.409,0.164,1
2025-06-28,0.0,0.834,21.0,holiday,9.4,3.4,0.0,0,0.262,0.514,,0.495,0.433,0.099,0.324,0.43,1
2025-06-29,0.0,0.595,19.5,holiday,9.3,4.8,0.0,0,0.303,0.556,,0.488,0.462,0.034,0.297,0.388,1
2025-06-30,0.0,0.398,19.2,weekday,9.1,5.5,0.2,0,0.031,0.0,0.657,0.0,0.044,0.0,0.36,0.113,1
2025-07-01,0.0,0.417,26.1,weekday,9.3,5.9,2.8,0,0.024,0.021,0.628,0.018,0.079,0.0,0.383,0.081,1
2025-07-02,0.0,0.453,24.4,weekday,9.2,5.6,0.2,0,0.0,0.0,0.617,0.053,0.173,0.0,0.429,0.149,1
2025-07-03,0.0,0.44,,weekday,11.1,5.9,0.0,0,0.0,0.0,0.611,0.077,0.057,0.0,0.242,0.12,1
2025-07-04,1.0,0.582,21.9,weekday,10.0,7.7,0.0,0,0.179,0.264,0.589,,0.158,0.0,0.299,0.207,1
2025-07-05,0.0,0.648,27.3,holiday,8.9,8.4,0.0,0,0.268,0.536,0.077,0.566,0.381,0.0,0.346,0.287,1
2025-07-06,0.0,0.648,23.0,holiday,10.1,4.9,0.2,0,0.296,0.583,0.074,0.527,0.415,0.085,0.356,0.364,0
2025-07-07,,0.363,21.8,weekday,10.8,4.3,0.0,0,0.048,0.0,0.633,0.031,0.0,0.0,0.239,0.052,1
2025-07-08,0.0,0.52,22.2,weekday,10.5,4.1,1.6,0,0.002,0.058,0.604,0.033,0.143,0.0,0.332,0.154,1
2025-07-09,0.0,0.522,23.0,weekday,11.6,5.2,1.6,0,0.0,0.0,0.656,0.004,0.005,0.0,0.29,0.14,1
2025-07-10,0.0,0.427,21.7,weekday,12.0,4.4,0.0,0,0.0,0.023,0.634,0.0,0.052,0.0,0.215,0.12,1
2025-07-11,0.0,0.363,19.2,weekday,11.2,4.0,0.9,0,0.0,0.0,0.71,0.072,0.064,0.0,0.396,0.208,0
2025-07-12,,0.899,22.5,holiday,11.1,5.5,0.0,0,0.266,0.537,0.102,0.558,0.371,,0.356,0.297,1
2025-07-13,0.0,0.671,21.4,holiday,10.7,4.4,0.0,0,0.372,0.565,0.138,0.561,0.461,0.013,0.408,0.342,1
2025-07-14,0.0,0.336,21.4,weekday,12.4,7.9,0.0,0,0.0,0.0,,0.0,0.032,0.0,0.342,0.125,1
2025-07-15,0.0,0.429,20.9,weekday,12.9,7.3,0.0,0,0.0,0.0,0.633,0.09,0.04,,0.289,0.288,1
2025-07-16,0.0,0.455,19.1,weekday,10.3,2.3,0.0,0,0.0,0.0,0.675,0.006,0.088,0.0,,0.122,0
2025-07-17,0.0,0.272,23.2,weekday,11.3,5.9,0.5,0,0.0,0.084,0.58,0.0,0.063,0.0,0.294,0.173,1
2025-07-18,0.0,0.43,19.6,weekday,13.0,1.6,0.0,0,0.0,0.018,0.59,0.096,0.16,0.0,0.315,0.168,0
2025-07-19,0.0,0.641,19.3,holiday,11.1,4.3,0.0,0,0.346,0.522,,0.595,0.393,0.102,0.447,0.337,0
2025-07-20,0.0,0.796,21.6,holiday,12.5,7.5,1.0,0,,,0.108,0.544,0.349,0.0,0.243,0.256,1
2025-07-21,0.0,0.378,3.6,weekday,12.7,6.8,3.9,0,0.003,0.06,0.681,0.095,0.101,0.0,0.358,0.285,0
2025-07-22,0.0,0.318,1.2,weekday,14.1,5.2,0.0,0,0.0,0.003,0.636,0.037,0.047,0.0,0.295,0.204,1
2025-07-23,0.0,0.472,2.1,weekday,13.5,5.6,1.8,0,0.074,0.033,0.78,0.155,0.0,0.0,0.289,0.199,0
2025-07-24,0.0,0.268,3.2,weekday,14.9,6.6,1.0,0,0.049,0.0,0.618,0.014,0.027,0.0,0.214,0.087,1
2025-07-25,0.0,,0.9,weekday,13.5,4.6,0.0,0,0.0,0.0,0.695,0.0,0.08,0.0,0.325,0.161,0
2025-07-26,0.0,0.472,1.2,holiday,15.0,3.5,1.4,0,0.43,0.649,,0.575,0.439,0.078,0.34,0.322,0
2025-07-27,0.0,0.928,1.2,holiday,14.5,7.4,0.1,0,,0.552,0.218,0.502,0.479,0.15,0.272,0.37,0
2025-07-28,0.0,0.446,7.1,weekday,15.3,5.7,0.0,0,0.0,0.0,0.608,0.066,0.0,0.0,0.225,0.179,0
2025-07-29,,0.392,0.6,weekday,14.2,4.0,3.7,0,0.0,0.004,0.711,0.12,0.095,0.0,0.297,0.105,0
2025-07-30,0.0,0.527,2.5,weekday,15.3,6.2,4.5,0,0.087,0.0,0.711,0.108,0.024,0.0,0.287,0.118,0
2025-07-31,0.0,0.424,6.9,weekday,15.0,2.3,2.3,0,0.0,0.0,0.573,0.081,0.063,0.0,0.294,0.187,0
2025-08-01,0.0,0.543,12.3,holiday,15.2,10.7,1.6,0,0.244,0.309,0.081,0.322,0.241,0.0,,0.151,1
2025-08-02,0.0,0.665,17.6,holiday,15.5,9.8,0.0,1,0.496,0.597,0.118,0.613,0.44,0.0,0.163,0.157,1
2025-08-03,0.0,0.68,12.3,holiday,15.5,8.8,2.4,0,0.405,0.596,0.037,0.581,0.358,0.0,0.217,0.296,1
2025-08-04,0.0,,13.7,holiday,16.6,10.7,0.0,0,0.286,0.375,0.052,0.289,0.307,0.0,0.186,0.191,1
2025-08-05,1.0,0.623,,holiday,14.0,9.1,0.1,0,0.525,0.497,0.106,0.473,0.15,0.0,0.354,0.219,1
2025-08-06,0.0,0.525,13.2,holiday,16.0,10.3,0.0,0,0.168,0.304,0.045,0.308,0.195,0.0,0.168,0.135,1
2025-08-07,1.0,0.594,12.4,holiday,18.2,9.0,0.0,0,0.601,,0.0,0.485,0.24,0.0,0.194,0.253,1
2025-08-08,0.0,0.554,12.8,holiday,17.3,11.4,0.9,0,0.153,0.384,0.114,0.358,0.189,0.0,0.103,0.125,1
2025-08-09,0.0,0.545,14.5,holiday,17.2,8.7,0.0,0,0.487,0.592,0.004,0.516,0.383,0.037,0.167,0.252,1
2025-08-10,0.0,0.496,13.3,holiday,15.9,10.3,0.1,0,,0.571,0.009,0.462,0.461,0.143,0.181,0.267,1
2025-08-11,0.0,0.605,14.9,holiday,16.9,7.7,1.8,0,0.241,0.301,0.079,0.358,0.095,0.0,0.165,0.224,1
2025-08-12,0.0,0.505,15.0,holiday,16.1,10.2,1.6,0,0.161,0.268,0.096,0.357,0.194,0.0,0.242,0.216,1
2025-08-13,0.0,0.52,13.8,holiday,17.3,7.2,0.6,0,0.233,0.255,,0.303,0.124,0.0,0.195,0.122,1
2025-08-14,0.0,0.314,12.8,holiday,18.1,10.6,0.0,0,0.292,,0.081,,0.222,0.0,0.183,0.141,1
2025-08-15,0.0,0.611,11.5,holiday,18.3,6.6,0.3,0,0.258,0.242,0.161,0.309,0.218,0.05,0.051,0.083,1
2025-08-16,1.0,0.803,13.5,holiday,18.9,11.4,0.0,0,0.627,0.861,0.161,0.768,0.326,0.0,0.151,0.262,1
2025-08-17,0.0,0.604,16.0,holiday,18.0,8.5,1.6,0,0.462,0.604,,0.638,,0.108,0.143,,0
2025-08-18,0.0,0.64,12.9,holiday,19.3,9.3,0.0,0,0.313,0.258,0.119,0.282,0.168,0.001,0.12,0.027,1
2025-08-19,0.0,0.577,12.9,holiday,18.4,10.1,0.2,0,0.328,0.215,0.083,0.331,0.198,0.0,0.09,0.14,1
2025-08-20,0.0,0.606,14.3,holiday,18.9,7.6,0.3,0,0.383,0.379,0.105,0.299,0.149,0.0,0.062,0.097,1
2025-08-21,0.0,0.582,14.4,holiday,19.7,7.5,3.3,0,0.245,0.218,0.14,0.293,0.213,0.273,0.092,0.123,1
2025-08-22,0.0,0.552,17.2,holiday,19.4,7.4,2.5,0,0.277,0.284,,0.323,0.099,0.0,0.11,0.125,0
2025-08-23,0.0,0.715,15.7,holiday,20.7,8.3,1.2,0,0.378,0.622,0.09,0.499,0.345,0.127,0.105,0.224,1
2025-08-24,0.0,0.64,14.3,holiday,20.0,9.7,0.0,0,0.43,0.629,0.195,0.618,0.395,0.298,0.0,0.12,1
2025-08-25,0.0,0.442,11.8,holiday,19.6,10.4,0.0,0,0.22,0.363,0.093,0.293,0.158,0.0,0.186,0.211,1
2025-08-26,0.0,0.615,15.5,holiday,21.0,7.6,1.3,0,0.127,0.229,0.027,0.349,0.157,0.0,0.061,0.165,1
2025-08-27,0.0,0.418,16.8,holiday,20.2,9.9,0.0,0,0.297,0.278,0.024,0.369,0.125,0.053,0.089,0.118,1
2025-08-28,0.0,0.569,15.5,holiday,19.9,8.7,0.9,0,0.22,0.379,0.015,0.233,0.068,0.0,0.101,0.17,1
2025-08-29,0.0,0.447,14.0,holiday,23.2,9.5,0.5,0,0.315,0.43,0.017,0.367,0.139,0.2,0.0,0.098,1
2025-08-30,0.0,0.56,12.4,,21.4,9.0,3.4,0,0.336,,0.055,0.608,0.302,0.114,0.212,0.331,1
2025-08-31,1.0,0.718,14.6,holiday,20.5,8.6,0.0,0,0.58,0.882,0.172,0.697,0.401,0.134,0.047,0.093,1
2025-09-01,0.0,0.533,17.4,weekday,22.5,9.9,0.0,0,0.0,0.0,0.603,0.137,0.0,0.0,0.027,0.0,1
2025-09-02,0.0,0.426,13.5,weekday,23.1,8.2,0.0,0,0.093,0.0,0.72,0.108,0.0,0.0,0.024,0.027,1
2025-09-03,0.0,0.547,12.8,weekday,21.5,10.3,0.0,0,0.034,0.028,0.656,0.167,,0.0,0.065,0.021,1
2025-09-04,0.0,0.361,17.8,weekday,21.3,9.9,0.0,0,0.045,0.11,0.602,0.097,0.036,0.0,0.0,0.008,1
2025-09-05,0.0,0.336,12.9,,23.8,7.8,0.0,0,0.098,0.04,0.588,0.111,0.143,0.01,0.0,0.097,1
2025-09-06,0.0,0.638,14.1,holiday,22.8,8.6,0.2,0,0.436,0.618,0.046,0.575,0.312,0.228,0.059,0.26,1
2025-09-07,0.0,0.737,12.9,holiday,22.7,12.3,0.8,0,,0.659,0.1,0.567,0.26,0.109,,0.108,1
2025-09-08,,0.4,12.6,weekday,23.1,8.8,0.0,0,0.181,0.113,0.599,0.112,0.012,0.0,,0.0,1
2025-09-09,0.0,0.413,17.8,weekday,21.6,8.5,3.1,0,0.087,0.014,0.597,0.007,0.014,0.053,0.103,0.0,1
2025-09-10,0.0,0.457,12.8,weekday,23.0,10.6,0.0,0,0.0,0.0,0.663,0.104,,0.0,0.072,0.074,1
2025-09-11,0.0,0.425,17.2,weekday,25.0,13.2,2.4,0,0.069,0.029,0.593,0.221,0.0,,0.045,0.0,1
