date,ferry_cancel_count,rail_ridership,wind_speed_mps,rainfall_mm,holiday,temperature_c,snowfall_cm,event_local_flag,typhoon_alert_flag,mobility_inflow_index,tourist_inflow_count,lodging_occupancy_ratio,temple_shrine_visits,onsen_visitors_count,y
2023-09-13,0.247,0.603,7.3,13.8,weekday,24.1,0.0,0.0,0,0.527,0.042,0.0,0.05,0.007,1
2023-09-14,0.232,0.642,6.4,12.6,weekday,25.8,0.0,0.0,0,0.555,0.189,0.03,0.084,0.034,1
2023-09-15,0.263,0.641,8.5,11.5,weekday,23.1,0.0,1.0,0,0.499,0.406,0.194,0.257,0.0,1
2023-09-16,0.339,0.038,8.4,13.6,holiday,23.1,0.0,0.0,0,0.747,0.362,0.662,0.607,0.411,1
2023-09-17,0.27,0.013,6.8,15.0,holiday,23.1,3.7,0.0,0,0.721,,,0.594,,1
2023-09-18,0.287,0.711,8.9,8.6,weekday,24.0,2.2,0.0,0,0.383,0.023,0.021,0.129,0.066,1
2023-09-19,0.29,0.65,8.4,14.2,weekday,24.0,0.0,0.0,0,0.439,0.0,0.0,0.131,0.0,1
2023-09-20,0.185,0.701,5.6,10.8,weekday,24.3,0.0,0.0,0,0.402,0.137,0.131,0.206,0.0,1
2023-09-21,0.302,0.548,7.4,15.7,weekday,24.1,3.7,0.0,0,0.47,0.196,0.065,0.133,0.0,0
2023-09-22,0.309,0.611,8.8,13.5,weekday,25.0,0.1,0.0,0,0.466,0.051,0.035,0.017,0.0,1
2023-09-23,0.307,0.05,8.2,10.9,holiday,25.6,1.0,0.0,0,,,0.591,0.596,0.432,1
2023-09-24,0.27,0.029,7.4,11.1,holiday,24.4,0.9,0.0,0,0.628,0.51,0.641,0.598,0.369,1
2023-09-25,0.373,0.627,8.6,13.3,weekday,25.6,0.0,0.0,0,0.45,0.0,0.055,0.07,0.0,1
2023-09-26,0.367,0.618,9.2,15.3,weekday,24.3,0.3,0.0,0,0.532,0.108,0.019,0.149,0.0,1
2023-09-27,0.308,0.613,7.8,11.2,weekday,24.9,0.9,0.0,0,0.355,0.0,0.0,0.011,0.113,1
2023-09-28,0.333,0.664,8.5,13.2,weekday,24.6,0.0,0.0,0,,0.0,0.0,0.099,0.0,1
2023-09-29,0.264,0.66,6.6,9.9,weekday,25.6,2.1,0.0,0,0.385,0.154,0.033,0.192,0.035,1
2023-09-30,0.383,0.121,10.2,10.8,holiday,25.4,0.5,0.0,0,0.684,0.479,0.64,0.569,0.391,1
2023-10-01,0.181,0.172,5.4,0.6,holiday,25.8,1.1,1.0,0,0.797,0.737,0.92,,0.372,0
2023-10-02,0.218,0.697,6.4,7.4,weekday,26.1,1.1,0.0,0,0.419,0.0,0.0,0.143,0.0,1
2023-10-03,0.161,0.711,4.7,4.5,weekday,25.8,0.0,0.0,0,0.433,0.177,0.0,0.015,0.034,0
2023-10-04,0.171,0.606,5.0,4.5,weekday,26.1,0.3,0.0,0,0.398,0.282,0.01,0.156,0.029,0
2023-10-05,0.098,0.728,3.3,1.9,weekday,27.2,0.6,0.0,0,0.456,0.079,0.0,0.053,0.011,1
2023-10-06,0.15,0.662,2.8,5.2,weekday,26.5,0.3,1.0,0,0.451,0.306,0.181,,0.032,0
2023-10-07,0.235,0.119,7.0,6.3,holiday,27.3,0.4,0.0,0,0.64,,,0.595,0.327,1
2023-10-08,0.125,0.198,4.8,1.2,holiday,26.6,0.0,0.0,0,0.636,0.44,0.624,0.603,0.328,0
2023-10-09,0.082,0.609,2.9,4.9,weekday,28.6,0.0,0.0,0,0.44,0.184,0.099,0.083,0.0,0
2023-10-10,0.162,0.631,5.1,,weekday,28.1,0.0,0.0,0,0.438,0.112,0.051,0.017,0.015,0
2023-10-11,0.235,0.696,6.6,3.9,weekday,27.7,0.8,0.0,0,0.496,0.083,0.12,0.092,0.07,0
2023-10-12,0.177,0.646,6.0,6.4,weekday,27.7,1.6,0.0,0,0.443,0.039,0.03,0.16,0.062,1
2023-10-13,0.159,0.673,6.3,2.9,weekday,27.8,2.2,0.0,0,0.471,0.177,0.019,0.084,0.0,1
2023-10-14,0.26,0.039,6.7,1.7,holiday,26.6,2.2,0.0,0,0.624,0.664,0.609,0.597,0.461,1
2023-10-15,0.164,0.094,4.7,1.9,holiday,27.5,0.0,1.0,0,0.716,0.772,0.764,0.782,0.288,0
2023-10-16,0.27,0.647,7.0,5.9,weekday,28.3,0.0,0.0,0,0.34,0.102,0.017,0.08,0.052,1
2023-10-17,0.147,0.649,5.1,2.2,weekday,29.9,1.4,1.0,0,0.426,0.302,0.292,0.333,0.067,0
2023-10-18,0.17,0.693,6.2,2.8,weekday,26.3,0.0,0.0,0,0.49,0.132,0.043,0.027,0.031,0
2023-10-19,0.131,0.739,4.1,9.0,weekday,28.6,0.0,0.0,0,0.502,0.039,0.006,0.147,0.001,0
2023-10-20,0.104,0.712,2.7,,weekday,29.1,0.0,0.0,0,0.523,0.256,0.0,0.006,0.026,0
2023-10-21,0.21,0.155,5.4,4.7,holiday,27.7,1.5,1.0,0,0.735,0.761,0.855,0.863,0.359,1
2023-10-22,0.112,0.049,3.8,3.3,holiday,28.6,0.0,0.0,0,,0.528,0.581,0.5,0.272,0
2023-10-23,0.222,0.639,5.3,,weekday,27.9,1.1,1.0,0,0.388,0.416,0.22,0.256,0.023,0
2023-10-24,0.236,0.678,6.4,2.7,weekday,30.1,0.7,0.0,0,0.534,0.136,0.11,0.044,0.039,0
2023-10-25,0.509,0.649,5.9,1.0,weekday,27.8,1.1,0.0,1,0.407,,0.044,,0.026,1
2023-10-26,0.159,0.556,5.3,,weekday,26.7,0.7,0.0,0,0.489,0.061,0.047,0.083,0.068,1
2023-10-27,0.203,0.694,5.7,2.6,weekday,26.7,0.1,0.0,0,0.478,0.024,0.002,0.183,0.101,1
2023-10-28,0.163,0.089,3.3,2.0,holiday,29.6,1.7,,0,0.79,0.47,0.543,0.566,0.386,0
2023-10-29,0.25,,5.6,2.3,holiday,28.1,0.0,0.0,0,0.635,,0.555,0.544,0.39,0
2023-10-30,0.09,0.654,2.6,1.5,weekday,28.6,0.0,0.0,0,0.661,0.21,0.061,0.129,0.07,0
2023-10-31,0.07,0.738,4.7,2.9,weekday,30.3,0.6,1.0,0,0.568,0.438,0.33,0.32,0.065,0
2023-11-01,0.222,0.666,6.9,3.5,weekday,28.7,0.0,,0,0.452,0.0,0.0,0.203,0.0,0
2023-11-02,0.185,0.629,5.6,1.6,weekday,28.8,0.0,0.0,0,0.377,0.079,0.0,0.107,0.0,0
2023-11-03,0.322,0.675,7.6,5.9,weekday,28.9,0.0,0.0,0,0.396,0.208,0.046,0.141,0.014,0
2023-11-04,0.219,0.109,5.6,7.1,holiday,27.9,0.7,0.0,0,0.503,0.467,0.603,0.659,0.332,0
2023-11-05,0.553,0.112,6.2,1.0,holiday,28.5,1.9,0.0,1,0.755,,0.654,0.596,0.36,1
2023-11-06,0.199,0.633,5.8,2.8,weekday,28.4,2.9,0.0,0,0.439,0.284,0.031,0.037,0.017,0
2023-11-07,0.135,0.685,3.2,5.2,weekday,27.8,3.9,0.0,0,0.494,0.121,0.024,0.057,0.0,0
2023-11-08,0.267,0.665,7.6,1.7,weekday,29.6,2.1,,0,0.486,0.369,0.108,0.119,0.0,1
2023-11-09,0.177,0.621,5.1,0.4,weekday,27.8,4.9,0.0,0,0.342,0.147,0.058,0.185,0.02,0
2023-11-10,0.474,,3.0,4.9,weekday,29.9,0.0,0.0,1,0.524,0.17,0.0,0.106,0.033,1
2023-11-11,0.172,0.0,6.3,3.6,holiday,27.9,0.0,0.0,0,0.489,0.426,0.612,0.641,0.415,0
2023-11-12,0.198,0.204,5.0,,holiday,28.9,1.8,0.0,0,0.694,0.479,,0.569,0.268,0
2023-11-13,0.208,0.649,6.4,5.7,weekday,28.3,1.0,0.0,0,0.242,0.078,0.0,0.106,0.044,1
2023-11-14,0.132,0.736,6.2,,weekday,28.3,0.0,0.0,0,0.417,0.057,0.048,0.036,0.059,0
2023-11-15,0.184,0.66,4.4,3.1,weekday,29.4,4.3,0.0,0,0.465,0.16,0.011,0.094,0.022,0
2023-11-16,0.105,,3.6,1.4,weekday,27.1,0.0,0.0,0,0.599,0.108,0.007,0.15,0.034,0
2023-11-17,0.213,0.644,5.9,1.3,weekday,27.9,0.0,0.0,0,0.417,0.201,0.07,0.076,0.066,1
2023-11-18,0.162,0.059,3.7,4.3,holiday,29.8,0.0,0.0,0,0.607,0.574,0.705,0.656,0.297,0
2023-11-19,,0.119,6.3,2.4,holiday,28.5,0.8,0.0,0,0.661,0.553,0.592,,0.349,1
2023-11-20,0.107,0.636,4.9,1.4,weekday,26.9,0.8,0.0,0,0.422,0.181,0.0,0.024,0.0,0
2023-11-21,0.174,0.635,5.0,,weekday,27.8,0.0,0.0,0,0.335,0.024,0.0,0.126,0.0,0
2023-11-22,0.181,0.649,4.8,1.0,weekday,30.4,0.0,1.0,0,0.507,0.313,0.279,0.388,0.041,0
2023-11-23,0.237,0.649,6.4,6.8,weekday,27.7,1.9,0.0,0,0.406,0.025,0.006,0.149,,1
2023-11-24,0.066,0.645,2.9,4.0,weekday,27.0,0.0,0.0,0,0.452,0.159,0.017,0.079,0.013,0
2023-11-25,0.193,0.129,6.3,1.3,holiday,28.1,0.0,0.0,0,0.756,0.629,0.616,0.581,0.334,0
2023-11-26,0.167,0.165,4.9,3.5,holiday,27.6,0.0,0.0,0,0.774,0.456,0.559,0.581,0.355,0
2023-11-27,0.234,0.725,5.6,5.7,weekday,27.5,0.0,0.0,0,0.437,0.157,0.003,0.093,0.0,0
2023-11-28,0.211,0.695,6.7,6.4,weekday,27.0,0.0,0.0,0,0.345,0.083,0.003,0.107,0.0,0
2023-11-29,0.162,0.68,6.5,1.3,weekday,26.1,4.3,0.0,0,0.503,,0.025,0.085,0.0,0
2023-11-30,0.175,0.595,5.7,2.4,weekday,27.2,0.0,0.0,0,0.492,0.136,0.0,0.125,0.008,0
2023-12-01,0.116,0.0,4.9,1.8,holiday,28.8,7.3,0.0,0,0.424,,0.4,0.332,0.198,0
2023-12-02,0.164,0.026,5.3,0.2,holiday,27.0,6.1,0.0,0,0.625,0.478,0.549,0.683,0.32,0
2023-12-03,0.161,0.08,5.0,6.4,holiday,27.7,4.4,0.0,0,0.609,0.483,0.608,0.583,0.307,0
2023-12-04,0.123,0.046,6.3,4.3,holiday,27.6,5.2,0.0,0,,0.194,0.312,0.346,0.156,1
2023-12-05,0.141,,5.2,0.5,holiday,26.6,8.5,0.0,0,0.601,0.325,0.357,0.293,0.244,1
2023-12-06,0.169,0.078,4.8,1.6,,27.4,8.0,0.0,0,0.64,0.227,0.211,0.324,0.167,0
2023-12-07,0.2,0.101,5.4,7.9,holiday,26.4,6.8,0.0,0,0.678,0.316,0.304,0.365,0.121,0
2023-12-08,0.147,0.14,3.4,1.1,holiday,28.1,2.6,0.0,0,0.564,0.465,0.341,0.339,0.222,0
2023-12-09,0.162,0.086,5.0,7.9,holiday,26.9,9.0,0.0,0,0.67,0.505,0.597,0.657,0.295,0
2023-12-10,0.132,0.125,4.7,1.1,holiday,27.2,6.9,1.0,0,0.694,0.604,0.817,0.813,0.4,0
2023-12-11,0.202,0.014,6.2,2.1,holiday,25.5,11.1,0.0,0,0.458,0.155,,0.341,0.092,1
2023-12-12,0.186,0.092,6.6,2.6,holiday,25.0,11.7,0.0,0,0.456,0.255,0.305,0.41,0.129,1
2023-12-13,0.211,0.138,5.9,1.5,holiday,26.8,9.3,0.0,0,0.562,0.458,0.249,0.286,,1
2023-12-14,0.172,0.077,4.7,2.8,holiday,25.7,8.5,1.0,0,0.549,0.502,0.542,0.563,0.193,0
2023-12-15,0.194,0.117,5.7,6.4,holiday,26.3,8.6,0.0,0,0.663,0.354,0.252,0.355,0.217,1
2023-12-16,0.089,,4.6,3.2,holiday,26.4,9.9,0.0,0,0.753,0.512,0.598,0.543,0.386,0
2023-12-17,0.174,0.078,4.5,1.2,holiday,24.4,14.1,0.0,0,0.805,0.657,0.634,0.655,0.391,0
2023-12-18,0.093,0.075,3.6,2.0,holiday,26.2,8.0,0.0,0,0.444,0.272,0.224,0.377,0.169,0
2023-12-19,0.16,0.119,4.9,1.9,holiday,24.6,10.7,0.0,0,0.395,0.343,0.234,0.379,0.138,0
2023-12-20,0.099,0.031,3.1,2.0,holiday,26.0,12.2,1.0,0,0.579,0.479,0.594,0.558,,0
2023-12-21,0.183,0.078,5.5,1.6,holiday,23.6,13.9,,0,0.454,0.215,0.255,0.349,,0
2023-12-22,0.158,0.085,5.0,1.5,holiday,25.2,11.4,1.0,0,0.508,0.548,0.578,0.602,0.191,0
2023-12-23,0.198,0.103,6.0,3.4,holiday,25.3,10.4,0.0,0,0.582,0.543,0.567,0.541,0.326,0
2023-12-24,,0.156,6.4,0.2,holiday,24.2,10.4,0.0,0,0.648,0.387,0.578,0.67,0.399,0
2023-12-25,0.158,0.008,5.0,1.3,holiday,24.1,14.6,0.0,0,0.631,0.371,0.253,,0.173,1
2023-12-26,0.112,0.064,3.5,1.2,holiday,24.1,10.6,0.0,0,0.51,0.297,0.296,0.394,0.181,0
2023-12-27,0.234,0.003,5.8,7.7,holiday,24.5,13.5,0.0,0,0.484,0.272,0.265,0.373,0.163,0
2023-12-28,0.178,0.139,5.5,4.6,holiday,22.5,18.9,0.0,0,0.464,0.29,0.291,0.314,0.254,0
2023-12-29,0.187,0.129,6.3,0.6,holiday,23.5,14.2,0.0,0,,0.285,0.341,0.377,0.139,0
2023-12-30,0.185,0.033,6.1,3.2,holiday,22.6,17.2,0.0,0,0.702,,0.601,0.634,0.304,1
2023-12-31,0.176,,6.4,1.9,holiday,24.2,9.0,0.0,0,0.838,0.611,0.59,0.673,0.422,0
2024-01-01,0.179,0.121,4.9,1.7,holiday,22.9,17.1,0.0,0,0.437,0.34,0.297,0.356,0.149,0
2024-01-02,0.212,0.009,6.5,2.2,holiday,22.5,16.4,0.0,0,0.433,0.225,0.384,0.359,0.164,1
2024-01-03,0.171,0.115,4.8,1.3,holiday,22.6,14.1,1.0,0,0.491,0.593,0.576,0.51,0.076,0
2024-01-04,,0.093,5.2,2.8,holiday,21.1,16.9,0.0,0,0.667,0.222,0.261,0.285,0.094,0
2024-01-05,0.173,0.0,4.9,3.7,holiday,22.5,13.6,0.0,0,0.42,0.28,0.382,0.418,0.1,0
2024-01-06,0.201,0.09,4.6,3.8,holiday,19.9,18.4,0.0,0,0.769,0.516,0.629,0.502,0.399,1
2024-01-07,0.221,0.182,5.3,5.8,holiday,21.3,20.6,0.0,0,0.517,0.491,0.617,0.633,0.404,0
2024-01-08,0.199,0.091,5.8,6.0,holiday,22.8,13.9,1.0,0,0.638,,0.484,0.519,0.203,1
2024-01-09,0.15,0.121,4.9,1.2,holiday,20.1,20.7,0.0,0,0.499,0.329,0.307,0.315,0.108,0
2024-01-10,0.085,0.001,3.0,2.6,holiday,21.1,18.8,1.0,0,0.491,0.453,0.42,0.509,0.093,0
2024-01-11,0.144,0.169,5.9,2.6,holiday,20.6,18.4,0.0,0,0.544,0.243,0.324,0.238,0.119,0
2024-01-12,0.065,0.129,2.6,0.7,holiday,20.2,19.2,0.0,0,0.548,0.256,0.263,0.351,0.268,0
2024-01-13,0.225,0.104,5.8,1.2,holiday,19.8,21.7,0.0,0,0.691,0.466,0.665,0.551,0.299,1
2024-01-14,0.172,0.126,5.3,6.2,holiday,19.2,24.0,0.0,0,0.639,0.391,0.47,0.642,0.343,0
2024-01-15,0.12,0.078,3.9,3.3,holiday,19.0,25.5,0.0,0,,0.224,0.295,0.32,0.159,0
2024-01-16,0.119,0.106,4.7,5.4,holiday,21.0,23.1,0.0,0,0.612,0.268,0.269,0.398,0.166,0
2024-01-17,0.179,0.136,5.1,1.2,holiday,18.7,21.1,0.0,0,0.737,0.264,0.212,0.301,0.181,0
2024-01-18,0.085,0.157,3.4,3.6,holiday,18.8,22.9,0.0,0,0.592,0.192,,0.357,0.208,0
2024-01-19,0.245,0.048,6.7,2.5,holiday,20.4,16.8,0.0,0,0.515,0.205,,0.325,0.111,1
2024-01-20,0.112,0.089,4.1,4.1,holiday,18.2,23.4,1.0,0,0.692,0.522,0.806,0.874,0.425,0
2024-01-21,0.161,0.169,4.8,,holiday,19.6,20.1,0.0,0,0.745,0.471,0.607,0.593,0.381,0
2024-01-22,0.135,0.0,4.2,7.4,holiday,19.0,24.2,0.0,0,0.387,0.408,0.302,0.31,0.146,0
2024-01-23,0.123,0.108,4.3,2.5,holiday,18.2,28.1,0.0,0,0.541,,0.319,0.263,0.264,0
2024-01-24,0.143,0.047,3.9,5.1,holiday,19.2,18.7,0.0,0,0.425,0.111,0.303,0.284,0.139,0
2024-01-25,0.246,0.098,8.3,1.9,holiday,17.3,27.4,0.0,0,0.552,0.189,0.248,0.311,0.199,1
2024-01-26,0.141,0.08,5.0,4.0,holiday,16.9,26.3,0.0,0,0.428,0.27,0.335,0.343,0.186,0
2024-01-27,0.179,0.133,4.6,3.1,holiday,17.7,27.0,1.0,0,0.741,0.61,,0.754,,0
2024-01-28,0.131,0.081,4.2,1.4,holiday,18.0,26.4,0.0,0,0.694,0.549,0.532,0.497,0.386,0
2024-01-29,0.268,0.015,8.2,6.0,holiday,16.6,26.6,0.0,0,0.562,0.249,0.287,0.205,0.21,1
2024-01-30,0.143,0.083,5.5,,holiday,16.7,23.3,0.0,0,0.548,0.279,0.326,0.343,0.188,0
2024-01-31,0.054,0.086,3.6,1.0,holiday,16.7,28.5,0.0,0,0.512,0.257,0.403,0.339,0.254,0
2024-02-01,0.24,,7.1,4.2,weekday,16.4,29.2,0.0,0,0.316,0.068,0.021,0.038,0.073,1
2024-02-02,0.124,0.612,3.7,3.7,,17.5,24.6,0.0,0,0.378,0.082,0.083,0.0,0.063,0
2024-02-03,,0.091,5.4,9.8,holiday,16.0,29.3,0.0,0,0.811,0.33,0.587,0.512,0.386,1
2024-02-04,0.215,0.12,6.2,1.8,holiday,15.8,30.9,0.0,0,0.512,0.495,0.594,0.591,0.339,1
2024-02-05,0.17,0.68,5.5,3.3,weekday,15.1,28.5,0.0,0,0.353,0.056,0.028,0.102,0.117,1
2024-02-06,0.205,0.553,6.8,,weekday,15.0,31.2,0.0,0,0.365,0.0,,0.142,0.016,0
2024-02-07,0.133,0.647,5.1,5.2,weekday,15.4,28.0,0.0,0,0.468,0.124,0.002,0.013,0.018,0
2024-02-08,,0.684,4.6,0.7,weekday,15.5,25.2,0.0,0,0.475,,0.124,0.044,0.006,0
2024-02-09,0.168,0.633,4.2,4.3,weekday,13.6,33.5,0.0,0,0.418,0.0,0.0,0.013,,0
2024-02-10,0.205,0.12,6.8,1.5,holiday,14.6,28.9,0.0,0,0.618,0.322,0.553,0.506,0.326,0
2024-02-11,0.259,0.094,7.7,4.5,holiday,14.4,31.5,0.0,0,0.697,0.501,0.679,0.607,0.45,1
2024-02-12,0.127,0.59,4.1,4.9,weekday,14.4,32.3,0.0,0,0.5,0.215,0.082,0.0,0.05,0
2024-02-13,0.065,0.628,3.4,,weekday,15.3,30.0,,0,0.359,0.09,0.078,0.076,0.025,0
2024-02-14,0.184,0.601,5.3,2.9,weekday,13.5,31.6,0.0,0,0.497,0.0,0.0,0.105,0.11,0
2024-02-15,0.1,0.671,3.4,1.1,weekday,11.7,34.7,0.0,0,0.478,0.007,0.0,0.041,0.01,0
2024-02-16,0.158,0.701,4.9,0.5,weekday,11.3,35.0,0.0,0,0.427,0.0,0.0,0.0,0.082,1
2024-02-17,0.181,0.097,4.1,4.2,holiday,13.2,33.2,0.0,0,0.672,0.529,0.67,0.49,0.404,0
2024-02-18,,0.144,4.9,2.6,holiday,12.2,33.3,0.0,0,0.787,0.385,0.553,0.523,0.396,0
2024-02-19,0.167,0.641,5.1,3.3,weekday,13.5,32.2,0.0,0,0.399,0.021,0.024,0.016,0.029,1
2024-02-20,0.138,0.651,4.0,3.1,weekday,12.5,35.0,0.0,0,0.515,0.0,0.0,0.0,0.065,0
2024-02-21,0.153,0.649,5.4,3.3,weekday,11.8,33.9,0.0,0,0.45,0.0,0.059,0.092,0.028,0
2024-02-22,0.213,0.624,6.4,1.2,weekday,11.1,35.0,0.0,0,0.513,0.0,0.007,0.064,0.102,0
2024-02-23,0.137,0.7,4.5,6.3,weekday,10.8,34.6,0.0,0,0.362,0.192,0.054,0.123,0.081,0
2024-02-24,0.17,0.02,4.7,0.8,holiday,12.0,35.0,0.0,0,0.767,0.372,0.5,,0.429,0
2024-02-25,0.157,0.099,5.0,4.2,holiday,10.2,33.4,0.0,0,0.75,0.474,0.66,,0.453,1
2024-02-26,0.239,0.737,6.6,2.3,weekday,9.4,35.0,0.0,0,,0.025,0.0,0.022,0.0,0
2024-02-27,0.137,0.663,4.6,1.3,weekday,10.3,35.0,0.0,0,0.544,,0.003,0.005,0.012,0
2024-02-28,0.266,0.662,8.3,6.3,weekday,12.2,35.0,0.0,0,0.485,0.028,0.0,0.029,0.0,1
2024-02-29,0.144,0.666,5.0,2.6,weekday,11.1,34.0,0.0,0,0.542,0.111,0.093,0.031,0.111,1
2024-03-01,0.233,0.633,6.1,0.7,weekday,10.0,35.0,0.0,0,0.559,0.0,0.043,0.026,0.117,0
2024-03-02,0.162,0.129,5.4,3.8,holiday,10.0,33.7,1.0,0,0.735,0.666,0.817,0.747,0.4,1
2024-03-03,0.131,0.144,5.0,,holiday,9.7,35.0,0.0,0,0.708,0.447,0.639,0.553,0.451,0
2024-03-04,0.137,0.605,3.4,1.0,weekday,9.3,32.7,0.0,0,0.484,0.0,0.0,0.051,,0
2024-03-05,0.201,0.693,4.8,9.0,weekday,8.8,33.7,0.0,0,0.466,0.017,0.0,0.051,0.147,0
2024-03-06,0.141,0.666,4.1,0.9,weekday,10.1,34.1,0.0,0,0.511,0.0,0.0,0.0,,0
2024-03-07,0.216,0.676,6.1,0.8,weekday,10.1,31.3,0.0,0,0.526,0.0,0.017,0.137,0.15,0
2024-03-08,0.177,0.708,5.1,0.8,weekday,9.3,35.0,1.0,0,0.382,0.177,0.236,0.224,0.03,0
2024-03-09,0.23,0.105,7.4,3.1,holiday,8.5,35.0,0.0,0,0.761,0.33,0.483,0.492,0.384,1
2024-03-10,0.137,0.038,3.2,4.9,holiday,8.1,35.0,0.0,0,0.728,0.309,0.579,0.522,0.463,0
2024-03-11,0.218,0.64,6.8,,weekday,7.6,35.0,0.0,0,0.412,0.184,0.063,0.0,0.206,0
2024-03-12,0.227,0.628,6.4,3.7,weekday,8.7,35.0,0.0,0,0.384,0.0,0.0,0.0,0.18,0
2024-03-13,0.069,0.706,2.3,4.2,weekday,8.7,35.0,0.0,0,0.413,0.0,0.05,0.006,0.092,0
2024-03-14,0.169,0.656,5.2,1.8,weekday,7.3,34.6,0.0,0,0.589,0.0,0.0,0.0,0.096,0
2024-03-15,0.242,0.705,7.4,5.2,weekday,7.8,35.0,0.0,0,0.531,0.0,0.0,0.09,0.09,1
2024-03-16,0.197,0.158,5.4,6.4,holiday,7.5,34.6,0.0,0,0.538,0.355,0.644,0.491,0.49,0
2024-03-17,0.174,0.142,4.2,7.8,holiday,7.2,33.7,1.0,0,0.77,0.674,0.89,0.734,0.429,0
2024-03-18,0.218,0.705,5.7,5.2,weekday,6.9,35.0,0.0,0,0.443,0.01,0.009,0.001,0.06,1
2024-03-19,0.201,0.732,6.4,4.2,weekday,7.5,34.8,0.0,0,0.518,0.026,0.0,0.022,0.134,1
2024-03-20,,0.721,4.2,4.3,weekday,7.2,33.4,0.0,0,0.489,0.062,0.036,0.0,0.131,0
2024-03-21,0.172,0.663,4.1,8.7,weekday,7.6,33.3,1.0,0,0.462,0.165,0.226,0.172,0.083,1
2024-03-22,0.235,0.682,5.9,3.9,weekday,4.9,35.0,0.0,0,0.48,0.057,0.066,0.001,0.053,1
2024-03-23,0.126,,4.3,1.0,holiday,6.5,35.0,0.0,0,0.622,0.313,0.501,0.46,0.419,0
2024-03-24,,0.222,5.2,6.0,holiday,7.4,35.0,0.0,0,0.748,0.32,0.6,0.481,0.442,0
2024-03-25,0.158,0.61,5.0,2.6,weekday,6.1,34.6,0.0,0,0.32,0.0,0.0,0.004,0.067,0
2024-03-26,0.123,0.694,4.3,0.5,weekday,5.5,35.0,0.0,0,0.537,0.118,0.039,0.0,0.161,0
2024-03-27,0.182,0.643,5.0,3.7,weekday,5.4,32.0,0.0,0,0.406,0.026,,0.043,0.07,1
2024-03-28,0.248,0.613,6.6,4.9,weekday,3.9,34.6,0.0,0,0.286,0.0,,0.112,0.088,0
2024-03-29,0.143,0.631,5.3,1.4,weekday,5.2,35.0,0.0,0,0.344,0.031,0.049,0.0,0.151,0
2024-03-30,0.175,0.114,5.0,2.5,holiday,4.9,32.8,1.0,0,0.67,0.683,0.784,0.644,0.51,0
2024-03-31,0.182,0.091,5.6,2.7,holiday,5.4,34.7,0.0,0,0.618,0.353,0.599,0.485,0.449,0
2024-04-01,0.157,0.699,5.1,2.5,weekday,4.6,1.5,0.0,0,0.554,0.163,0.086,,0.239,1
2024-04-02,0.268,0.703,6.7,6.3,weekday,4.0,0.0,0.0,0,0.451,0.0,0.113,0.0,0.064,1
2024-04-03,0.309,0.645,7.2,5.7,weekday,4.6,2.3,,0,0.398,0.314,0.307,0.2,0.176,1
2024-04-04,0.13,0.665,2.9,2.2,weekday,3.4,0.0,,0,0.431,0.0,0.0,0.0,0.127,0
2024-04-05,0.203,0.625,6.2,5.9,weekday,3.7,0.0,0.0,0,0.478,0.038,0.112,0.01,0.054,1
2024-04-06,0.121,0.134,4.4,2.8,holiday,5.7,2.4,0.0,0,0.682,0.283,0.561,0.463,0.459,0
2024-04-07,0.206,0.163,6.5,3.9,holiday,5.0,1.0,0.0,0,0.703,0.351,0.645,0.502,0.421,0
2024-04-08,0.199,0.632,5.5,7.5,weekday,4.4,0.0,0.0,0,0.425,0.006,0.068,0.053,0.15,0
2024-04-09,0.094,0.694,2.8,2.9,weekday,3.6,0.0,1.0,0,0.396,0.251,0.175,0.218,0.0,0
2024-04-10,0.147,0.612,4.7,1.9,weekday,3.7,2.0,1.0,0,,0.203,0.282,0.142,0.059,1
2024-04-11,0.128,0.68,4.0,7.3,weekday,5.0,0.0,0.0,0,0.329,0.072,0.0,0.0,0.114,0
2024-04-12,0.142,0.647,3.8,2.6,weekday,3.7,0.0,0.0,0,0.327,0.0,0.0,0.0,0.225,0
2024-04-13,,0.027,6.0,7.1,holiday,3.5,1.5,0.0,0,0.665,0.381,0.526,0.518,0.504,0
2024-04-14,0.041,0.0,2.1,3.8,holiday,2.8,0.0,,0,0.591,0.447,0.621,0.509,0.531,0
2024-04-15,0.154,0.64,4.3,0.8,weekday,5.1,0.2,0.0,0,0.438,0.044,0.0,0.017,0.119,0
2024-04-16,0.138,0.643,4.9,1.8,weekday,3.7,0.9,0.0,0,0.436,0.0,0.0,0.0,0.083,0
2024-04-17,0.551,0.711,6.3,1.6,weekday,2.5,1.0,,1,0.487,0.0,0.051,0.138,0.187,1
2024-04-18,0.143,0.601,4.2,2.9,weekday,3.9,0.0,0.0,0,0.471,0.035,0.0,0.1,0.177,0
2024-04-19,0.248,0.702,4.8,0.7,weekday,3.3,3.0,0.0,0,0.579,0.014,0.037,0.0,0.194,0
2024-04-20,0.087,0.093,2.6,2.8,holiday,3.4,0.0,0.0,0,0.627,0.358,0.566,0.538,0.516,0
2024-04-21,0.171,0.052,5.7,3.4,holiday,2.2,0.0,0.0,0,0.634,0.377,0.614,0.501,0.571,0
2024-04-22,0.199,,6.4,3.0,weekday,1.8,0.0,0.0,0,,0.024,0.065,0.034,0.115,0
2024-04-23,0.165,0.632,4.4,5.3,weekday,4.1,0.7,,0,0.366,0.0,0.004,0.019,0.024,0
2024-04-24,0.258,0.714,6.9,1.1,weekday,2.2,0.3,1.0,0,0.303,0.289,0.187,0.216,0.136,0
2024-04-25,0.226,,6.5,1.4,weekday,2.6,0.0,0.0,0,0.378,0.043,0.0,0.0,0.125,1
2024-04-26,0.112,0.711,4.2,6.3,weekday,3.2,0.0,1.0,0,0.399,0.154,0.229,,0.118,0
2024-04-27,0.137,0.097,4.6,5.6,holiday,3.8,0.5,0.0,0,0.738,0.412,0.594,0.496,0.453,0
2024-04-28,0.202,0.072,6.0,4.2,holiday,3.5,0.0,0.0,0,0.631,0.479,0.532,0.478,0.474,0
2024-04-29,0.149,0.654,3.1,4.6,weekday,3.0,3.2,0.0,0,0.345,,0.0,0.006,0.116,0
2024-04-30,0.293,0.547,6.5,1.3,weekday,0.8,0.0,0.0,0,0.336,0.023,0.0,,0.132,0
2024-05-01,0.18,0.101,5.8,6.4,holiday,2.9,0.0,0.0,0,0.588,0.172,0.341,0.296,0.321,0
2024-05-02,0.176,0.126,5.1,2.6,holiday,3.5,1.9,0.0,0,0.487,0.208,0.299,0.135,0.291,0
2024-05-03,0.169,0.041,4.8,5.8,holiday,3.1,3.5,0.0,0,0.455,0.288,0.327,0.211,0.282,0
2024-05-04,0.208,0.146,5.4,3.3,holiday,2.4,0.0,0.0,0,0.763,0.379,0.561,0.544,0.513,0
2024-05-05,0.186,0.119,3.6,2.6,holiday,1.3,0.0,0.0,0,0.76,0.476,0.566,0.456,0.575,0
2024-05-06,0.164,0.0,4.6,3.0,holiday,2.4,0.0,0.0,0,0.337,0.044,0.171,0.191,0.324,0
2024-05-07,0.098,0.189,3.2,4.6,holiday,2.5,0.2,0.0,0,0.531,0.102,0.32,0.262,0.325,0
2024-05-08,0.124,0.02,4.5,4.2,holiday,3.2,0.2,0.0,0,0.65,0.25,0.203,0.33,0.307,0
2024-05-09,0.257,0.104,7.4,2.7,holiday,1.5,0.0,0.0,0,0.644,0.117,0.18,0.284,0.3,0
2024-05-10,0.152,0.057,5.7,1.9,holiday,1.4,0.0,0.0,0,0.438,0.054,0.296,0.338,0.279,0
2024-05-11,0.195,0.138,4.4,0.4,holiday,2.6,0.0,0.0,0,0.61,0.429,0.631,0.472,0.388,0
2024-05-12,0.165,0.128,4.9,0.5,holiday,2.3,2.5,1.0,0,0.702,0.604,0.748,0.737,0.454,0
2024-05-13,0.174,0.018,4.7,5.6,holiday,1.8,0.0,0.0,0,,0.18,0.256,0.207,0.302,1
2024-05-14,0.312,0.049,8.3,7.7,holiday,3.5,0.0,0.0,0,0.542,0.101,0.189,,0.283,1
2024-05-15,,0.095,6.2,3.8,holiday,0.9,2.9,0.0,0,0.616,0.262,0.323,0.304,0.285,1
2024-05-16,0.112,0.062,4.4,2.2,holiday,4.4,4.1,0.0,0,0.628,0.134,0.228,0.242,0.258,0
2024-05-17,0.093,0.078,4.1,2.8,holiday,2.4,0.9,0.0,0,0.492,,0.263,0.278,0.229,0
2024-05-18,0.245,0.096,6.1,8.8,holiday,1.6,0.0,0.0,0,0.746,0.449,0.53,0.477,0.403,0
2024-05-19,0.138,0.029,4.9,3.5,holiday,3.6,2.7,0.0,0,0.569,0.277,,0.433,0.481,0
2024-05-20,0.113,0.075,3.4,5.0,holiday,3.4,2.5,0.0,0,0.7,0.316,0.243,0.269,0.312,0
2024-05-21,0.282,0.073,7.3,1.9,holiday,2.4,1.7,0.0,0,,0.146,0.266,0.296,0.309,0
2024-05-22,0.071,0.163,2.7,2.0,holiday,3.3,0.0,0.0,0,0.601,0.209,0.325,0.277,0.385,0
2024-05-23,0.098,0.112,4.2,1.8,holiday,3.6,0.8,0.0,0,0.653,0.244,0.235,0.164,0.359,0
2024-05-24,0.151,0.065,5.2,1.0,holiday,3.0,0.0,0.0,0,0.582,0.255,0.371,0.118,0.203,0
2024-05-25,0.115,0.084,4.0,0.8,holiday,2.2,0.0,0.0,0,0.668,0.399,0.608,0.426,0.467,0
2024-05-26,0.102,0.216,4.1,5.1,holiday,3.1,0.0,0.0,0,0.742,0.373,0.55,0.491,0.47,0
2024-05-27,0.149,0.0,4.9,5.6,holiday,3.9,0.0,0.0,0,0.39,0.189,0.237,0.306,0.239,0
2024-05-28,0.069,0.077,3.1,0.6,holiday,4.2,0.0,0.0,0,0.598,0.053,0.299,,0.233,0
2024-05-29,0.163,0.186,4.3,7.0,holiday,3.9,4.6,0.0,0,0.614,0.239,0.369,0.158,0.246,1
2024-05-30,0.171,0.084,6.2,2.3,holiday,4.1,0.0,0.0,0,,0.227,0.299,0.223,0.329,1
2024-05-31,0.199,0.051,5.2,4.8,holiday,2.6,0.0,0.0,0,0.34,0.104,0.21,0.146,0.27,1
2024-06-01,0.083,0.079,3.5,4.9,holiday,2.4,0.0,0.0,0,0.621,0.344,0.567,0.449,0.504,0
2024-06-02,0.226,0.044,7.5,1.6,holiday,3.5,0.0,0.0,0,0.662,0.179,0.499,0.602,0.458,1
2024-06-03,0.224,0.65,6.1,2.7,weekday,3.3,0.0,0.0,0,0.449,0.0,0.0,0.0,0.074,0
2024-06-04,0.199,,6.3,2.1,weekday,3.8,1.1,0.0,0,0.367,0.0,0.0,0.0,0.087,0
2024-06-05,0.176,,4.2,9.5,weekday,4.2,0.2,0.0,0,0.419,0.0,,0.0,0.035,0
2024-06-06,0.228,0.624,6.5,1.8,weekday,4.3,0.6,0.0,0,0.418,0.0,0.053,0.0,0.182,0
2024-06-07,0.204,0.681,4.8,2.9,weekday,3.9,0.7,0.0,0,0.45,,0.0,0.011,0.032,0
2024-06-08,,0.071,7.3,22.8,holiday,4.6,2.4,0.0,0,0.76,0.392,0.525,0.459,0.504,1
2024-06-09,0.237,0.033,5.1,19.3,holiday,5.4,0.0,0.0,0,0.664,0.325,0.472,0.47,0.428,1
2024-06-10,0.217,0.616,4.8,20.0,weekday,3.9,0.0,0.0,0,0.471,0.0,0.0,0.0,0.206,0
2024-06-11,,0.674,3.4,22.8,weekday,4.5,0.6,0.0,0,0.468,0.0,0.008,0.0,0.126,1
2024-06-12,0.195,0.594,5.1,21.8,weekday,4.3,0.0,0.0,0,0.294,0.076,0.047,0.068,0.161,1
2024-06-13,0.235,0.645,6.0,22.2,weekday,4.2,2.3,0.0,0,0.438,0.0,0.0,0.022,0.118,1
2024-06-14,0.264,0.649,5.7,21.5,weekday,5.2,2.7,1.0,0,0.434,0.343,0.323,0.152,,0
2024-06-15,0.197,0.068,5.6,21.2,holiday,5.4,1.4,0.0,0,0.72,0.417,,0.516,0.449,1
2024-06-16,0.272,0.049,5.2,23.6,holiday,5.4,2.6,0.0,0,0.732,0.23,0.478,0.587,0.469,1
2024-06-17,0.239,0.675,4.8,19.7,weekday,4.8,1.0,0.0,0,0.304,0.0,0.003,0.062,0.074,1
2024-06-18,0.31,0.634,6.6,20.1,weekday,7.3,1.4,0.0,0,0.49,0.069,0.011,0.084,0.06,1
2024-06-19,0.288,0.61,6.4,21.0,weekday,5.2,1.8,0.0,0,0.454,,0.024,0.0,0.149,1
2024-06-20,0.233,0.655,4.2,19.5,weekday,7.2,1.7,0.0,0,0.392,0.0,0.042,0.04,0.119,0
2024-06-21,0.269,0.569,5.7,28.2,weekday,6.4,0.0,0.0,0,0.371,0.0,0.0,0.038,0.158,1
2024-06-22,0.188,0.025,4.3,20.9,holiday,7.4,0.0,0.0,0,0.653,0.342,0.569,0.519,0.479,1
2024-06-23,,0.0,5.7,18.8,holiday,7.0,0.8,0.0,0,0.529,0.544,0.527,0.506,0.5,1
2024-06-24,0.337,0.622,7.4,21.7,weekday,6.1,0.0,0.0,0,0.417,0.0,0.0,0.035,0.135,1
2024-06-25,0.275,0.591,4.5,19.9,weekday,6.4,1.1,0.0,0,0.456,0.0,0.012,0.031,0.085,0
2024-06-26,0.305,0.574,6.3,,weekday,7.2,0.0,0.0,0,0.606,0.008,0.04,0.0,0.096,1
2024-06-27,0.299,0.566,8.0,24.3,weekday,8.0,0.9,0.0,0,0.506,,0.0,0.0,0.04,1
2024-06-28,0.203,0.577,5.9,24.5,weekday,6.1,0.0,0.0,0,0.469,0.0,0.0,0.053,0.097,1
2024-06-29,0.283,0.009,7.8,22.1,holiday,7.4,0.0,1.0,0,0.629,0.489,0.763,0.763,0.462,1
2024-06-30,0.206,0.031,3.5,25.1,holiday,10.0,0.0,0.0,0,0.615,0.259,,0.47,0.554,1
2024-07-01,,0.667,5.5,22.4,weekday,8.9,0.7,1.0,0,0.637,0.266,0.249,0.2,0.083,1
2024-07-02,0.187,0.577,4.9,20.5,weekday,9.6,0.0,0.0,0,0.448,0.0,0.034,0.129,0.042,0
2024-07-03,0.269,0.588,6.3,24.1,weekday,8.1,0.1,0.0,0,0.42,0.0,0.004,0.003,0.086,1
2024-07-04,0.22,0.556,5.3,19.7,weekday,9.1,0.2,,0,0.407,0.0,0.0,0.0,0.118,0
2024-07-05,0.232,0.696,5.2,19.5,weekday,8.4,0.0,0.0,0,0.506,0.0,0.031,0.026,0.0,0
2024-07-06,0.225,0.0,5.4,18.1,holiday,8.9,0.0,0.0,0,0.609,0.311,0.488,0.628,0.37,0
2024-07-07,0.292,0.115,6.2,20.3,holiday,8.2,0.6,0.0,0,0.827,0.265,0.554,0.526,0.457,1
2024-07-08,0.266,0.572,6.8,19.9,weekday,8.8,0.0,0.0,0,,0.0,0.0,0.047,0.092,1
2024-07-09,0.263,0.738,6.3,19.3,weekday,8.2,0.5,0.0,0,0.358,0.0,0.0,0.0,0.126,1
2024-07-10,0.204,0.575,4.3,22.2,weekday,9.3,0.0,0.0,0,0.479,0.0,,0.0,0.171,0
2024-07-11,0.13,0.609,3.3,19.1,weekday,9.5,0.0,0.0,0,0.52,0.0,,0.079,0.095,0
2024-07-12,0.212,0.63,4.7,21.6,weekday,10.8,0.0,0.0,0,0.442,0.0,0.0,0.0,0.02,0
2024-07-13,0.347,0.132,7.2,27.0,holiday,9.3,1.3,0.0,0,0.702,0.362,0.563,0.433,,1
2024-07-14,0.349,0.079,6.8,24.8,holiday,9.4,0.0,0.0,0,0.829,0.251,0.557,0.485,0.38,1
2024-07-15,0.281,0.673,6.5,21.9,weekday,11.4,0.0,0.0,0,0.49,0.0,0.007,0.058,0.031,1
2024-07-16,0.301,0.571,7.5,21.1,weekday,10.1,0.2,0.0,0,0.459,0.045,0.013,0.055,0.011,0
2024-07-17,0.272,0.592,6.4,21.5,weekday,9.6,0.0,0.0,0,0.426,0.0,0.0,0.079,0.157,1
2024-07-18,0.188,0.618,3.7,22.5,weekday,11.6,0.0,0.0,0,0.344,0.0,,0.0,0.066,0
2024-07-19,0.113,0.649,4.3,4.9,weekday,10.8,0.7,0.0,0,0.296,0.041,0.0,0.0,0.041,0
2024-07-20,0.181,0.172,5.6,3.2,holiday,11.1,0.0,0.0,0,0.719,0.388,0.611,0.538,0.411,0
2024-07-21,0.071,0.134,4.0,3.0,holiday,12.3,1.1,0.0,0,0.608,0.284,0.612,0.624,0.475,0
2024-07-22,0.155,0.491,5.9,2.3,weekday,12.2,1.3,0.0,0,0.356,0.055,0.065,0.0,0.026,0
2024-07-23,0.177,0.715,5.0,3.2,weekday,12.1,0.8,0.0,0,0.273,0.017,0.099,0.0,0.09,1
2024-07-24,0.134,0.576,5.4,12.9,,13.2,0.0,0.0,0,0.343,0.0,0.0,0.081,0.041,0
2024-07-25,0.128,0.687,3.5,4.1,weekday,12.9,0.0,1.0,0,0.337,0.207,0.24,0.209,0.077,0
2024-07-26,,0.81,7.1,,weekday,11.9,0.0,0.0,0,0.35,0.069,0.017,0.062,0.083,0
2024-07-27,0.15,0.0,4.5,2.8,holiday,14.2,0.2,0.0,0,0.713,0.301,0.571,,0.437,0
2024-07-28,0.134,,3.7,11.2,holiday,14.7,1.0,0.0,0,0.588,0.265,0.581,0.564,0.464,0
2024-07-29,0.114,0.586,3.6,,weekday,12.7,1.3,0.0,0,0.444,0.003,0.084,0.07,0.0,0
2024-07-30,0.169,0.62,3.9,2.8,weekday,14.5,0.9,0.0,0,0.447,0.0,0.0,0.071,0.083,0
2024-07-31,0.082,0.666,4.4,0.9,weekday,15.5,0.1,1.0,0,0.393,0.242,0.237,0.276,0.102,0
2024-08-01,0.247,0.005,7.1,,holiday,15.0,0.0,0.0,0,0.41,0.0,0.212,0.292,0.228,1
2024-08-02,0.317,0.0,7.3,10.0,holiday,15.0,1.8,0.0,0,0.471,0.169,0.275,0.398,0.206,0
2024-08-03,0.295,0.127,8.3,11.0,holiday,15.7,0.5,0.0,0,0.711,0.403,0.582,0.569,0.346,1
2024-08-04,0.296,0.026,8.1,12.4,holiday,15.2,1.5,0.0,0,0.567,0.297,0.555,0.472,0.442,1
2024-08-05,0.263,0.004,6.8,10.7,holiday,14.4,0.0,0.0,0,0.449,0.259,0.254,0.223,0.212,0
2024-08-06,0.27,0.116,7.6,11.6,holiday,15.8,0.0,0.0,0,0.624,0.247,0.323,0.264,0.219,1
2024-08-07,0.318,0.0,9.5,11.8,holiday,16.0,0.8,0.0,0,0.543,0.207,0.318,0.246,0.177,1
2024-08-08,0.359,0.092,9.6,9.7,holiday,15.9,1.7,0.0,0,0.532,0.316,0.366,0.296,0.231,1
2024-08-09,0.25,0.054,8.3,8.3,holiday,15.4,0.0,0.0,0,0.429,0.193,0.257,0.219,0.208,0
2024-08-10,0.328,0.096,8.6,12.0,holiday,16.4,0.0,0.0,0,0.583,0.432,0.587,,0.421,1
2024-08-11,0.287,0.095,9.0,11.4,holiday,16.3,0.0,0.0,0,0.732,0.319,0.571,0.529,0.396,1
2024-08-12,0.287,0.077,8.3,12.9,holiday,16.4,0.0,0.0,0,0.597,0.2,0.222,0.385,0.216,1
2024-08-13,,0.064,9.4,10.2,holiday,17.2,2.2,0.0,0,0.612,0.272,0.313,0.25,0.139,1
2024-08-14,0.242,0.113,5.9,11.0,holiday,17.9,0.0,0.0,0,0.469,0.316,0.354,0.327,0.201,1
2024-08-15,0.262,0.089,7.1,14.0,holiday,15.5,2.7,0.0,0,0.376,0.099,0.215,0.356,0.177,1
2024-08-16,0.3,0.174,8.8,9.9,holiday,17.3,3.1,0.0,0,0.565,0.146,0.269,0.311,0.186,1
2024-08-17,0.307,0.08,7.9,9.1,holiday,19.2,0.5,0.0,0,0.534,0.396,0.604,0.684,0.327,1
2024-08-18,0.307,0.089,9.7,11.8,holiday,18.3,2.4,0.0,0,0.668,0.473,,0.617,0.343,1
2024-08-19,0.292,0.038,9.0,,holiday,18.0,1.3,0.0,0,0.639,0.161,0.194,0.25,0.216,1
2024-08-20,0.348,0.046,9.3,12.4,holiday,19.0,2.9,0.0,0,,0.166,0.297,0.262,0.135,1
2024-08-21,0.412,0.085,9.4,14.9,holiday,19.5,2.5,0.0,0,0.562,0.352,0.308,0.31,0.154,1
2024-08-22,,0.082,7.2,12.7,holiday,18.6,0.0,0.0,0,0.546,0.255,0.298,0.322,0.221,1
2024-08-23,0.199,0.047,5.8,12.1,holiday,20.7,0.0,0.0,0,0.508,0.326,0.318,0.344,,0
2024-08-24,0.288,0.09,9.4,11.6,holiday,19.2,0.0,0.0,0,0.71,0.355,0.56,0.628,0.375,1
2024-08-25,0.28,0.163,7.3,8.5,holiday,18.5,0.0,0.0,0,0.643,0.572,0.661,0.527,0.451,1
2024-08-26,,0.0,7.2,11.5,holiday,19.9,0.4,0.0,0,,0.189,0.156,0.299,0.189,1
2024-08-27,0.308,0.039,8.9,14.1,holiday,19.6,0.0,0.0,0,0.589,0.147,0.333,0.425,0.22,1
2024-08-28,0.185,0.037,5.4,13.4,holiday,20.9,1.2,0.0,0,0.68,0.232,0.302,0.314,0.162,1
2024-08-29,0.385,0.097,11.6,14.0,holiday,19.7,0.0,0.0,0,0.519,0.188,0.305,0.396,0.11,1
2024-08-30,0.223,0.12,6.5,9.7,holiday,20.4,0.0,0.0,0,0.542,0.376,0.307,0.323,0.175,0
2024-08-31,0.322,0.159,8.6,14.6,holiday,21.8,0.4,0.0,0,0.713,0.516,0.62,0.704,0.356,1
2024-09-01,0.278,0.048,6.4,11.0,holiday,22.2,1.8,0.0,0,,0.537,0.583,0.598,0.29,1
2024-09-02,0.276,0.667,8.6,10.3,weekday,20.8,0.4,0.0,0,0.49,0.115,0.118,0.024,0.007,1
2024-09-03,0.307,0.718,9.1,11.1,weekday,23.2,0.2,0.0,0,0.367,0.033,0.021,0.035,0.0,1
2024-09-04,0.323,0.688,8.2,9.4,weekday,22.1,1.1,1.0,0,,0.369,0.337,0.12,0.0,1
2024-09-05,0.332,,10.6,13.2,weekday,21.2,3.8,0.0,0,0.452,0.0,0.08,0.047,0.0,1
2024-09-06,0.256,0.623,8.3,10.9,weekday,22.6,2.9,0.0,0,0.353,0.031,0.028,0.126,0.0,1
2024-09-07,0.401,0.203,10.3,10.5,holiday,21.4,0.0,0.0,0,0.728,0.484,0.609,0.572,0.291,1
2024-09-08,,0.0,6.9,10.2,holiday,22.4,0.0,0.0,0,0.6,0.47,0.544,0.572,0.447,1
2024-09-09,0.252,0.765,5.8,9.5,weekday,22.5,0.9,,0,0.599,0.32,0.247,0.231,0.064,1
2024-09-10,0.336,0.644,8.9,13.9,weekday,22.6,0.8,0.0,0,0.254,0.149,0.015,0.122,0.0,1
2024-09-11,0.243,0.597,7.1,11.2,,23.2,0.0,0.0,0,0.34,0.057,,0.142,0.056,1
2024-09-12,0.277,0.675,8.6,,weekday,24.2,0.0,0.0,0,,,0.0,0.05,0.117,1
2024-09-13,0.338,0.636,7.7,16.8,weekday,22.2,0.0,0.0,0,0.547,0.088,0.054,0.06,0.0,1
2024-09-14,0.242,0.122,7.4,15.0,holiday,23.2,0.0,0.0,0,0.619,0.387,0.642,0.569,0.304,1
2024-09-15,0.276,0.086,8.1,10.5,,23.7,0.0,0.0,0,0.67,0.419,0.468,0.567,0.325,1
2024-09-16,0.252,0.602,6.7,11.5,weekday,23.3,0.2,0.0,0,0.359,0.15,0.0,0.123,0.0,1
2024-09-17,0.144,0.554,5.6,10.9,weekday,25.3,0.8,0.0,0,0.275,0.057,0.087,0.105,0.039,1
2024-09-18,0.322,0.657,10.4,9.5,weekday,25.0,2.8,0.0,0,0.542,0.103,0.0,0.111,0.048,1
2024-09-19,0.378,0.608,9.7,11.3,weekday,23.5,2.9,0.0,0,0.36,,0.091,0.062,0.0,1
2024-09-20,0.366,0.649,9.7,10.3,weekday,24.0,0.0,0.0,0,0.548,0.101,0.0,0.087,0.017,1
2024-09-21,0.32,0.099,9.8,15.3,holiday,24.6,1.6,0.0,0,0.736,,0.56,,0.29,1
2024-09-22,0.295,0.012,6.3,17.7,holiday,24.0,0.2,0.0,0,0.666,0.362,0.546,0.528,0.343,1
2024-09-23,0.296,0.69,9.0,8.5,weekday,24.7,1.8,0.0,0,0.459,0.051,0.048,0.066,0.012,1
2024-09-24,0.349,0.653,8.9,11.9,weekday,25.8,0.5,0.0,0,0.317,0.014,0.0,0.046,0.084,1
2024-09-25,0.288,0.707,8.2,16.5,weekday,24.8,0.0,0.0,0,0.459,0.0,0.02,0.095,0.073,1
2024-09-26,0.35,0.654,9.4,13.3,weekday,27.0,0.0,0.0,0,0.496,0.028,0.096,0.098,0.0,1
2024-09-27,0.35,0.617,10.3,12.1,weekday,25.2,0.0,,0,0.324,0.054,0.0,0.089,0.0,1
2024-09-28,,0.057,8.9,11.8,holiday,25.8,1.2,0.0,0,0.68,0.375,0.612,0.531,0.304,1
2024-09-29,0.156,0.027,4.1,8.9,holiday,26.1,1.0,0.0,0,0.733,0.518,0.616,0.608,0.367,0
2024-09-30,0.307,0.596,9.4,8.9,weekday,25.9,0.0,0.0,0,0.408,0.168,0.064,0.158,0.102,1
2024-10-01,0.198,0.645,5.5,1.0,weekday,25.7,0.0,0.0,0,0.405,0.004,0.019,0.094,0.0,0
2024-10-02,0.202,0.65,6.0,0.9,weekday,26.6,1.9,0.0,0,0.369,0.019,0.056,0.161,0.016,0
2024-10-03,0.203,0.65,6.4,1.2,weekday,25.7,3.5,0.0,0,0.42,0.0,0.0,0.095,0.0,0
2024-10-04,0.125,0.613,3.5,6.9,weekday,27.1,1.1,0.0,0,,0.139,0.0,0.05,0.0,0
2024-10-05,0.265,0.074,8.2,7.3,holiday,27.2,0.0,0.0,0,0.656,0.421,0.567,0.617,0.349,1
2024-10-06,0.161,0.196,4.8,6.7,holiday,27.3,1.6,0.0,0,0.676,0.467,,,0.414,0
2024-10-07,0.124,0.698,4.0,4.4,weekday,26.9,1.5,0.0,0,0.56,0.15,0.089,0.097,0.018,0
2024-10-08,0.203,0.632,6.4,2.2,weekday,26.4,3.0,0.0,0,0.417,0.196,0.003,,0.019,1
2024-10-09,0.17,0.609,5.1,2.6,weekday,26.2,0.0,0.0,0,0.447,0.146,0.062,0.057,0.007,0
2024-10-10,0.208,0.64,5.0,4.0,weekday,26.7,0.0,0.0,0,0.318,0.097,0.022,0.113,0.003,1
2024-10-11,0.2,0.669,3.8,10.2,weekday,28.5,2.5,0.0,0,0.4,0.087,0.0,0.127,0.0,0
2024-10-12,0.28,0.094,7.0,6.1,holiday,27.4,0.0,0.0,0,0.765,0.672,,0.592,0.277,1
2024-10-13,0.263,0.111,5.3,7.0,holiday,26.9,0.0,0.0,0,0.795,0.442,0.704,0.483,0.344,0
2024-10-14,0.159,0.695,5.6,2.5,weekday,26.8,1.8,0.0,0,0.358,0.336,0.0,0.098,0.039,0
2024-10-15,0.132,0.674,4.3,3.5,weekday,26.6,0.0,0.0,0,0.521,0.05,0.022,0.143,0.042,0
2024-10-16,0.21,0.641,7.6,2.7,weekday,26.6,2.3,0.0,0,0.4,0.0,0.057,0.097,0.0,0
2024-10-17,0.235,,5.6,5.2,weekday,28.4,1.4,0.0,0,0.352,0.157,0.007,0.121,0.0,1
2024-10-18,0.103,0.661,3.1,1.6,weekday,27.6,0.0,0.0,0,0.443,0.135,0.0,0.108,0.066,0
2024-10-19,,0.151,2.4,1.5,holiday,28.1,0.0,0.0,0,0.673,0.582,0.598,,0.35,0
2024-10-20,0.21,0.125,6.3,4.7,holiday,28.6,2.2,0.0,0,0.669,0.369,0.589,0.555,0.358,1
2024-10-21,0.209,0.692,4.5,7.4,weekday,28.3,0.0,0.0,0,0.346,0.171,0.017,0.105,0.058,1
2024-10-22,0.172,0.669,4.6,3.6,weekday,28.1,0.0,0.0,0,0.363,,0.042,0.083,0.015,0
2024-10-23,0.204,,5.4,4.8,weekday,27.4,1.7,0.0,0,0.472,0.061,0.0,0.042,0.0,0
2024-10-24,0.162,0.749,3.9,2.3,weekday,28.4,0.1,0.0,0,0.414,0.072,0.0,0.042,0.0,0
2024-10-25,0.264,0.63,6.6,8.0,weekday,30.2,0.0,0.0,0,0.563,0.091,0.016,0.179,0.0,1
2024-10-26,0.288,,6.8,5.2,holiday,28.5,4.4,0.0,0,0.803,0.381,0.551,0.545,0.275,1
2024-10-27,0.108,0.035,3.2,5.2,holiday,29.2,1.2,0.0,0,0.668,0.644,0.478,0.604,0.334,0
2024-10-28,0.19,0.622,6.1,3.3,weekday,28.1,0.0,0.0,0,0.511,0.033,0.096,0.155,,0
2024-10-29,0.275,0.73,6.7,1.3,weekday,28.2,1.1,0.0,0,0.447,0.152,0.103,0.0,0.0,1
2024-10-30,0.13,0.737,5.5,2.5,weekday,28.9,1.5,0.0,0,0.43,0.118,0.06,0.036,0.064,1
2024-10-31,0.234,0.668,6.6,7.4,weekday,28.9,1.2,0.0,0,0.505,0.23,0.0,0.082,0.051,0
2024-11-01,0.258,,6.4,4.8,weekday,28.4,0.0,0.0,0,0.513,0.081,0.01,0.127,0.065,0
2024-11-02,0.227,0.108,6.3,8.5,holiday,28.6,0.0,0.0,0,0.624,0.598,0.579,0.604,0.31,0
2024-11-03,0.107,0.217,3.7,1.3,holiday,30.1,1.1,0.0,0,0.749,0.709,0.605,0.668,0.408,0
2024-11-04,0.092,0.661,4.2,5.7,weekday,28.4,0.0,0.0,0,0.47,0.133,0.062,0.168,0.013,0
2024-11-05,,0.717,3.7,5.4,weekday,29.1,0.0,0.0,0,0.65,0.207,0.058,0.092,0.047,0
2024-11-06,0.143,0.594,4.6,,weekday,28.1,0.0,0.0,0,0.411,0.139,0.022,0.157,0.0,0
2024-11-07,0.106,0.603,4.0,5.7,weekday,28.6,1.9,0.0,0,0.346,0.177,0.0,0.097,0.047,0
2024-11-08,0.174,0.67,4.2,2.6,weekday,29.1,0.0,0.0,0,0.4,0.254,,0.084,0.042,0
2024-11-09,0.16,0.025,5.1,5.0,holiday,28.1,1.3,0.0,0,0.617,0.72,0.631,0.558,0.342,1
2024-11-10,0.091,0.126,4.0,1.4,holiday,29.2,0.0,0.0,0,0.694,0.533,0.535,0.607,0.275,0
2024-11-11,0.197,0.637,5.4,3.7,weekday,28.1,0.0,0.0,0,0.431,0.186,0.0,0.057,0.0,0
2024-11-12,0.122,0.648,3.1,1.0,weekday,29.8,0.8,0.0,0,0.419,0.176,0.0,0.13,0.026,0
2024-11-13,0.175,0.683,5.3,4.4,weekday,28.9,0.0,0.0,0,0.424,0.086,0.0,0.034,0.0,0
2024-11-14,0.189,0.7,5.8,3.3,weekday,28.8,1.8,0.0,0,0.4,0.102,0.017,0.209,0.008,0
2024-11-15,0.189,0.672,5.4,1.8,weekday,28.6,0.0,0.0,0,0.324,0.137,0.027,0.172,,0
2024-11-16,0.234,0.094,7.0,3.4,holiday,28.2,0.0,0.0,0,0.692,0.442,0.622,0.56,0.392,1
2024-11-17,0.176,0.078,5.2,0.9,holiday,26.9,3.3,0.0,0,0.51,0.534,0.616,0.578,0.345,0
2024-11-18,0.174,0.644,5.0,1.1,weekday,28.7,0.0,,0,0.464,0.143,0.025,0.203,0.0,0
2024-11-19,0.197,0.622,7.0,3.1,weekday,27.8,1.6,0.0,0,0.407,0.177,0.062,0.12,0.044,1
2024-11-20,0.133,0.703,3.4,0.8,weekday,28.3,2.0,0.0,0,0.468,0.09,0.033,0.103,0.0,0
2024-11-21,0.216,,5.6,2.8,weekday,28.8,2.9,0.0,0,0.474,0.078,0.005,0.092,0.087,0
2024-11-22,,0.655,5.9,1.3,weekday,28.5,2.3,0.0,1,0.515,0.051,0.095,0.108,0.066,1
2024-11-23,0.242,0.0,6.6,4.7,holiday,28.9,0.0,0.0,0,0.693,0.473,0.605,0.653,0.359,0
2024-11-24,0.247,,6.2,0.8,holiday,28.2,0.0,0.0,0,0.735,0.479,0.602,0.558,0.315,0
2024-11-25,0.196,0.718,5.7,3.8,weekday,28.6,0.0,1.0,0,0.289,0.486,0.198,0.326,0.088,0
2024-11-26,0.253,0.672,5.5,4.3,weekday,27.4,0.0,0.0,0,0.33,0.004,0.0,0.08,0.035,1
2024-11-27,0.158,0.726,5.8,1.7,weekday,28.2,0.9,0.0,0,0.575,0.034,0.032,0.083,0.115,0
2024-11-28,0.267,0.696,6.9,5.2,weekday,26.9,0.0,0.0,0,0.57,0.155,0.0,0.045,0.028,0
2024-11-29,0.147,0.665,4.4,4.1,weekday,28.0,0.0,0.0,0,0.628,0.061,,0.046,,0
2024-11-30,0.112,,4.2,3.6,holiday,27.5,0.0,0.0,0,0.557,0.523,,0.58,0.279,0
2024-12-01,0.208,0.062,6.9,2.8,holiday,27.8,4.1,0.0,0,0.425,0.496,0.59,0.436,0.337,0
2024-12-02,0.203,0.03,6.3,1.3,holiday,27.9,6.1,1.0,0,0.617,0.661,0.589,0.553,0.161,0
2024-12-03,0.176,0.089,5.3,,holiday,26.1,7.5,0.0,0,0.554,0.379,0.353,0.273,0.168,0
2024-12-04,0.203,0.093,5.0,3.1,holiday,28.4,2.2,0.0,0,0.448,0.429,,0.395,0.151,0
2024-12-05,0.248,0.096,7.4,4.3,holiday,25.9,7.3,0.0,0,0.734,0.264,0.277,0.325,0.214,1
2024-12-06,0.23,0.13,6.1,3.7,holiday,26.3,5.7,0.0,0,0.551,,0.286,0.334,0.117,0
2024-12-07,0.238,0.105,5.6,4.5,holiday,27.1,4.9,0.0,0,0.554,0.541,0.67,0.66,0.447,0
2024-12-08,0.193,0.063,4.9,6.2,holiday,25.6,10.2,0.0,0,0.725,0.485,0.598,0.522,0.416,0
2024-12-09,0.072,0.196,4.2,0.5,holiday,25.9,9.0,0.0,0,0.663,0.356,0.34,0.359,0.171,0
2024-12-10,0.203,0.01,6.1,3.7,holiday,26.3,6.2,0.0,0,0.431,0.393,0.389,0.298,0.092,0
2024-12-11,0.184,0.0,5.1,4.5,holiday,27.1,6.2,0.0,0,0.52,0.429,0.223,0.35,0.248,0
2024-12-12,0.116,0.079,2.9,0.6,holiday,26.1,7.8,0.0,0,0.652,0.297,0.343,0.352,0.255,0
2024-12-13,0.206,0.08,6.0,4.6,holiday,26.0,5.8,1.0,0,0.501,0.518,0.5,0.648,,0
2024-12-14,0.252,0.19,6.3,0.4,holiday,26.0,7.7,0.0,0,0.69,0.552,0.666,0.553,0.278,0
2024-12-15,0.175,0.104,5.5,5.5,holiday,25.9,9.8,0.0,0,0.683,,0.542,0.62,0.466,0
2024-12-16,0.169,0.087,5.7,1.5,holiday,26.8,7.1,0.0,0,0.497,0.373,0.322,0.418,0.154,0
2024-12-17,0.164,0.0,4.6,5.9,holiday,23.6,12.3,0.0,0,0.492,0.232,0.375,0.298,0.173,0
2024-12-18,0.151,0.116,5.2,5.5,holiday,25.5,6.4,0.0,0,0.567,0.353,0.294,0.338,0.24,1
2024-12-19,0.16,0.111,5.5,2.8,holiday,26.3,8.9,0.0,0,0.572,0.23,0.379,0.335,0.209,0
2024-12-20,0.256,0.098,5.9,3.2,holiday,25.9,2.9,0.0,0,0.586,0.323,0.347,0.284,0.234,0
2024-12-21,0.128,0.047,4.2,5.2,holiday,24.2,11.3,0.0,0,0.702,0.51,0.653,0.669,0.399,0
2024-12-22,0.266,0.0,7.8,3.7,holiday,23.1,14.5,0.0,0,0.572,0.584,0.645,0.531,0.528,1
2024-12-23,0.161,0.097,4.5,5.9,holiday,24.6,9.2,0.0,0,0.524,0.266,0.23,0.383,0.143,0
2024-12-24,0.242,0.126,6.6,10.2,holiday,24.5,9.0,0.0,0,0.586,0.354,0.361,0.418,0.201,1
2024-12-25,0.224,0.097,7.5,3.6,holiday,24.2,13.4,0.0,0,0.539,0.288,,0.355,0.186,0
2024-12-26,0.229,0.084,5.3,4.7,holiday,23.9,9.3,0.0,0,0.422,,0.272,0.35,0.209,1
2024-12-27,0.16,0.072,4.8,4.2,holiday,24.5,9.6,0.0,0,0.637,0.192,0.284,0.348,0.194,0
2024-12-28,0.274,0.007,6.6,3.4,holiday,24.2,11.4,0.0,0,0.577,0.374,0.571,0.515,0.405,1
2024-12-29,0.284,0.069,8.1,9.1,holiday,23.6,15.0,0.0,0,0.659,0.42,0.586,0.55,0.293,1
2024-12-30,0.182,0.134,4.8,1.6,holiday,23.4,12.5,0.0,0,,0.313,0.248,0.403,0.125,0
2024-12-31,0.161,0.044,4.5,2.8,holiday,22.6,14.5,1.0,0,0.483,0.566,0.53,0.431,0.198,0
2025-01-01,,0.062,5.8,2.1,holiday,22.3,16.0,0.0,0,0.399,0.273,0.297,0.335,0.213,0
2025-01-02,0.127,0.096,4.6,6.1,holiday,22.8,15.6,1.0,0,0.547,0.446,0.504,0.553,0.135,0
2025-01-03,0.24,0.057,7.0,3.3,holiday,23.4,13.3,0.0,0,0.42,0.419,0.386,0.317,0.108,0
2025-01-04,0.102,0.135,3.3,6.6,holiday,21.3,19.6,0.0,0,0.573,0.446,0.543,0.533,0.422,0
2025-01-05,0.128,0.184,4.6,1.2,holiday,22.9,15.0,,0,0.716,0.484,0.5,0.598,0.348,0
2025-01-06,0.133,0.107,4.8,3.6,holiday,21.2,19.1,0.0,0,0.427,0.234,,0.353,0.179,1
2025-01-07,0.197,0.108,5.7,3.6,holiday,21.2,19.5,0.0,0,0.513,0.338,0.301,0.328,0.254,0
2025-01-08,0.198,0.076,6.4,4.0,holiday,20.4,18.4,0.0,0,0.53,0.254,0.315,0.306,0.204,1
2025-01-09,0.054,0.074,3.1,5.5,holiday,21.5,16.5,0.0,0,0.671,0.266,0.33,0.326,0.16,0
2025-01-10,0.198,0.099,5.8,3.1,holiday,21.3,16.0,0.0,0,0.602,0.149,0.235,0.293,0.141,1
2025-01-11,0.168,0.046,4.9,4.2,holiday,20.2,18.6,0.0,0,0.698,0.392,0.601,0.564,0.389,0
2025-01-12,0.169,0.066,4.5,3.6,holiday,22.2,16.0,0.0,0,0.582,0.451,,0.562,,1
2025-01-13,0.225,0.182,6.8,2.4,holiday,20.1,24.3,,0,0.577,0.236,0.319,0.327,0.216,0
2025-01-14,0.162,0.105,6.4,1.6,holiday,19.8,23.1,1.0,0,0.508,0.512,0.493,0.615,,0
2025-01-15,0.214,0.035,5.8,6.5,holiday,20.2,20.0,0.0,0,0.664,0.133,0.194,0.341,0.074,0
2025-01-16,0.194,0.081,5.7,7.1,holiday,20.6,19.0,0.0,0,0.488,0.2,0.248,0.325,0.169,0
2025-01-17,0.187,0.035,5.2,4.1,holiday,20.3,19.6,0.0,0,0.46,0.279,0.27,0.229,0.199,0
2025-01-18,0.227,0.098,5.7,1.7,holiday,19.3,21.8,1.0,0,0.599,0.673,0.825,,0.342,1
2025-01-19,0.154,0.144,4.7,2.2,holiday,20.7,15.6,0.0,0,0.804,0.528,0.637,0.516,0.469,0
2025-01-20,0.164,0.001,4.6,9.9,holiday,18.8,26.3,0.0,0,0.477,0.346,0.328,0.305,0.248,0
2025-01-21,0.073,0.13,4.2,0.7,holiday,18.3,23.1,1.0,0,,0.594,0.704,0.508,0.136,0
2025-01-22,0.49,,3.7,,holiday,18.9,21.7,0.0,1,0.59,0.32,0.341,0.22,0.177,1
2025-01-23,0.061,0.091,2.9,3.5,holiday,18.3,22.6,0.0,0,0.48,0.146,0.296,0.341,0.188,0
2025-01-24,0.207,,7.3,5.0,holiday,17.9,24.8,0.0,0,,0.184,0.393,0.359,0.166,1
2025-01-25,0.179,0.0,5.9,5.0,,17.7,27.0,0.0,0,0.757,0.485,0.55,0.62,0.361,0
2025-01-26,0.133,,3.9,2.7,holiday,17.3,24.8,0.0,0,0.721,0.47,0.58,0.57,0.399,0
2025-01-27,0.168,0.117,5.0,,holiday,16.7,29.0,0.0,0,0.609,0.194,0.338,0.348,0.167,0
2025-01-28,0.172,0.098,5.9,2.9,holiday,16.8,26.0,1.0,0,,0.354,0.494,0.518,0.206,0
2025-01-29,0.182,0.068,5.4,0.7,holiday,17.8,23.7,0.0,0,0.427,0.227,0.317,0.278,0.2,0
2025-01-30,,0.012,6.8,3.4,holiday,16.4,30.1,0.0,0,0.655,0.19,0.248,0.334,0.215,1
2025-01-31,0.129,0.0,4.9,4.6,holiday,17.1,28.2,0.0,0,0.45,0.186,0.396,0.238,0.173,0
2025-02-01,0.178,0.098,4.2,5.5,holiday,16.2,31.5,0.0,0,0.628,0.459,0.569,0.623,0.439,0
2025-02-02,0.175,0.098,5.7,2.3,holiday,16.8,24.3,,0,0.745,0.433,0.608,0.532,0.352,0
2025-02-03,0.114,0.528,4.6,5.5,weekday,15.3,29.3,,0,0.263,0.08,0.023,0.035,0.001,0
2025-02-04,0.097,0.628,3.5,1.1,weekday,15.8,30.6,0.0,0,0.395,0.028,0.0,0.092,,0
2025-02-05,0.248,0.723,5.2,6.4,weekday,16.0,26.0,0.0,0,0.541,0.02,0.0,0.039,0.0,0
2025-02-06,0.196,0.653,4.2,0.4,weekday,16.7,28.4,0.0,0,0.412,0.161,0.04,0.018,0.005,0
2025-02-07,0.213,0.627,6.4,0.2,weekday,15.0,27.8,0.0,0,0.308,0.069,0.075,0.0,0.005,0
2025-02-08,0.23,0.165,5.5,2.7,holiday,15.7,28.6,0.0,0,0.804,0.332,0.534,0.625,0.417,0
2025-02-09,0.167,,3.7,2.9,holiday,14.6,34.6,0.0,0,,0.572,0.582,,0.369,0
2025-02-10,0.058,0.676,3.5,2.6,weekday,15.2,27.6,0.0,0,0.471,0.039,0.027,0.0,0.0,0
2025-02-11,0.248,0.673,6.4,3.9,weekday,14.1,30.2,0.0,0,0.419,0.0,0.03,0.085,0.093,1
2025-02-12,0.072,0.58,3.0,4.5,weekday,14.1,32.7,0.0,0,0.301,0.065,0.029,0.099,0.0,0
2025-02-13,0.129,0.684,4.4,0.7,weekday,13.2,35.0,0.0,0,0.414,0.004,0.0,0.006,0.037,0
2025-02-14,0.294,0.73,8.3,2.0,weekday,13.2,34.6,0.0,0,0.492,0.041,0.078,0.1,0.043,0
2025-02-15,0.152,0.064,5.0,1.7,holiday,13.4,34.1,0.0,0,0.712,0.301,0.577,0.493,0.436,0
2025-02-16,0.146,0.061,6.0,0.9,holiday,14.1,31.8,0.0,0,0.67,0.393,0.622,0.539,0.332,0
2025-02-17,,0.68,3.2,0.7,weekday,13.2,34.6,0.0,0,0.429,0.047,0.0,0.005,0.039,0
2025-02-18,0.211,0.681,6.0,9.7,weekday,12.9,32.7,0.0,0,0.438,0.0,0.0,0.085,0.034,1
2025-02-19,0.22,0.677,7.4,6.6,weekday,13.4,33.6,0.0,0,0.491,0.0,0.0,0.019,0.072,0
2025-02-20,0.154,0.688,6.0,0.9,weekday,11.8,34.7,0.0,0,0.46,0.071,0.0,0.1,0.073,0
2025-02-21,0.168,0.687,4.9,0.8,weekday,11.9,34.9,0.0,0,,0.0,0.0,0.0,0.0,0
2025-02-22,0.237,0.083,5.4,5.8,holiday,13.3,28.8,0.0,0,0.686,0.318,,0.549,0.255,0
2025-02-23,0.207,0.116,6.2,2.2,holiday,11.2,34.3,0.0,0,0.671,,0.633,0.57,0.395,0
2025-02-24,0.215,0.598,6.0,4.2,weekday,10.7,35.0,0.0,0,0.406,0.0,0.0,0.015,0.057,0
2025-02-25,0.111,0.733,4.2,0.7,weekday,11.5,34.1,0.0,0,0.682,0.0,0.003,,0.038,0
2025-02-26,0.171,0.674,5.6,5.8,weekday,10.3,34.7,0.0,0,0.507,0.0,0.0,0.075,0.04,0
2025-02-27,0.1,0.719,3.6,0.8,weekday,11.4,34.6,0.0,0,0.375,0.053,0.07,0.027,0.089,0
2025-02-28,0.145,0.678,3.7,10.1,weekday,9.2,35.0,1.0,0,0.349,0.26,0.222,0.27,0.098,0
2025-03-01,0.215,0.108,5.5,0.7,holiday,11.0,33.7,0.0,0,0.693,,0.583,0.498,0.397,0
2025-03-02,0.186,0.138,6.1,2.0,holiday,11.1,34.0,0.0,0,0.625,0.328,0.559,0.508,0.45,0
2025-03-03,0.213,0.627,6.1,3.0,weekday,9.8,34.6,0.0,0,0.437,0.108,0.0,0.026,0.038,0
2025-03-04,0.163,0.684,5.3,4.9,weekday,9.5,35.0,0.0,0,0.439,0.009,0.089,0.056,0.089,0
2025-03-05,,0.686,3.1,2.3,weekday,10.3,34.7,0.0,0,0.241,0.05,0.0,0.004,0.08,0
2025-03-06,0.206,0.734,6.0,2.6,weekday,10.5,34.6,1.0,0,0.452,0.276,0.231,0.256,0.035,0
2025-03-07,0.196,0.682,7.1,2.1,weekday,9.1,34.1,0.0,0,0.407,0.008,0.063,0.106,0.065,1
2025-03-08,0.217,0.029,6.3,5.5,holiday,8.9,32.6,0.0,0,0.563,0.22,0.603,0.42,0.489,0
2025-03-09,0.17,0.166,3.4,1.0,holiday,7.9,34.9,0.0,0,0.814,0.389,0.602,0.564,0.461,0
2025-03-10,0.236,0.668,7.0,1.7,weekday,9.5,35.0,0.0,0,0.391,0.058,0.0,0.01,0.154,0
2025-03-11,,0.691,4.7,3.1,weekday,6.6,35.0,0.0,0,0.488,,0.015,0.0,0.054,0
2025-03-12,0.162,0.632,5.0,4.7,weekday,8.2,34.4,0.0,0,0.49,0.062,0.029,,0.127,0
2025-03-13,0.151,0.634,4.0,4.6,weekday,8.8,35.0,0.0,0,0.324,0.0,0.046,0.0,0.129,0
2025-03-14,0.062,0.658,3.8,4.8,weekday,8.7,35.0,0.0,0,0.508,0.0,0.039,0.034,0.102,0
2025-03-15,0.166,0.065,4.2,3.6,holiday,7.7,35.0,0.0,0,0.748,0.378,0.513,0.564,0.408,0
2025-03-16,0.116,0.05,3.7,1.1,holiday,8.2,35.0,0.0,0,0.696,,0.543,0.459,0.438,0
2025-03-17,0.148,0.59,3.8,3.3,weekday,6.9,35.0,0.0,0,0.362,0.064,0.0,0.006,0.203,0
2025-03-18,0.118,0.719,4.7,4.8,weekday,6.8,35.0,0.0,0,0.454,0.0,0.0,,0.039,0
2025-03-19,0.23,0.689,8.0,5.6,weekday,7.6,34.0,1.0,0,0.433,0.219,0.311,0.276,0.07,1
2025-03-20,0.156,,5.2,2.5,weekday,6.3,33.2,0.0,0,0.422,0.106,0.11,,0.138,0
2025-03-21,0.152,0.656,3.8,3.9,weekday,7.0,32.4,0.0,0,0.497,0.051,0.0,0.0,0.108,0
2025-03-22,0.231,0.052,6.4,2.2,holiday,6.9,33.8,0.0,0,0.67,0.616,0.633,0.543,0.416,1
2025-03-23,0.098,0.165,2.8,0.3,holiday,7.3,32.4,0.0,0,0.643,0.41,0.479,0.457,0.452,0
2025-03-24,0.164,0.657,4.8,1.4,weekday,8.0,33.9,0.0,0,0.542,0.0,0.089,0.0,0.076,0
2025-03-25,0.201,0.599,5.9,4.3,weekday,6.2,31.8,0.0,0,0.502,0.0,0.0,0.042,0.093,0
2025-03-26,0.111,0.684,4.4,5.9,weekday,6.4,35.0,0.0,0,0.415,0.0,0.052,0.0,0.21,0
2025-03-27,0.148,0.623,5.8,1.3,weekday,5.6,32.6,0.0,0,0.486,0.0,0.013,0.006,0.049,1
2025-03-28,0.155,0.649,5.0,2.6,weekday,4.3,35.0,0.0,0,0.405,0.0,0.0,0.003,0.133,0
2025-03-29,0.161,0.038,4.8,1.1,holiday,6.3,35.0,0.0,0,0.586,0.357,0.566,0.553,0.396,1
2025-03-30,0.14,0.109,4.5,0.6,holiday,5.7,33.9,0.0,0,0.616,0.481,0.459,0.505,0.479,0
2025-03-31,0.205,0.678,5.3,2.2,weekday,4.2,35.0,0.0,0,0.437,0.0,0.032,0.022,0.08,1
2025-04-01,0.151,0.609,2.4,6.6,weekday,6.5,1.1,0.0,0,0.278,0.005,0.026,0.049,0.0,0
2025-04-02,0.196,0.733,6.2,4.4,weekday,3.7,0.0,0.0,0,0.547,0.0,0.056,0.037,0.08,1
2025-04-03,0.19,0.657,6.8,3.7,weekday,4.1,0.0,0.0,0,0.429,0.0,0.025,0.0,0.134,1
2025-04-04,0.118,0.707,3.7,2.3,weekday,3.9,0.8,0.0,0,0.341,0.053,0.006,0.021,0.095,0
2025-04-05,0.138,0.045,3.6,4.7,holiday,4.3,0.0,0.0,0,0.611,0.425,0.554,0.551,0.522,0
2025-04-06,0.2,0.12,6.9,9.0,holiday,4.4,0.0,0.0,0,0.682,0.386,0.545,0.482,,0
2025-04-07,0.18,0.785,5.2,6.0,weekday,4.1,0.0,0.0,0,0.609,0.056,0.0,0.124,0.032,0
2025-04-08,0.163,0.592,5.8,1.4,weekday,5.5,0.0,1.0,0,0.488,0.206,0.175,0.157,0.085,1
2025-04-09,0.157,0.714,5.4,3.8,weekday,3.3,0.2,0.0,0,,0.077,0.0,0.026,0.13,0
2025-04-10,0.275,0.589,7.4,2.6,weekday,3.5,0.3,0.0,0,0.409,0.0,0.0,0.0,,1
2025-04-11,0.582,0.587,6.6,5.0,weekday,4.0,0.3,0.0,1,0.337,0.072,0.129,0.067,0.033,1
2025-04-12,0.223,0.083,6.7,,holiday,2.9,0.0,0.0,0,0.686,0.365,0.612,0.521,0.455,0
2025-04-13,0.09,0.126,3.9,1.2,holiday,4.6,1.3,1.0,0,0.715,0.598,0.778,0.735,0.529,0
2025-04-14,0.203,0.585,6.2,8.3,weekday,3.6,0.0,0.0,0,0.409,0.048,0.0,0.0,0.18,1
2025-04-15,0.118,0.622,4.4,1.8,weekday,3.3,0.0,0.0,0,0.419,,,0.042,,0
2025-04-16,0.155,0.678,4.4,6.4,weekday,3.3,0.9,0.0,0,0.348,0.0,0.013,0.006,0.181,0
2025-04-17,0.132,0.704,5.4,0.5,weekday,3.5,0.0,0.0,0,0.568,0.09,0.073,0.0,0.072,0
2025-04-18,0.281,,7.2,6.7,weekday,3.2,1.4,0.0,0,0.403,0.206,0.0,0.0,,1
2025-04-19,0.252,0.049,7.9,1.0,holiday,1.7,0.1,0.0,0,0.747,0.422,0.65,0.497,0.499,1
2025-04-20,0.152,0.096,7.0,6.8,holiday,2.6,0.0,0.0,0,0.642,0.363,0.657,0.485,0.458,0
2025-04-21,0.238,0.657,6.1,11.2,weekday,2.6,0.0,0.0,0,0.474,0.0,0.034,0.084,0.113,0
2025-04-22,0.118,0.618,4.9,1.8,weekday,2.1,1.7,0.0,0,0.39,0.0,0.036,0.002,0.177,0
2025-04-23,0.177,0.686,5.8,4.8,weekday,3.7,0.0,0.0,0,0.28,0.0,0.0,0.014,0.078,1
2025-04-24,0.116,0.673,3.9,0.4,weekday,3.1,1.9,0.0,0,0.46,0.018,0.0,0.043,0.156,0
2025-04-25,0.166,0.689,5.1,0.7,weekday,2.8,1.8,0.0,0,0.443,0.039,0.0,0.0,0.157,0
2025-04-26,0.176,0.059,6.1,4.8,holiday,3.3,0.0,0.0,0,0.663,0.45,0.652,0.561,0.463,0
2025-04-27,0.19,0.158,6.2,5.8,holiday,2.7,0.0,0.0,0,0.654,0.493,0.641,0.541,0.536,0
2025-04-28,0.244,0.588,5.7,2.8,weekday,2.7,0.0,0.0,0,0.362,0.163,0.0,0.0,0.043,0
2025-04-29,0.223,0.663,5.6,3.8,weekday,3.3,0.0,0.0,0,0.61,0.013,0.0,0.0,0.165,1
2025-04-30,0.155,0.732,4.3,,weekday,2.2,0.9,0.0,0,0.471,0.042,0.0,0.05,0.211,0
2025-05-01,0.172,0.051,5.0,6.0,holiday,2.5,1.7,1.0,0,0.523,0.441,0.547,0.428,0.312,1
2025-05-02,0.225,0.115,7.5,1.1,holiday,2.6,0.0,0.0,0,0.593,0.183,0.281,0.288,0.237,0
2025-05-03,0.21,0.065,6.7,2.5,holiday,2.0,2.6,0.0,0,0.587,0.379,0.67,0.517,0.436,0
2025-05-04,0.11,0.1,4.0,2.0,holiday,1.7,0.0,0.0,0,,0.298,,0.456,0.476,0
2025-05-05,0.144,0.026,5.8,1.0,holiday,3.2,0.0,0.0,0,0.62,0.291,0.328,0.271,0.334,1
2025-05-06,0.177,0.039,6.4,7.9,holiday,3.7,0.0,0.0,0,0.581,,0.248,0.332,0.287,0
2025-05-07,0.175,0.072,6.4,0.4,holiday,3.1,3.4,0.0,0,0.524,0.199,0.269,0.166,0.264,0
2025-05-08,0.255,0.115,6.7,3.8,holiday,2.9,0.0,0.0,0,0.512,0.222,0.37,0.238,0.374,0
2025-05-09,0.213,,5.1,1.5,holiday,3.3,0.0,0.0,0,0.442,0.175,0.278,0.305,,1
2025-05-10,0.11,0.051,4.3,0.8,holiday,3.3,0.0,0.0,0,0.578,0.285,0.522,0.536,0.475,0
2025-05-11,0.324,0.078,8.9,0.9,holiday,3.1,1.4,0.0,0,0.707,0.45,0.533,0.661,0.471,1
2025-05-12,0.175,0.022,6.1,1.9,holiday,2.4,0.5,0.0,0,0.458,0.041,0.237,0.268,0.351,0
2025-05-13,0.182,0.129,6.2,4.0,holiday,3.1,0.6,0.0,0,0.455,0.329,0.418,0.3,0.316,0
2025-05-14,0.163,0.149,4.8,2.2,holiday,3.1,0.5,0.0,0,0.503,0.309,,0.284,0.286,0
2025-05-15,0.181,0.0,5.9,,holiday,2.7,0.0,0.0,0,0.527,0.193,0.273,0.202,0.265,0
2025-05-16,0.116,0.02,3.3,1.2,holiday,1.8,0.1,0.0,0,0.407,0.305,0.227,0.272,0.33,0
2025-05-17,0.209,0.146,5.7,4.9,holiday,3.6,0.0,,0,0.692,0.423,0.624,0.511,0.516,1
2025-05-18,0.138,0.167,5.6,3.4,holiday,2.9,0.7,0.0,0,0.753,0.328,0.55,0.556,0.452,0
2025-05-19,0.134,0.11,4.2,2.2,holiday,3.3,0.2,1.0,0,0.457,0.334,0.477,0.422,0.284,0
2025-05-20,,0.059,5.8,0.5,holiday,2.5,0.0,0.0,0,0.489,0.185,0.299,0.262,0.292,1
2025-05-21,0.089,0.052,3.7,3.0,holiday,1.9,0.2,0.0,0,0.532,0.161,0.259,0.323,0.311,0
2025-05-22,0.14,,5.0,4.8,holiday,2.3,0.0,0.0,0,0.511,0.105,0.322,0.188,0.289,0
2025-05-23,0.171,0.119,4.2,3.7,holiday,2.9,3.3,0.0,0,0.709,0.133,0.279,0.343,0.258,0
2025-05-24,0.256,0.123,6.6,5.3,holiday,3.2,0.0,0.0,0,0.694,0.4,0.57,0.459,0.46,0
2025-05-25,0.204,0.137,6.1,5.1,holiday,4.3,2.2,0.0,0,0.612,0.369,0.661,0.525,0.492,0
2025-05-26,0.23,0.044,7.5,0.4,holiday,2.8,3.3,0.0,0,0.604,0.171,,0.233,0.177,1
2025-05-27,0.067,0.049,3.1,0.4,,3.4,2.1,0.0,0,0.434,0.287,0.351,0.264,0.408,0
2025-05-28,0.095,0.063,1.9,1.9,holiday,4.3,0.0,0.0,0,0.469,0.211,0.344,0.211,0.376,0
2025-05-29,0.172,0.083,6.8,3.2,holiday,3.1,0.0,0.0,0,0.477,0.288,0.346,0.324,0.288,1
2025-05-30,0.136,0.105,4.1,0.4,holiday,3.6,0.0,0.0,0,0.621,0.231,0.225,0.201,0.209,0
2025-05-31,0.049,0.049,3.1,1.3,holiday,2.7,0.0,0.0,0,0.598,0.405,0.582,0.442,0.313,0
2025-06-01,0.17,0.069,4.4,1.8,holiday,4.7,0.0,0.0,0,0.578,0.416,0.603,0.524,0.367,0
2025-06-02,0.162,,4.5,3.5,weekday,4.9,0.8,0.0,0,0.233,0.021,0.005,0.0,0.122,0
2025-06-03,0.182,0.675,5.5,5.4,weekday,3.4,0.0,0.0,0,0.393,0.022,0.0,0.015,0.145,0
2025-06-04,0.14,0.61,5.8,3.1,weekday,4.5,0.0,0.0,0,0.414,0.0,0.0,0.062,0.023,0
2025-06-05,0.196,0.657,4.1,2.5,weekday,3.3,1.1,0.0,0,0.576,,0.0,0.0,0.164,0
2025-06-06,0.216,0.689,7.4,2.1,weekday,4.1,0.0,0.0,0,0.359,0.039,0.0,0.0,0.156,1
2025-06-07,0.112,0.09,2.6,1.5,holiday,4.1,0.0,0.0,0,0.745,0.206,0.573,,0.428,0
2025-06-08,0.265,0.097,6.0,19.8,holiday,3.1,0.0,0.0,0,0.698,0.338,0.643,0.51,0.419,1
2025-06-09,0.252,0.655,5.7,22.6,weekday,4.8,1.9,0.0,0,0.627,,0.073,0.0,0.145,1
2025-06-10,0.268,0.644,6.3,21.8,weekday,4.6,0.0,0.0,0,0.426,0.0,0.028,0.0,0.081,0
2025-06-11,,0.642,3.1,23.0,weekday,4.6,1.9,0.0,0,0.579,0.0,0.002,0.062,0.078,0
2025-06-12,0.39,,8.6,22.1,weekday,4.4,2.4,0.0,0,0.499,0.0,0.0,0.011,0.186,1
2025-06-13,0.268,0.617,5.4,24.2,weekday,4.9,0.0,0.0,0,0.453,0.0,0.045,0.0,0.117,1
2025-06-14,0.192,0.051,2.8,20.3,holiday,6.1,2.8,0.0,0,0.625,0.258,0.627,0.429,0.464,1
2025-06-15,0.223,0.177,6.0,23.3,holiday,4.8,0.0,0.0,0,0.649,0.301,0.498,0.439,0.489,0
2025-06-16,0.195,0.579,4.7,20.5,weekday,6.2,0.0,0.0,0,0.4,0.0,0.0,0.011,0.096,0
2025-06-17,0.211,0.517,5.4,19.3,weekday,5.2,1.4,0.0,0,0.375,0.0,,0.0,0.08,0
2025-06-18,0.18,0.626,4.8,18.8,weekday,5.8,0.0,0.0,0,0.356,0.07,0.061,0.0,0.119,0
2025-06-19,0.222,0.725,4.9,18.5,weekday,6.0,0.0,0.0,0,0.504,0.0,0.032,0.0,0.111,1
2025-06-20,0.283,0.66,6.5,20.8,weekday,6.4,0.4,0.0,0,0.488,0.0,0.0,0.049,0.074,1
2025-06-21,,0.052,4.5,22.1,holiday,6.4,0.9,0.0,0,0.653,0.347,0.624,0.501,0.422,0
2025-06-22,0.266,0.125,5.1,19.8,holiday,6.3,0.6,0.0,0,0.797,0.376,0.572,0.511,0.462,1
2025-06-23,0.259,0.649,6.7,20.9,weekday,5.6,0.0,1.0,0,0.476,0.124,0.225,0.212,0.041,1
2025-06-24,0.226,0.588,4.3,19.6,weekday,6.0,0.0,0.0,0,0.49,0.0,0.0,0.043,0.177,0
2025-06-25,0.18,0.666,3.6,22.2,weekday,6.8,0.3,0.0,0,0.428,0.0,0.0,0.0,0.185,0
2025-06-26,0.255,0.601,6.2,21.1,weekday,6.3,0.0,0.0,0,0.441,0.0,0.0,0.0,0.093,1
2025-06-27,0.235,,6.3,22.9,weekday,7.6,0.5,0.0,0,0.493,0.0,0.081,,0.069,1
2025-06-28,0.203,,5.4,21.5,holiday,7.6,0.0,0.0,0,0.797,0.291,0.586,0.573,0.434,0
2025-06-29,0.238,0.179,6.1,20.6,holiday,7.1,0.8,0.0,0,0.764,0.349,0.612,0.442,0.468,1
2025-06-30,0.302,0.635,6.9,23.5,weekday,7.1,0.0,0.0,0,0.405,0.0,0.0,0.048,0.069,1
2025-07-01,0.254,0.59,6.0,,weekday,7.5,1.8,0.0,0,0.44,0.0,0.054,0.046,0.096,1
2025-07-02,0.248,0.685,5.3,21.5,weekday,9.6,0.0,0.0,0,0.437,0.0,0.088,0.033,0.041,1
2025-07-03,0.307,0.572,6.1,22.0,weekday,8.5,0.0,0.0,0,0.47,0.011,0.0,0.03,0.138,1
2025-07-04,0.151,0.593,4.2,20.6,weekday,8.4,3.2,0.0,0,0.427,0.0,0.0,0.009,0.162,1
2025-07-05,0.193,0.153,4.6,19.0,holiday,7.5,0.7,0.0,0,0.676,0.439,0.629,0.536,0.449,1
2025-07-06,0.245,0.0,4.5,24.5,holiday,9.3,0.0,0.0,0,0.669,0.231,0.442,0.552,0.442,1
2025-07-07,0.3,0.604,7.0,20.6,weekday,10.5,4.5,0.0,0,0.468,0.0,0.053,0.0,,1
2025-07-08,0.224,0.597,3.9,23.2,weekday,9.7,0.0,0.0,0,0.415,0.0,0.009,0.0,,1
2025-07-09,0.273,0.622,6.2,18.5,weekday,9.5,0.0,0.0,0,,0.0,0.05,0.0,0.184,1
2025-07-10,0.195,0.641,4.1,20.1,weekday,9.6,0.0,0.0,0,0.426,0.0,0.0,0.0,0.086,1
2025-07-11,0.237,0.702,4.9,23.2,weekday,10.8,1.7,1.0,0,0.514,0.175,0.161,0.315,0.129,1
2025-07-12,0.153,0.085,3.4,20.9,holiday,9.5,0.0,0.0,0,0.834,0.244,,0.528,0.434,0
2025-07-13,0.271,0.087,6.2,20.5,holiday,10.6,0.0,0.0,0,0.662,0.465,0.632,0.523,0.39,0
2025-07-14,,0.678,7.5,19.5,weekday,10.8,0.0,0.0,0,0.503,0.0,0.0,0.0,0.048,1
2025-07-15,0.204,0.516,5.9,19.3,weekday,10.4,0.0,0.0,0,0.415,0.014,0.0,0.018,0.016,1
2025-07-16,0.191,0.641,4.9,20.8,weekday,10.2,4.4,,0,0.431,0.07,0.0,0.048,0.026,0
2025-07-17,0.367,0.539,6.8,26.2,weekday,11.1,0.0,0.0,0,0.423,0.0,0.047,0.022,0.104,1
2025-07-18,0.2,0.66,5.8,19.7,weekday,10.4,2.9,0.0,0,0.618,0.0,,0.071,0.041,1
2025-07-19,0.182,0.047,5.5,7.7,holiday,10.5,3.1,0.0,0,0.677,0.392,0.498,,0.431,0
2025-07-20,0.156,0.089,4.1,2.4,holiday,10.8,0.0,0.0,0,0.797,0.366,0.569,0.445,0.465,0
2025-07-21,0.135,0.667,3.9,3.5,weekday,12.9,1.2,1.0,0,0.408,,0.211,0.303,0.014,0
2025-07-22,0.233,0.732,4.9,7.1,weekday,12.4,0.0,0.0,0,0.584,0.128,0.025,0.015,0.029,0
2025-07-23,0.14,0.68,4.4,4.2,weekday,11.6,0.1,0.0,0,0.445,0.0,0.0,0.038,0.095,0
2025-07-24,0.212,0.573,6.5,1.7,weekday,12.1,1.1,0.0,0,0.396,0.0,0.0,0.094,0.138,0
2025-07-25,0.185,0.662,6.7,0.6,weekday,13.3,0.0,0.0,0,0.531,0.0,0.0,0.08,0.057,0
2025-07-26,0.122,0.066,3.3,4.9,holiday,13.2,0.6,0.0,0,0.504,0.481,0.61,0.571,0.481,0
2025-07-27,0.126,0.115,3.5,2.4,holiday,14.8,0.5,0.0,0,0.699,0.604,0.587,0.581,0.409,0
2025-07-28,0.183,0.655,5.3,4.1,weekday,12.7,0.0,0.0,0,0.503,0.0,0.0,0.128,0.0,0
2025-07-29,0.166,0.637,3.8,3.3,weekday,13.0,1.5,,0,0.37,0.029,0.03,0.028,0.0,0
2025-07-30,,0.6,3.6,0.7,weekday,12.5,2.3,0.0,0,0.42,0.059,0.0,0.234,0.025,0
2025-07-31,0.102,0.662,2.9,2.9,weekday,13.9,0.0,0.0,0,0.55,0.0,0.0,0.065,0.086,0
2025-08-01,0.313,0.025,10.0,10.4,holiday,11.0,0.0,0.0,0,0.554,0.091,0.301,0.244,0.298,1
2025-08-02,0.299,,7.6,17.5,holiday,14.4,0.5,0.0,0,0.722,0.366,0.737,0.511,0.422,1
2025-08-03,0.338,0.098,9.4,11.8,holiday,13.6,2.3,0.0,0,0.745,,0.604,0.53,0.433,1
2025-08-04,0.296,0.0,7.5,,holiday,14.9,2.9,0.0,0,,0.316,0.373,0.337,0.251,1
2025-08-05,0.288,,7.8,9.0,holiday,16.7,0.0,1.0,0,0.67,0.571,0.673,0.479,0.168,1
2025-08-06,,0.0,9.0,9.5,holiday,15.8,0.0,0.0,0,0.531,0.265,0.322,0.377,0.263,1
2025-08-07,0.239,0.0,7.8,17.9,holiday,15.5,0.0,0.0,0,0.401,0.243,0.264,0.244,0.275,1
2025-08-08,0.301,0.004,9.9,11.3,holiday,14.7,0.3,0.0,0,0.457,0.136,0.252,0.307,,1
2025-08-09,0.345,0.046,9.7,16.5,holiday,15.6,2.2,0.0,0,0.877,0.258,0.434,0.409,0.339,1
2025-08-10,0.329,0.042,9.2,11.5,holiday,16.1,0.0,0.0,0,0.527,0.437,0.635,0.521,0.33,1
2025-08-11,0.264,0.053,7.6,11.0,holiday,16.2,3.7,0.0,0,0.605,0.07,0.286,0.308,0.187,1
2025-08-12,0.261,0.144,5.7,11.3,holiday,16.4,0.0,0.0,0,0.495,0.243,0.293,0.306,0.207,1
2025-08-13,0.369,0.06,9.6,14.0,holiday,16.8,2.5,0.0,0,0.479,0.211,0.377,0.23,0.21,1
2025-08-14,0.286,0.102,8.1,12.1,holiday,17.0,1.9,0.0,0,0.683,0.306,0.299,0.292,0.142,1
2025-08-15,0.354,0.033,9.9,10.3,holiday,16.4,1.3,0.0,0,0.449,0.322,0.345,0.382,0.23,1
2025-08-16,0.398,0.078,9.9,12.1,holiday,17.4,0.0,0.0,0,0.692,0.575,0.564,0.545,0.378,1
2025-08-17,0.245,0.079,6.3,9.2,holiday,18.5,0.0,0.0,0,0.581,0.539,0.632,,0.35,1
2025-08-18,0.265,0.0,7.5,10.5,holiday,17.8,0.0,0.0,0,0.494,0.227,0.234,0.303,0.244,1
2025-08-19,0.311,0.089,9.1,10.3,holiday,17.0,0.5,0.0,0,0.603,0.24,0.344,0.301,0.154,1
2025-08-20,0.312,0.0,8.0,10.0,holiday,18.4,0.6,0.0,0,0.59,,0.34,0.318,0.211,0
2025-08-21,0.27,0.0,6.3,14.0,holiday,20.6,0.1,0.0,0,0.51,0.048,0.216,0.272,0.29,1
2025-08-22,0.306,0.033,7.2,19.8,holiday,17.6,2.6,0.0,0,0.435,0.267,0.293,0.338,0.199,1
2025-08-23,0.264,0.061,7.6,11.7,holiday,19.0,1.4,0.0,0,0.723,0.467,0.525,0.497,0.348,1
2025-08-24,0.369,0.0,10.4,,holiday,18.4,0.0,0.0,0,0.756,0.473,0.671,0.588,0.359,1
2025-08-25,0.387,0.037,10.3,9.5,holiday,18.8,1.6,0.0,0,0.661,0.156,0.245,0.261,,1
2025-08-26,0.261,0.131,6.1,11.4,holiday,20.0,0.0,0.0,0,0.584,0.199,0.385,0.27,0.155,1
2025-08-27,0.335,0.08,8.9,13.0,holiday,19.6,0.0,0.0,0,0.546,0.247,0.229,0.391,0.194,1
2025-08-28,0.303,0.032,8.4,13.3,holiday,18.8,0.0,0.0,0,0.603,0.12,0.254,,0.163,1
2025-08-29,0.275,,7.8,12.6,holiday,19.9,0.0,0.0,0,0.396,0.176,0.36,0.281,0.124,1
2025-08-30,0.392,0.067,9.7,13.4,holiday,21.0,0.8,0.0,0,0.725,0.387,0.563,0.577,0.36,1
2025-08-31,0.293,0.092,7.8,11.7,holiday,21.0,0.0,0.0,0,0.753,0.291,0.524,0.627,0.335,1
2025-09-01,0.297,0.591,9.8,9.6,weekday,21.6,0.0,0.0,0,0.235,0.0,0.0,0.038,0.073,1
2025-09-02,0.226,0.651,6.3,10.3,weekday,21.1,0.0,0.0,0,0.529,0.0,0.0,0.17,0.0,1
2025-09-03,0.369,0.617,11.3,15.4,weekday,20.6,0.0,1.0,0,0.42,0.267,0.263,0.311,0.0,1
2025-09-04,,0.704,6.3,11.0,weekday,21.1,0.1,0.0,0,0.38,0.0,0.0,0.122,0.0,0
2025-09-05,0.315,0.71,8.4,10.3,weekday,21.0,0.0,1.0,0,0.618,0.372,0.263,0.211,0.0,1
2025-09-06,0.274,0.061,8.2,10.7,holiday,22.8,2.1,0.0,0,0.568,0.604,0.655,0.609,0.35,1
2025-09-07,0.277,0.08,7.9,10.4,holiday,21.7,0.0,0.0,0,0.777,0.398,0.608,0.702,0.318,1
2025-09-08,0.349,0.638,9.0,17.5,weekday,21.5,0.0,0.0,0,0.518,0.11,0.015,0.0,0.0,1
2025-09-09,,0.64,6.4,9.9,weekday,23.3,0.8,0.0,0,0.416,0.05,0.0,0.074,,1
2025-09-10,0.319,0.638,8.3,12.1,weekday,21.8,0.0,0.0,0,0.359,0.163,0.0,0.079,0.0,1
2025-09-11,0.387,0.548,9.4,14.4,weekday,21.4,0.0,0.0,0,0.437,0.022,0.018,0.082,0.058,1
