date,beach_crowd_index,temperature_c,rail_ridership,holiday,rainfall_mm,wind_speed_mps,snowfall_cm,event_local_flag,typhoon_alert_flag,mobility_inflow_index,tourist_inflow_count,lodging_occupancy_ratio,temple_shrine_visits,onsen_visitors_count,snow_quality_index,ski_resort_visitors,y
2023-09-13,,23.4,0.674,weekday,14.0,9.1,1.7,0.0,0,0.468,0.128,0.066,0.133,,0.108,0.0,0.381
2023-09-14,0.0,23.0,0.641,weekday,16.3,7.9,0.0,0.0,0,0.423,0.06,0.034,0.068,0.0,0.05,0.0,0.372
2023-09-15,0.03,23.8,0.645,weekday,11.4,10.7,0.0,0.0,0,0.428,0.0,0.0,0.095,0.077,0.026,0.0,0.374
2023-09-16,0.387,24.8,0.025,holiday,13.1,8.2,0.7,0.0,0,0.608,0.568,0.586,0.638,0.369,0.026,0.173,0.255
2023-09-17,0.099,23.3,0.062,holiday,16.9,10.0,0.0,0.0,0,0.717,0.351,0.619,0.647,,0.06,0.173,0.318
2023-09-18,0.122,24.3,,weekday,13.4,9.2,0.0,0.0,0,0.411,0.14,0.0,0.151,0.035,0.067,0.0,0.435
2023-09-19,0.063,24.4,0.627,weekday,13.0,9.6,0.7,0.0,0,0.456,0.204,0.0,0.17,0.067,0.0,0.0,0.38
2023-09-20,0.054,24.6,0.653,weekday,17.1,8.9,2.3,0.0,0,0.463,0.0,0.0,0.045,0.059,0.127,0.092,0.386
2023-09-21,0.153,25.2,0.69,weekday,17.1,10.0,2.8,0.0,0,0.466,0.186,0.0,0.091,0.054,0.0,0.015,0.325
2023-09-22,0.023,24.7,0.597,weekday,21.5,8.8,0.0,0.0,0,0.396,0.063,0.0,0.179,0.0,0.0,0.0,0.324
2023-09-23,0.28,25.4,0.127,holiday,16.4,7.4,0.0,0.0,0,0.768,0.528,0.636,0.633,0.189,0.0,0.149,0.387
2023-09-24,0.264,25.1,,holiday,13.3,9.1,1.0,0.0,0,0.624,0.46,0.67,0.601,,0.0,0.138,0.274
2023-09-25,0.082,25.5,0.668,weekday,13.9,7.3,0.3,0.0,0,0.389,0.113,0.017,0.149,0.09,0.0,,0.382
2023-09-26,0.059,24.4,0.595,weekday,17.6,9.9,0.0,0.0,0,0.401,,0.019,0.049,0.0,0.013,0.0,0.346
2023-09-27,0.084,25.9,0.607,weekday,12.6,9.2,0.0,0.0,0,0.501,0.048,0.019,0.146,0.049,0.0,0.0,0.312
2023-09-28,0.098,25.3,0.682,weekday,12.8,8.1,2.7,0.0,0,0.335,0.0,0.021,0.018,0.0,0.0,0.0,0.378
2023-09-29,0.171,27.5,0.633,weekday,16.0,10.1,3.6,1.0,0,0.517,0.4,0.359,0.316,0.0,0.0,0.0,0.42
2023-09-30,0.394,25.3,0.05,holiday,12.4,10.4,2.2,0.0,0,0.591,0.556,0.559,,0.356,0.0,0.173,0.292
2023-10-01,0.361,25.5,0.127,holiday,,5.4,0.0,0.0,0,0.775,0.591,0.607,0.584,0.256,0.0,0.117,0.38
2023-10-02,0.097,26.0,0.667,weekday,4.7,5.5,0.3,0.0,0,0.33,0.049,0.041,0.173,0.0,0.146,0.138,0.396
2023-10-03,0.144,26.2,0.609,weekday,4.8,4.2,0.0,0.0,0,0.341,0.006,0.0,0.118,0.05,0.0,0.0,0.356
2023-10-04,0.148,25.8,0.622,weekday,3.9,4.9,0.0,0.0,0,,,0.046,0.111,0.0,0.0,,0.359
2023-10-05,0.126,26.8,0.622,weekday,3.9,5.3,2.2,0.0,0,0.481,0.011,0.0,0.064,0.009,0.026,0.049,0.412
2023-10-06,0.242,25.3,0.614,weekday,1.0,4.0,0.0,0.0,0,0.464,0.0,,0.082,0.0,,0.014,0.368
2023-10-07,0.587,27.4,0.057,holiday,0.9,6.2,0.4,0.0,0,0.512,0.585,0.657,,0.304,0.0,0.182,0.304
2023-10-08,0.435,26.3,0.201,holiday,2.6,7.0,0.0,0.0,0,0.694,0.454,0.54,0.607,0.365,0.02,0.202,0.371
2023-10-09,0.152,27.6,0.66,weekday,2.6,5.4,0.0,0.0,0,0.393,0.147,0.0,0.078,0.002,0.0,0.0,0.353
2023-10-10,0.07,28.5,0.797,weekday,7.5,5.7,0.0,0.0,0,0.457,0.076,0.0,0.124,0.044,0.0,0.0,0.447
2023-10-11,0.242,27.1,0.69,weekday,5.0,4.9,0.0,0.0,0,0.472,0.11,0.0,0.007,0.073,0.0,0.033,0.398
2023-10-12,0.168,28.3,0.702,weekday,0.8,6.6,0.0,0.0,0,0.483,0.074,0.015,0.098,0.0,0.0,0.091,0.445
2023-10-13,0.299,28.8,0.71,weekday,7.0,3.5,1.7,0.0,0,0.43,0.185,0.019,0.02,0.0,0.013,0.022,0.386
2023-10-14,0.364,27.6,0.04,holiday,6.4,1.4,2.0,0.0,0,0.552,,0.585,0.599,0.354,0.076,0.215,0.284
2023-10-15,0.567,28.3,0.133,holiday,1.9,3.3,0.0,0.0,0,0.542,0.59,0.462,0.558,0.382,,0.154,0.338
2023-10-16,0.313,27.5,0.611,weekday,2.4,4.5,0.0,0.0,0,0.496,0.009,0.0,0.114,0.0,0.0,0.013,0.352
2023-10-17,0.308,26.7,0.641,weekday,1.3,6.9,1.9,0.0,0,0.336,0.021,,0.045,0.0,0.0,0.0,0.422
2023-10-18,0.208,26.8,0.674,weekday,1.1,6.0,1.5,0.0,0,0.442,0.127,0.0,0.047,0.0,0.042,0.038,0.376
2023-10-19,0.314,27.8,0.671,weekday,3.3,5.7,0.0,0.0,0,0.452,0.178,0.0,0.066,0.0,0.0,,0.419
2023-10-20,0.308,26.8,0.736,,4.0,4.1,0.0,0.0,0,0.475,0.196,0.0,0.16,0.0,0.0,0.0,0.436
2023-10-21,0.471,29.1,0.081,holiday,3.5,5.1,2.4,0.0,0,0.492,,0.632,0.608,0.376,0.136,0.243,0.371
2023-10-22,0.483,29.1,0.09,holiday,3.4,5.8,1.1,0.0,0,0.579,0.447,0.61,0.63,0.35,0.0,0.128,0.385
2023-10-23,0.278,28.0,0.652,weekday,2.2,4.4,0.0,0.0,0,0.521,0.242,0.007,0.125,0.0,0.0,0.0,0.401
2023-10-24,0.245,27.6,0.651,weekday,3.5,4.4,0.0,0.0,0,0.421,0.08,0.0,0.073,0.0,0.0,0.0,0.376
2023-10-25,0.352,29.9,0.69,weekday,7.6,6.8,0.0,0.0,0,0.466,0.046,,0.11,0.0,0.011,0.0,0.429
2023-10-26,0.371,28.4,0.673,weekday,2.9,7.3,1.7,0.0,0,0.31,0.152,0.045,0.079,0.0,0.0,0.0,0.352
2023-10-27,0.195,29.4,0.609,weekday,5.5,3.4,0.0,0.0,0,0.404,0.073,0.018,0.084,0.0,0.027,0.053,0.317
2023-10-28,0.378,27.9,0.128,holiday,4.1,5.2,0.0,0.0,0,0.709,0.477,0.608,0.54,0.294,0.0,0.159,0.415
2023-10-29,0.64,27.4,0.058,holiday,2.1,3.0,1.9,1.0,0,0.659,0.737,,0.737,0.461,,0.18,0.366
2023-10-30,0.173,27.6,0.628,weekday,2.1,5.1,0.0,0.0,0,0.309,0.177,0.0,0.064,0.0,0.051,0.04,0.361
2023-10-31,,28.0,0.736,weekday,3.6,3.0,3.8,0.0,0,0.505,0.121,0.0,0.144,0.063,0.0,0.0,0.427
2023-11-01,0.382,27.9,0.685,weekday,2.5,7.7,0.0,0.0,0,0.396,0.078,0.105,0.104,0.0,0.05,0.054,0.407
2023-11-02,0.389,28.6,0.65,weekday,2.7,5.2,2.2,0.0,0,0.408,0.039,0.062,0.216,0.0,0.043,0.037,0.41
2023-11-03,0.319,28.7,0.697,weekday,1.3,6.3,0.9,0.0,0,,0.053,0.0,0.05,0.002,0.0,0.012,0.378
2023-11-04,0.52,28.8,0.102,holiday,2.6,6.5,0.2,0.0,0,0.807,0.561,0.598,0.566,0.41,0.028,0.183,0.413
2023-11-05,0.575,28.7,0.076,holiday,9.7,3.3,1.0,0.0,0,0.736,,0.638,0.582,0.291,0.039,,0.314
2023-11-06,0.351,29.7,0.606,weekday,2.0,5.5,4.7,0.0,0,0.318,0.048,,,0.033,0.002,0.0,0.363
2023-11-07,0.458,29.9,0.607,weekday,,6.1,0.1,0.0,0,0.449,0.132,0.0,0.142,0.0,,0.02,0.374
2023-11-08,0.248,28.8,0.594,weekday,1.8,5.9,0.0,0.0,0,0.333,0.049,0.042,0.084,0.043,0.0,0.0,0.372
2023-11-09,0.284,27.8,0.645,weekday,3.7,6.6,0.0,0.0,0,0.364,0.115,0.126,0.179,0.007,0.0,0.044,0.381
2023-11-10,0.371,28.2,0.771,weekday,1.7,3.3,0.0,0.0,0,0.489,0.181,0.0,0.179,,0.0,0.0,0.502
2023-11-11,0.553,29.9,0.036,holiday,2.8,5.7,0.0,0.0,0,0.836,0.446,0.608,0.653,0.295,0.0,0.212,0.4
2023-11-12,0.613,27.7,0.075,holiday,6.0,6.3,0.0,0.0,0,0.775,0.623,0.585,0.637,0.369,0.122,0.266,0.393
2023-11-13,0.327,27.4,0.694,weekday,2.2,4.2,0.4,,0,0.477,0.199,0.043,0.18,0.0,0.039,0.085,0.41
2023-11-14,0.287,29.0,0.623,weekday,7.9,5.6,0.0,0.0,0,0.356,0.272,0.011,0.071,0.037,0.0,0.024,0.361
2023-11-15,0.314,28.3,0.615,weekday,9.0,4.0,0.0,0.0,0,0.389,0.141,0.0,0.083,0.0,0.023,0.0,0.326
2023-11-16,0.214,27.9,0.719,weekday,3.8,6.3,0.0,,0,0.53,0.118,0.0,0.133,0.0,0.0,0.062,0.498
2023-11-17,0.355,28.0,0.644,weekday,1.2,5.6,0.0,0.0,0,0.32,0.169,0.08,0.02,0.064,0.031,0.002,0.404
2023-11-18,0.493,28.4,,holiday,7.7,7.4,0.0,0.0,0,0.699,0.523,0.644,0.561,,0.017,0.12,0.302
2023-11-19,0.442,28.4,0.134,holiday,2.5,6.7,3.8,0.0,0,0.77,0.53,0.599,0.573,0.379,0.058,0.264,0.335
2023-11-20,0.153,27.1,,weekday,3.2,8.3,0.0,0.0,0,0.509,0.17,0.037,0.048,0.04,0.01,0.02,0.425
2023-11-21,0.344,28.1,0.714,weekday,2.3,5.7,1.5,0.0,0,0.571,0.181,0.066,0.135,0.077,0.033,0.0,0.504
2023-11-22,0.127,27.0,0.57,weekday,4.2,6.7,0.1,0.0,0,0.302,0.225,0.043,0.111,0.019,0.0,,0.329
2023-11-23,0.182,26.8,0.634,weekday,2.1,6.4,0.0,0.0,0,0.355,0.076,0.03,0.087,0.028,0.06,0.015,0.337
2023-11-24,0.332,28.8,0.691,weekday,1.2,3.4,1.9,0.0,0,0.452,0.163,,0.058,0.055,0.0,0.008,0.464
2023-11-25,0.502,28.0,0.089,holiday,1.2,5.8,0.2,0.0,0,,0.398,0.558,0.585,0.363,0.032,0.146,0.364
2023-11-26,0.439,28.0,0.014,holiday,4.0,5.1,2.4,0.0,0,0.561,0.665,0.672,0.561,0.353,0.007,0.258,0.299
2023-11-27,0.245,28.2,0.694,weekday,1.3,6.0,0.0,0.0,0,0.485,0.233,0.014,0.127,0.0,0.011,0.0,0.384
2023-11-28,0.167,27.2,0.591,weekday,2.6,4.9,2.5,0.0,0,0.51,0.089,0.0,0.121,0.0,0.094,0.0,0.384
2023-11-29,0.318,27.8,0.607,weekday,5.3,7.3,2.4,0.0,0,0.453,0.118,0.0,0.096,0.031,0.0,0.0,0.347
2023-11-30,0.227,27.2,0.654,weekday,2.4,5.7,0.0,0.0,0,0.47,0.15,0.034,0.107,0.0,0.049,0.0,0.42
2023-12-01,0.421,27.4,0.103,holiday,2.3,5.7,2.0,0.0,0,0.567,0.47,0.338,0.408,0.141,0.001,0.02,0.355
2023-12-02,0.539,28.8,0.141,holiday,1.7,5.1,0.0,1.0,0,0.617,0.923,0.936,0.749,0.351,0.0,0.206,0.405
2023-12-03,0.563,27.4,0.084,holiday,1.4,4.7,1.1,0.0,0,0.604,0.484,0.629,0.658,0.378,0.0,0.161,0.355
2023-12-04,0.357,26.6,0.02,holiday,7.8,4.8,2.4,0.0,0,0.49,0.096,0.161,0.363,0.207,0.07,0.196,0.266
2023-12-05,0.468,27.5,0.098,holiday,1.1,4.2,1.8,0.0,0,0.671,0.367,0.308,0.394,0.185,0.004,0.122,0.374
2023-12-06,0.387,27.2,0.105,holiday,2.7,5.1,0.0,0.0,0,0.507,0.084,0.263,0.337,0.2,0.109,0.192,0.337
2023-12-07,0.431,28.1,0.095,holiday,3.6,4.1,0.5,0.0,0,0.502,0.299,,0.365,0.212,0.094,0.206,0.25
2023-12-08,0.296,25.2,0.049,holiday,2.0,4.3,2.8,0.0,0,0.579,,0.345,0.264,0.175,0.015,0.075,0.361
2023-12-09,0.438,26.3,0.058,holiday,2.8,5.1,0.0,0.0,0,0.722,0.701,0.621,0.653,,0.024,0.195,0.335
2023-12-10,0.386,26.1,0.15,holiday,2.3,5.0,0.7,0.0,0,0.774,0.601,0.623,0.621,0.4,0.0,0.238,0.413
2023-12-11,,25.6,0.122,holiday,,4.7,0.3,0.0,0,0.579,0.283,0.274,0.44,0.255,0.0,0.076,0.333
2023-12-12,0.38,27.5,0.058,holiday,0.3,5.1,0.0,0.0,0,0.506,0.297,0.226,0.383,0.077,,0.088,0.333
2023-12-13,,25.6,0.015,holiday,2.6,5.6,4.0,0.0,0,0.603,0.246,0.219,0.343,0.198,0.0,0.08,0.287
2023-12-14,0.268,26.9,0.078,holiday,2.5,6.4,1.9,0.0,0,0.463,0.423,0.364,0.425,0.11,0.022,0.121,0.297
2023-12-15,0.217,26.1,0.085,holiday,4.5,4.7,1.7,0.0,0,0.423,0.28,0.323,0.308,0.193,0.092,0.176,0.255
2023-12-16,0.444,27.1,0.112,holiday,2.4,5.7,0.0,0.0,0,0.497,0.558,0.687,0.624,0.304,0.0,0.215,0.38
2023-12-17,0.44,24.8,0.153,holiday,3.6,3.7,4.4,0.0,1,0.557,0.469,0.658,0.699,0.459,0.0,,0.368
2023-12-18,,26.8,0.125,holiday,0.6,2.8,0.0,0.0,0,0.576,0.244,0.375,0.293,0.165,0.045,0.112,0.383
2023-12-19,0.4,26.2,0.052,holiday,3.7,3.1,1.0,0.0,0,0.355,0.312,0.227,0.338,0.134,0.023,0.125,0.29
2023-12-20,0.325,25.6,0.007,holiday,5.5,4.3,0.0,0.0,0,0.615,0.38,0.301,0.346,0.139,0.0,0.092,0.297
2023-12-21,,24.8,0.051,holiday,6.8,3.8,0.0,0.0,0,0.513,0.303,0.403,0.36,,0.0,0.075,0.272
2023-12-22,0.355,25.2,0.003,holiday,2.0,6.0,0.0,0.0,0,0.484,0.331,0.282,0.393,0.147,0.0,0.057,0.267
2023-12-23,0.343,25.5,0.087,holiday,2.8,6.5,4.0,0.0,0,0.796,0.468,0.698,0.577,0.298,0.0,0.208,0.34
2023-12-24,0.272,26.2,0.053,holiday,6.7,4.7,3.5,0.0,0,0.424,0.546,0.663,0.62,0.391,0.027,0.155,0.309
2023-12-25,0.376,25.6,0.136,holiday,3.5,5.5,2.0,0.0,0,0.663,0.3,0.245,0.367,0.165,0.0,0.172,0.359
2023-12-26,0.175,24.4,0.059,holiday,6.7,7.0,2.7,0.0,0,0.702,0.221,0.396,0.302,0.188,0.001,0.05,0.323
2023-12-27,0.356,24.4,0.113,holiday,5.3,5.2,2.5,,0,0.611,0.46,0.327,0.354,0.166,0.038,0.144,0.346
2023-12-28,0.257,23.8,0.113,holiday,7.4,4.0,2.3,0.0,0,0.545,0.286,0.268,0.348,0.07,0.021,0.052,0.284
2023-12-29,0.27,23.7,0.066,holiday,3.1,4.1,4.3,0.0,0,0.527,0.328,0.358,0.296,0.068,0.124,0.102,0.295
2023-12-30,0.32,24.7,0.144,holiday,3.4,7.2,0.7,0.0,0,0.576,0.424,0.642,0.665,0.335,0.0,,0.338
2023-12-31,0.304,23.5,0.171,holiday,2.7,7.5,1.3,0.0,0,0.723,0.532,0.63,0.609,0.409,0.084,0.256,0.403
2024-01-01,0.221,23.6,0.105,holiday,1.2,4.4,0.6,0.0,0,0.62,0.215,0.288,0.359,0.161,0.133,0.155,0.294
2024-01-02,0.182,21.7,0.149,holiday,2.2,4.9,6.1,0.0,0,0.701,0.168,0.251,0.364,0.21,0.142,0.141,0.392
2024-01-03,0.223,23.6,0.0,holiday,4.1,5.9,5.5,0.0,0,0.473,0.222,0.325,0.331,0.21,0.071,0.161,0.249
2024-01-04,0.162,21.4,0.071,holiday,3.9,4.8,5.6,0.0,0,0.467,0.31,0.297,0.416,0.219,0.097,0.153,0.287
2024-01-05,0.16,22.8,0.092,holiday,2.8,5.1,2.7,0.0,0,0.674,,0.384,0.386,0.142,0.055,0.23,0.348
2024-01-06,0.242,24.1,0.033,holiday,5.5,5.7,0.8,0.0,0,0.729,0.586,0.616,0.634,,0.0,0.184,0.295
2024-01-07,0.29,21.1,0.065,holiday,7.0,6.5,1.6,1.0,0,0.75,0.698,0.871,0.815,0.319,0.082,0.181,0.408
2024-01-08,0.15,22.2,0.0,holiday,1.0,4.7,0.6,0.0,0,0.561,0.248,0.315,0.252,0.219,0.12,0.262,0.311
2024-01-09,0.156,20.0,0.014,holiday,,6.9,1.8,0.0,0,0.395,0.437,0.288,0.333,0.221,,0.176,0.27
2024-01-10,0.347,22.5,0.042,holiday,1.2,5.6,5.7,0.0,0,,0.334,0.317,0.291,0.082,,0.206,0.393
2024-01-11,0.113,21.3,0.084,holiday,1.6,6.5,1.5,0.0,0,0.538,0.13,0.279,0.308,0.267,0.139,0.203,0.325
2024-01-12,0.17,20.9,0.119,holiday,3.9,6.0,5.9,0.0,0,0.697,0.275,0.312,0.304,0.117,0.127,0.104,0.383
2024-01-13,0.226,20.4,0.103,holiday,2.8,6.4,8.4,0.0,0,0.521,0.408,0.575,0.547,0.379,0.26,0.369,0.296
2024-01-14,0.067,19.6,0.09,holiday,4.4,5.8,2.4,0.0,0,0.702,0.513,0.599,0.604,0.358,0.123,0.24,0.326
2024-01-15,0.263,22.2,0.119,holiday,2.2,3.9,5.5,0.0,0,0.695,,0.278,0.388,0.203,0.078,,0.381
2024-01-16,0.204,20.4,0.05,holiday,4.5,5.3,3.2,0.0,0,0.658,0.248,0.35,0.351,0.225,0.064,0.171,0.344
2024-01-17,0.039,19.8,0.091,holiday,9.5,4.6,5.9,0.0,0,0.589,0.256,0.263,0.24,0.179,0.084,0.158,0.313
2024-01-18,0.185,20.4,,holiday,8.5,4.5,2.7,0.0,0,0.517,0.154,0.339,0.322,0.172,0.146,0.192,0.352
2024-01-19,0.108,19.8,0.068,holiday,7.2,5.1,3.9,0.0,0,0.582,0.194,0.268,0.375,0.088,0.074,0.079,0.281
2024-01-20,0.244,19.4,0.134,holiday,3.8,6.4,1.7,0.0,0,0.766,0.526,0.494,0.602,0.438,0.108,0.228,0.391
2024-01-21,0.373,19.5,0.091,holiday,4.2,5.2,3.9,0.0,0,0.652,0.409,0.557,0.586,0.3,0.177,0.319,0.327
2024-01-22,0.0,18.8,0.102,holiday,0.6,4.3,2.9,0.0,0,0.563,0.236,0.319,0.295,0.266,0.19,0.237,0.363
2024-01-23,0.095,19.3,0.101,holiday,3.9,6.7,4.3,0.0,0,0.504,0.237,0.257,0.34,0.133,0.181,0.225,0.298
2024-01-24,0.003,18.7,0.0,holiday,3.7,6.7,0.4,1.0,0,0.493,0.498,0.578,0.461,0.169,0.201,0.184,0.321
2024-01-25,0.0,19.9,,holiday,5.3,8.3,1.4,,0,0.474,0.255,0.238,0.277,0.251,0.264,0.201,0.314
2024-01-26,0.028,18.5,0.071,holiday,3.3,5.2,3.7,0.0,0,0.608,0.147,0.243,0.285,0.188,0.162,0.219,0.31
2024-01-27,0.303,18.6,0.032,holiday,3.3,3.7,3.1,0.0,0,0.601,0.424,0.656,0.626,0.376,0.237,0.387,0.311
2024-01-28,0.156,17.2,,holiday,1.2,4.9,4.4,1.0,0,0.596,0.657,0.838,0.692,0.385,0.268,0.391,0.428
2024-01-29,0.176,18.6,0.076,holiday,3.0,6.2,4.5,0.0,0,0.553,0.263,0.335,0.278,0.267,0.234,0.301,0.278
2024-01-30,0.237,17.6,0.039,holiday,6.0,4.2,6.0,1.0,0,0.496,0.44,0.578,0.582,0.208,0.248,0.273,0.375
2024-01-31,0.0,18.1,0.223,holiday,1.0,6.9,3.9,0.0,0,0.51,0.256,0.261,0.286,0.139,0.209,0.154,0.35
2024-02-01,0.073,17.8,0.619,weekday,0.9,5.2,4.6,0.0,0,0.431,0.149,0.0,0.054,0.02,0.171,0.071,0.431
2024-02-02,0.0,17.1,0.625,weekday,10.9,4.5,5.0,0.0,0,0.385,0.0,0.034,0.078,0.101,0.25,0.081,0.335
2024-02-03,0.279,17.0,,holiday,5.0,5.7,6.2,0.0,0,0.613,0.366,0.55,0.581,0.364,0.22,0.314,0.23
2024-02-04,0.157,18.4,0.193,holiday,4.8,5.9,2.4,0.0,0,0.73,0.608,0.612,0.499,0.34,0.172,0.318,0.403
2024-02-05,0.0,15.9,0.621,weekday,1.3,8.1,3.8,0.0,0,0.35,0.087,0.013,0.089,0.0,0.285,0.121,0.336
2024-02-06,0.0,16.9,0.708,weekday,1.9,5.1,1.6,0.0,0,0.397,0.012,0.071,0.047,0.103,0.237,0.17,0.437
2024-02-07,0.0,17.3,0.698,weekday,6.1,6.5,5.0,0.0,0,0.553,0.0,0.054,0.082,0.076,0.257,0.216,0.463
2024-02-08,0.0,15.9,0.704,weekday,4.5,4.5,5.8,0.0,0,0.391,0.0,0.001,0.028,0.0,0.229,0.094,0.462
2024-02-09,0.0,16.9,0.634,weekday,2.8,5.8,3.1,0.0,0,0.366,0.07,0.032,0.087,0.049,0.16,0.045,0.389
2024-02-10,0.166,14.9,0.1,holiday,2.2,5.5,0.4,0.0,0,,0.52,0.577,0.546,0.281,0.164,0.281,0.346
2024-02-11,0.0,15.6,0.16,holiday,4.1,4.7,3.9,0.0,0,0.704,0.333,0.58,0.51,,0.292,0.335,0.346
2024-02-12,0.0,14.2,0.731,weekday,5.2,4.9,3.5,0.0,0,0.408,0.047,0.053,0.096,0.0,0.257,0.124,0.424
2024-02-13,0.0,15.7,0.588,weekday,5.3,3.6,5.7,0.0,0,0.339,0.0,0.024,0.093,0.0,0.273,0.131,0.305
2024-02-14,0.0,14.2,0.609,weekday,4.0,4.9,5.8,0.0,0,0.427,,0.0,0.102,0.094,0.367,0.245,0.38
2024-02-15,0.0,15.4,0.65,weekday,4.5,4.5,6.7,0.0,0,0.47,0.036,0.0,0.0,0.018,0.286,0.171,0.387
2024-02-16,,15.0,0.631,weekday,2.7,7.7,4.4,0.0,0,0.33,0.186,0.04,0.074,0.0,0.315,0.197,0.322
2024-02-17,0.218,14.3,0.145,holiday,1.9,4.1,8.0,0.0,0,0.732,0.328,0.572,0.561,0.381,0.357,0.412,0.386
2024-02-18,0.062,14.2,0.077,holiday,2.8,4.0,3.9,0.0,0,0.717,0.403,0.588,0.586,0.437,0.344,0.383,0.359
2024-02-19,0.0,12.2,0.686,weekday,8.5,5.4,2.0,0.0,0,0.42,0.0,0.057,0.077,0.087,0.328,0.136,0.357
2024-02-20,0.107,13.3,0.554,weekday,4.1,3.3,4.0,1.0,0,0.391,0.205,0.251,0.204,0.191,0.373,0.119,0.387
2024-02-21,0.0,13.0,0.675,weekday,5.1,4.6,7.1,0.0,0,0.305,0.088,0.09,0.0,0.019,0.363,0.183,0.372
2024-02-22,0.0,13.9,0.706,weekday,2.0,4.8,7.7,,0,0.611,0.091,0.039,0.062,0.013,0.343,0.169,0.467
2024-02-23,0.0,12.4,0.593,weekday,5.2,2.5,8.0,0.0,0,0.442,0.0,0.107,0.096,0.076,0.443,0.187,0.32
2024-02-24,0.023,11.8,0.081,holiday,2.5,5.1,1.8,0.0,0,,0.42,0.608,0.507,0.445,0.366,0.376,0.346
2024-02-25,0.001,12.6,0.113,holiday,5.7,6.7,5.7,0.0,0,,0.411,,0.555,,0.336,0.376,0.383
2024-02-26,0.0,11.8,0.618,weekday,2.7,5.7,4.3,0.0,0,0.353,0.019,0.0,0.156,0.015,0.305,0.239,0.348
2024-02-27,0.0,12.4,0.665,weekday,4.8,4.8,4.8,0.0,0,0.365,0.0,0.006,0.0,0.042,0.342,0.178,0.371
2024-02-28,0.0,12.6,0.706,weekday,1.6,4.8,9.0,0.0,0,0.513,0.0,0.0,0.0,0.075,0.399,0.253,0.481
2024-02-29,0.0,10.8,0.608,weekday,4.7,5.7,2.3,0.0,0,0.376,0.052,0.0,0.0,0.096,0.335,0.203,0.374
2024-03-01,0.0,12.9,,weekday,5.8,6.6,5.6,,0,0.344,0.0,0.007,0.019,0.072,0.368,0.165,0.361
2024-03-02,0.075,12.4,0.135,holiday,1.2,6.0,5.4,0.0,0,0.775,0.317,0.583,0.48,0.387,0.373,0.387,0.378
2024-03-03,0.055,10.6,0.091,holiday,1.2,6.1,5.7,1.0,0,0.679,0.747,0.799,0.782,0.456,0.519,0.444,0.426
2024-03-04,0.0,11.3,0.612,weekday,9.5,5.0,3.5,0.0,0,0.469,0.0,0.065,0.116,0.054,0.385,0.189,0.36
2024-03-05,0.0,10.8,0.695,weekday,2.3,5.5,3.5,0.0,0,0.478,0.0,0.002,0.025,0.125,0.42,0.212,0.41
2024-03-06,,12.1,0.523,weekday,7.0,5.3,3.7,0.0,0,0.386,0.059,0.016,0.0,0.188,0.315,0.037,0.31
2024-03-07,0.0,10.5,0.642,weekday,1.1,6.4,5.9,0.0,0,0.519,0.007,0.019,0.083,0.07,0.496,0.257,0.397
2024-03-08,,11.6,0.62,weekday,3.8,8.0,7.1,0.0,0,0.516,0.162,0.073,0.014,0.044,0.368,0.137,0.42
2024-03-09,0.0,10.0,0.093,holiday,4.1,5.9,5.5,0.0,0,0.745,0.409,0.552,0.578,0.475,0.38,0.483,0.392
2024-03-10,0.087,9.9,0.077,holiday,3.8,4.7,6.4,0.0,0,0.678,0.194,0.524,0.621,0.517,0.488,0.43,0.391
2024-03-11,0.0,10.8,0.604,weekday,4.8,5.5,6.4,0.0,0,0.461,0.002,0.0,0.053,0.064,0.422,0.222,0.357
2024-03-12,0.0,9.6,0.725,weekday,4.8,5.7,7.0,0.0,0,0.42,0.007,0.0,0.0,0.034,0.418,0.197,0.451
2024-03-13,0.0,11.5,0.592,weekday,2.4,3.1,3.9,0.0,0,0.461,0.045,,0.039,0.214,0.334,0.198,0.426
2024-03-14,0.0,10.0,0.682,weekday,2.7,5.4,3.1,1.0,0,0.491,0.207,0.135,0.163,0.069,0.416,0.198,0.462
2024-03-15,0.0,9.9,0.692,weekday,,4.7,3.7,0.0,0,0.459,0.0,0.003,0.0,0.047,0.496,0.237,0.43
2024-03-16,0.053,9.4,0.047,holiday,,6.5,8.7,0.0,0,0.616,0.39,0.609,,0.382,0.456,0.41,0.378
2024-03-17,0.05,9.8,0.088,holiday,1.1,7.5,5.4,0.0,0,0.719,0.21,0.558,0.579,0.419,0.413,0.469,0.406
2024-03-18,0.0,8.8,0.718,weekday,,5.3,8.5,0.0,0,0.36,0.132,0.057,0.009,0.002,0.572,0.362,0.435
2024-03-19,0.0,9.8,,weekday,2.8,5.3,4.2,1.0,0,0.391,0.194,0.197,0.194,0.111,0.413,0.252,0.45
2024-03-20,0.0,8.6,0.636,weekday,7.7,3.2,4.9,0.0,0,0.548,,0.023,0.026,0.143,0.505,0.218,0.439
2024-03-21,0.0,8.2,0.662,,6.6,5.8,4.5,0.0,0,0.378,0.115,0.055,0.063,0.131,0.419,0.157,0.367
2024-03-22,0.0,7.8,0.657,weekday,6.0,4.8,6.2,0.0,0,0.4,0.078,0.027,0.037,0.128,0.547,0.245,0.386
2024-03-23,0.156,8.8,0.1,holiday,1.9,5.4,6.2,0.0,0,0.707,0.316,0.567,0.483,0.374,0.497,0.386,0.327
2024-03-24,,9.1,0.028,holiday,5.8,4.9,2.3,0.0,0,0.62,0.383,0.565,0.586,0.452,0.479,0.477,0.268
2024-03-25,0.0,8.1,0.723,weekday,1.6,4.3,6.1,0.0,0,0.51,0.0,0.0,0.0,0.129,0.541,0.289,0.455
2024-03-26,0.0,7.2,0.642,weekday,1.2,4.9,3.7,0.0,0,0.441,0.0,0.0,0.041,0.145,0.624,0.331,0.365
2024-03-27,0.0,7.2,0.738,weekday,0.9,4.5,4.6,0.0,0,0.635,,0.0,0.0,0.073,0.518,0.301,0.521
2024-03-28,0.0,8.0,0.691,weekday,3.4,4.3,6.7,0.0,0,0.445,0.017,0.016,0.023,0.066,0.43,0.156,0.384
2024-03-29,0.0,6.5,0.642,weekday,1.8,3.7,3.2,0.0,0,0.346,0.0,0.0,0.0,0.023,0.535,0.274,0.371
2024-03-30,0.103,6.8,0.089,holiday,0.9,5.9,5.5,0.0,0,0.61,0.477,0.649,0.394,0.462,0.459,0.43,0.285
2024-03-31,0.067,7.0,0.107,holiday,1.1,7.4,7.1,0.0,0,0.583,0.38,0.588,0.47,0.477,0.578,0.506,0.287
2024-04-01,0.0,6.3,0.68,weekday,1.5,7.0,0.0,0.0,0,,0.017,0.005,0.078,0.103,0.561,,0.394
2024-04-02,0.0,5.5,,weekday,,5.3,0.9,0.0,0,0.47,0.0,0.013,0.045,0.124,0.53,0.299,0.366
2024-04-03,0.037,6.8,0.596,weekday,1.1,4.0,0.0,0.0,0,0.385,0.011,0.011,0.0,0.22,0.406,0.226,0.321
2024-04-04,0.0,5.7,0.658,weekday,1.3,5.0,0.0,,0,0.432,,0.002,0.0,0.139,0.489,0.23,0.411
2024-04-05,0.0,5.8,0.651,weekday,4.3,8.0,0.0,0.0,0,0.274,0.0,0.0,0.05,0.125,,0.315,0.353
2024-04-06,0.085,6.1,0.123,holiday,1.2,4.5,0.0,0.0,0,0.577,0.502,0.577,0.596,0.408,0.511,0.384,0.372
2024-04-07,0.0,5.0,0.08,holiday,6.2,3.7,1.2,0.0,0,0.659,0.409,0.641,0.478,0.456,0.627,0.504,0.336
2024-04-08,0.046,7.2,0.625,weekday,1.8,4.7,2.2,0.0,0,0.487,0.013,0.002,0.0,0.085,0.482,,0.381
2024-04-09,0.0,5.2,0.676,weekday,9.8,6.6,0.0,0.0,0,0.342,0.0,0.0,0.0,0.057,0.371,0.177,0.379
2024-04-10,0.0,5.0,0.713,weekday,1.5,6.3,0.0,0.0,0,0.469,0.0,,0.0,0.166,0.599,0.264,0.429
2024-04-11,0.0,5.8,0.702,weekday,1.4,5.6,0.0,0.0,0,0.571,0.0,0.038,0.0,0.163,0.514,0.25,0.447
2024-04-12,0.0,5.3,0.64,weekday,4.1,4.6,0.8,0.0,0,0.297,0.0,0.02,0.066,0.131,0.42,0.255,0.366
2024-04-13,0.277,5.1,0.046,holiday,1.2,3.5,0.0,0.0,1,0.697,0.454,0.649,0.421,0.473,0.507,0.447,0.332
2024-04-14,0.071,6.1,0.039,holiday,1.2,6.6,0.0,,0,0.735,0.52,0.637,0.402,0.406,0.583,0.557,0.376
2024-04-15,0.0,4.8,0.625,weekday,4.7,5.1,2.4,0.0,0,0.385,0.0,0.033,0.0,0.103,0.59,0.338,0.324
2024-04-16,0.0,4.9,,weekday,1.7,5.8,0.0,0.0,0,0.372,0.0,0.058,0.001,0.134,0.519,0.249,0.453
2024-04-17,0.0,6.6,0.645,weekday,2.4,5.0,0.9,0.0,0,0.448,0.0,0.002,0.022,0.035,,0.259,0.398
2024-04-18,0.0,4.5,0.586,,2.4,6.1,0.7,0.0,0,0.478,0.0,,0.006,0.201,,0.289,0.347
2024-04-19,0.0,5.2,0.671,weekday,2.5,4.9,0.0,0.0,1,0.394,0.0,0.0,0.063,0.1,0.529,0.268,0.429
2024-04-20,0.09,3.9,0.076,holiday,6.2,6.3,0.0,0.0,0,0.687,0.23,0.607,0.571,0.388,0.507,0.459,0.326
2024-04-21,0.03,6.3,0.099,holiday,,6.1,0.0,0.0,0,0.932,0.297,0.601,0.445,0.468,0.452,0.456,0.433
2024-04-22,0.0,5.3,0.705,weekday,2.4,5.4,0.0,0.0,0,0.41,0.025,0.0,0.017,0.011,,0.242,0.367
2024-04-23,0.0,4.9,0.604,,5.2,3.4,1.3,0.0,0,0.496,0.0,0.0,0.0,0.085,0.492,0.193,0.391
2024-04-24,0.0,5.8,0.803,weekday,1.3,4.6,0.0,0.0,0,0.348,0.0,0.0,0.0,0.026,0.499,0.301,0.453
2024-04-25,0.0,5.3,0.691,weekday,4.6,5.6,1.0,0.0,0,0.491,0.0,0.077,0.0,0.096,0.446,0.187,0.404
2024-04-26,0.0,3.5,0.638,weekday,1.6,4.0,1.5,0.0,0,0.54,0.01,0.0,0.0,0.181,0.533,0.331,0.442
2024-04-27,0.213,3.4,0.135,holiday,3.0,4.0,3.2,0.0,0,0.726,0.35,0.582,0.436,0.484,0.594,0.505,0.345
2024-04-28,0.111,6.4,0.061,holiday,5.5,4.2,2.3,0.0,0,0.618,0.374,0.586,0.53,0.512,0.462,0.436,0.261
2024-04-29,0.0,5.5,0.603,weekday,9.1,5.3,0.0,0.0,0,0.575,,0.0,0.0,0.104,0.515,0.337,0.381
2024-04-30,0.0,4.5,0.735,weekday,6.1,6.4,0.8,0.0,0,0.46,0.017,0.0,0.0,0.098,0.578,0.324,0.444
2024-05-01,0.0,3.7,0.027,holiday,2.9,6.7,1.7,1.0,0,0.487,0.433,0.513,0.449,0.323,0.64,0.432,0.38
2024-05-02,0.021,3.9,0.079,holiday,1.6,4.5,0.4,0.0,0,,0.146,0.277,,0.259,0.595,0.499,0.382
2024-05-03,0.028,3.8,0.092,holiday,,6.2,0.2,0.0,0,0.445,0.128,0.283,0.15,0.236,0.617,0.421,0.264
2024-05-04,0.059,4.8,0.121,holiday,1.9,6.5,0.0,0.0,0,0.656,0.234,0.517,,0.452,0.492,0.507,0.382
2024-05-05,0.215,3.5,0.132,holiday,2.1,1.7,0.2,0.0,0,0.633,0.163,0.58,0.452,0.484,0.607,0.52,0.371
2024-05-06,,6.0,0.139,holiday,3.2,5.6,1.8,0.0,0,0.556,0.231,0.325,0.253,0.238,0.566,0.449,0.389
2024-05-07,0.029,4.0,0.085,holiday,2.8,5.3,0.0,0.0,0,0.589,,0.32,0.238,0.294,0.447,0.381,0.341
2024-05-08,0.001,3.7,0.1,holiday,3.6,3.1,1.3,0.0,0,0.764,0.094,0.236,0.248,0.318,0.537,0.364,0.381
2024-05-09,0.0,4.5,0.135,holiday,6.3,7.6,3.0,0.0,0,0.561,0.135,0.344,0.248,,0.569,0.36,0.337
2024-05-10,0.0,4.0,0.0,holiday,7.7,5.0,0.0,0.0,0,0.574,0.089,0.332,0.206,0.322,0.531,0.454,0.287
2024-05-11,0.109,4.2,0.16,holiday,1.2,7.4,0.0,0.0,0,0.561,0.374,0.597,0.501,0.446,0.557,0.478,0.359
2024-05-12,0.049,4.4,0.072,holiday,2.4,5.2,2.0,0.0,0,0.701,0.349,0.534,0.515,0.437,,0.455,0.376
2024-05-13,0.0,4.3,0.136,holiday,4.8,7.9,1.0,0.0,0,0.577,0.151,0.248,0.278,0.325,0.5,0.367,0.415
2024-05-14,0.0,5.1,0.005,holiday,3.7,6.5,0.6,0.0,0,0.553,0.212,0.319,0.341,,0.488,0.414,0.254
2024-05-15,0.0,4.3,0.18,holiday,2.9,3.4,0.6,0.0,0,0.524,0.211,,0.103,0.283,0.552,,0.365
2024-05-16,0.0,4.4,0.0,holiday,2.4,4.6,0.0,0.0,0,0.437,0.165,0.239,0.3,0.22,0.493,0.389,0.269
2024-05-17,0.09,5.5,0.085,holiday,2.9,5.8,0.7,0.0,0,0.54,,0.239,0.364,0.208,0.531,0.392,0.348
2024-05-18,0.194,5.1,0.178,holiday,2.5,3.2,0.0,0.0,0,0.726,0.499,0.693,0.471,0.436,0.422,0.439,0.398
2024-05-19,0.117,4.1,0.103,holiday,3.2,5.2,0.0,1.0,0,0.767,0.647,0.807,0.683,0.534,,0.442,0.411
2024-05-20,0.0,4.9,0.067,holiday,4.8,6.4,0.0,0.0,0,0.558,0.109,0.333,0.234,0.223,,0.322,0.244
2024-05-21,0.103,4.5,0.146,holiday,3.0,4.9,0.0,0.0,0,0.564,0.228,0.25,0.285,0.259,0.439,0.279,0.372
2024-05-22,0.0,4.2,0.09,holiday,1.9,6.3,0.1,0.0,0,0.641,0.045,0.305,0.208,0.363,0.544,0.423,0.379
2024-05-23,0.053,5.3,0.15,holiday,4.8,5.8,0.0,0.0,0,0.462,0.081,0.165,0.344,0.3,0.519,0.36,0.328
2024-05-24,0.0,6.1,0.148,holiday,3.1,5.7,0.0,0.0,0,0.409,0.211,0.356,0.354,,0.479,0.329,0.307
2024-05-25,,5.0,0.188,holiday,3.5,5.6,1.6,1.0,0,0.582,0.652,0.851,0.762,0.406,0.55,0.483,0.365
2024-05-26,0.0,6.6,0.015,holiday,,4.0,0.0,0.0,0,0.57,0.36,0.523,0.531,0.408,0.484,0.464,0.218
2024-05-27,0.049,5.2,0.099,holiday,8.3,2.1,0.0,0.0,0,0.644,0.275,0.316,0.184,,0.523,0.34,0.307
2024-05-28,0.0,5.7,0.108,holiday,2.4,3.6,2.7,1.0,0,0.521,0.348,0.447,,0.32,0.497,0.345,0.364
2024-05-29,0.0,4.4,0.113,holiday,2.8,3.1,0.0,0.0,0,0.566,0.046,0.237,0.342,0.313,0.523,0.401,0.323
2024-05-30,0.0,5.5,0.047,holiday,6.5,3.2,0.6,0.0,0,,0.17,0.307,0.335,0.269,0.501,0.365,0.293
2024-05-31,0.003,5.7,0.057,holiday,0.8,6.8,1.4,0.0,0,0.553,0.149,0.35,0.204,0.324,0.479,0.321,0.298
2024-06-01,0.112,6.1,0.069,holiday,1.8,3.7,0.4,0.0,0,0.677,0.349,0.581,0.522,0.41,0.496,0.463,0.391
2024-06-02,0.193,4.2,0.116,holiday,3.3,6.2,0.3,0.0,1,0.625,0.417,0.625,0.542,0.437,0.557,0.492,0.337
2024-06-03,0.0,5.4,0.542,weekday,4.0,5.0,1.3,0.0,0,0.313,0.0,0.0,0.0,0.091,0.511,0.308,0.317
2024-06-04,0.0,7.2,0.632,weekday,3.9,7.0,1.0,0.0,0,0.538,0.0,0.028,0.067,,0.464,0.261,0.362
2024-06-05,0.0,5.6,0.712,weekday,5.3,6.1,2.2,0.0,0,0.361,0.0,0.0,0.008,0.119,0.558,0.294,0.418
2024-06-06,0.0,4.6,0.713,weekday,2.4,5.3,0.0,0.0,0,0.477,0.01,0.0,0.04,0.124,0.451,0.287,0.402
2024-06-07,0.0,7.0,0.641,weekday,3.6,5.6,2.7,0.0,0,0.455,0.0,0.042,0.009,0.049,0.536,0.252,0.346
2024-06-08,0.062,7.2,0.01,holiday,21.7,4.8,0.0,0.0,0,0.636,0.486,0.578,0.558,0.413,0.411,0.361,0.235
2024-06-09,0.099,7.1,,holiday,19.3,3.5,1.4,0.0,0,0.662,0.207,0.564,0.566,0.373,0.504,0.45,0.33
2024-06-10,0.0,5.4,0.799,weekday,21.4,4.8,0.9,,0,0.495,0.0,0.049,0.0,0.101,0.406,0.152,0.391
2024-06-11,0.0,5.6,0.59,weekday,20.2,2.6,0.0,0.0,0,0.459,0.0,0.046,0.0,0.163,0.462,0.197,0.354
2024-06-12,,7.3,0.659,weekday,20.7,6.3,0.0,0.0,0,0.427,0.0,0.006,0.07,0.07,0.367,0.218,0.34
2024-06-13,0.0,7.6,0.687,weekday,21.9,3.5,0.0,1.0,0,0.38,0.089,0.218,0.239,0.142,0.446,0.24,0.387
2024-06-14,0.0,6.9,0.552,weekday,26.3,3.6,0.0,1.0,0,0.453,0.161,0.305,0.228,0.155,0.404,0.149,0.405
2024-06-15,0.0,5.7,0.159,holiday,18.9,6.2,0.0,0.0,0,0.756,0.318,0.525,0.524,0.479,0.429,0.349,0.329
2024-06-16,0.0,7.3,0.072,holiday,19.7,7.1,0.0,,0,0.629,0.594,0.848,0.739,0.479,0.385,0.335,0.3
2024-06-17,0.0,7.1,0.649,weekday,21.9,4.0,0.0,0.0,0,0.472,0.0,0.019,0.044,0.055,0.38,0.128,0.387
2024-06-18,0.0,6.7,0.626,weekday,18.8,4.6,1.0,0.0,0,0.566,0.0,0.025,0.0,0.131,0.439,0.207,0.412
2024-06-19,0.0,8.3,0.565,weekday,20.8,1.3,0.0,1.0,0,0.354,0.112,0.137,0.298,0.083,0.337,0.06,0.363
2024-06-20,0.0,8.0,0.661,weekday,21.9,4.3,0.0,0.0,0,0.4,0.0,0.005,0.115,0.005,0.421,0.168,0.363
2024-06-21,0.0,7.3,0.609,weekday,23.2,3.0,5.0,0.0,0,0.51,0.0,0.0,0.0,0.085,0.437,0.204,0.396
2024-06-22,0.0,7.1,0.088,holiday,22.9,5.9,0.5,0.0,0,0.638,,0.552,0.446,0.486,0.422,0.447,0.284
2024-06-23,0.016,7.5,0.125,holiday,18.8,4.6,0.0,0.0,0,0.712,0.434,0.595,0.545,0.379,0.341,0.386,0.365
2024-06-24,0.0,7.1,0.677,weekday,25.0,6.0,0.9,0.0,0,0.425,0.0,0.0,0.0,0.1,0.483,0.115,0.327
2024-06-25,0.0,9.0,0.738,weekday,18.5,6.6,2.5,0.0,0,0.509,0.0,0.058,0.095,0.079,0.35,,0.41
2024-06-26,0.0,11.0,0.607,weekday,19.3,4.9,0.0,0.0,0,0.381,0.0,0.0,0.0,0.132,0.341,0.163,0.317
2024-06-27,,10.2,0.638,weekday,20.2,4.2,0.0,0.0,0,0.337,0.0,,0.0,0.155,0.243,0.022,0.352
2024-06-28,0.0,9.2,0.694,weekday,23.1,5.1,2.2,0.0,0,0.44,0.0,0.0,,0.088,0.346,0.199,0.355
2024-06-29,0.006,8.3,0.057,holiday,23.6,4.7,2.2,0.0,0,0.715,0.374,0.51,0.441,0.495,0.347,0.385,0.309
2024-06-30,0.0,9.7,0.008,holiday,26.9,6.9,1.0,0.0,0,0.53,0.366,0.635,0.463,0.419,0.243,0.329,0.198
2024-07-01,0.0,9.9,,weekday,20.1,5.2,1.8,0.0,0,0.458,0.0,0.042,0.084,0.105,0.409,0.224,0.32
2024-07-02,0.0,9.1,0.607,weekday,19.5,3.7,4.0,1.0,0,0.419,0.097,0.16,0.19,0.083,0.43,0.169,0.371
2024-07-03,0.0,8.7,,weekday,19.8,8.1,1.2,0.0,0,0.512,0.0,0.075,0.033,0.059,0.405,0.22,0.345
2024-07-04,0.0,11.1,0.644,weekday,20.8,4.4,0.0,1.0,0,0.352,0.228,0.18,0.336,0.067,0.285,0.124,0.363
2024-07-05,0.0,10.7,0.648,weekday,19.6,6.2,1.7,0.0,0,0.466,0.0,0.055,0.096,0.02,0.338,0.157,0.395
2024-07-06,0.0,11.6,0.082,holiday,21.7,5.4,0.0,0.0,0,0.557,0.395,0.597,0.562,0.492,0.283,0.212,0.258
2024-07-07,0.0,10.5,0.139,holiday,21.4,5.3,0.0,1.0,0,0.697,0.633,0.822,0.759,0.44,0.323,0.272,0.41
2024-07-08,0.0,12.2,0.63,weekday,22.2,5.2,0.0,0.0,0,0.509,0.0,0.055,0.118,,0.273,0.105,0.4
2024-07-09,0.0,10.0,0.694,weekday,19.4,4.2,0.0,0.0,1,0.403,0.0,0.06,0.01,0.113,0.387,0.272,0.444
2024-07-10,0.0,12.0,0.679,weekday,21.2,4.9,2.3,0.0,0,0.484,0.0,0.0,0.03,0.035,0.302,0.046,0.374
2024-07-11,0.0,11.8,0.603,weekday,21.7,5.5,0.0,0.0,0,0.358,0.001,0.027,0.027,0.059,0.268,0.171,0.291
2024-07-12,0.0,11.5,0.683,weekday,18.7,6.0,0.0,0.0,0,0.308,0.101,0.0,0.012,0.11,0.326,0.185,0.388
2024-07-13,0.0,11.8,0.113,holiday,22.8,6.6,3.1,0.0,0,,,0.509,,0.451,0.29,0.236,0.324
2024-07-14,0.045,12.2,0.055,holiday,19.8,4.7,0.9,0.0,0,0.715,0.34,0.574,0.47,,0.329,0.38,0.346
2024-07-15,0.0,11.0,0.646,weekday,22.3,3.8,0.0,0.0,0,0.305,0.0,0.036,0.007,0.116,0.366,0.146,0.31
2024-07-16,0.0,12.7,0.66,weekday,22.4,2.9,0.0,0.0,0,0.386,0.0,0.058,0.0,0.038,0.257,0.182,0.361
2024-07-17,0.0,11.8,0.603,weekday,21.2,4.3,0.0,0.0,0,0.52,0.0,,0.063,0.039,0.288,0.12,0.333
2024-07-18,0.0,13.1,0.585,weekday,,6.2,2.0,1.0,0,0.554,0.232,0.205,0.257,0.042,0.254,0.026,0.414
2024-07-19,0.0,14.0,0.566,weekday,23.2,6.0,1.1,0.0,0,0.491,0.0,0.005,0.047,0.0,0.297,0.0,0.367
2024-07-20,0.0,12.2,0.116,holiday,19.6,4.6,0.0,0.0,0,0.807,0.278,0.46,0.586,0.383,,0.354,0.344
2024-07-21,,14.2,0.074,holiday,5.6,6.1,0.3,0.0,0,0.641,0.372,0.514,0.563,0.375,0.219,0.314,0.342
2024-07-22,,14.3,0.632,weekday,9.9,4.5,4.0,0.0,0,0.371,0.006,0.0,0.0,0.008,0.381,0.187,0.371
2024-07-23,0.0,13.8,0.71,weekday,5.5,4.8,0.0,0.0,0,0.585,0.121,0.0,0.0,0.119,0.29,0.157,0.444
2024-07-24,0.0,14.8,,weekday,5.2,4.8,0.0,0.0,0,0.523,0.045,0.029,0.0,0.059,0.232,0.067,0.456
2024-07-25,0.0,14.9,0.657,weekday,2.9,3.3,0.0,0.0,0,0.404,0.138,0.036,0.106,0.059,,0.111,0.385
2024-07-26,0.0,13.9,0.692,weekday,0.9,2.3,0.0,0.0,0,0.38,0.013,0.014,0.107,0.063,0.238,0.028,0.371
2024-07-27,0.076,14.9,0.143,holiday,5.3,5.6,0.0,0.0,0,0.783,0.553,0.639,0.603,0.355,0.209,,0.388
2024-07-28,0.139,13.2,,holiday,6.7,7.9,0.0,0.0,0,0.682,,0.564,0.519,0.371,0.319,0.488,0.443
2024-07-29,0.0,14.8,0.652,weekday,2.7,5.2,0.8,0.0,0,0.485,0.076,0.0,0.103,0.0,,0.101,0.373
2024-07-30,0.0,14.9,0.718,weekday,1.4,3.9,0.9,0.0,0,0.517,0.0,0.0,0.1,0.072,0.229,0.177,0.426
2024-07-31,0.0,15.5,0.656,weekday,3.2,3.4,0.0,0.0,0,0.478,0.035,0.039,0.096,0.022,0.192,0.089,0.433
2024-08-01,0.025,15.7,0.082,holiday,12.9,8.9,0.1,0.0,0,0.509,0.152,,,0.212,0.258,,0.342
2024-08-02,0.0,16.5,0.05,holiday,15.6,8.6,0.0,0.0,0,0.561,0.196,0.368,0.36,0.234,0.172,0.204,0.279
2024-08-03,0.074,16.0,0.091,holiday,11.5,8.5,0.0,0.0,0,0.74,0.391,0.609,0.635,0.432,0.224,0.3,0.4
2024-08-04,0.0,15.4,0.059,holiday,17.4,8.0,0.0,0.0,0,0.609,0.467,0.676,0.575,0.35,0.224,0.277,0.289
2024-08-05,0.0,16.2,0.018,holiday,12.8,8.4,0.9,0.0,0,0.457,0.156,0.292,,0.281,0.248,0.198,0.249
2024-08-06,0.0,16.2,0.017,holiday,13.5,7.3,0.0,0.0,0,0.524,,0.344,0.364,0.174,0.178,0.247,0.273
2024-08-07,0.0,16.3,0.0,holiday,21.2,10.9,0.0,0.0,0,0.528,0.204,0.204,0.31,0.226,,0.086,0.223
2024-08-08,0.01,17.7,0.019,holiday,13.8,8.5,0.1,0.0,0,0.443,0.259,0.32,0.321,0.208,0.13,0.169,0.216
2024-08-09,0.0,16.9,0.006,holiday,12.7,9.0,0.0,0.0,0,0.424,0.173,0.277,0.317,0.177,0.09,0.156,0.192
2024-08-10,0.185,16.3,0.05,holiday,13.9,9.2,0.0,0.0,0,0.795,0.355,0.521,,0.32,0.16,0.242,0.332
2024-08-11,0.076,18.1,0.039,holiday,11.1,9.1,0.0,0.0,0,0.671,,0.695,0.459,0.37,0.17,0.351,0.331
2024-08-12,0.0,18.6,0.009,holiday,12.3,7.5,0.5,0.0,0,0.579,0.313,,0.312,0.247,0.208,0.128,0.285
2024-08-13,0.024,17.8,0.1,holiday,13.3,10.3,0.0,0.0,0,0.505,0.166,0.228,0.273,0.182,0.205,0.195,0.323
2024-08-14,0.032,18.5,,holiday,16.4,6.3,0.0,0.0,0,0.588,0.234,0.257,0.348,,0.193,0.19,0.256
2024-08-15,,18.6,0.065,holiday,13.5,8.1,0.3,0.0,0,0.444,0.347,0.326,0.379,,0.093,0.095,0.264
2024-08-16,0.0,17.2,0.054,holiday,17.0,9.7,0.6,0.0,0,0.633,0.281,0.299,0.333,0.119,0.147,0.156,0.336
2024-08-17,0.093,18.5,0.023,holiday,13.5,4.6,0.2,1.0,1,0.652,0.651,0.821,0.786,0.385,0.102,0.151,0.377
2024-08-18,0.108,19.0,0.083,holiday,12.8,9.8,2.0,0.0,1,0.669,0.515,0.714,0.597,0.329,,0.262,0.357
2024-08-19,0.067,19.2,0.007,holiday,17.1,10.4,1.9,0.0,0,0.566,0.19,0.254,0.244,0.12,,,0.225
2024-08-20,0.0,18.6,0.073,holiday,12.4,10.1,1.5,0.0,0,0.522,0.294,0.31,0.35,0.137,0.136,,0.277
2024-08-21,0.0,19.0,0.131,holiday,14.7,9.9,1.8,1.0,0,0.518,0.342,0.464,0.473,0.191,0.151,0.097,0.38
2024-08-22,0.0,20.2,0.112,holiday,16.8,7.9,0.4,0.0,0,0.574,0.35,0.417,0.194,0.211,0.106,0.15,0.365
2024-08-23,0.004,19.4,0.081,holiday,15.0,9.0,0.0,0.0,0,0.663,0.305,0.345,0.295,0.216,0.177,0.228,0.303
2024-08-24,0.058,19.3,0.035,holiday,17.5,8.6,0.0,0.0,0,0.664,0.53,0.486,0.588,0.277,0.135,0.221,0.337
2024-08-25,0.051,18.9,0.009,holiday,,9.7,1.7,0.0,0,0.648,0.465,0.695,0.605,0.329,0.151,0.353,0.305
2024-08-26,0.058,20.8,0.035,holiday,,8.9,0.0,0.0,0,0.513,0.22,0.33,0.321,0.242,0.143,0.165,0.302
2024-08-27,0.043,21.3,0.106,holiday,13.2,9.3,0.0,0.0,0,0.601,0.212,0.331,0.337,0.158,0.058,0.098,0.319
2024-08-28,0.137,20.9,0.063,holiday,12.5,8.0,1.1,0.0,0,0.598,0.204,0.178,,0.105,0.126,0.08,0.259
2024-08-29,0.0,21.6,0.101,holiday,11.7,9.9,0.0,0.0,0,0.702,,0.413,0.343,0.177,0.055,0.072,0.28
2024-08-30,0.0,20.0,0.0,holiday,12.5,10.1,0.0,0.0,0,0.574,0.182,0.301,0.296,0.186,,0.173,0.258
2024-08-31,,20.6,0.134,holiday,11.1,9.6,0.0,0.0,0,0.642,0.425,0.556,0.56,0.387,0.052,0.286,0.365
2024-09-01,0.081,20.0,0.067,holiday,14.4,8.7,2.0,0.0,0,0.672,0.537,0.684,0.609,0.377,0.086,0.191,0.323
2024-09-02,0.0,21.8,0.637,weekday,12.9,14.0,0.0,0.0,0,0.467,0.098,0.07,0.09,0.0,0.09,0.015,0.435
2024-09-03,0.165,22.4,0.659,weekday,16.8,6.9,2.3,0.0,0,0.457,0.135,0.066,0.053,0.0,0.009,0.0,0.383
2024-09-04,0.0,23.5,0.638,weekday,15.5,8.7,0.4,0.0,0,0.448,0.05,0.012,0.118,0.0,0.0,0.0,0.36
2024-09-05,,22.9,0.581,weekday,,10.1,0.5,1.0,0,0.371,0.389,0.227,0.188,0.0,0.0,,0.342
2024-09-06,0.0,22.5,0.653,weekday,15.6,9.3,0.9,0.0,0,0.519,0.0,0.0,0.105,0.073,0.068,0.02,0.403
2024-09-07,0.259,22.6,0.18,holiday,12.1,9.0,0.2,1.0,0,0.773,0.856,,0.834,0.334,0.081,0.239,0.394
2024-09-08,0.244,21.8,0.06,holiday,14.7,11.1,0.4,0.0,0,0.789,0.416,0.646,0.605,0.332,0.164,0.216,0.368
2024-09-09,0.053,23.5,0.581,weekday,12.4,8.5,0.0,0.0,0,0.461,0.05,0.0,0.044,0.014,0.034,0.0,0.36
2024-09-10,0.0,23.2,0.66,weekday,13.4,12.2,0.0,0.0,0,0.452,0.057,0.0,0.108,0.0,0.0,0.0,0.389
2024-09-11,0.051,23.6,0.67,weekday,13.3,8.4,0.0,0.0,0,0.447,0.05,0.156,0.082,0.0,0.015,0.0,0.422
2024-09-12,0.147,24.6,0.704,weekday,13.0,8.5,1.1,0.0,0,0.449,0.089,0.0,0.089,0.0,0.032,0.0,0.422
2024-09-13,0.015,23.6,0.605,weekday,16.6,8.3,0.0,0.0,0,0.287,0.047,0.0,0.083,0.0,0.18,0.141,0.283
2024-09-14,0.245,23.9,0.024,holiday,12.9,10.4,0.0,0.0,0,0.549,0.491,0.586,0.564,0.231,,0.201,0.279
2024-09-15,0.295,23.0,0.117,holiday,13.5,7.9,1.6,0.0,0,0.765,0.525,0.594,0.558,0.394,0.0,0.218,0.342
2024-09-16,0.167,25.4,0.716,weekday,12.4,8.9,0.0,0.0,0,0.423,0.073,0.016,0.16,0.0,0.0,0.0,0.376
2024-09-17,0.049,24.2,0.645,weekday,13.2,9.6,0.0,0.0,1,0.468,0.045,0.042,0.151,0.0,0.086,0.0,0.355
2024-09-18,0.119,23.9,0.691,weekday,13.5,10.1,0.0,0.0,0,0.45,0.122,0.0,,0.031,0.0,0.0,0.36
2024-09-19,0.067,24.7,0.558,weekday,14.4,9.3,0.0,0.0,0,,0.161,0.075,0.069,0.0,0.0,0.0,0.328
2024-09-20,0.0,24.2,0.645,weekday,11.3,10.4,0.0,0.0,0,,0.237,0.025,0.091,0.03,0.043,0.032,0.409
2024-09-21,0.319,24.4,0.051,holiday,12.6,6.2,0.1,0.0,1,0.656,0.504,0.632,0.496,0.405,0.031,0.269,0.307
2024-09-22,0.345,26.1,0.1,holiday,11.9,10.0,0.5,0.0,0,,0.498,0.655,0.623,0.27,0.067,0.177,0.393
2024-09-23,0.025,25.2,0.663,weekday,13.8,10.9,3.6,0.0,0,0.425,0.183,0.068,0.029,0.054,0.0,0.0,0.396
2024-09-24,0.017,23.9,0.65,weekday,18.9,8.1,0.0,0.0,0,,0.0,0.006,0.107,0.0,0.0,0.0,0.381
2024-09-25,0.042,26.3,0.589,weekday,,9.6,4.2,1.0,0,0.494,0.392,0.296,,0.0,0.0,0.0,0.394
2024-09-26,0.081,25.2,0.644,weekday,13.4,6.7,0.0,0.0,1,0.537,,0.0,0.18,0.008,0.0,0.0,0.344
2024-09-27,0.092,26.6,0.68,weekday,13.5,8.3,0.0,0.0,0,0.441,0.071,0.0,,0.03,0.0,0.015,0.419
2024-09-28,0.37,26.3,0.165,holiday,10.9,9.6,0.0,0.0,0,0.746,0.505,0.615,0.608,0.408,0.0,0.195,0.341
2024-09-29,0.198,25.9,0.086,holiday,13.8,10.7,3.0,0.0,0,0.824,0.575,0.682,0.705,0.384,0.047,0.214,0.362
2024-09-30,0.09,26.0,0.616,weekday,17.6,9.9,0.4,0.0,0,0.353,0.081,0.115,0.154,0.0,0.0,0.023,0.313
2024-10-01,0.214,26.6,0.634,weekday,3.4,5.8,0.0,0.0,0,0.307,0.0,0.0,0.085,0.004,0.018,0.014,0.346
2024-10-02,0.286,26.0,0.613,weekday,3.1,2.6,0.0,0.0,0,0.4,0.119,0.016,0.099,0.098,0.0,0.0,0.304
2024-10-03,0.212,25.7,0.565,weekday,0.9,6.8,3.0,0.0,0,,0.096,0.0,0.081,0.073,0.015,0.041,0.349
2024-10-04,0.21,26.8,0.659,weekday,1.6,6.5,0.8,0.0,0,0.534,0.044,0.0,0.13,0.0,0.047,0.0,0.388
2024-10-05,0.509,27.7,0.073,holiday,7.4,5.6,0.0,0.0,0,0.651,0.536,0.599,0.573,0.365,0.0,0.157,0.413
2024-10-06,0.367,27.8,0.096,holiday,4.6,5.8,0.0,0.0,0,0.733,0.475,0.655,0.592,0.408,0.0,0.164,0.312
2024-10-07,0.315,26.1,0.642,weekday,3.2,7.0,0.0,0.0,0,0.408,0.009,0.0,0.151,,0.083,0.0,0.413
2024-10-08,0.257,26.5,0.629,weekday,2.1,4.9,0.0,0.0,0,0.416,0.218,0.037,0.069,0.0,0.015,0.023,0.342
2024-10-09,0.383,28.6,0.647,weekday,2.4,4.3,0.0,0.0,0,0.514,0.185,,0.099,0.0,0.054,0.058,0.366
2024-10-10,0.202,27.0,0.58,weekday,3.2,5.2,2.4,0.0,0,0.467,0.14,0.0,0.112,0.085,0.077,0.033,0.418
2024-10-11,0.166,26.8,0.65,weekday,4.9,8.9,1.5,0.0,0,0.59,0.187,0.0,0.166,0.0,0.014,,0.452
2024-10-12,0.419,27.9,0.097,holiday,6.6,4.0,1.0,0.0,0,0.637,0.534,0.619,0.656,0.353,0.0,0.235,0.335
2024-10-13,,26.6,0.145,holiday,2.4,5.6,0.0,,1,0.757,0.46,0.63,0.541,0.324,0.0,0.198,0.46
2024-10-14,0.324,30.2,0.684,weekday,3.7,4.9,0.8,0.0,0,0.33,0.033,,0.118,0.041,0.0,0.004,0.407
2024-10-15,0.161,28.3,,weekday,2.7,4.8,1.3,0.0,0,0.371,0.144,0.0,0.067,0.039,0.0,0.0,0.325
2024-10-16,0.131,27.7,0.621,weekday,4.3,3.4,0.0,0.0,0,0.553,0.176,0.0,0.099,0.0,0.029,0.0,0.42
2024-10-17,0.165,28.3,0.66,weekday,7.5,5.7,0.0,0.0,0,0.334,0.192,0.052,0.042,0.091,,0.0,0.352
2024-10-18,0.36,26.0,0.618,weekday,5.7,6.4,0.0,1.0,0,0.469,0.342,0.299,0.323,0.004,,0.0,0.383
2024-10-19,0.45,27.5,0.016,holiday,7.4,6.8,0.3,0.0,0,0.653,0.511,0.6,0.658,0.308,0.01,0.18,0.309
2024-10-20,,29.5,0.073,holiday,4.5,3.4,0.0,0.0,0,0.684,0.463,0.637,0.538,0.336,0.0,0.204,0.347
2024-10-21,,28.7,0.632,weekday,7.8,4.8,2.3,0.0,0,0.396,,0.047,0.139,0.0,0.051,0.0,0.347
2024-10-22,0.185,29.0,0.683,weekday,1.3,5.2,0.7,0.0,0,0.456,0.179,0.0,0.044,0.0,0.0,0.083,0.43
2024-10-23,0.253,27.5,0.647,,1.0,6.5,0.0,0.0,0,0.458,0.067,0.031,0.101,0.014,0.0,0.04,0.372
2024-10-24,0.259,26.5,0.642,weekday,4.7,7.0,0.0,0.0,0,0.458,0.114,0.03,0.194,0.0,0.0,0.018,0.381
2024-10-25,0.095,27.0,0.686,weekday,4.6,5.7,0.9,0.0,0,0.394,0.226,,0.0,0.001,0.0,0.02,0.39
2024-10-26,0.545,29.3,0.12,holiday,3.9,4.0,0.0,0.0,0,0.567,0.574,0.618,0.629,0.304,0.0,0.199,0.338
2024-10-27,0.54,28.7,0.175,holiday,4.7,4.9,0.0,0.0,0,0.81,0.402,0.544,0.612,0.318,0.001,0.151,0.402
2024-10-28,0.307,28.5,0.652,weekday,1.0,6.4,2.9,0.0,0,,0.157,0.0,0.154,0.0,0.051,0.0,0.476
2024-10-29,0.373,28.5,0.593,weekday,0.5,4.1,0.0,0.0,0,0.349,0.297,0.0,0.105,0.094,0.0,0.045,0.389
2024-10-30,0.249,28.9,0.626,weekday,,3.3,0.0,0.0,0,0.309,0.12,0.0,0.14,0.0,0.0,0.0,0.295
2024-10-31,0.369,29.4,0.735,weekday,2.2,5.6,0.9,0.0,0,,0.206,0.078,0.141,0.0,0.006,0.0,0.428
2024-11-01,0.397,28.5,0.772,weekday,3.6,5.7,0.0,0.0,0,0.631,0.118,0.055,0.149,0.0,0.0,0.0,0.51
2024-11-02,0.479,30.2,0.128,holiday,,6.2,0.9,0.0,0,0.657,0.519,0.567,0.614,0.414,0.0,0.178,0.328
2024-11-03,0.477,28.0,0.097,holiday,8.8,6.1,0.0,1.0,0,0.461,0.749,0.828,0.832,0.32,0.014,0.269,0.328
2024-11-04,0.318,28.2,0.703,weekday,1.1,6.4,0.0,0.0,0,0.526,0.183,0.042,0.163,0.0,0.0,0.019,0.478
2024-11-05,0.39,28.7,0.624,weekday,,4.5,0.0,0.0,0,0.359,0.249,0.045,0.213,0.0,0.0,,0.371
2024-11-06,0.341,29.0,0.62,weekday,7.7,5.3,0.0,0.0,0,0.411,0.222,0.0,0.091,0.0,0.0,0.011,0.38
2024-11-07,0.329,28.3,0.681,weekday,5.8,6.8,0.0,0.0,0,0.403,0.084,0.0,0.112,0.053,0.0,0.0,0.38
2024-11-08,0.296,28.1,0.645,weekday,4.5,4.1,0.4,0.0,0,0.333,,0.022,0.026,0.026,0.0,0.056,0.422
2024-11-09,0.449,28.3,0.094,holiday,1.2,5.7,2.5,0.0,0,0.579,0.619,,0.64,0.354,0.0,0.185,0.314
2024-11-10,0.32,27.4,0.177,holiday,1.1,6.7,0.1,0.0,0,0.584,0.621,0.621,0.576,0.308,0.0,0.146,0.385
2024-11-11,0.263,28.7,0.666,weekday,2.6,5.4,0.0,0.0,0,,0.137,0.105,0.112,0.057,0.008,0.0,0.463
2024-11-12,0.361,28.5,0.646,weekday,2.0,5.0,0.0,0.0,0,0.34,0.16,0.007,0.058,0.015,,0.0,0.356
2024-11-13,0.328,27.3,0.602,weekday,5.9,4.1,0.1,0.0,0,0.278,0.147,0.0,0.082,0.0,0.003,0.126,0.377
2024-11-14,0.431,29.5,0.718,weekday,3.5,6.6,1.9,0.0,0,0.446,0.111,0.056,0.219,0.006,0.012,0.0,0.436
2024-11-15,0.252,27.6,0.602,weekday,4.5,4.3,0.0,0.0,0,0.397,0.166,0.0,0.097,0.0,0.0,0.0,0.318
2024-11-16,0.469,26.8,0.08,holiday,0.6,5.1,0.0,0.0,0,0.586,0.413,0.648,0.497,0.314,0.0,0.22,0.349
2024-11-17,0.463,27.6,0.078,holiday,5.4,3.9,3.5,0.0,0,0.753,0.616,0.666,0.634,0.303,0.0,0.177,0.324
2024-11-18,0.454,27.9,0.653,weekday,2.0,4.9,0.0,1.0,0,0.581,0.335,0.285,0.287,0.006,0.0,0.018,0.45
2024-11-19,0.257,27.8,0.683,weekday,0.6,3.4,2.1,0.0,0,0.421,0.033,0.0,0.036,0.046,0.061,0.062,0.438
2024-11-20,0.238,27.5,0.642,weekday,4.7,5.0,2.5,0.0,0,0.507,0.015,0.0,0.153,0.0,0.021,0.0,0.439
2024-11-21,0.237,28.9,0.614,weekday,5.8,5.2,0.0,0.0,0,0.434,0.0,0.0,0.0,0.0,0.0,0.015,0.333
2024-11-22,0.355,28.3,0.622,weekday,2.5,3.5,0.6,0.0,0,0.48,0.0,0.0,0.149,0.074,0.07,0.038,0.446
2024-11-23,0.49,28.1,0.058,holiday,3.9,5.0,2.9,0.0,0,0.767,0.469,0.61,,0.358,0.0,0.171,0.307
2024-11-24,0.472,27.1,0.13,holiday,,4.3,0.0,0.0,0,0.603,0.578,0.625,0.638,0.312,0.0,,0.341
2024-11-25,0.312,27.1,0.719,weekday,4.6,5.7,1.2,0.0,0,,,0.122,0.089,0.028,,0.0,0.343
2024-11-26,0.335,27.7,0.628,weekday,2.8,6.2,1.5,0.0,0,0.387,0.176,0.073,,0.0,0.084,0.078,0.34
2024-11-27,0.241,27.8,0.67,weekday,,4.9,0.0,0.0,0,0.338,0.077,0.046,0.127,0.054,0.0,0.0,0.331
2024-11-28,0.279,28.5,0.602,weekday,3.0,5.1,0.0,0.0,0,0.504,0.0,0.009,0.136,0.0,0.0,0.115,0.405
2024-11-29,0.21,27.9,0.7,weekday,1.6,6.7,0.0,0.0,0,0.416,0.055,0.071,0.077,,0.017,0.046,0.484
2024-11-30,0.494,28.6,0.031,holiday,3.9,5.0,0.1,0.0,0,0.781,0.62,0.629,0.575,0.318,0.005,0.217,0.342
2024-12-01,0.455,26.4,0.095,holiday,3.5,4.9,3.0,0.0,0,0.7,0.487,0.513,0.551,0.4,0.0,0.267,0.419
2024-12-02,0.297,27.9,0.035,holiday,2.4,5.1,0.0,0.0,0,0.566,0.426,0.36,0.3,0.131,0.0,0.102,0.319
2024-12-03,0.294,27.4,,holiday,5.8,4.8,0.0,0.0,0,0.465,0.319,0.352,0.355,0.128,0.056,0.055,0.308
2024-12-04,0.445,27.1,,holiday,1.4,4.7,0.1,0.0,0,0.614,0.436,0.329,0.331,0.174,,0.139,0.386
2024-12-05,0.334,28.2,,holiday,1.8,6.4,3.0,0.0,0,0.519,,,0.309,0.187,0.066,0.117,0.317
2024-12-06,0.362,26.4,0.157,holiday,2.3,5.9,1.9,0.0,0,0.478,0.281,0.293,0.277,0.139,0.041,0.072,0.31
2024-12-07,0.401,27.0,0.028,holiday,8.1,6.1,1.0,0.0,0,0.736,0.603,0.636,0.747,0.445,0.006,0.197,0.292
2024-12-08,,26.0,0.131,holiday,1.0,1.6,0.0,0.0,0,0.629,0.655,0.627,0.598,0.294,0.036,0.159,0.358
2024-12-09,0.334,26.2,0.128,holiday,1.8,5.7,0.0,0.0,0,0.681,0.239,0.333,0.314,0.136,0.091,0.114,0.419
2024-12-10,0.375,27.6,0.096,holiday,2.5,6.3,2.9,0.0,0,0.549,0.441,0.368,0.416,0.232,0.0,0.119,0.336
2024-12-11,0.349,27.8,0.101,holiday,5.4,4.9,2.0,0.0,0,0.464,0.289,0.405,0.281,0.173,0.003,0.07,0.251
2024-12-12,0.366,26.7,0.002,holiday,6.1,3.2,2.4,0.0,0,0.635,0.18,0.238,0.295,0.184,0.0,0.099,0.245
2024-12-13,0.264,25.5,0.052,holiday,2.5,6.6,0.9,0.0,0,0.42,0.233,0.311,0.394,0.118,0.0,0.087,0.28
2024-12-14,0.501,26.8,0.126,holiday,3.1,5.4,0.3,0.0,0,0.577,0.417,0.647,0.553,0.337,0.077,0.174,0.356
2024-12-15,0.359,26.3,0.0,holiday,3.8,6.8,3.1,0.0,0,0.662,0.52,0.572,0.553,0.258,0.047,0.245,0.346
2024-12-16,0.357,25.8,0.14,holiday,6.6,3.4,2.2,0.0,0,0.522,0.291,0.358,,0.221,0.0,0.061,0.347
2024-12-17,0.335,24.4,0.12,holiday,,5.8,5.2,0.0,0,0.363,0.409,0.237,0.3,0.21,0.031,0.063,0.282
2024-12-18,,27.2,0.115,holiday,4.4,5.2,0.0,0.0,0,0.512,0.32,0.254,0.308,,0.0,0.126,0.307
2024-12-19,0.328,26.7,0.003,holiday,1.8,5.7,1.4,0.0,0,0.433,0.318,0.33,0.349,0.196,0.086,0.137,0.257
2024-12-20,0.17,24.9,,holiday,1.4,7.6,1.1,0.0,0,0.445,0.363,0.317,0.339,0.117,,0.177,0.28
2024-12-21,0.388,25.0,0.077,holiday,3.1,6.0,0.0,0.0,0,0.608,0.551,0.724,0.58,0.293,0.054,0.233,0.278
2024-12-22,0.445,25.0,0.074,holiday,4.2,3.7,0.0,0.0,0,0.703,0.532,0.71,0.648,0.332,0.0,0.174,0.396
2024-12-23,0.4,24.5,0.031,holiday,3.7,4.9,1.1,0.0,0,,0.245,0.319,0.398,0.214,0.0,0.025,0.303
2024-12-24,0.25,23.1,0.092,holiday,1.0,3.2,2.3,0.0,0,0.469,0.232,0.335,0.263,0.216,0.054,,0.252
2024-12-25,0.175,24.9,0.076,holiday,8.7,4.2,3.4,0.0,0,0.603,0.393,0.414,0.399,0.201,0.097,0.109,0.31
2024-12-26,0.216,24.4,0.047,holiday,4.9,5.1,0.0,0.0,0,0.608,0.309,0.335,0.332,0.255,0.041,0.06,0.261
2024-12-27,0.25,24.4,0.108,holiday,0.4,3.5,0.0,0.0,0,0.606,0.242,0.275,0.344,0.197,0.014,0.136,0.313
2024-12-28,0.472,24.0,0.126,holiday,2.6,3.9,2.5,0.0,0,0.615,0.534,0.572,0.592,0.277,0.041,0.171,0.351
2024-12-29,0.509,24.7,0.028,holiday,,4.9,3.1,0.0,0,0.57,0.562,0.558,0.587,0.342,0.026,0.22,0.315
2024-12-30,0.241,24.1,0.034,holiday,4.7,6.1,2.4,0.0,0,0.513,0.21,0.295,0.308,0.161,0.03,0.143,0.278
2024-12-31,,23.6,0.09,holiday,5.6,6.7,4.1,0.0,0,0.539,0.364,0.404,0.353,0.2,0.012,0.174,0.351
2025-01-01,0.227,22.5,0.173,holiday,2.4,3.5,0.6,0.0,0,0.562,0.453,0.296,0.289,0.141,0.101,0.185,0.37
2025-01-02,0.226,21.1,0.069,holiday,6.3,7.6,3.3,0.0,0,0.457,0.338,0.38,0.288,0.182,0.137,,0.269
2025-01-03,0.197,22.0,0.064,holiday,4.4,4.6,0.0,0.0,0,0.524,0.24,0.376,0.292,0.291,0.104,0.185,0.293
2025-01-04,0.316,23.0,0.026,holiday,0.4,4.6,3.7,0.0,0,0.685,0.517,0.53,0.548,0.304,0.0,0.166,0.362
2025-01-05,0.485,22.3,0.116,holiday,2.6,3.4,0.3,0.0,0,0.664,0.458,,0.616,0.367,0.0,0.267,0.342
2025-01-06,0.189,22.1,0.044,holiday,0.9,5.5,4.0,0.0,0,0.494,0.219,0.311,0.267,0.146,0.077,0.079,0.261
2025-01-07,0.29,22.1,0.098,holiday,2.8,3.2,6.2,0.0,0,0.547,0.244,0.235,0.373,0.245,0.136,0.2,0.346
2025-01-08,0.112,22.2,0.088,holiday,6.2,5.1,5.5,0.0,0,0.537,0.228,0.296,0.351,0.223,0.096,0.206,0.302
2025-01-09,0.187,22.2,0.101,holiday,6.3,4.2,2.0,1.0,0,0.699,0.643,0.564,0.539,0.224,0.101,0.091,0.481
2025-01-10,,21.2,0.067,holiday,1.9,4.7,1.0,0.0,0,0.587,0.159,0.34,0.347,0.142,0.04,0.175,0.302
2025-01-11,0.325,22.4,0.086,holiday,6.1,5.8,3.8,0.0,0,0.871,0.416,0.57,0.643,0.303,0.135,,0.398
2025-01-12,0.218,22.3,0.107,holiday,1.9,8.5,3.2,0.0,0,0.833,0.568,0.536,0.57,0.379,0.033,0.246,0.371
2025-01-13,0.152,21.3,0.113,holiday,1.6,4.9,0.7,0.0,0,0.435,0.19,0.309,0.369,0.241,0.065,0.046,0.266
2025-01-14,0.116,20.1,0.066,holiday,2.9,4.3,0.0,0.0,0,0.532,0.123,0.251,0.446,0.166,0.163,0.134,0.332
2025-01-15,0.195,20.6,0.047,holiday,3.3,5.7,4.0,0.0,1,0.493,0.172,0.304,0.416,0.168,0.178,0.15,0.327
2025-01-16,0.154,22.4,0.039,holiday,0.7,7.6,0.2,0.0,0,0.459,0.352,0.332,0.244,0.147,0.153,0.129,0.287
2025-01-17,0.21,19.0,0.082,holiday,5.9,5.6,4.4,0.0,0,0.699,0.054,,0.393,0.178,0.244,0.242,0.388
2025-01-18,0.301,20.7,0.228,holiday,3.6,5.3,1.9,0.0,0,0.741,0.476,0.556,0.675,,0.155,,0.415
2025-01-19,0.3,19.5,0.156,holiday,2.4,6.3,3.5,1.0,0,0.784,0.753,0.838,0.693,0.306,0.269,0.44,0.459
2025-01-20,0.207,20.7,0.014,holiday,5.5,4.4,4.8,0.0,0,0.567,0.335,0.273,0.343,0.196,0.105,0.122,0.313
2025-01-21,0.176,20.6,0.098,holiday,2.3,6.0,6.8,0.0,0,0.423,0.478,0.446,0.24,0.176,0.168,,0.368
2025-01-22,0.081,20.1,0.065,holiday,8.0,6.5,3.3,0.0,0,0.614,0.322,0.346,0.38,0.225,0.215,0.257,0.318
2025-01-23,0.096,18.1,0.114,holiday,3.8,4.7,2.8,0.0,0,0.756,0.214,0.27,0.374,0.189,0.23,0.209,0.355
2025-01-24,0.156,20.7,0.034,holiday,5.6,5.8,3.8,0.0,0,0.483,0.243,0.342,0.328,0.229,0.202,0.15,0.262
2025-01-25,0.081,19.9,0.109,holiday,1.6,7.4,3.1,0.0,0,0.561,0.333,0.559,0.583,0.339,0.205,0.366,0.35
2025-01-26,0.261,18.3,0.14,holiday,0.3,4.8,2.6,0.0,0,0.734,0.543,0.577,0.617,0.359,,0.392,0.371
2025-01-27,,18.0,0.103,holiday,8.3,6.2,4.0,0.0,0,0.517,0.211,0.373,0.357,0.126,0.206,0.22,0.297
2025-01-28,0.0,18.3,0.144,holiday,3.2,5.0,3.6,0.0,0,0.547,0.154,,0.335,0.153,0.235,0.277,0.309
2025-01-29,0.0,17.9,,holiday,5.1,5.6,7.3,0.0,0,0.496,0.244,0.296,0.318,0.273,0.204,,0.329
2025-01-30,0.185,17.7,0.152,holiday,1.1,6.3,7.6,0.0,0,0.492,0.241,0.245,0.287,0.132,0.302,0.235,0.33
2025-01-31,0.03,18.7,0.11,holiday,3.0,5.9,2.5,0.0,0,0.592,0.242,0.309,0.318,0.159,0.12,0.155,0.345
2025-02-01,0.205,17.2,0.094,holiday,,6.9,6.4,0.0,0,0.741,0.474,0.587,,0.354,0.246,0.271,0.368
2025-02-02,0.097,17.5,0.098,holiday,5.2,5.9,3.4,0.0,0,0.567,0.531,0.657,0.591,0.428,0.231,0.261,0.343
2025-02-03,0.131,16.7,0.655,weekday,0.7,4.2,3.4,0.0,1,0.478,0.142,0.0,0.128,0.029,0.228,0.111,0.461
2025-02-04,0.0,15.0,0.646,weekday,0.9,5.9,4.3,0.0,0,0.371,0.0,0.026,0.043,0.02,0.26,0.124,0.406
2025-02-05,0.0,16.4,,weekday,3.1,4.2,5.0,0.0,0,0.463,0.224,0.105,0.176,0.002,0.225,0.141,0.406
2025-02-06,0.018,15.6,0.556,weekday,3.4,4.1,2.9,,0,0.546,0.013,0.0,0.067,0.028,0.321,0.108,0.351
2025-02-07,0.0,15.3,0.733,weekday,5.7,3.6,3.4,0.0,0,,0.114,0.0,,0.038,0.281,0.219,0.457
2025-02-08,0.154,17.7,0.095,holiday,2.8,5.4,4.5,0.0,0,0.812,0.358,0.554,0.493,0.377,0.204,0.249,0.381
2025-02-09,0.172,15.8,0.14,holiday,0.8,5.9,7.8,0.0,1,0.503,0.423,0.6,0.549,0.371,0.302,0.429,0.335
2025-02-10,0.0,16.0,0.673,weekday,1.1,6.8,5.8,0.0,0,0.449,0.122,0.007,0.164,0.024,0.297,0.202,0.366
2025-02-11,0.0,16.7,0.665,weekday,3.3,6.0,3.6,0.0,0,0.433,0.108,0.058,0.02,0.061,0.262,0.099,0.46
2025-02-12,0.0,15.4,0.639,weekday,2.9,3.8,4.2,0.0,0,0.486,0.0,0.057,0.037,0.014,0.194,0.074,0.416
2025-02-13,0.0,15.5,,weekday,3.3,5.9,6.3,0.0,0,0.517,0.035,0.002,0.008,0.078,0.251,0.205,0.436
2025-02-14,0.0,13.3,0.614,weekday,2.9,5.5,4.6,0.0,0,0.244,0.0,0.066,0.043,0.074,0.213,0.076,0.271
2025-02-15,0.145,15.4,0.105,holiday,1.9,6.2,3.5,0.0,0,0.7,0.388,0.586,0.441,0.299,0.28,0.313,0.397
2025-02-16,0.071,13.9,0.09,holiday,5.5,5.7,5.6,0.0,0,0.711,0.455,0.718,0.608,0.445,0.388,0.353,0.378
2025-02-17,0.0,14.8,0.635,weekday,5.7,3.8,6.3,0.0,1,,0.007,0.079,0.064,0.028,,0.155,0.368
2025-02-18,0.0,15.2,0.649,weekday,4.2,4.4,2.8,0.0,0,0.518,0.012,0.025,0.05,0.07,0.197,0.113,0.386
2025-02-19,0.0,13.0,0.609,weekday,3.1,6.4,6.6,0.0,0,0.516,0.0,0.0,0.016,0.073,0.387,0.159,0.403
2025-02-20,0.0,13.1,0.548,weekday,7.5,4.9,5.8,0.0,0,0.365,0.089,0.0,0.08,0.059,0.275,0.09,0.356
2025-02-21,,13.6,0.653,weekday,4.0,3.3,6.6,0.0,0,0.504,0.097,0.119,0.077,0.028,0.436,,0.436
2025-02-22,0.172,13.7,0.082,holiday,1.8,5.3,4.4,0.0,0,0.865,0.489,0.585,0.654,0.438,0.324,0.467,0.386
2025-02-23,0.062,13.2,0.082,holiday,4.0,6.6,8.4,0.0,0,0.747,0.415,0.65,0.569,0.343,0.443,0.441,0.357
2025-02-24,0.0,11.7,0.761,weekday,3.6,6.5,9.4,0.0,0,0.451,0.0,0.0,0.0,0.055,0.447,0.237,0.421
2025-02-25,0.0,13.1,0.655,weekday,3.3,5.7,6.0,0.0,0,0.334,0.041,0.0,0.0,0.019,0.432,0.263,0.398
2025-02-26,,12.6,0.7,weekday,3.0,2.9,4.3,1.0,0,0.393,0.387,0.246,0.228,0.114,0.317,0.128,0.46
2025-02-27,0.0,13.1,0.696,weekday,2.9,6.1,4.3,0.0,0,0.404,0.105,0.025,0.048,0.077,0.33,0.194,0.415
2025-02-28,0.0,12.6,0.666,weekday,5.1,5.0,5.0,0.0,0,0.456,0.097,0.0,,0.163,0.373,0.315,0.419
2025-03-01,0.097,13.1,0.161,holiday,4.4,4.8,5.4,0.0,0,0.665,0.387,0.567,0.505,0.443,0.348,0.349,0.367
2025-03-02,0.037,12.8,,holiday,9.0,6.9,6.6,0.0,0,0.796,0.38,0.574,0.574,0.354,0.367,0.368,0.372
2025-03-03,0.012,12.2,0.605,weekday,2.1,4.9,5.7,0.0,0,0.382,0.0,0.064,,0.116,0.378,0.222,0.326
2025-03-04,0.0,9.9,0.671,weekday,1.5,3.9,6.9,0.0,0,0.34,,0.072,0.108,0.046,0.482,0.318,0.393
2025-03-05,0.0,9.3,0.609,weekday,2.4,4.9,5.2,0.0,0,0.405,0.0,0.0,0.004,0.024,0.44,0.266,0.371
2025-03-06,0.0,10.6,0.675,weekday,1.8,7.0,7.6,0.0,0,0.437,0.08,0.084,0.0,0.077,0.465,0.233,0.416
2025-03-07,0.0,10.7,0.574,weekday,7.6,5.8,3.4,0.0,0,0.438,,0.0,0.068,0.155,0.426,0.227,0.382
2025-03-08,0.109,11.9,0.076,holiday,1.2,4.5,6.5,0.0,0,0.642,0.417,0.486,0.539,0.392,0.47,0.37,0.33
2025-03-09,0.131,9.7,0.11,holiday,3.3,4.2,6.5,1.0,0,0.551,0.607,0.853,0.701,0.414,0.461,0.514,0.386
2025-03-10,0.0,10.6,0.704,weekday,5.3,6.5,7.0,0.0,0,0.434,0.093,0.0,0.0,0.065,0.422,0.186,0.435
2025-03-11,0.0,9.8,0.522,weekday,7.2,5.3,6.0,0.0,0,0.133,0.0,0.0,0.0,0.053,0.438,0.286,0.251
2025-03-12,,8.7,0.753,weekday,1.4,5.0,4.9,0.0,0,0.428,0.0,0.043,0.034,0.148,0.454,,0.451
2025-03-13,0.0,9.2,0.742,weekday,9.1,6.2,2.2,,0,0.558,0.098,0.081,0.019,0.159,0.37,0.178,0.473
2025-03-14,0.0,8.3,0.591,weekday,2.5,5.7,8.0,0.0,0,0.393,0.0,0.0,0.0,0.047,0.559,0.311,0.41
2025-03-15,0.19,10.3,0.033,holiday,5.6,4.4,4.3,,0,0.596,0.715,0.775,0.65,0.442,0.458,0.508,0.364
2025-03-16,0.088,9.5,0.093,holiday,5.5,3.0,7.2,0.0,0,0.663,0.376,0.599,0.432,0.339,0.506,0.436,0.364
2025-03-17,0.0,7.8,0.695,weekday,2.8,3.6,5.4,0.0,0,0.355,0.006,0.102,0.0,0.133,0.475,0.133,0.387
2025-03-18,0.0,9.0,0.675,weekday,2.4,7.3,7.7,0.0,0,0.491,0.0,0.0,0.0,0.12,0.547,0.224,0.409
2025-03-19,0.0,8.9,0.643,weekday,3.4,5.1,4.1,0.0,0,0.423,0.1,0.012,0.005,0.042,0.475,0.228,0.377
2025-03-20,0.0,8.6,0.596,weekday,4.8,6.5,5.5,0.0,0,0.423,0.0,0.0,0.0,0.059,0.426,0.16,0.436
2025-03-21,0.0,8.4,0.627,weekday,2.9,4.4,5.4,0.0,0,0.386,0.131,0.0,0.036,0.11,0.45,0.252,0.397
2025-03-22,0.073,7.4,0.038,holiday,4.1,5.3,5.8,0.0,0,0.583,0.452,0.606,0.548,0.524,0.548,0.501,0.28
2025-03-23,0.043,7.8,0.053,holiday,2.6,5.3,6.5,0.0,0,0.589,0.389,0.678,0.586,0.423,0.428,0.439,0.284
2025-03-24,0.0,8.4,,weekday,5.5,5.9,6.3,0.0,0,0.408,0.08,0.02,0.0,0.046,0.49,0.214,0.373
2025-03-25,,7.1,0.624,weekday,2.9,6.2,6.3,0.0,0,0.655,0.0,0.0,0.0,0.119,0.471,0.305,0.458
2025-03-26,0.0,6.6,0.603,weekday,1.4,4.6,6.4,0.0,0,0.323,0.069,0.033,0.032,0.146,0.575,0.345,0.375
2025-03-27,0.0,7.1,0.613,weekday,1.2,6.6,5.4,0.0,0,,0.0,0.0,0.015,0.133,0.502,0.353,0.329
2025-03-28,0.0,7.1,0.598,weekday,4.1,5.6,7.6,1.0,0,0.39,0.184,0.167,0.291,0.129,0.495,0.239,0.403
2025-03-29,0.04,8.6,0.015,holiday,6.3,5.9,5.3,0.0,0,0.704,0.44,0.599,0.451,0.476,0.472,0.368,0.317
2025-03-30,0.189,7.1,,holiday,7.2,6.5,3.7,1.0,0,0.726,0.496,0.699,0.662,0.461,0.437,0.449,0.395
2025-03-31,0.0,7.3,0.725,weekday,1.8,3.2,5.8,0.0,0,0.498,0.053,0.039,0.0,0.059,0.449,0.15,0.509
2025-04-01,0.0,6.8,0.69,weekday,4.1,6.5,0.0,0.0,0,0.283,0.017,0.013,0.0,0.106,0.526,0.261,0.384
2025-04-02,0.0,6.0,0.683,weekday,,4.4,1.3,0.0,0,0.496,,0.111,0.161,0.045,0.501,0.217,0.433
2025-04-03,0.0,7.3,0.605,weekday,6.3,5.8,0.0,0.0,0,0.433,0.0,0.0,0.079,0.146,0.419,0.268,0.339
2025-04-04,0.0,5.5,0.722,weekday,3.9,5.2,0.0,0.0,0,0.579,0.0,0.0,0.0,0.161,0.532,0.291,0.439
2025-04-05,0.03,6.0,0.01,holiday,4.0,6.8,1.5,0.0,0,0.749,0.488,0.614,0.499,0.465,0.434,0.434,0.343
2025-04-06,0.013,6.3,0.231,holiday,,3.4,0.0,0.0,0,0.752,0.519,0.59,0.536,0.431,0.433,0.497,0.409
2025-04-07,0.0,6.9,0.695,weekday,6.6,5.2,0.0,1.0,0,0.44,0.312,,0.224,0.084,0.45,0.246,0.448
2025-04-08,0.0,5.6,0.712,weekday,4.0,4.4,0.0,0.0,0,0.435,0.0,0.029,0.042,0.112,0.52,0.191,0.402
2025-04-09,0.0,7.0,0.685,weekday,2.7,6.5,1.7,0.0,0,0.399,0.0,0.0,0.048,0.075,0.461,0.295,0.424
2025-04-10,0.0,5.7,0.701,weekday,3.2,3.9,0.7,0.0,0,0.385,0.0,0.037,0.0,0.093,0.484,,0.422
2025-04-11,0.018,6.7,0.615,weekday,4.0,5.4,0.0,0.0,0,0.44,0.0,0.0,0.073,0.137,0.49,0.239,0.44
2025-04-12,0.154,6.7,0.099,holiday,2.3,3.9,0.7,0.0,0,0.676,0.435,0.596,0.468,0.343,0.516,0.464,0.391
2025-04-13,0.197,4.3,0.064,holiday,0.4,5.0,0.0,0.0,0,0.695,0.393,0.621,0.455,0.443,0.608,0.507,0.357
2025-04-14,0.0,5.7,0.688,weekday,2.5,5.4,0.0,0.0,0,0.438,0.0,0.012,0.101,0.129,0.518,0.258,0.444
2025-04-15,0.0,4.3,0.604,weekday,2.4,4.0,1.3,0.0,0,0.327,0.0,0.048,0.096,0.201,0.571,0.351,0.359
2025-04-16,0.0,4.2,0.717,weekday,2.0,5.8,0.4,0.0,0,0.571,0.058,0.06,0.0,0.183,0.549,0.212,0.448
2025-04-17,0.0,6.1,0.611,weekday,1.4,6.8,0.0,0.0,0,0.49,0.018,0.065,0.034,0.045,0.454,0.134,0.408
2025-04-18,0.0,4.1,0.646,weekday,0.9,5.8,0.6,0.0,0,0.573,0.0,0.071,0.033,0.168,0.523,0.255,0.422
2025-04-19,0.0,5.8,0.174,holiday,6.9,4.7,0.0,0.0,0,0.688,0.165,,0.518,0.476,0.525,0.358,0.324
2025-04-20,,5.2,0.119,holiday,4.3,5.7,1.5,1.0,0,0.667,0.547,0.726,0.648,0.443,0.494,0.564,0.439
2025-04-21,0.0,5.2,0.678,weekday,7.9,5.7,0.6,0.0,0,0.592,0.0,0.0,0.044,0.073,0.577,0.231,0.438
2025-04-22,0.0,5.0,0.669,weekday,1.1,6.4,3.6,0.0,0,0.375,0.0,0.025,0.013,0.067,0.461,0.304,0.421
2025-04-23,0.054,5.3,0.675,weekday,1.4,4.5,0.0,0.0,0,0.492,0.092,0.034,0.052,0.07,0.579,0.318,0.398
2025-04-24,0.0,6.7,0.668,weekday,2.5,8.8,0.0,0.0,0,0.493,0.101,0.035,0.043,0.188,0.487,0.396,0.412
2025-04-25,0.024,4.2,0.635,weekday,3.0,5.0,3.0,0.0,0,0.4,0.123,,0.039,0.191,0.582,,0.344
2025-04-26,0.067,5.3,0.042,holiday,4.3,3.5,0.0,0.0,0,0.668,0.37,0.605,0.574,0.369,0.486,0.46,0.38
2025-04-27,0.144,5.9,0.135,holiday,6.9,5.4,1.2,0.0,0,0.737,0.326,0.548,0.531,0.436,0.487,0.48,0.323
2025-04-28,0.0,3.0,0.62,weekday,8.1,7.0,0.0,,0,0.418,0.0,0.0,0.032,0.146,0.607,0.287,0.302
2025-04-29,0.0,4.3,0.653,weekday,0.8,4.1,0.0,0.0,0,0.4,0.012,0.026,0.022,0.157,0.526,0.305,0.395
2025-04-30,0.024,5.9,0.656,weekday,4.2,4.2,0.0,0.0,0,0.334,0.104,0.013,0.112,0.028,0.554,0.323,0.437
2025-05-01,0.0,4.9,0.052,holiday,7.2,6.0,0.0,0.0,0,0.6,0.172,0.294,0.229,0.342,0.633,0.419,0.3
2025-05-02,0.0,3.8,0.02,holiday,4.5,6.0,0.3,0.0,0,0.644,0.218,0.243,0.192,0.285,0.576,0.393,0.338
2025-05-03,0.091,5.6,0.195,holiday,6.3,5.2,0.0,0.0,0,0.648,0.459,0.602,0.447,,0.543,,0.435
2025-05-04,0.057,3.9,0.136,holiday,1.4,4.2,0.0,0.0,0,0.725,0.333,0.537,0.537,0.431,0.439,0.471,0.372
2025-05-05,0.0,4.4,0.164,holiday,4.7,4.2,0.0,0.0,0,0.524,0.29,0.386,0.19,0.341,0.558,0.275,0.34
2025-05-06,0.055,3.0,0.024,holiday,4.3,5.6,0.0,0.0,0,0.529,0.165,0.245,0.243,0.223,0.629,0.419,0.256
2025-05-07,0.0,3.7,0.136,holiday,0.9,5.3,0.0,0.0,0,0.637,0.171,0.328,0.279,0.328,0.591,,0.357
2025-05-08,0.024,5.1,0.049,holiday,2.9,6.4,4.0,0.0,0,0.593,0.218,0.331,0.3,0.178,0.626,0.47,0.246
2025-05-09,0.153,5.6,0.105,holiday,6.9,7.0,3.9,0.0,0,0.563,0.096,0.399,0.229,0.237,0.631,0.404,0.382
2025-05-10,0.155,5.1,0.086,holiday,2.8,3.1,0.5,0.0,0,0.809,0.288,0.462,,0.378,0.61,0.632,0.384
2025-05-11,0.0,4.8,0.178,holiday,4.5,6.6,0.0,0.0,0,0.721,0.525,0.564,0.451,0.489,0.48,0.429,0.361
2025-05-12,,4.3,0.04,holiday,5.7,4.3,0.1,0.0,0,0.424,0.348,0.325,0.229,0.352,0.57,0.37,0.261
2025-05-13,0.0,2.8,0.037,holiday,1.2,4.7,3.4,0.0,0,0.441,0.286,0.282,0.305,0.309,0.557,0.458,0.318
2025-05-14,0.013,2.7,0.066,holiday,2.4,5.1,0.0,0.0,0,0.356,0.123,0.343,0.211,0.258,,0.422,0.247
2025-05-15,0.206,4.6,0.154,holiday,1.2,6.1,0.0,0.0,0,0.657,0.337,0.251,0.191,0.363,0.493,0.385,0.408
2025-05-16,0.0,5.4,0.0,holiday,4.7,5.0,0.0,0.0,0,0.62,0.179,0.264,,0.238,0.463,0.412,0.272
2025-05-17,0.174,4.2,0.155,holiday,1.4,5.6,0.0,0.0,0,0.739,,0.589,0.536,0.451,0.575,0.533,0.397
2025-05-18,0.106,4.8,0.053,holiday,4.1,3.8,1.1,0.0,0,0.694,0.396,0.679,0.469,0.458,0.581,0.545,0.34
2025-05-19,0.015,3.9,0.127,holiday,6.1,5.5,0.0,0.0,0,0.709,0.012,0.241,0.286,0.253,0.511,0.404,0.347
2025-05-20,0.0,6.0,0.085,holiday,3.4,3.9,0.4,0.0,0,0.528,0.202,0.273,0.241,0.396,0.421,0.288,0.347
2025-05-21,0.083,4.9,0.173,holiday,4.0,3.6,0.0,0.0,0,0.683,0.004,0.353,0.191,0.29,0.553,0.434,0.375
2025-05-22,,4.1,0.163,holiday,2.1,6.4,0.0,0.0,0,0.597,0.189,0.276,0.228,0.289,0.531,0.406,0.371
2025-05-23,0.0,5.8,0.098,holiday,3.5,7.6,0.0,0.0,0,0.514,0.093,0.318,0.249,0.347,0.466,0.301,0.315
2025-05-24,0.122,5.6,,holiday,1.6,3.0,0.0,0.0,0,0.581,0.349,0.497,0.522,0.464,0.513,0.441,0.324
2025-05-25,0.045,5.3,,holiday,1.5,5.7,0.3,0.0,0,0.635,0.511,0.701,0.506,0.449,0.428,0.472,0.344
2025-05-26,0.064,4.6,,holiday,1.6,5.2,0.0,0.0,0,0.531,0.23,0.272,0.203,0.174,0.524,0.362,0.335
2025-05-27,0.0,5.6,0.0,holiday,7.1,5.6,0.0,0.0,0,0.66,,,0.238,0.224,0.437,0.283,0.238
2025-05-28,0.048,5.3,,holiday,4.6,5.6,2.1,0.0,0,0.509,0.158,0.301,0.285,0.281,0.553,0.355,0.293
2025-05-29,0.0,4.6,0.058,holiday,7.8,5.8,1.0,0.0,0,0.603,0.182,0.148,0.3,0.295,0.529,0.39,0.26
2025-05-30,0.0,4.6,0.072,holiday,6.5,6.5,1.4,,0,0.552,0.474,0.571,0.402,0.296,0.502,0.386,0.371
2025-05-31,0.089,5.5,0.104,holiday,0.8,6.1,0.0,0.0,0,0.699,0.336,0.533,0.53,0.44,0.464,,0.373
2025-06-01,0.097,4.6,0.146,holiday,7.7,5.8,0.0,1.0,0,0.724,0.665,0.874,0.698,0.52,0.497,0.42,0.423
2025-06-02,0.0,5.2,0.586,weekday,,6.2,0.6,0.0,0,0.37,0.0,0.093,0.0,0.02,0.459,0.269,0.325
2025-06-03,,6.9,0.659,weekday,2.2,6.1,0.0,0.0,0,0.491,0.0,0.0,0.0,0.08,0.551,0.31,0.384
2025-06-04,0.0,7.2,0.724,weekday,4.6,6.6,0.0,0.0,0,0.372,0.0,0.0,0.0,0.011,0.446,0.187,0.424
2025-06-05,0.0,6.6,0.549,weekday,2.8,7.9,1.7,0.0,0,0.43,0.0,0.029,0.0,0.122,0.421,0.239,0.369
2025-06-06,0.0,6.3,0.599,weekday,2.3,5.9,0.0,0.0,0,0.51,0.0,0.0,0.0,0.065,,0.256,0.377
2025-06-07,0.187,5.1,0.075,holiday,3.5,4.6,0.0,0.0,0,0.695,0.379,0.613,0.529,0.503,0.533,0.43,0.371
2025-06-08,0.038,5.1,0.086,holiday,20.2,3.6,0.0,0.0,0,0.699,0.323,0.562,,0.504,0.439,0.482,0.364
2025-06-09,0.0,6.1,0.671,weekday,20.0,7.8,0.6,0.0,0,0.45,0.0,0.0,0.0,0.162,0.43,0.148,0.41
2025-06-10,0.0,6.7,0.645,weekday,21.8,7.6,0.9,0.0,0,0.488,0.0,0.0,0.042,0.156,0.433,0.137,0.377
2025-06-11,0.0,6.0,0.506,weekday,19.1,5.6,1.9,0.0,0,0.366,0.0,0.049,0.024,0.098,0.487,0.176,0.286
2025-06-12,0.0,5.0,0.681,weekday,22.9,7.0,0.0,0.0,0,0.506,0.0,0.09,0.003,0.157,0.474,0.268,0.373
2025-06-13,0.0,8.1,0.754,weekday,19.3,6.3,3.8,0.0,0,0.493,0.0,,0.0,0.148,0.41,0.168,0.398
2025-06-14,0.0,7.2,0.096,holiday,20.9,6.4,0.9,0.0,0,0.685,0.375,0.58,0.392,0.43,0.329,,0.291
2025-06-15,0.0,7.9,0.071,holiday,26.7,6.2,0.0,0.0,0,0.73,0.221,0.624,0.554,,0.369,0.325,0.311
2025-06-16,0.0,6.4,0.512,weekday,21.9,3.3,0.5,0.0,0,0.435,0.0,0.042,0.062,0.004,0.451,0.26,0.274
2025-06-17,0.0,7.5,0.67,weekday,22.7,4.0,0.4,0.0,0,0.452,0.0,0.0,0.0,0.067,,0.125,0.346
2025-06-18,0.0,7.5,0.639,weekday,19.1,7.2,0.9,0.0,0,0.404,0.0,0.015,0.0,0.054,0.44,0.165,0.36
2025-06-19,0.0,8.2,0.594,weekday,27.4,7.1,1.2,0.0,0,0.51,0.0,0.0,0.0,0.099,0.389,0.188,0.302
2025-06-20,0.0,8.7,0.656,weekday,23.5,4.3,1.5,0.0,0,0.351,0.0,0.047,0.038,0.066,0.392,0.159,0.375
2025-06-21,0.0,7.5,0.074,holiday,19.2,5.4,0.6,0.0,0,0.7,0.343,0.516,0.511,0.469,0.449,0.47,0.282
2025-06-22,0.0,7.5,0.047,holiday,25.6,6.0,0.0,1.0,0,0.535,0.604,0.861,0.644,0.4,0.347,0.4,0.316
2025-06-23,0.0,7.6,0.546,weekday,18.1,4.9,3.2,0.0,0,0.449,0.027,0.0,0.023,0.156,0.402,0.198,0.317
2025-06-24,0.0,8.7,0.669,weekday,26.0,5.6,0.0,0.0,0,0.376,0.0,0.016,0.027,0.079,0.342,0.075,0.302
2025-06-25,0.0,8.9,0.634,weekday,22.7,7.9,0.0,0.0,0,0.445,0.0,0.0,0.055,0.0,0.432,0.177,0.284
2025-06-26,0.0,7.7,0.641,weekday,19.2,6.7,1.3,0.0,0,,0.0,0.0,0.0,0.005,0.373,0.17,0.333
2025-06-27,0.0,7.9,0.616,weekday,20.5,4.5,2.2,0.0,0,0.431,0.0,0.018,0.007,0.065,0.459,0.177,0.358
2025-06-28,0.0,8.8,0.0,holiday,23.8,5.4,0.0,0.0,0,0.682,0.367,0.648,0.511,0.417,0.329,0.238,0.285
2025-06-29,0.034,9.5,0.068,holiday,18.7,4.8,0.0,0.0,0,0.622,0.245,0.488,0.405,0.465,0.338,0.372,0.292
2025-06-30,0.0,8.9,0.641,weekday,20.7,5.1,0.0,0.0,0,0.369,0.0,0.068,0.066,0.148,,0.12,0.266
2025-07-01,0.0,8.7,0.725,weekday,20.8,4.8,0.6,0.0,0,0.448,0.0,0.037,0.0,0.0,0.224,0.124,0.373
2025-07-02,0.0,10.4,0.589,weekday,21.9,3.9,0.0,0.0,0,0.52,0.0,0.132,0.0,0.0,0.33,0.069,0.324
2025-07-03,0.0,9.6,0.64,weekday,22.9,6.0,1.3,0.0,0,0.415,0.0,0.0,0.082,0.066,0.285,0.119,0.328
2025-07-04,0.0,11.0,0.639,weekday,21.5,4.2,1.2,0.0,0,0.495,0.0,0.055,0.0,,0.406,,0.33
2025-07-05,0.0,11.1,0.03,holiday,23.4,2.9,0.0,0.0,0,0.671,0.4,0.57,0.601,0.417,0.237,0.242,0.252
2025-07-06,0.0,9.1,0.127,holiday,20.5,5.5,1.1,0.0,0,0.729,0.336,,0.617,,0.453,0.472,0.327
2025-07-07,0.0,10.3,0.632,weekday,,5.4,0.1,0.0,0,0.43,0.0,0.025,0.091,0.092,0.303,0.068,0.318
2025-07-08,0.0,9.7,0.633,weekday,23.2,4.7,0.5,0.0,1,0.39,0.022,0.024,0.0,0.112,0.349,0.115,0.284
2025-07-09,0.0,10.3,0.639,weekday,19.0,4.5,0.3,0.0,0,0.477,0.048,0.063,0.0,0.0,0.293,0.084,0.332
2025-07-10,0.0,11.2,0.582,weekday,18.8,4.9,0.0,0.0,0,0.451,0.0,0.016,0.0,0.05,0.34,0.129,0.326
2025-07-11,0.0,12.2,0.617,weekday,22.9,3.1,0.0,0.0,0,0.422,0.0,,0.0,0.012,0.413,0.133,0.338
2025-07-12,0.0,10.8,,holiday,20.5,5.8,0.0,1.0,0,0.659,0.691,0.88,0.756,0.361,0.332,0.25,0.283
2025-07-13,0.0,12.3,0.114,holiday,20.4,5.1,0.0,1.0,0,0.727,0.545,0.764,0.713,0.373,0.205,0.212,0.456
2025-07-14,0.0,12.1,0.636,weekday,24.7,4.0,0.0,0.0,0,0.406,0.0,0.003,0.054,0.081,0.291,0.166,0.351
2025-07-15,0.0,11.5,0.59,weekday,19.3,7.8,0.0,0.0,0,,0.0,0.0,0.091,0.066,0.39,0.19,0.339
2025-07-16,0.0,11.8,0.534,weekday,20.6,6.3,1.3,0.0,0,0.416,0.095,0.0,0.093,0.08,0.277,0.097,0.273
2025-07-17,0.0,11.5,0.614,weekday,20.3,2.8,0.0,0.0,0,0.44,0.067,0.055,0.073,0.041,0.28,0.133,0.335
2025-07-18,0.0,12.7,0.57,weekday,,6.5,0.0,0.0,0,0.523,0.0,0.027,0.004,0.1,0.18,0.064,0.392
2025-07-19,0.0,11.9,0.0,holiday,25.0,8.7,0.0,0.0,0,0.669,0.289,0.621,0.577,0.47,0.172,0.173,0.272
2025-07-20,0.0,13.3,0.0,holiday,24.7,5.8,2.5,0.0,0,0.703,0.383,0.57,0.466,0.415,0.304,0.343,0.237
2025-07-21,0.0,13.6,0.596,weekday,0.8,7.7,1.5,0.0,0,0.409,0.034,0.084,0.076,0.0,0.35,0.233,0.383
2025-07-22,0.0,13.2,0.717,weekday,2.4,4.3,0.0,0.0,0,0.529,0.018,0.046,0.024,0.029,,0.207,0.454
2025-07-23,0.0,13.4,0.747,weekday,4.4,4.0,1.7,0.0,0,0.584,0.0,0.066,0.005,0.048,0.402,0.156,0.462
2025-07-24,0.075,13.0,0.601,weekday,2.0,6.0,0.0,0.0,0,0.341,0.0,0.0,0.007,0.02,0.331,0.233,0.325
2025-07-25,0.0,12.6,0.695,weekday,6.0,3.9,0.4,,0,0.506,0.049,0.0,0.0,0.024,0.244,0.111,0.39
2025-07-26,0.178,14.3,0.093,holiday,1.4,4.2,0.0,,0,0.81,0.6,,0.477,0.409,0.226,0.247,0.419
2025-07-27,0.179,14.8,0.17,holiday,1.3,4.9,0.0,0.0,0,0.663,0.472,0.527,0.569,0.419,0.26,0.261,0.4
2025-07-28,0.0,13.2,0.616,weekday,7.5,2.6,0.0,,0,0.371,0.055,0.043,0.114,0.082,0.313,0.129,0.397
2025-07-29,0.0,13.7,0.626,weekday,3.2,6.4,1.2,1.0,0,0.482,0.2,0.184,0.189,0.04,0.332,0.216,0.454
2025-07-30,0.0,16.1,0.693,weekday,2.6,6.2,0.5,0.0,0,0.306,0.0,0.106,0.067,0.0,0.148,0.04,0.409
2025-07-31,0.0,14.5,0.653,weekday,2.4,4.6,2.5,1.0,0,0.406,0.262,0.313,0.229,0.049,0.249,0.095,0.462
2025-08-01,0.0,14.0,0.053,holiday,12.9,10.8,0.0,0.0,0,0.59,0.165,0.209,0.294,0.156,0.213,0.185,0.292
2025-08-02,0.018,15.5,0.018,holiday,15.4,8.1,0.0,0.0,0,0.846,0.334,0.574,0.554,0.418,0.238,0.21,0.404
2025-08-03,0.03,14.5,0.108,holiday,13.4,6.9,1.7,0.0,0,0.645,,0.584,0.531,0.32,0.328,0.478,0.32
2025-08-04,0.0,16.5,0.161,holiday,12.2,9.5,1.4,0.0,0,0.6,0.173,0.24,0.234,0.191,0.2,0.202,0.317
2025-08-05,0.0,14.7,0.0,holiday,16.2,7.3,3.0,0.0,1,0.592,0.171,,0.281,0.196,0.308,0.222,0.327
2025-08-06,0.0,16.1,0.049,holiday,16.1,9.2,0.0,0.0,0,0.505,0.19,0.25,0.32,0.198,0.268,0.243,0.283
2025-08-07,0.078,16.5,0.023,holiday,12.8,9.2,0.0,0.0,0,0.547,0.198,0.318,0.221,0.141,0.087,0.187,0.323
2025-08-08,0.032,16.4,0.026,holiday,14.2,8.0,2.8,0.0,0,0.421,0.275,0.32,0.222,0.172,0.262,0.104,0.241
2025-08-09,0.102,16.5,0.095,holiday,14.2,10.3,0.7,0.0,0,0.566,0.492,0.595,0.597,0.351,0.199,0.261,0.299
2025-08-10,0.0,17.0,0.0,holiday,16.9,8.7,0.0,0.0,0,0.578,0.44,0.66,0.616,0.377,0.17,0.275,0.263
2025-08-11,0.014,17.6,0.069,holiday,14.4,8.4,0.0,0.0,0,0.508,0.259,0.311,0.369,0.129,0.192,0.239,0.287
2025-08-12,0.04,17.2,0.069,holiday,13.5,8.7,0.8,0.0,0,0.658,0.147,0.285,0.264,0.093,0.17,0.187,0.308
2025-08-13,,16.6,0.123,holiday,11.9,7.3,0.9,0.0,0,0.547,0.315,0.305,0.311,0.186,0.141,0.187,0.337
2025-08-14,0.0,18.6,,holiday,15.1,9.1,1.0,0.0,0,0.545,0.29,,0.343,0.192,0.155,0.126,0.31
2025-08-15,0.0,17.5,0.026,holiday,15.1,10.2,0.0,,0,0.467,0.245,0.365,0.368,0.144,0.207,0.184,0.208
2025-08-16,0.064,16.8,0.095,holiday,11.8,8.3,1.1,0.0,0,0.874,0.393,0.536,0.577,0.388,0.239,0.309,0.409
2025-08-17,0.0,17.5,0.161,holiday,12.5,10.1,2.2,0.0,0,0.812,0.405,0.665,0.512,0.367,,0.283,0.402
2025-08-18,0.0,20.2,0.0,holiday,15.9,9.3,0.8,1.0,0,0.53,0.461,0.577,0.487,0.161,0.154,0.209,0.32
2025-08-19,0.0,17.2,0.0,holiday,12.9,10.4,0.0,0.0,0,0.533,,0.355,0.336,,0.056,0.133,0.269
2025-08-20,0.003,18.4,0.048,holiday,11.7,8.7,1.2,0.0,0,0.602,0.257,0.242,0.228,0.116,0.154,0.125,0.33
2025-08-21,0.078,20.2,0.0,holiday,16.4,8.1,0.3,1.0,0,0.554,,0.599,0.541,0.195,0.13,0.104,0.322
2025-08-22,0.078,19.6,0.119,holiday,13.2,7.0,0.0,0.0,0,0.574,0.151,0.229,,0.223,0.118,0.131,0.293
2025-08-23,0.079,20.3,0.099,holiday,14.6,10.0,1.4,0.0,0,0.72,0.534,0.61,0.552,0.328,0.069,0.267,0.304
2025-08-24,0.059,20.1,0.089,holiday,14.8,10.2,3.4,0.0,0,,0.416,0.505,0.558,0.353,0.17,0.314,0.339
2025-08-25,0.012,20.0,0.103,,15.8,5.2,0.0,0.0,0,0.623,0.25,0.35,0.353,0.154,0.149,0.151,0.32
2025-08-26,0.0,20.7,0.034,holiday,12.3,11.1,0.6,0.0,0,0.437,0.186,0.269,0.35,0.151,0.0,0.061,0.256
2025-08-27,0.079,20.7,0.119,holiday,12.4,8.5,0.0,0.0,0,0.548,0.342,0.297,0.186,0.125,0.126,0.26,0.323
2025-08-28,0.14,20.6,0.209,holiday,12.2,7.3,0.0,0.0,0,,0.191,0.309,0.344,0.216,0.073,0.132,0.366
2025-08-29,0.049,20.8,0.145,holiday,17.3,9.9,0.0,0.0,0,0.515,0.257,0.278,0.354,0.157,0.078,0.064,0.297
2025-08-30,0.206,20.9,0.051,holiday,11.6,10.6,2.1,0.0,0,0.637,0.373,0.502,0.566,0.336,0.081,0.22,0.309
2025-08-31,0.185,21.1,0.097,holiday,11.5,9.1,0.0,0.0,0,0.497,0.367,0.602,0.57,0.329,0.0,0.198,0.302
2025-09-01,0.0,20.7,0.655,weekday,14.9,10.4,0.0,0.0,0,0.299,,0.021,0.138,,0.107,0.0,0.344
2025-09-02,0.034,21.2,0.65,weekday,12.6,10.4,2.8,0.0,0,0.428,0.088,0.0,,0.008,0.093,0.0,0.402
2025-09-03,0.0,20.7,0.651,weekday,12.8,9.9,0.3,0.0,0,0.516,0.065,0.101,0.093,0.0,0.016,0.0,0.419
2025-09-04,0.037,20.7,0.723,weekday,11.4,7.9,1.5,0.0,0,0.302,0.016,0.053,0.066,0.025,0.048,0.0,0.327
2025-09-05,0.0,21.4,0.657,weekday,14.5,10.5,0.0,0.0,0,0.427,0.061,0.0,,0.0,0.02,0.0,0.352
2025-09-06,0.392,22.5,,holiday,12.1,9.2,0.0,0.0,0,0.784,,0.663,0.597,0.302,0.0,0.122,0.346
2025-09-07,0.251,22.1,0.093,holiday,12.9,10.6,1.8,,0,,0.53,0.696,0.624,0.367,0.094,0.306,0.301
2025-09-08,0.038,22.8,0.667,,13.6,8.7,0.0,0.0,0,0.331,0.067,0.08,0.007,0.04,0.032,,0.358
2025-09-09,0.042,23.0,0.65,weekday,11.3,8.0,0.0,0.0,0,0.422,0.199,,0.113,0.0,0.036,0.024,0.375
2025-09-10,0.0,23.1,0.604,weekday,13.1,10.0,0.0,0.0,0,0.407,0.031,0.0,0.108,0.0,0.055,0.0,0.359
2025-09-11,0.04,23.2,0.555,weekday,14.9,10.1,1.4,0.0,0,0.333,0.0,0.0,0.07,0.042,0.015,0.0,0.302
