date,holiday,temperature_c,tourist_inflow_count,rail_ridership,rainfall_mm,wind_speed_mps,snowfall_cm,event_local_flag,typhoon_alert_flag,mobility_inflow_index,lodging_occupancy_ratio,temple_shrine_visits,onsen_visitors_count,beach_crowd_index,snow_quality_index,ski_resort_visitors,y
2023-09-13,weekday,23.6,0.207,0.66,14.9,9.0,1.2,0.0,0,0.439,0.098,0.176,0.0,0.038,0.0,0.0,0.064
2023-09-14,weekday,25.5,0.0,0.59,13.8,8.5,3.3,0.0,0,0.419,0.0,0.109,0.005,,0.0,0.0,0.045
2023-09-15,weekday,24.2,0.069,0.586,14.6,8.1,1.5,0.0,0,0.519,0.059,0.098,0.0,0.072,0.003,0.037,0.019
2023-09-16,holiday,22.7,0.313,,10.9,6.9,0.0,0.0,0,0.668,0.491,0.656,0.285,0.257,0.0,0.175,0.488
2023-09-17,holiday,24.1,0.52,0.12,15.5,8.0,0.0,0.0,0,0.679,0.584,0.6,0.364,0.283,0.0,0.254,0.518
2023-09-18,weekday,23.9,0.0,0.59,14.3,6.0,2.1,0.0,0,,0.023,0.056,0.0,0.102,0.022,0.0,0.016
2023-09-19,weekday,24.2,0.221,0.695,,6.3,3.6,0.0,0,0.512,0.044,0.103,0.0,0.088,0.157,0.098,0.081
2023-09-20,weekday,24.2,0.031,0.642,11.3,7.6,0.0,0.0,0,0.322,0.026,0.052,0.0,0.11,0.0,0.0,0.01
2023-09-21,weekday,23.6,0.029,,14.9,8.8,1.1,0.0,0,0.364,0.011,0.0,0.0,0.0,0.049,0.0,0.0
2023-09-22,weekday,26.0,0.07,0.679,14.3,9.5,0.0,0.0,0,0.466,0.087,,0.0,0.058,0.0,0.091,0.04
2023-09-23,holiday,23.4,0.462,0.039,16.4,9.9,0.0,0.0,0,0.633,0.629,0.529,0.389,0.282,0.046,0.127,0.562
2023-09-24,holiday,26.4,,0.09,14.2,7.5,0.8,0.0,0,0.732,0.574,0.675,0.379,0.313,0.0,0.133,0.45
2023-09-25,weekday,23.7,0.104,0.694,13.9,7.1,0.0,0.0,0,0.409,,,0.03,0.214,0.022,0.059,0.062
2023-09-26,weekday,25.7,0.0,0.608,,6.1,0.0,0.0,0,0.319,0.061,0.067,0.0,0.18,0.0,0.066,0.0
2023-09-27,weekday,25.1,0.011,0.637,15.2,8.6,0.0,0.0,0,0.509,,0.118,,0.057,0.0,0.004,0.0
2023-09-28,weekday,26.2,0.099,0.628,13.5,8.6,0.0,0.0,0,0.552,0.002,0.077,0.0,0.134,0.0,0.0,0.01
2023-09-29,weekday,26.5,0.016,0.625,11.2,8.5,1.1,0.0,0,0.361,0.0,0.158,0.043,0.127,,0.0,0.01
2023-09-30,holiday,25.6,0.474,0.164,14.5,5.8,0.0,0.0,0,0.735,0.585,0.612,0.353,,0.0,0.148,0.507
2023-10-01,holiday,25.7,0.605,0.149,3.4,5.8,1.0,0.0,0,0.655,0.681,0.62,0.294,0.416,0.032,0.195,0.6
2023-10-02,weekday,27.2,0.0,0.691,3.7,2.7,1.0,0.0,0,0.316,0.012,0.104,0.0,0.339,0.0,0.038,0.102
2023-10-03,weekday,26.6,0.074,0.635,3.2,5.9,0.1,0.0,0,0.474,0.0,0.103,0.0,0.37,0.005,0.065,0.048
2023-10-04,weekday,28.1,0.125,0.612,7.0,5.5,0.7,0.0,0,0.452,0.119,0.068,0.0,0.443,0.023,0.008,0.094
2023-10-05,weekday,27.0,0.15,0.661,1.4,5.1,0.0,0.0,0,0.315,0.101,0.108,0.0,0.369,0.041,,0.089
2023-10-06,weekday,26.0,0.0,0.65,4.4,3.5,0.0,0.0,0,0.381,0.012,0.112,0.0,0.316,0.0,0.0,0.068
2023-10-07,holiday,27.6,0.663,0.082,1.1,6.3,0.5,0.0,0,0.726,0.571,0.636,0.38,0.529,0.0,0.197,0.632
2023-10-08,holiday,28.5,0.388,0.099,1.6,3.1,1.0,0.0,0,0.692,0.495,0.714,0.398,0.518,0.054,0.314,0.512
2023-10-09,weekday,26.8,0.087,0.569,3.3,6.2,0.0,0.0,0,0.429,,0.109,0.0,0.316,0.0,0.001,0.038
2023-10-10,weekday,28.5,0.0,0.69,1.8,2.3,0.0,0.0,0,0.419,0.0,0.127,0.0,0.21,0.0,0.028,0.0
2023-10-11,weekday,26.8,0.115,0.638,2.9,2.0,0.0,0.0,0,0.457,0.031,0.139,0.098,0.32,0.0,0.067,0.085
2023-10-12,weekday,27.4,0.0,0.629,0.7,1.2,0.0,0.0,0,0.343,0.0,0.164,0.059,0.364,0.0,0.045,0.079
2023-10-13,weekday,27.6,0.242,0.607,3.2,3.7,0.0,0.0,0,0.431,0.0,0.052,,0.343,0.0,0.0,0.031
2023-10-14,holiday,28.1,0.556,0.103,1.9,2.6,0.6,0.0,0,0.647,0.58,0.519,0.329,0.446,0.012,0.27,0.598
2023-10-15,holiday,29.2,0.506,0.159,1.2,6.7,2.7,0.0,0,0.787,0.538,0.622,0.228,0.471,0.078,0.293,0.539
2023-10-16,weekday,28.1,,0.671,1.5,3.6,1.8,0.0,0,0.535,0.1,0.073,0.056,0.35,0.0,0.081,0.071
2023-10-17,weekday,27.1,0.175,0.605,4.3,2.2,1.1,,0,0.439,0.0,0.159,0.1,0.389,0.008,0.065,0.116
2023-10-18,weekday,27.7,0.12,,8.1,5.8,0.0,0.0,0,0.409,0.041,0.074,0.034,0.244,0.0,0.0,0.0
2023-10-19,weekday,26.1,0.097,0.713,0.4,4.7,3.4,0.0,0,0.292,0.033,0.118,0.053,0.25,0.082,0.0,0.075
2023-10-20,weekday,28.0,0.057,0.643,1.7,4.4,0.0,0.0,0,0.28,0.0,0.2,0.069,0.141,0.049,0.027,0.007
2023-10-21,holiday,27.4,0.73,0.129,1.0,4.5,0.0,0.0,0,0.709,0.692,0.633,0.325,0.598,0.0,0.26,0.639
2023-10-22,holiday,28.6,0.596,0.059,4.1,3.3,1.0,0.0,0,0.675,0.595,0.626,0.28,0.598,0.05,,0.516
2023-10-23,weekday,27.0,0.0,0.715,2.9,4.6,0.5,0.0,0,0.419,0.0,0.095,0.069,0.158,0.0,0.033,0.026
2023-10-24,weekday,28.7,0.188,0.536,9.1,4.5,0.0,0.0,0,0.55,0.023,0.095,0.0,0.343,0.027,0.0,0.055
2023-10-25,weekday,28.1,0.1,0.619,4.2,5.0,0.0,0.0,0,0.39,0.0,0.13,0.0,0.226,0.023,,0.055
2023-10-26,weekday,27.3,0.146,0.695,0.9,4.8,0.0,0.0,0,0.327,0.009,0.113,0.0,0.23,0.025,0.0,0.033
2023-10-27,weekday,29.3,0.323,0.554,3.6,5.2,4.2,1.0,0,0.393,0.29,0.26,,0.28,0.0,0.0,0.324
2023-10-28,holiday,28.9,0.51,0.12,7.9,3.6,0.0,0.0,0,0.685,0.61,0.632,0.32,0.522,0.0,0.15,0.562
2023-10-29,holiday,28.1,0.767,0.014,6.3,4.6,0.3,1.0,0,0.664,0.842,0.752,0.379,0.427,0.0,,0.819
2023-10-30,weekday,28.9,0.452,0.725,1.5,3.2,0.0,1.0,0,0.469,0.257,0.384,0.0,0.422,0.068,0.003,0.393
2023-10-31,weekday,29.4,,0.599,1.7,2.1,0.2,1.0,0,0.322,0.239,0.278,,0.409,0.059,0.024,0.335
2023-11-01,weekday,30.3,0.214,,2.7,2.8,0.0,0.0,0,0.387,0.0,0.15,0.0,0.381,0.0,0.0,0.084
2023-11-02,weekday,29.2,0.163,0.665,1.7,2.1,0.0,0.0,0,0.46,,,0.025,0.367,,0.007,0.06
2023-11-03,weekday,28.8,0.259,0.726,2.1,2.9,0.0,0.0,0,0.544,0.064,0.093,0.0,0.361,0.0,0.061,0.036
2023-11-04,holiday,29.1,0.531,0.01,5.8,3.1,0.0,,0,0.651,0.598,0.624,0.426,0.445,0.0,,0.517
2023-11-05,holiday,29.0,0.39,0.0,3.0,4.4,0.0,0.0,1,0.632,0.581,0.644,0.498,0.441,0.033,0.223,0.488
2023-11-06,weekday,28.4,0.189,0.624,1.6,4.0,0.0,0.0,0,0.514,,0.093,0.029,0.328,,0.029,0.106
2023-11-07,weekday,27.7,0.116,0.623,5.3,4.4,0.0,0.0,0,0.355,0.012,0.068,0.052,0.345,0.056,0.0,0.05
2023-11-08,weekday,29.1,0.056,0.586,2.7,2.6,0.0,0.0,0,0.506,0.01,0.06,0.0,0.35,0.015,0.0,0.071
2023-11-09,weekday,28.7,0.147,0.64,4.8,4.4,0.0,0.0,0,0.346,0.088,0.116,0.071,0.356,0.062,0.03,0.093
2023-11-10,weekday,27.6,0.149,0.565,3.8,3.8,1.8,0.0,0,0.377,0.032,0.196,0.0,0.298,0.03,0.0,0.076
2023-11-11,holiday,28.6,0.71,0.082,,4.5,1.8,0.0,0,0.665,0.62,0.484,0.294,0.383,0.02,0.152,0.599
2023-11-12,holiday,27.8,0.615,0.104,9.4,5.3,1.1,0.0,1,0.658,0.628,0.547,0.245,0.445,0.007,,0.56
2023-11-13,weekday,28.8,,0.647,3.3,5.0,1.0,0.0,0,0.424,,0.009,0.0,0.37,0.0,0.022,0.103
2023-11-14,weekday,27.7,0.248,0.699,2.3,2.7,0.0,0.0,0,0.415,0.0,0.081,0.0,0.332,0.052,0.0,0.107
2023-11-15,weekday,28.0,0.0,0.652,0.6,2.7,0.0,0.0,0,0.381,,0.063,0.0,,0.004,0.031,0.035
2023-11-16,weekday,27.7,0.261,0.608,4.0,2.9,0.0,0.0,0,0.4,0.143,0.15,0.0,0.313,,0.0,0.099
2023-11-17,weekday,27.0,0.078,,2.0,3.3,0.0,0.0,0,0.477,0.0,0.081,0.0,0.187,0.061,0.031,0.07
2023-11-18,holiday,27.4,0.555,0.002,5.5,3.4,0.6,0.0,0,0.551,0.637,0.648,0.398,0.516,0.081,0.208,0.608
2023-11-19,holiday,26.9,0.481,0.109,4.3,4.4,0.0,0.0,0,0.732,0.613,,0.32,0.298,0.0,0.187,0.548
2023-11-20,weekday,29.0,0.16,0.631,0.7,5.2,0.0,0.0,0,0.362,0.0,0.049,0.018,0.431,,0.091,0.079
2023-11-21,weekday,28.9,0.195,0.611,2.4,3.5,0.0,0.0,0,0.281,0.067,0.033,0.0,0.312,0.0,0.0,0.114
2023-11-22,weekday,28.2,0.056,0.712,4.7,5.3,0.3,0.0,0,0.461,0.042,0.171,0.0,0.296,0.031,0.0,0.06
2023-11-23,weekday,27.4,0.0,0.645,1.5,5.1,0.3,0.0,0,0.308,0.016,0.067,0.0,0.213,0.0,0.0,0.043
2023-11-24,weekday,28.1,0.109,0.69,4.7,3.2,1.8,0.0,0,0.338,0.106,0.113,0.017,0.1,0.077,0.0,0.064
2023-11-25,holiday,27.5,0.378,0.079,2.9,3.3,0.4,0.0,0,0.631,0.547,0.575,0.347,0.582,0.022,0.266,0.567
2023-11-26,holiday,26.7,0.507,0.057,1.9,1.9,0.0,0.0,0,0.753,0.681,0.592,0.377,0.42,0.0,0.185,0.554
2023-11-27,weekday,27.6,0.43,0.642,1.5,3.9,1.8,1.0,0,0.451,0.332,0.251,0.104,0.352,0.099,0.018,0.372
2023-11-28,weekday,26.6,0.257,0.691,7.0,4.0,3.4,0.0,0,0.443,0.044,0.142,,0.22,0.0,0.021,0.079
2023-11-29,weekday,25.8,0.293,0.744,0.5,5.2,0.8,1.0,0,0.408,0.226,0.239,0.0,0.211,,0.033,0.349
2023-11-30,weekday,27.4,0.11,0.695,2.9,3.3,0.0,0.0,0,0.502,0.013,0.029,0.0,0.432,0.028,0.056,0.071
2023-12-01,holiday,29.0,0.432,0.158,1.1,4.1,2.6,0.0,0,0.511,0.365,0.316,0.159,0.537,0.0,0.0,0.603
2023-12-02,holiday,27.6,0.732,0.049,2.5,5.7,0.6,1.0,0,,0.851,0.806,0.353,0.374,0.0,0.129,0.832
2023-12-03,holiday,28.0,0.464,0.032,3.7,3.4,0.0,0.0,0,0.846,0.571,0.644,0.346,0.449,0.0,0.226,0.508
2023-12-04,holiday,26.4,0.32,0.003,1.0,5.8,2.2,0.0,0,0.486,0.264,0.416,0.172,0.36,0.089,0.175,0.478
2023-12-05,holiday,27.1,0.519,0.08,0.6,3.9,0.7,0.0,0,0.372,0.383,0.305,0.23,0.25,0.0,0.081,0.522
2023-12-06,holiday,25.8,0.27,0.143,1.2,2.6,2.8,0.0,0,0.572,0.195,0.358,0.164,0.177,0.0,0.116,0.435
2023-12-07,holiday,26.1,0.357,0.105,6.5,4.2,2.9,0.0,0,0.604,0.364,0.371,0.145,0.359,,0.065,0.442
2023-12-08,holiday,26.2,0.453,0.042,1.3,2.0,0.0,0.0,0,0.494,0.299,0.395,0.241,0.424,0.008,0.122,0.503
2023-12-09,holiday,28.0,0.583,0.102,2.9,4.8,0.0,0.0,0,0.574,0.619,0.636,0.331,0.518,0.0,0.173,0.558
2023-12-10,holiday,28.2,0.542,0.115,4.5,4.3,1.6,0.0,0,0.79,0.631,0.615,0.293,0.395,0.0,0.184,0.555
2023-12-11,holiday,26.9,0.167,0.096,3.9,4.2,1.5,0.0,0,0.689,0.234,0.452,0.178,0.431,0.0,0.069,0.446
2023-12-12,holiday,27.9,0.558,0.097,7.2,4.1,1.8,1.0,0,0.556,0.558,0.63,0.199,0.403,0.0,0.064,0.78
2023-12-13,holiday,27.1,0.287,0.069,2.4,4.6,0.5,0.0,0,0.439,0.381,0.395,0.289,0.437,0.06,0.185,0.453
2023-12-14,holiday,25.5,0.386,,10.0,3.2,0.0,0.0,0,0.572,0.3,0.351,0.139,0.316,0.067,0.144,0.478
2023-12-15,holiday,26.1,0.308,0.069,2.4,3.5,1.4,0.0,0,0.538,0.319,0.364,0.194,0.406,0.0,0.116,0.461
2023-12-16,holiday,24.7,0.46,0.071,0.1,6.0,2.6,0.0,0,,0.61,0.597,0.279,0.438,0.115,0.263,0.513
2023-12-17,holiday,26.0,0.443,0.057,3.3,3.3,3.5,0.0,0,0.649,0.564,0.686,0.363,0.414,0.009,0.18,0.512
2023-12-18,holiday,24.1,0.564,0.0,2.2,4.1,2.5,1.0,0,0.558,0.612,0.596,0.206,0.245,0.0,0.135,0.817
2023-12-19,holiday,26.3,0.332,0.123,4.3,5.0,2.1,0.0,0,0.66,0.254,0.324,0.164,0.317,0.0,0.121,0.427
2023-12-20,holiday,26.2,0.425,0.043,5.9,3.2,3.4,0.0,0,0.529,0.423,0.352,0.124,0.345,0.052,0.086,0.515
2023-12-21,holiday,25.9,0.629,0.103,1.6,4.3,2.0,1.0,0,0.564,0.647,0.601,0.17,0.354,0.034,0.082,0.798
2023-12-22,holiday,24.2,0.256,,3.6,3.4,2.8,0.0,0,0.531,0.355,0.279,0.109,0.381,0.0,0.014,0.459
2023-12-23,holiday,25.2,0.562,0.146,3.2,5.3,1.3,0.0,0,0.643,0.596,0.628,0.339,0.392,0.036,0.252,0.514
2023-12-24,holiday,25.4,0.86,0.106,9.8,5.0,0.0,1.0,0,0.634,0.839,0.789,0.291,0.315,0.0,0.132,0.82
2023-12-25,holiday,24.2,0.258,0.078,2.4,4.5,4.7,0.0,0,0.591,0.307,,0.13,0.187,0.141,0.255,0.501
2023-12-26,holiday,23.4,0.286,0.078,0.1,3.1,1.0,0.0,0,,0.338,0.311,0.284,0.404,0.06,0.065,0.47
2023-12-27,holiday,25.0,0.441,0.063,4.7,3.0,0.7,0.0,0,0.59,0.304,0.389,0.139,0.32,0.012,0.116,0.475
2023-12-28,holiday,23.1,0.388,0.039,0.6,3.5,4.5,0.0,0,0.537,0.345,0.243,0.192,0.272,0.08,0.091,0.492
2023-12-29,holiday,25.6,0.235,0.038,5.3,2.3,2.2,0.0,0,0.565,,0.34,,0.461,0.0,0.123,0.442
2023-12-30,holiday,25.4,0.567,0.054,1.4,3.7,0.0,0.0,0,0.591,0.662,0.613,0.344,0.548,0.0,0.162,0.584
2023-12-31,holiday,23.5,0.38,0.088,5.3,5.0,0.0,0.0,0,0.733,0.591,0.573,0.357,,0.0,0.14,0.558
2024-01-01,holiday,23.6,0.337,0.054,8.1,3.9,0.0,0.0,0,0.454,0.361,0.348,0.183,0.306,0.0,0.151,0.46
2024-01-02,holiday,22.2,0.332,0.138,1.0,2.8,5.4,0.0,0,0.569,0.352,0.374,0.132,0.146,0.108,0.106,0.522
2024-01-03,holiday,23.2,0.619,0.053,,4.7,4.7,1.0,0,0.507,0.532,0.535,0.169,0.138,0.08,0.0,0.727
2024-01-04,holiday,21.3,0.277,0.135,1.9,6.8,0.4,0.0,0,0.553,0.322,0.323,0.197,0.176,0.108,0.217,0.445
2024-01-05,holiday,24.1,0.318,0.0,2.0,3.3,5.0,0.0,0,0.497,0.353,0.301,0.198,0.38,0.101,0.21,0.524
2024-01-06,holiday,22.9,0.514,0.063,2.5,3.9,1.6,0.0,0,0.622,0.501,0.586,0.359,0.311,0.084,0.26,0.494
2024-01-07,holiday,22.4,0.44,0.173,4.7,6.7,2.1,0.0,0,0.618,0.529,0.591,0.345,0.252,0.0,0.174,0.549
2024-01-08,holiday,21.2,0.22,0.13,1.8,3.0,2.1,0.0,0,0.662,0.314,0.301,0.122,0.197,0.136,0.228,0.452
2024-01-09,holiday,20.9,0.252,,5.4,3.7,2.3,0.0,0,0.446,0.364,0.351,0.221,0.304,0.09,0.151,0.398
2024-01-10,holiday,21.6,0.366,0.074,1.4,3.2,5.5,0.0,0,0.728,0.342,0.241,0.144,0.272,0.13,0.229,0.507
2024-01-11,holiday,22.5,0.481,0.163,1.5,3.5,2.8,1.0,0,0.583,0.57,0.624,0.196,,0.059,0.186,0.741
2024-01-12,holiday,22.7,0.446,0.132,2.6,2.4,4.3,0.0,0,0.656,0.401,0.343,0.079,0.232,0.103,0.231,0.49
2024-01-13,holiday,21.8,0.477,0.092,5.1,4.2,2.4,0.0,0,0.78,0.615,0.579,0.241,0.384,0.068,0.184,0.509
2024-01-14,holiday,21.0,0.466,0.093,3.0,5.5,2.8,0.0,0,0.546,0.573,0.48,0.415,0.354,0.14,0.288,0.494
2024-01-15,holiday,20.0,0.283,0.064,1.1,2.9,0.4,0.0,0,0.559,0.375,0.213,0.171,0.189,0.08,0.109,0.443
2024-01-16,holiday,20.4,0.069,0.075,4.8,4.7,2.8,0.0,0,,0.293,0.303,0.144,0.093,0.144,0.205,0.389
2024-01-17,holiday,21.0,0.065,0.056,2.3,0.5,3.7,0.0,0,0.551,0.262,0.282,0.105,0.282,0.175,0.179,0.409
2024-01-18,holiday,19.9,0.396,0.066,2.3,5.3,1.7,0.0,0,0.499,0.305,0.299,0.191,0.14,0.155,0.248,0.47
2024-01-19,holiday,21.4,0.345,0.002,1.4,5.0,2.1,0.0,0,0.498,0.317,0.26,0.201,0.253,0.106,0.222,0.488
2024-01-20,holiday,20.0,0.402,,2.4,1.9,4.0,0.0,0,0.762,0.545,0.585,0.295,0.325,0.223,0.357,0.522
2024-01-21,holiday,20.3,0.791,0.122,4.6,4.7,1.7,1.0,0,,0.818,0.723,0.325,0.176,0.153,0.334,0.803
2024-01-22,holiday,20.0,0.33,0.069,4.3,4.3,5.4,0.0,0,0.554,0.263,0.286,0.222,0.105,0.176,0.26,0.43
2024-01-23,holiday,19.5,0.105,0.052,0.8,2.4,3.0,0.0,0,0.665,0.302,0.338,0.192,0.135,0.187,,0.441
2024-01-24,holiday,18.2,0.268,0.131,4.4,5.6,3.0,0.0,0,0.604,0.257,0.301,0.224,0.112,0.229,0.218,0.388
2024-01-25,holiday,18.9,0.216,0.02,2.9,3.5,5.4,0.0,0,0.543,0.337,0.262,0.181,0.166,0.248,0.155,0.435
2024-01-26,holiday,17.5,0.402,0.115,4.6,7.0,6.6,0.0,0,0.589,0.257,0.426,0.165,0.022,0.44,0.236,0.471
2024-01-27,holiday,18.5,0.416,0.061,4.4,3.1,2.8,0.0,0,0.666,,0.581,0.364,0.327,0.124,0.29,0.512
2024-01-28,holiday,18.3,0.512,0.036,3.3,5.0,4.6,0.0,0,0.552,0.565,0.53,0.241,0.182,0.204,0.286,0.521
2024-01-29,holiday,19.5,0.29,0.07,4.2,0.3,3.6,0.0,0,0.607,0.261,0.326,0.191,0.173,0.139,,0.45
2024-01-30,holiday,17.5,0.03,0.072,4.3,3.3,4.8,0.0,0,0.574,0.271,0.382,0.154,0.056,0.215,0.175,0.393
2024-01-31,holiday,18.7,0.317,0.049,4.0,1.9,6.3,0.0,0,0.578,0.309,0.27,0.208,0.118,,0.282,0.499
2024-02-01,weekday,17.6,0.0,0.675,2.2,5.0,4.8,0.0,0,0.358,0.054,0.04,0.0,0.017,0.193,0.156,0.035
2024-02-02,weekday,16.0,0.124,0.677,3.2,3.2,3.5,0.0,0,0.365,0.008,0.121,0.027,0.051,0.332,0.19,0.041
2024-02-03,holiday,16.8,0.435,0.065,4.4,4.2,3.3,0.0,0,0.606,0.651,0.627,0.34,0.14,0.142,0.308,0.513
2024-02-04,holiday,15.9,0.398,0.089,2.8,5.5,7.8,0.0,0,0.564,0.538,0.613,0.461,0.063,0.304,0.318,0.515
2024-02-05,weekday,16.1,0.0,0.583,2.9,5.4,4.6,0.0,0,0.436,0.0,0.0,0.021,0.004,,0.12,0.051
2024-02-06,weekday,16.0,0.096,0.63,1.2,3.4,5.3,,0,0.48,0.009,0.0,,0.012,0.332,0.202,0.017
2024-02-07,weekday,15.8,0.027,0.708,1.4,5.4,6.0,0.0,0,0.477,0.011,0.099,0.0,0.0,0.377,,0.002
2024-02-08,weekday,16.6,0.111,0.742,1.1,2.8,5.3,0.0,0,0.388,0.136,0.085,0.0,,0.318,0.097,0.058
2024-02-09,weekday,15.2,0.061,0.634,5.1,3.2,4.1,0.0,0,0.405,0.001,0.021,0.008,0.0,0.199,0.082,0.039
2024-02-10,holiday,17.1,0.364,0.015,6.2,2.2,0.0,0.0,0,,0.499,0.56,0.312,0.143,0.334,0.339,0.527
2024-02-11,holiday,14.8,0.333,0.075,11.2,5.3,2.9,0.0,0,0.728,0.546,0.539,0.437,,0.183,0.297,0.535
2024-02-12,weekday,12.8,0.11,0.623,2.2,4.8,2.0,0.0,0,0.406,0.0,0.03,0.035,0.0,0.349,0.15,0.028
2024-02-13,weekday,14.6,0.061,0.701,4.1,2.8,4.0,,0,0.36,0.042,0.036,0.0,0.0,0.33,0.117,0.01
2024-02-14,weekday,15.7,0.056,0.644,2.7,2.3,7.4,0.0,0,0.436,0.0,0.037,0.025,0.0,0.324,0.276,0.032
2024-02-15,weekday,15.2,0.0,0.668,4.2,0.8,6.1,0.0,0,0.343,0.0,0.0,0.069,0.012,0.297,0.166,0.015
2024-02-16,weekday,13.9,0.065,0.75,4.3,2.8,5.3,0.0,0,0.369,0.035,0.099,0.092,0.0,0.293,0.145,0.023
2024-02-17,holiday,15.2,0.46,0.065,5.3,3.1,0.9,0.0,0,0.609,0.541,0.512,0.401,0.153,0.309,0.327,0.477
2024-02-18,holiday,13.7,0.469,0.155,6.3,3.4,4.8,0.0,0,0.733,0.56,0.594,0.284,,0.365,0.32,0.49
2024-02-19,weekday,13.9,0.107,0.607,3.4,6.3,6.1,0.0,0,0.377,0.0,0.034,0.084,0.0,0.35,0.209,0.015
2024-02-20,weekday,13.6,0.0,0.612,1.8,3.3,2.7,0.0,0,0.564,0.029,0.016,0.104,0.0,0.287,0.035,0.027
2024-02-21,weekday,13.3,0.0,0.724,3.3,5.5,5.5,0.0,0,0.475,0.002,0.086,0.021,0.0,0.369,0.136,0.037
2024-02-22,weekday,12.6,0.0,0.662,4.5,3.4,6.1,0.0,0,0.396,0.034,0.003,0.019,0.016,0.288,0.08,0.034
2024-02-23,weekday,14.4,0.0,0.628,5.7,3.2,4.7,0.0,0,0.388,0.064,,0.075,0.0,0.233,0.169,0.0
2024-02-24,holiday,11.8,,0.036,4.8,5.3,1.9,0.0,0,0.539,0.524,0.517,0.491,0.175,0.305,0.422,0.455
2024-02-25,holiday,12.1,0.434,0.005,4.4,3.1,6.0,0.0,0,0.677,0.574,0.508,0.457,0.0,0.398,0.453,0.544
2024-02-26,weekday,11.0,0.0,0.59,4.6,4.0,1.1,0.0,1,0.345,0.046,0.0,0.0,,0.253,0.084,0.009
2024-02-27,weekday,14.1,0.097,0.663,6.2,3.8,7.9,0.0,0,0.52,0.047,0.088,0.07,0.0,0.263,,0.0
2024-02-28,weekday,11.5,0.0,0.676,4.1,3.8,7.2,0.0,0,0.556,0.0,0.107,0.118,0.0,0.472,0.294,0.0
2024-02-29,weekday,13.0,0.0,0.666,3.8,5.8,7.3,0.0,0,0.523,0.091,0.008,0.039,0.104,0.339,0.159,0.047
2024-03-01,weekday,11.1,0.0,0.591,2.3,3.2,4.1,0.0,0,0.301,0.004,0.0,0.055,0.075,0.375,0.161,0.055
2024-03-02,holiday,10.3,0.438,0.139,2.5,2.3,7.1,0.0,0,0.67,0.565,0.566,0.444,0.269,0.468,0.418,0.438
2024-03-03,holiday,11.2,0.486,0.121,2.1,7.0,5.5,0.0,0,0.568,0.636,0.496,0.421,0.121,0.42,0.415,0.498
2024-03-04,weekday,11.1,0.005,0.706,2.5,4.1,2.0,0.0,0,0.43,0.088,0.048,0.022,0.0,0.378,0.25,0.01
2024-03-05,weekday,11.0,0.061,0.593,3.1,3.6,4.0,0.0,0,0.297,0.019,0.0,0.087,0.0,0.341,0.151,0.0
2024-03-06,weekday,9.7,0.063,0.633,4.0,3.7,4.4,0.0,0,0.396,0.038,0.135,0.104,,0.415,0.225,0.039
2024-03-07,weekday,10.5,0.054,0.678,8.1,4.8,3.5,0.0,0,0.31,0.0,,0.08,0.0,0.371,0.164,0.0
2024-03-08,weekday,10.3,0.0,0.65,5.1,3.1,5.3,0.0,0,0.411,0.0,0.0,0.024,0.0,0.35,0.212,0.014
2024-03-09,holiday,10.8,0.362,0.013,2.6,2.8,3.4,0.0,0,0.708,0.534,0.575,0.398,0.099,0.415,0.425,0.474
2024-03-10,holiday,12.0,0.378,0.133,4.7,5.4,6.7,0.0,0,0.713,0.522,0.543,0.312,0.027,0.396,0.498,0.526
2024-03-11,weekday,9.6,0.0,0.61,3.5,3.5,4.1,0.0,0,0.429,0.0,,0.073,0.0,0.473,0.183,0.0
2024-03-12,weekday,9.5,0.332,0.708,3.0,4.4,6.8,1.0,0,0.477,0.247,0.292,0.062,0.0,,0.297,0.292
2024-03-13,weekday,9.4,0.0,0.617,2.0,3.3,2.9,0.0,0,0.369,0.0,0.019,0.103,0.002,0.448,0.138,0.0
2024-03-14,weekday,10.3,0.044,0.697,6.9,4.1,6.2,0.0,0,0.295,0.075,0.085,0.112,0.0,0.408,0.223,0.053
2024-03-15,weekday,8.1,,0.713,2.3,5.5,3.0,0.0,0,0.366,0.0,0.033,0.11,0.0,,0.242,0.0
2024-03-16,,10.9,0.491,0.091,6.0,1.8,4.7,0.0,0,0.645,0.649,0.522,0.381,0.061,0.393,0.368,0.509
2024-03-17,holiday,7.7,0.383,0.118,1.2,2.0,3.7,0.0,0,0.61,0.739,0.521,0.384,0.219,0.424,0.385,0.543
2024-03-18,weekday,7.5,0.0,0.589,4.0,2.8,3.8,0.0,0,0.331,0.0,0.058,,0.0,0.545,0.285,0.0
2024-03-19,weekday,9.0,0.004,0.65,3.9,5.7,5.2,0.0,0,0.421,0.0,0.052,0.042,0.0,0.47,0.305,0.024
2024-03-20,weekday,8.5,0.0,0.694,5.9,4.2,5.5,0.0,0,0.428,,0.011,0.075,0.0,,0.209,0.002
2024-03-21,weekday,8.9,0.094,,2.7,4.5,2.9,0.0,0,0.541,0.011,0.0,0.153,0.0,0.467,0.195,0.0
2024-03-22,weekday,7.6,0.0,0.648,4.3,3.0,5.1,0.0,0,0.386,0.02,0.0,0.038,0.0,0.499,0.204,0.012
2024-03-23,holiday,7.5,0.4,0.123,5.6,2.9,6.9,0.0,0,0.656,0.6,0.536,0.458,0.185,0.53,0.505,0.512
2024-03-24,holiday,7.1,0.492,0.158,3.8,3.5,7.1,0.0,0,0.658,0.569,0.51,0.475,0.21,0.491,0.378,0.508
2024-03-25,weekday,8.7,0.0,0.678,3.7,3.2,4.1,0.0,0,0.507,0.024,0.041,0.024,0.0,0.488,0.155,0.005
2024-03-26,weekday,7.7,0.0,0.62,2.2,3.1,6.5,0.0,0,0.374,0.0,0.016,0.107,0.0,0.492,0.192,0.015
2024-03-27,weekday,8.2,0.0,0.611,2.0,5.4,4.6,0.0,0,0.507,0.117,0.046,0.083,0.0,0.482,0.312,0.061
2024-03-28,weekday,8.2,0.0,0.609,3.8,2.0,6.4,0.0,0,0.475,0.048,0.0,0.116,0.0,0.444,0.254,0.0
2024-03-29,weekday,6.6,0.043,0.72,3.0,6.0,5.1,0.0,0,0.436,0.044,0.098,,0.0,0.438,,0.022
2024-03-30,holiday,7.1,0.429,0.047,3.8,2.5,6.0,0.0,0,0.809,0.555,,0.431,0.188,0.468,0.458,0.485
2024-03-31,holiday,7.6,0.433,0.059,0.5,5.2,2.8,0.0,0,0.654,0.607,,0.415,0.159,0.509,0.468,0.531
2024-04-01,weekday,7.4,0.016,0.64,2.6,8.3,0.0,0.0,0,0.351,0.0,0.0,0.106,0.0,,0.402,0.0
2024-04-02,weekday,7.2,0.159,0.676,1.7,3.5,0.0,0.0,0,0.379,0.09,0.104,0.126,0.0,0.467,0.191,0.0
2024-04-03,weekday,6.8,0.045,0.609,3.1,1.2,0.0,0.0,0,0.508,0.025,0.0,0.141,0.0,0.398,0.078,0.067
2024-04-04,weekday,5.7,0.014,0.655,6.0,4.6,0.0,0.0,0,0.472,0.0,0.0,0.134,0.0,,0.209,0.023
2024-04-05,weekday,7.0,0.076,0.665,1.2,4.9,1.0,0.0,0,0.335,0.0,0.0,0.11,0.0,0.461,0.322,0.015
2024-04-06,holiday,6.1,0.41,0.15,3.7,4.9,0.0,0.0,0,0.546,0.581,0.422,0.474,0.109,0.475,0.462,0.512
2024-04-07,holiday,6.8,0.37,0.111,6.0,3.6,0.0,0.0,0,0.635,0.542,,0.492,,0.506,0.508,0.476
2024-04-08,,5.0,,0.668,2.3,4.0,0.0,0.0,0,0.404,0.032,0.052,0.206,0.0,0.577,0.242,0.0
2024-04-09,weekday,5.9,0.062,0.7,6.5,4.2,0.0,0.0,0,0.3,0.11,0.0,0.032,0.005,0.393,,0.0
2024-04-10,weekday,5.6,0.036,0.632,0.5,3.5,1.2,0.0,0,0.408,0.0,0.01,0.059,,0.457,0.217,0.0
2024-04-11,weekday,4.8,0.0,0.59,4.8,2.3,3.5,0.0,0,0.412,0.043,0.0,0.129,0.0,0.564,0.39,0.0
2024-04-12,weekday,4.2,0.0,,5.4,3.3,1.7,0.0,0,0.354,0.0,0.066,0.092,0.0,0.529,0.235,0.014
2024-04-13,holiday,6.1,,0.016,4.3,2.5,0.0,0.0,0,0.653,0.589,0.449,0.417,0.074,0.497,0.417,0.446
2024-04-14,holiday,5.6,0.35,0.092,,2.7,2.9,0.0,0,0.643,0.522,0.497,0.474,0.2,0.589,0.462,0.474
2024-04-15,weekday,5.7,0.0,0.683,3.5,5.2,2.7,0.0,0,0.311,0.0,0.0,0.147,0.0,0.425,0.228,0.002
2024-04-16,weekday,4.7,0.0,0.567,2.4,3.3,0.9,0.0,0,0.406,0.106,0.0,0.174,0.0,0.519,0.245,0.036
2024-04-17,weekday,4.3,0.0,0.654,1.7,3.2,1.4,0.0,0,0.418,0.007,0.0,0.164,0.0,0.537,0.225,0.0
2024-04-18,weekday,4.9,0.0,0.69,3.2,3.6,0.0,0.0,0,0.424,0.0,0.0,,0.0,0.579,0.241,0.019
2024-04-19,weekday,5.2,0.018,0.674,10.7,3.7,0.6,0.0,0,0.542,0.0,0.007,0.172,,0.597,0.361,0.004
2024-04-20,holiday,4.9,0.438,0.057,3.0,5.0,0.9,0.0,0,0.615,0.683,0.477,0.45,0.197,0.544,0.462,0.501
2024-04-21,holiday,4.3,0.596,0.131,4.0,4.0,0.0,1.0,0,0.617,0.832,0.724,0.474,0.039,0.585,0.556,0.748
2024-04-22,weekday,5.1,0.218,0.642,2.2,3.2,0.4,1.0,0,0.379,0.243,0.181,0.152,0.0,0.498,0.254,0.224
2024-04-23,weekday,5.7,0.0,0.692,0.5,4.9,2.7,0.0,0,0.494,0.0,0.062,0.097,0.0,0.47,0.372,0.011
2024-04-24,weekday,5.8,0.208,0.596,,4.6,0.0,1.0,0,0.414,0.215,0.285,0.084,0.0,0.489,0.202,0.243
2024-04-25,weekday,4.6,0.01,0.567,8.3,2.8,0.0,0.0,0,0.378,0.003,0.0,0.049,,0.464,0.25,0.056
2024-04-26,weekday,3.4,0.058,0.673,1.2,4.3,0.6,0.0,0,0.451,0.013,0.0,0.091,0.0,0.488,0.292,0.047
2024-04-27,holiday,4.5,0.438,0.0,1.8,4.5,0.0,0.0,0,0.605,0.601,0.504,0.544,0.115,0.438,0.54,0.522
2024-04-28,holiday,5.1,0.286,0.078,7.2,4.8,0.6,0.0,0,0.633,0.65,0.495,0.482,0.256,0.395,0.435,0.46
2024-04-29,weekday,4.1,0.034,0.657,5.0,2.5,0.9,0.0,0,0.446,0.013,0.0,0.139,0.001,0.566,0.365,0.008
2024-04-30,weekday,3.7,0.104,0.642,1.4,3.9,3.1,0.0,0,0.347,0.087,0.0,,0.0,0.578,0.206,0.013
2024-05-01,holiday,5.2,0.257,0.072,4.3,5.4,0.0,0.0,0,0.515,0.222,0.197,0.284,0.142,0.483,0.361,0.444
2024-05-02,holiday,4.8,,0.073,4.6,4.4,0.0,0.0,0,0.589,0.371,0.174,0.285,0.032,0.516,0.384,0.453
2024-05-03,holiday,5.5,0.141,0.108,1.4,5.8,0.0,0.0,0,0.579,0.232,0.302,0.254,0.091,0.505,0.324,0.386
2024-05-04,holiday,5.1,0.439,0.047,4.0,2.6,0.0,0.0,0,0.447,0.586,0.498,0.452,0.204,0.53,0.455,0.461
2024-05-05,holiday,4.0,0.45,0.086,4.9,5.2,0.0,0.0,0,0.522,0.53,0.454,0.39,0.095,0.622,0.586,0.509
2024-05-06,holiday,3.9,0.232,0.138,3.9,2.4,2.6,0.0,0,0.582,0.361,0.309,0.363,0.056,0.563,0.274,0.403
2024-05-07,holiday,4.7,0.557,0.081,3.0,3.8,0.0,1.0,0,0.557,0.606,0.518,0.323,0.051,0.489,0.412,0.718
2024-05-08,holiday,5.1,0.156,0.051,,2.7,0.0,0.0,0,0.514,0.354,0.325,0.25,,0.423,,0.375
2024-05-09,holiday,6.3,0.184,0.095,2.3,3.4,3.2,0.0,0,0.485,0.287,0.223,0.29,0.0,0.588,0.457,0.474
2024-05-10,holiday,5.8,0.084,0.102,1.2,5.6,0.0,0.0,0,0.541,,0.231,0.283,0.035,0.432,0.335,0.359
2024-05-11,holiday,5.1,0.492,0.069,5.4,2.8,0.0,0.0,0,,0.616,0.473,0.537,0.23,0.502,0.506,0.491
2024-05-12,holiday,5.5,0.453,0.0,3.0,3.6,0.0,0.0,0,0.515,0.571,0.465,0.465,0.0,0.53,0.53,0.48
2024-05-13,holiday,5.4,0.359,0.013,2.8,3.6,0.0,1.0,0,0.55,0.546,0.443,0.245,0.0,0.52,0.389,0.645
2024-05-14,holiday,4.3,0.19,0.003,2.2,5.2,2.7,0.0,0,0.609,0.242,0.267,0.289,0.043,0.564,0.298,0.434
2024-05-15,holiday,3.5,0.122,0.077,9.6,3.4,1.0,0.0,0,0.563,0.186,0.279,0.288,0.0,0.598,0.431,0.427
2024-05-16,holiday,6.7,,0.023,1.5,4.5,0.0,0.0,0,0.545,0.22,0.242,0.29,0.071,0.508,0.33,0.379
2024-05-17,holiday,5.1,0.255,0.08,4.0,6.1,0.0,0.0,0,0.433,0.329,0.283,0.235,0.0,0.432,0.378,0.428
2024-05-18,holiday,5.9,0.299,0.106,3.2,1.8,0.3,0.0,0,0.585,0.533,0.53,0.477,0.144,0.469,0.424,0.486
2024-05-19,holiday,5.3,0.464,0.068,2.6,6.6,0.0,0.0,0,0.504,0.524,0.454,0.466,0.0,0.447,0.41,0.477
2024-05-20,holiday,4.1,0.174,0.065,0.0,4.2,1.5,0.0,0,0.656,0.296,0.234,0.214,0.0,0.616,0.427,0.409
2024-05-21,holiday,4.6,0.092,0.094,2.5,2.8,0.8,0.0,0,0.534,0.211,0.207,0.283,0.0,0.434,0.427,0.426
2024-05-22,holiday,5.0,0.191,0.071,0.4,5.5,0.0,0.0,0,0.553,0.287,0.19,0.415,0.006,0.563,0.383,0.378
2024-05-23,holiday,4.0,0.074,0.099,6.6,4.3,0.0,0.0,0,0.537,0.271,0.163,0.254,0.014,0.59,0.433,0.398
2024-05-24,holiday,4.8,,0.141,5.9,3.6,0.7,0.0,0,0.528,0.323,0.236,0.374,0.0,0.519,0.331,0.362
2024-05-25,holiday,5.7,0.399,0.099,7.1,4.9,0.0,0.0,0,0.674,0.638,0.471,0.412,0.069,0.527,0.482,0.503
2024-05-26,holiday,6.7,0.295,0.083,8.4,6.6,0.0,0.0,0,0.822,0.566,0.443,0.398,0.009,0.437,0.475,0.45
2024-05-27,holiday,5.5,0.196,0.052,3.5,3.3,0.8,0.0,0,0.459,0.354,0.266,0.279,0.0,0.503,0.424,0.415
2024-05-28,holiday,5.1,0.178,0.118,1.6,5.6,0.0,0.0,0,0.495,0.324,0.181,0.285,0.0,0.542,0.324,0.438
2024-05-29,holiday,5.0,0.225,0.068,2.1,4.4,0.0,,0,0.617,0.313,0.288,0.253,0.021,0.511,0.388,0.4
2024-05-30,holiday,5.0,0.087,0.073,2.6,2.5,0.0,0.0,0,,0.274,0.26,0.308,0.085,0.502,0.343,0.387
2024-05-31,holiday,6.1,0.141,0.037,3.4,4.6,0.0,0.0,0,0.455,0.347,0.201,0.173,0.061,0.517,0.379,0.416
2024-06-01,holiday,5.7,0.319,0.104,4.3,5.0,0.0,0.0,0,0.771,0.551,0.451,0.434,0.132,0.472,0.449,0.519
2024-06-02,holiday,5.9,0.405,0.002,3.6,6.3,2.2,0.0,0,0.562,0.538,0.522,0.452,0.127,0.595,0.448,0.449
2024-06-03,weekday,5.4,0.028,0.637,2.2,4.1,2.0,0.0,0,0.48,0.0,0.006,0.085,0.0,0.477,0.241,0.038
2024-06-04,weekday,6.2,0.01,0.605,9.0,2.9,0.3,0.0,0,0.465,0.0,0.019,0.093,0.0,0.517,0.363,0.0
2024-06-05,weekday,4.8,0.29,0.615,3.0,2.1,0.2,1.0,0,0.46,0.248,0.214,0.198,0.063,,0.235,0.235
2024-06-06,weekday,4.8,0.0,0.67,,5.9,0.0,0.0,0,0.378,0.078,0.0,0.089,0.0,0.426,0.222,0.02
2024-06-07,weekday,7.2,0.0,0.628,1.1,4.6,2.0,0.0,0,0.335,0.0,0.0,0.123,,0.562,0.312,0.0
2024-06-08,holiday,6.7,0.401,0.126,23.1,3.6,0.0,0.0,0,0.644,0.607,0.559,0.411,0.0,0.435,0.335,0.456
2024-06-09,holiday,7.2,0.318,0.0,21.7,5.4,3.3,0.0,0,0.719,0.56,0.549,0.482,0.075,0.396,0.471,0.414
2024-06-10,weekday,6.8,0.216,0.7,22.1,2.7,0.0,1.0,0,0.417,0.19,0.273,0.166,0.0,0.367,0.22,0.213
2024-06-11,weekday,6.5,0.0,0.662,19.1,2.0,1.3,0.0,0,0.348,,0.035,0.152,0.0,0.389,0.201,0.0
2024-06-12,weekday,7.0,0.0,0.681,18.8,3.4,0.7,0.0,0,0.512,0.0,0.031,0.082,0.0,0.406,0.2,0.0
2024-06-13,weekday,7.6,0.0,0.708,22.5,5.1,0.0,0.0,0,0.419,0.007,0.037,0.018,0.0,0.451,,0.0
2024-06-14,weekday,6.9,0.0,0.601,23.1,4.5,0.1,0.0,0,0.365,0.072,0.025,0.172,0.0,0.41,0.099,0.0
2024-06-15,holiday,7.0,0.373,0.014,19.4,4.6,0.0,0.0,0,0.598,0.524,0.473,0.44,0.0,0.375,0.392,0.457
2024-06-16,holiday,8.0,0.414,0.091,23.8,6.1,1.9,0.0,0,0.639,0.535,0.496,0.546,0.027,0.42,0.368,0.405
2024-06-17,weekday,6.7,0.156,0.619,19.9,4.3,1.0,0.0,0,0.475,0.034,0.005,0.064,,0.545,0.307,0.0
2024-06-18,weekday,7.8,0.025,0.67,19.3,3.7,1.3,0.0,0,0.345,0.023,0.056,0.093,0.0,0.436,0.263,0.0
2024-06-19,weekday,7.5,0.0,0.569,21.5,2.1,0.0,0.0,0,0.342,0.0,0.083,0.136,0.0,0.406,0.115,0.0
2024-06-20,weekday,7.4,,,23.7,6.3,1.6,0.0,0,0.533,0.0,0.025,0.059,0.0,0.438,0.125,0.0
2024-06-21,weekday,7.4,0.0,0.588,29.5,3.6,0.0,0.0,0,0.345,0.025,0.0,0.089,0.0,0.449,0.133,0.0
2024-06-22,holiday,8.2,0.369,0.109,20.8,3.5,0.0,0.0,0,0.61,0.606,0.57,0.49,0.0,0.441,0.414,0.411
2024-06-23,holiday,8.4,0.718,0.01,23.7,4.8,0.0,1.0,0,0.671,0.857,0.744,0.4,0.057,0.28,0.281,0.754
2024-06-24,weekday,9.2,0.049,0.566,18.8,5.2,2.3,0.0,0,0.437,0.0,0.0,0.061,0.0,0.373,0.149,0.0
2024-06-25,weekday,7.2,0.008,0.61,20.5,3.6,0.0,0.0,0,0.471,0.0,0.0,0.126,0.0,0.415,0.155,0.0
2024-06-26,weekday,8.4,0.0,0.644,20.0,3.6,0.0,0.0,0,0.508,0.003,0.0,0.066,0.0,0.441,0.234,0.0
2024-06-27,weekday,9.2,0.0,0.6,21.9,6.1,1.2,0.0,0,0.231,0.022,0.051,0.033,0.0,0.289,0.0,0.009
2024-06-28,weekday,8.5,0.373,0.614,21.4,4.4,0.4,1.0,0,0.446,0.32,0.197,0.09,0.0,0.419,0.23,0.25
2024-06-29,holiday,9.2,0.46,0.088,24.6,1.8,1.5,0.0,0,0.796,0.524,0.528,0.435,0.0,0.36,0.32,0.404
2024-06-30,holiday,9.5,0.344,0.028,20.0,3.9,0.4,0.0,0,0.636,0.512,0.569,0.381,,0.325,0.407,0.43
2024-07-01,weekday,8.7,0.0,0.608,22.3,4.0,0.0,0.0,0,0.352,,0.0,0.114,0.0,0.393,0.167,0.0
2024-07-02,weekday,10.8,0.0,0.448,21.4,3.9,0.0,0.0,0,0.382,0.0,0.041,0.044,0.0,0.339,0.143,0.0
2024-07-03,weekday,8.9,0.028,0.625,19.7,2.3,0.0,0.0,0,0.456,0.0,0.002,0.022,0.0,0.355,0.145,0.016
2024-07-04,,10.1,0.01,,20.5,3.4,0.0,0.0,0,0.521,,0.0,0.136,0.0,0.364,0.189,0.034
2024-07-05,weekday,9.2,0.0,0.708,19.4,2.3,3.0,0.0,0,0.513,0.0,0.051,0.077,0.0,0.329,0.159,0.0
2024-07-06,holiday,9.4,0.333,0.028,22.4,4.2,1.4,0.0,0,0.623,0.51,0.58,0.456,0.068,0.337,0.246,0.467
2024-07-07,holiday,11.2,0.358,0.117,21.9,3.3,0.0,0.0,0,0.599,0.613,0.476,0.415,0.067,0.312,0.289,0.429
2024-07-08,weekday,10.6,0.0,0.692,18.5,4.3,1.6,0.0,0,0.475,0.0,0.026,0.052,0.0,0.404,0.266,0.0
2024-07-09,weekday,12.1,0.0,0.601,20.3,4.2,0.0,0.0,0,0.451,0.0,0.0,0.052,0.0,0.28,,0.0
2024-07-10,weekday,12.3,0.039,0.607,,3.7,1.7,0.0,0,0.463,0.097,0.049,0.109,0.0,0.25,0.165,0.0
2024-07-11,weekday,10.4,0.0,0.564,21.3,4.0,0.6,0.0,0,0.433,0.052,0.049,0.016,0.0,0.393,0.227,0.0
2024-07-12,weekday,10.7,0.0,0.687,23.9,0.6,1.2,0.0,0,0.351,0.007,0.087,0.015,,0.288,0.143,0.0
2024-07-13,holiday,11.7,,0.085,20.7,3.4,0.2,0.0,0,0.801,0.526,0.577,0.511,0.108,0.332,0.374,0.458
2024-07-14,holiday,13.1,0.332,,18.7,3.4,0.0,0.0,0,0.51,0.581,0.521,0.462,0.068,0.246,0.259,0.462
2024-07-15,weekday,14.2,0.176,0.666,26.9,2.6,2.0,1.0,0,0.456,0.29,0.217,0.034,0.0,0.268,0.126,0.26
2024-07-16,weekday,11.4,0.0,0.712,22.1,5.2,3.2,0.0,0,0.612,0.0,0.0,0.0,0.0,0.419,0.175,0.0
2024-07-17,weekday,12.5,,,19.6,3.9,0.7,0.0,0,0.338,0.046,0.051,0.048,0.0,,0.097,0.0
2024-07-18,weekday,11.7,0.066,0.611,20.9,4.9,0.7,0.0,0,0.301,0.0,0.038,,0.0,0.352,0.186,0.0
2024-07-19,weekday,12.7,0.0,0.59,20.8,2.7,0.8,0.0,0,0.398,0.0,0.1,0.066,0.0,0.308,0.127,0.0
2024-07-20,holiday,14.2,0.378,0.129,19.7,4.8,2.1,0.0,0,,0.435,0.511,0.428,0.0,0.168,0.218,0.472
2024-07-21,holiday,13.9,0.324,0.079,3.6,2.9,2.8,0.0,0,0.671,0.59,0.442,0.436,0.053,0.334,0.384,0.466
2024-07-22,weekday,14.4,0.0,0.581,2.3,2.4,0.0,0.0,0,0.292,0.037,0.043,0.054,0.0,0.252,0.198,0.03
2024-07-23,weekday,13.7,0.046,,3.4,3.1,1.4,0.0,0,0.38,0.0,0.028,0.088,0.0,0.296,0.199,0.0
2024-07-24,weekday,14.0,0.0,0.696,8.8,4.9,0.7,0.0,0,0.368,,0.045,0.046,0.0,0.396,0.147,0.025
2024-07-25,weekday,13.6,0.014,0.698,1.1,3.2,0.0,0.0,0,,0.0,0.058,0.072,0.0,0.352,0.207,0.089
2024-07-26,weekday,13.4,0.044,0.74,0.9,3.9,0.0,0.0,0,0.567,0.0,0.109,0.056,0.0,0.274,0.172,0.013
2024-07-27,holiday,14.0,0.512,0.064,3.6,3.4,0.0,0.0,0,,0.585,0.535,0.411,0.0,0.206,0.326,0.559
2024-07-28,holiday,14.5,0.335,0.136,2.4,4.9,0.0,0.0,0,0.852,0.624,0.561,0.44,0.216,0.235,0.303,0.505
2024-07-29,weekday,15.5,0.16,0.689,3.4,3.7,0.0,0.0,0,0.567,0.0,,0.038,0.0,0.233,0.084,0.025
2024-07-30,weekday,15.3,0.015,0.581,2.9,2.7,0.0,0.0,0,0.48,0.0,0.019,0.047,0.0,0.23,,0.012
2024-07-31,weekday,14.7,0.0,0.71,4.2,4.1,0.1,0.0,0,0.523,0.014,0.0,0.0,0.045,0.365,0.224,0.019
2024-08-01,holiday,16.2,0.427,0.027,13.0,11.4,0.0,1.0,0,0.571,0.514,0.465,0.197,0.0,0.169,,0.672
2024-08-02,holiday,16.1,0.402,0.108,15.0,7.9,0.0,1.0,0,0.579,0.562,0.449,0.192,0.0,0.139,0.186,0.729
2024-08-03,holiday,15.3,0.496,0.008,15.7,7.7,0.0,0.0,0,0.611,0.659,0.55,0.429,0.102,0.242,0.29,0.508
2024-08-04,holiday,16.4,0.407,0.088,13.2,7.2,0.0,0.0,0,0.637,0.616,0.586,,0.128,0.15,0.225,0.503
2024-08-05,holiday,16.1,0.3,0.129,14.7,5.9,0.0,0.0,0,0.564,0.287,0.276,0.298,0.0,0.191,0.248,0.426
2024-08-06,holiday,15.8,0.0,0.051,15.1,6.8,1.9,0.0,0,0.587,0.237,0.373,0.311,0.0,0.202,0.141,0.357
2024-08-07,holiday,15.9,,0.072,14.8,8.2,0.0,1.0,0,0.73,0.529,0.543,0.196,0.0,0.187,0.26,0.695
2024-08-08,holiday,16.0,0.263,,12.3,5.9,0.0,0.0,0,0.466,0.329,0.261,0.167,0.0,0.25,0.239,0.423
2024-08-09,holiday,15.7,0.099,0.085,15.3,8.2,0.0,0.0,0,0.462,0.308,0.312,0.184,0.0,0.142,0.108,0.398
2024-08-10,holiday,16.7,0.413,0.139,17.1,9.3,0.0,0.0,0,0.672,0.54,0.602,0.409,0.0,0.192,,0.451
2024-08-11,holiday,17.5,0.535,0.048,,7.7,2.0,0.0,0,0.666,0.581,0.554,0.365,0.002,0.08,0.263,0.521
2024-08-12,holiday,18.7,0.291,0.129,13.5,6.2,2.9,0.0,0,0.456,0.281,0.306,0.131,0.0,0.12,0.143,0.409
2024-08-13,holiday,17.8,0.079,0.013,17.3,7.6,0.0,0.0,1,0.655,0.197,0.303,0.237,0.0,0.035,0.084,0.348
2024-08-14,holiday,17.7,0.155,0.058,12.1,6.7,1.3,0.0,0,0.544,0.247,0.304,0.217,0.026,0.135,0.086,0.405
2024-08-15,holiday,18.8,0.246,0.135,13.8,8.1,1.3,0.0,0,0.339,0.224,0.26,0.177,0.012,0.243,0.143,0.401
2024-08-16,holiday,18.7,0.115,0.027,11.7,8.3,0.0,0.0,0,0.542,0.245,0.363,0.205,0.0,0.099,0.188,0.375
2024-08-17,holiday,16.8,0.475,0.044,15.8,9.6,3.3,0.0,0,0.603,0.621,0.501,0.288,0.003,0.272,0.22,0.437
2024-08-18,holiday,19.6,0.439,0.083,15.8,9.2,0.9,0.0,0,0.586,0.622,0.574,0.362,0.062,0.091,0.204,0.493
2024-08-19,holiday,19.2,0.032,0.143,13.1,7.9,1.0,0.0,0,0.535,0.271,0.355,0.084,0.0,0.11,0.16,0.394
2024-08-20,holiday,20.0,,0.071,13.7,7.6,1.0,0.0,1,0.528,0.351,0.359,0.192,0.162,0.147,0.104,0.453
2024-08-21,holiday,19.5,0.247,0.031,16.8,7.0,1.9,0.0,0,0.478,0.301,0.315,0.228,0.0,0.097,0.112,0.374
2024-08-22,holiday,21.8,0.222,0.112,14.2,8.9,2.4,0.0,0,0.6,0.377,0.251,0.198,0.141,0.071,0.066,0.464
2024-08-23,holiday,20.2,0.296,,14.3,8.3,1.1,0.0,0,0.56,0.326,0.347,0.105,0.131,0.159,0.24,0.446
2024-08-24,holiday,19.7,0.338,0.122,14.6,9.2,0.0,0.0,0,0.671,0.57,0.528,0.395,0.15,0.11,0.344,0.458
2024-08-25,holiday,19.5,0.276,0.028,18.1,8.7,0.6,0.0,0,0.761,0.498,0.591,0.311,0.112,0.101,0.243,0.402
2024-08-26,holiday,20.6,0.208,0.086,15.5,7.0,0.0,0.0,0,0.548,0.382,0.329,0.21,0.0,0.072,0.162,0.439
2024-08-27,holiday,21.3,0.542,0.025,13.2,7.4,0.5,1.0,0,0.451,0.584,0.545,0.209,0.259,0.028,0.075,0.728
2024-08-28,holiday,21.4,,0.156,12.3,7.3,0.5,0.0,0,,0.346,0.317,0.239,0.183,0.11,0.091,0.492
2024-08-29,holiday,20.5,0.327,0.056,17.0,6.9,0.0,0.0,0,0.576,0.232,0.322,0.126,0.044,0.019,0.026,0.449
2024-08-30,holiday,20.0,0.108,0.07,13.5,5.4,0.2,0.0,0,0.625,0.313,0.24,0.181,0.079,0.044,0.077,0.412
2024-08-31,holiday,21.4,0.395,0.103,14.0,8.7,3.1,0.0,0,0.794,0.548,0.558,0.415,0.29,0.08,0.188,0.474
2024-09-01,holiday,22.6,0.421,0.026,16.1,5.7,0.0,0.0,0,0.596,0.556,0.588,,0.183,0.107,0.226,0.515
2024-09-02,weekday,22.9,0.23,0.644,14.0,8.8,1.6,0.0,0,0.319,0.04,0.237,0.0,,0.15,0.055,0.036
2024-09-03,weekday,22.1,0.061,0.584,12.0,8.2,0.0,0.0,0,0.38,0.0,0.133,0.0,0.043,0.0,0.0,0.0
2024-09-04,weekday,21.2,0.125,0.708,14.5,7.7,0.0,0.0,0,0.424,0.033,0.082,0.051,0.015,0.0,,0.032
2024-09-05,weekday,22.4,0.0,0.661,14.1,6.4,0.0,0.0,0,0.486,0.0,0.095,0.113,0.063,0.01,,0.0
2024-09-06,weekday,21.9,0.177,0.488,16.6,8.6,0.0,1.0,0,,0.325,0.284,0.153,0.0,0.062,0.006,0.235
2024-09-07,holiday,22.0,0.513,0.0,15.4,7.6,0.0,0.0,0,0.668,0.529,0.717,0.325,0.249,0.0,0.168,0.506
2024-09-08,holiday,23.3,0.456,0.118,13.7,6.4,0.0,0.0,0,0.648,,,0.348,0.339,0.0,0.083,0.493
2024-09-09,weekday,22.8,0.01,0.654,14.8,6.6,0.9,0.0,0,0.289,0.0,0.066,0.077,0.0,0.0,0.0,0.041
2024-09-10,weekday,23.2,0.193,,18.4,6.2,0.0,0.0,0,0.352,0.0,0.037,0.009,0.143,0.054,0.0,0.05
2024-09-11,weekday,22.8,0.162,0.612,12.7,5.6,0.0,0.0,0,0.611,0.032,0.07,0.0,0.0,0.028,0.02,0.075
2024-09-12,weekday,23.7,,0.693,14.2,9.4,1.2,0.0,0,0.42,0.0,0.094,0.027,0.08,0.031,0.0,0.032
2024-09-13,weekday,23.5,0.024,0.694,13.4,10.1,0.0,0.0,0,0.518,0.0,0.17,,0.078,0.023,0.0,0.0
2024-09-14,holiday,24.8,0.329,0.076,12.8,8.4,1.0,0.0,0,0.755,0.462,0.547,0.406,0.347,0.0,0.151,0.486
2024-09-15,holiday,23.8,0.529,0.128,14.1,5.1,0.0,0.0,0,0.714,0.601,0.621,0.257,0.412,,0.129,0.533
2024-09-16,weekday,23.9,0.05,0.571,16.1,8.0,1.5,0.0,0,0.28,0.0,0.097,0.007,0.041,0.0,0.0,0.029
2024-09-17,weekday,24.0,0.17,0.616,13.8,7.2,0.0,0.0,0,0.403,0.035,0.124,0.0,0.0,0.0,0.0,0.047
2024-09-18,weekday,23.4,0.239,0.663,12.8,9.9,0.0,0.0,0,0.459,0.0,0.109,0.043,0.0,0.05,0.076,0.104
2024-09-19,weekday,24.7,0.006,0.621,14.7,7.8,0.0,0.0,1,0.393,0.093,0.08,0.042,0.133,0.078,0.034,0.012
2024-09-20,weekday,24.6,0.051,0.593,11.5,6.4,0.0,0.0,0,0.461,0.041,0.172,0.071,0.154,0.0,0.032,0.034
2024-09-21,holiday,25.7,0.374,0.1,14.7,7.4,0.7,0.0,0,0.692,0.64,0.6,0.294,0.374,0.0,0.257,0.478
2024-09-22,holiday,26.6,0.396,0.034,13.9,5.6,0.0,,1,0.621,0.64,0.641,,0.353,0.0,0.101,0.479
2024-09-23,weekday,27.3,0.0,0.592,12.8,6.8,0.0,0.0,0,0.548,0.011,0.067,0.0,0.287,0.0,0.0,0.017
2024-09-24,weekday,25.7,0.214,0.638,11.4,7.5,0.0,0.0,0,0.346,0.047,0.079,0.06,0.308,0.0,0.0,0.1
2024-09-25,weekday,24.8,0.0,0.685,15.5,7.1,0.5,0.0,0,0.401,0.001,0.121,0.044,0.081,0.0,0.035,0.0
2024-09-26,weekday,25.6,0.118,0.657,15.5,7.3,0.0,0.0,0,0.528,0.0,0.097,0.0,0.076,0.003,,0.065
2024-09-27,weekday,28.5,0.048,0.606,19.4,7.1,1.4,0.0,0,0.273,0.0,0.032,0.0,0.219,0.054,,0.057
2024-09-28,holiday,25.4,0.271,0.058,12.5,7.6,0.0,0.0,0,0.617,0.6,0.481,0.351,0.335,0.0,0.105,0.495
2024-09-29,holiday,26.2,0.669,0.122,17.3,5.9,0.4,0.0,0,0.676,0.716,,0.344,0.412,0.0,0.18,0.57
2024-09-30,weekday,25.9,0.173,0.652,14.8,7.8,2.6,0.0,0,0.277,0.0,0.075,0.0,0.096,0.0,0.0,0.046
2024-10-01,weekday,25.1,0.199,0.68,5.2,3.9,0.0,1.0,0,0.429,0.241,0.386,,0.243,0.001,0.014,0.33
2024-10-02,weekday,26.2,0.118,0.717,0.9,3.5,1.1,0.0,0,0.476,,0.093,0.0,0.14,0.0,0.058,0.054
2024-10-03,weekday,25.7,0.194,0.665,1.8,4.2,0.0,0.0,0,0.418,0.023,0.098,0.032,0.239,0.017,0.087,0.102
2024-10-04,weekday,27.5,0.133,0.632,7.5,5.5,0.0,0.0,0,0.392,0.027,0.127,0.0,0.215,0.0,0.013,0.018
2024-10-05,holiday,27.9,0.471,0.047,7.9,3.2,0.2,0.0,0,0.746,0.645,0.576,0.346,0.491,0.009,0.199,0.513
2024-10-06,holiday,26.3,0.586,0.128,4.0,4.4,1.5,0.0,0,0.674,0.568,0.508,0.427,0.39,0.0,0.139,0.544
2024-10-07,weekday,27.6,0.052,0.616,3.0,5.3,0.0,0.0,0,0.463,0.0,0.04,0.078,0.298,0.042,0.0,0.064
2024-10-08,weekday,26.4,0.046,0.689,0.4,5.0,1.2,0.0,0,0.373,0.0,0.161,0.0,0.168,0.061,,0.069
2024-10-09,weekday,25.8,0.115,0.612,4.0,3.9,0.0,0.0,0,0.416,0.063,0.161,0.0,0.091,0.0,0.0,0.139
2024-10-10,weekday,26.7,0.103,0.58,5.2,4.2,0.0,0.0,0,0.328,0.085,0.027,0.057,0.239,0.0,0.0,0.066
2024-10-11,weekday,26.9,0.07,0.616,1.5,3.2,0.0,0.0,0,0.425,0.0,0.02,0.005,0.334,0.077,0.0,0.067
2024-10-12,holiday,27.5,0.545,0.177,3.0,5.5,0.0,0.0,0,0.723,0.617,,0.412,0.489,,0.193,0.538
2024-10-13,holiday,28.3,0.544,0.054,5.5,4.5,0.0,0.0,0,0.563,0.634,0.58,0.313,0.489,0.068,0.195,0.517
2024-10-14,weekday,26.9,0.029,0.656,5.2,4.6,0.5,0.0,0,0.419,0.0,0.09,0.021,0.251,0.023,0.033,0.022
2024-10-15,weekday,27.5,,0.611,,3.3,1.8,1.0,0,0.5,0.359,0.315,0.08,0.358,0.0,0.117,0.39
2024-10-16,weekday,28.1,0.082,0.772,4.4,4.2,1.4,0.0,0,,0.0,0.107,,0.237,0.021,0.022,0.042
2024-10-17,weekday,28.8,0.192,0.664,1.3,4.9,1.5,0.0,0,0.47,0.027,0.15,0.004,0.35,0.0,0.0,0.105
2024-10-18,weekday,28.6,0.0,0.663,0.6,2.6,0.3,0.0,0,0.307,0.112,0.11,0.04,0.376,0.051,0.07,0.022
2024-10-19,holiday,29.1,0.512,0.082,0.6,4.8,0.0,0.0,0,0.727,0.507,0.64,0.35,0.642,0.026,0.25,0.515
2024-10-20,holiday,27.9,0.521,0.107,1.2,4.9,0.0,0.0,0,0.692,0.574,0.53,0.248,0.446,0.072,0.334,0.592
2024-10-21,weekday,27.9,0.233,0.687,5.6,5.1,4.1,0.0,0,0.414,0.137,0.018,0.0,0.21,0.032,0.0,0.082
2024-10-22,weekday,28.8,0.332,0.666,3.5,2.8,3.1,1.0,0,0.468,0.235,0.327,0.063,0.324,0.048,0.0,0.336
2024-10-23,weekday,29.2,0.246,0.623,6.3,4.8,0.0,0.0,0,0.46,0.071,0.171,0.0,0.406,0.053,0.007,0.123
2024-10-24,weekday,27.9,0.036,0.647,2.0,2.3,0.0,0.0,0,0.34,0.0,0.099,0.018,0.288,0.0,0.013,0.056
2024-10-25,weekday,29.1,0.052,0.738,4.6,3.2,0.0,0.0,0,0.451,,0.086,0.0,0.503,0.0,0.0,0.036
2024-10-26,holiday,29.1,0.521,0.071,2.6,3.7,1.3,0.0,0,0.603,0.561,0.583,,0.578,0.0,0.202,0.537
2024-10-27,holiday,28.9,0.61,0.09,5.5,3.9,0.0,0.0,0,0.625,0.606,0.569,0.288,0.493,0.0,0.229,0.554
2024-10-28,weekday,29.0,0.138,0.664,,5.3,0.2,0.0,0,,0.076,0.072,0.074,0.297,0.0,0.014,0.071
2024-10-29,weekday,28.8,0.123,0.654,2.0,4.8,1.8,0.0,0,0.383,0.052,0.055,0.0,0.212,0.046,0.084,0.125
2024-10-30,weekday,28.8,0.215,0.659,3.9,3.9,0.3,0.0,0,0.492,0.128,0.023,0.002,0.438,0.054,0.031,0.075
2024-10-31,weekday,27.6,0.429,0.69,,5.2,0.0,1.0,0,0.42,0.255,0.222,0.071,0.242,0.041,0.027,0.355
2024-11-01,weekday,28.4,0.087,0.733,4.9,3.0,0.8,0.0,0,0.42,0.009,0.085,0.0,0.408,0.0,0.0,0.069
2024-11-02,holiday,27.6,0.451,,6.4,3.6,0.0,,0,,0.554,0.645,,0.498,0.01,0.18,0.515
2024-11-03,holiday,30.0,0.64,0.061,0.8,5.4,0.0,0.0,0,0.648,,0.568,0.284,0.526,0.097,0.224,0.553
2024-11-04,weekday,27.7,0.179,0.678,1.5,7.2,0.0,0.0,0,0.487,0.099,0.12,,0.193,0.038,0.043,0.097
2024-11-05,weekday,27.1,0.081,0.734,5.8,2.3,0.0,0.0,0,0.442,0.007,0.199,0.0,0.237,0.0,0.0,0.048
2024-11-06,weekday,27.5,0.229,0.554,4.9,3.6,0.0,0.0,0,0.503,0.024,0.092,0.0,0.252,0.031,0.131,0.089
2024-11-07,weekday,27.7,0.168,0.547,4.2,1.4,0.0,0.0,0,0.379,0.01,0.0,0.0,0.373,0.032,0.0,0.009
2024-11-08,weekday,28.5,0.314,0.63,2.5,3.9,1.3,1.0,0,0.52,0.25,0.257,0.0,0.18,0.0,0.05,0.313
2024-11-09,holiday,28.8,0.527,0.005,0.6,5.1,0.0,0.0,0,0.659,0.522,0.664,0.433,0.61,0.003,0.2,0.561
2024-11-10,holiday,28.7,0.373,0.091,2.2,2.2,0.0,0.0,0,0.838,0.556,0.566,0.374,0.449,,0.259,0.448
2024-11-11,weekday,29.0,0.022,0.767,2.8,3.3,0.4,0.0,0,0.319,0.003,0.14,0.0,0.368,0.036,0.016,0.051
2024-11-12,weekday,30.1,0.0,0.632,4.1,3.2,0.5,0.0,0,0.496,0.082,0.0,0.001,0.376,0.018,0.0,0.052
2024-11-13,weekday,27.3,0.264,0.609,5.5,3.6,0.0,1.0,0,0.444,0.324,0.309,0.048,0.276,0.019,0.0,0.365
2024-11-14,weekday,28.2,0.1,0.787,2.0,3.2,0.0,0.0,0,0.455,0.075,0.021,0.0,0.323,0.0,0.0,0.082
2024-11-15,weekday,28.8,,0.726,2.4,4.6,0.0,0.0,0,,0.0,0.109,0.019,0.38,0.048,0.037,0.087
2024-11-16,holiday,30.0,0.631,0.0,3.6,2.4,1.6,0.0,0,0.584,0.552,0.569,0.389,0.6,0.0,0.315,0.572
2024-11-17,holiday,29.4,0.513,0.1,7.5,5.9,0.0,0.0,0,0.711,0.604,0.637,0.395,0.587,0.005,0.247,0.583
2024-11-18,weekday,27.1,0.201,0.608,5.8,4.4,0.7,0.0,0,0.256,0.086,0.001,0.0,0.301,0.018,0.02,0.038
2024-11-19,weekday,28.1,0.11,0.693,0.2,4.4,0.0,0.0,0,0.296,0.018,0.059,0.0,0.481,0.019,0.064,0.067
2024-11-20,weekday,27.1,0.156,0.715,2.1,3.9,1.8,0.0,0,0.505,0.034,0.069,0.033,0.237,0.045,0.017,0.113
2024-11-21,weekday,27.4,0.105,0.636,2.4,5.7,0.0,0.0,0,0.312,0.012,0.021,0.0,0.319,0.029,0.035,0.038
2024-11-22,weekday,27.5,0.233,0.647,1.0,3.4,0.7,0.0,0,0.245,0.029,0.113,0.0,0.208,0.116,0.119,0.045
2024-11-23,holiday,28.2,0.428,0.019,2.5,4.9,0.6,0.0,0,0.809,0.519,0.609,0.358,0.513,0.0,0.213,0.521
2024-11-24,holiday,28.1,,0.102,4.7,4.2,0.0,0.0,0,0.605,,0.65,0.364,0.538,0.0,0.276,0.545
2024-11-25,weekday,28.0,0.138,0.665,3.8,4.8,0.0,0.0,0,0.47,0.038,0.019,0.0,0.23,0.0,0.0,0.069
2024-11-26,weekday,27.9,0.065,0.688,4.5,4.5,0.0,0.0,0,0.462,0.037,0.038,0.0,0.27,0.002,0.0,0.021
2024-11-27,weekday,28.0,0.103,0.699,1.6,5.8,0.0,0.0,0,0.417,0.077,0.074,0.0,0.223,0.052,0.074,0.053
2024-11-28,weekday,28.1,0.225,,5.9,3.5,0.0,0.0,0,0.489,0.041,0.101,0.09,0.25,0.0,0.0,0.11
2024-11-29,weekday,26.1,0.128,0.709,6.5,2.4,3.3,0.0,0,0.544,0.0,0.119,0.037,0.279,0.0,0.0,0.018
2024-11-30,,26.5,0.564,0.0,4.5,3.6,0.0,0.0,0,0.537,0.702,0.563,0.446,,0.0,0.182,0.546
2024-12-01,holiday,28.7,0.437,0.127,5.7,4.4,0.0,,0,0.733,0.653,0.601,0.369,0.546,0.031,0.286,0.569
2024-12-02,holiday,25.7,0.361,,,4.1,0.5,0.0,0,0.564,0.366,0.335,0.134,,0.0,0.147,0.491
2024-12-03,holiday,26.9,,0.121,1.4,4.7,2.8,0.0,0,0.491,0.403,0.242,0.238,0.377,,0.122,0.466
2024-12-04,holiday,26.9,0.368,0.091,5.6,4.7,0.5,0.0,1,0.571,0.349,0.357,0.111,0.401,0.047,0.171,0.479
2024-12-05,holiday,27.9,0.441,0.072,1.5,3.5,2.3,0.0,0,0.525,0.389,0.372,0.123,0.492,0.057,0.065,0.551
2024-12-06,holiday,27.6,0.334,0.118,3.9,2.7,0.4,0.0,0,0.489,0.323,0.341,0.131,0.416,0.0,0.077,0.463
2024-12-07,holiday,26.5,0.695,0.078,2.9,5.1,1.6,0.0,0,0.677,0.667,0.617,0.336,0.36,0.0,0.185,0.547
2024-12-08,,27.3,0.616,0.024,3.1,2.4,0.3,0.0,0,0.636,0.538,0.662,,0.553,0.027,0.223,0.548
2024-12-09,holiday,25.8,0.63,0.122,0.5,2.4,2.0,1.0,0,0.523,0.583,0.509,0.187,0.527,0.044,0.142,0.771
2024-12-10,holiday,26.5,0.358,0.06,4.4,7.2,0.0,0.0,0,0.553,0.304,0.429,0.164,0.355,,0.0,0.515
2024-12-11,holiday,27.2,0.314,0.053,7.5,1.9,0.2,0.0,0,0.549,0.402,0.351,0.152,0.412,0.021,0.154,0.482
2024-12-12,holiday,25.7,0.341,0.04,,4.5,2.0,0.0,0,0.51,0.263,0.417,0.198,,0.005,0.055,0.497
2024-12-13,holiday,27.0,0.324,0.036,4.8,2.8,1.2,0.0,0,0.379,0.245,0.317,0.153,0.404,0.103,0.09,0.46
2024-12-14,holiday,25.5,0.512,,0.6,0.0,0.5,0.0,0,0.868,0.68,0.633,0.299,0.549,0.0,0.172,0.543
2024-12-15,holiday,25.4,0.508,0.068,0.9,4.0,1.9,0.0,0,0.752,0.627,0.641,0.32,0.489,0.16,0.243,0.547
2024-12-16,holiday,27.2,0.657,0.02,4.8,3.6,2.1,1.0,0,0.553,0.604,0.606,0.206,0.402,0.0,0.101,0.771
2024-12-17,holiday,25.6,0.278,0.108,2.1,4.8,4.2,,0,0.619,0.268,0.311,0.174,,0.0,0.004,0.47
2024-12-18,holiday,24.8,0.418,0.054,4.1,4.2,0.9,1.0,0,0.591,,0.579,0.243,0.263,0.0,0.016,0.687
2024-12-19,holiday,24.1,0.366,0.044,2.0,5.8,0.2,0.0,0,0.456,,0.276,0.212,0.241,0.093,0.164,0.468
2024-12-20,holiday,26.7,0.275,0.091,7.3,5.6,1.3,0.0,0,0.696,0.33,0.356,0.205,0.323,0.0,0.05,0.451
2024-12-21,holiday,24.3,0.562,0.104,3.8,5.5,3.5,0.0,0,0.68,0.695,0.609,,0.353,0.066,0.217,0.605
2024-12-22,holiday,23.6,0.453,0.039,7.9,3.8,0.8,0.0,0,0.816,0.613,0.651,0.327,0.182,0.0,0.143,0.475
2024-12-23,holiday,24.4,0.321,0.098,7.5,3.5,2.6,0.0,0,,0.369,0.297,0.231,0.254,0.0,0.075,0.448
2024-12-24,holiday,24.0,0.23,0.046,1.3,3.1,2.8,0.0,0,0.504,0.36,0.265,0.125,0.241,0.117,0.098,0.476
2024-12-25,holiday,23.5,0.309,0.05,3.0,4.4,3.9,0.0,0,0.512,0.301,0.289,0.199,0.235,0.089,0.092,0.503
2024-12-26,holiday,24.8,0.291,0.0,2.0,2.0,0.0,0.0,0,0.498,0.31,0.249,0.163,0.393,0.076,,0.462
2024-12-27,holiday,23.9,0.29,0.121,5.6,4.2,4.1,0.0,0,0.7,,0.335,0.17,0.318,0.061,0.049,0.477
2024-12-28,holiday,24.0,0.491,0.066,2.8,5.0,3.5,0.0,0,0.548,0.567,0.501,0.363,0.361,0.013,0.197,0.52
2024-12-29,holiday,24.0,0.456,0.09,1.5,3.5,0.0,0.0,0,0.683,,0.602,0.295,0.437,0.0,0.265,0.535
2024-12-30,holiday,23.0,0.405,,3.2,4.1,3.0,0.0,0,,0.315,0.474,0.189,0.229,0.053,0.187,0.482
2024-12-31,holiday,21.9,0.239,0.089,4.4,3.8,0.8,0.0,0,,0.314,0.389,0.184,0.112,,0.061,0.498
2025-01-01,holiday,23.0,0.307,0.137,0.7,2.4,2.1,0.0,0,0.535,0.213,0.345,0.233,0.269,0.057,0.128,0.449
2025-01-02,holiday,23.1,0.378,0.074,4.3,3.6,4.0,0.0,0,0.56,0.318,0.313,0.209,0.334,0.075,0.188,0.5
2025-01-03,holiday,24.6,,0.044,1.9,2.8,0.2,0.0,0,0.328,0.238,,0.167,0.272,,0.112,0.527
2025-01-04,holiday,24.1,0.479,0.0,3.5,5.0,2.3,0.0,0,0.705,0.625,0.497,0.326,0.358,0.002,0.184,0.485
2025-01-05,holiday,22.3,0.551,0.122,3.1,1.3,3.2,0.0,0,0.591,0.549,0.551,0.407,0.356,0.027,0.263,0.527
2025-01-06,holiday,22.1,0.39,0.148,3.6,6.1,2.1,0.0,0,0.496,0.314,0.306,0.048,0.239,0.123,0.164,0.506
2025-01-07,holiday,22.6,0.202,,9.8,4.2,5.5,0.0,0,0.516,0.357,0.328,0.212,0.363,0.071,0.088,0.461
2025-01-08,holiday,21.7,0.301,0.133,3.8,5.5,3.7,0.0,0,0.436,0.328,0.374,0.14,0.303,0.152,0.128,0.507
2025-01-09,holiday,21.9,,0.125,0.6,1.7,3.5,0.0,0,0.449,0.374,0.301,0.159,0.35,0.201,0.219,0.505
2025-01-10,holiday,20.6,0.471,0.12,1.6,3.0,3.3,1.0,0,0.565,0.538,0.647,0.225,0.266,0.053,0.147,0.749
2025-01-11,holiday,21.7,0.285,0.09,1.9,7.1,3.1,0.0,0,0.678,0.463,0.533,0.366,0.325,0.099,0.279,0.479
2025-01-12,holiday,21.4,0.44,0.118,2.9,4.6,1.8,0.0,0,0.712,0.518,0.55,0.363,0.295,0.193,0.224,0.518
2025-01-13,holiday,20.6,0.335,0.02,,4.9,4.5,0.0,0,0.616,0.297,0.329,0.237,0.056,0.197,0.27,0.445
2025-01-14,holiday,21.0,0.237,0.103,3.1,4.4,0.3,0.0,0,0.612,0.285,0.31,0.226,0.103,0.089,,0.436
2025-01-15,holiday,20.0,0.319,0.147,1.5,3.3,2.3,0.0,0,0.617,0.333,0.349,0.2,0.191,0.136,0.148,0.481
2025-01-16,holiday,20.9,0.591,0.223,6.8,3.7,2.4,1.0,0,0.533,0.579,,0.154,0.181,0.099,0.209,0.698
2025-01-17,holiday,20.6,,0.142,1.7,2.0,4.8,0.0,0,0.523,0.335,0.361,0.227,0.261,0.12,,0.439
2025-01-18,holiday,20.5,0.805,0.154,3.9,3.9,2.0,1.0,0,0.757,0.884,0.667,0.297,0.37,0.096,0.207,0.843
2025-01-19,holiday,20.8,0.394,,4.7,3.5,4.8,0.0,0,0.691,0.564,0.659,0.362,0.327,,0.275,0.562
2025-01-20,holiday,19.9,0.198,0.029,4.2,2.3,6.3,0.0,0,0.514,0.355,0.351,0.22,0.121,0.15,0.135,0.421
2025-01-21,holiday,19.3,0.182,0.122,3.7,3.3,7.1,0.0,0,0.71,0.302,0.272,0.162,0.111,0.175,0.187,0.462
2025-01-22,holiday,18.9,0.5,0.169,1.9,3.9,5.0,1.0,0,0.498,0.55,0.492,0.181,0.126,0.285,0.303,0.749
2025-01-23,holiday,19.1,0.292,0.037,3.3,3.8,4.2,1.0,0,,0.492,,0.22,0.069,0.169,0.165,0.697
2025-01-24,holiday,18.3,0.276,0.033,1.8,2.8,2.8,0.0,0,0.526,0.336,0.403,0.157,0.0,0.266,0.253,0.48
2025-01-25,holiday,19.0,,0.036,4.5,4.9,4.4,0.0,0,0.604,0.541,0.432,0.303,0.187,0.152,0.313,0.475
2025-01-26,holiday,18.3,0.431,0.101,4.7,5.0,4.1,0.0,0,0.691,0.601,0.562,0.337,0.171,0.189,0.224,0.479
2025-01-27,holiday,18.2,0.572,0.064,2.6,3.9,5.7,1.0,0,0.46,0.525,0.548,0.146,0.059,0.284,0.243,0.761
2025-01-28,holiday,17.4,0.206,0.052,6.7,4.5,1.8,0.0,0,0.585,0.266,0.333,0.165,0.053,,0.146,0.463
2025-01-29,holiday,18.2,0.26,0.036,2.0,4.3,3.7,0.0,0,0.559,0.331,0.313,0.238,0.177,0.213,0.291,0.449
2025-01-30,holiday,16.8,0.3,0.126,2.2,3.8,6.1,0.0,0,0.531,0.378,0.298,0.156,0.104,0.258,0.186,0.424
2025-01-31,holiday,17.0,0.317,0.077,2.6,3.0,3.2,0.0,0,0.449,0.268,0.269,0.288,0.32,0.208,0.096,0.423
2025-02-01,holiday,17.8,0.349,0.0,3.2,4.1,6.3,0.0,0,0.604,0.517,0.568,0.267,0.196,0.238,,0.436
2025-02-02,holiday,17.4,0.564,0.052,3.3,3.5,6.1,0.0,0,0.659,0.613,0.586,0.347,0.223,0.281,0.357,0.531
2025-02-03,weekday,16.9,0.122,0.566,1.7,3.5,5.5,0.0,0,0.425,0.0,0.138,0.008,0.0,0.379,0.171,0.029
2025-02-04,weekday,16.8,0.0,0.575,8.6,3.9,7.5,0.0,0,0.348,0.0,0.035,0.0,0.0,0.31,0.077,0.0
2025-02-05,weekday,14.4,0.115,0.659,0.5,2.2,2.6,0.0,0,0.425,0.057,0.001,0.008,0.006,0.294,0.205,0.104
2025-02-06,weekday,15.3,0.0,0.656,6.9,1.7,1.6,,0,0.384,0.023,0.003,0.039,0.0,0.17,0.023,0.006
2025-02-07,weekday,16.1,0.456,0.747,4.3,3.9,5.7,1.0,0,0.466,0.263,0.164,0.121,0.0,0.282,0.076,0.308
2025-02-08,holiday,15.1,0.292,0.067,4.7,4.1,4.8,0.0,0,,0.637,0.624,0.411,0.162,0.277,0.264,0.455
2025-02-09,holiday,15.4,0.478,,2.5,3.7,6.1,0.0,0,0.644,0.581,0.545,0.341,0.066,0.38,0.358,0.546
2025-02-10,weekday,15.1,0.083,0.652,1.5,5.0,6.6,0.0,0,0.406,0.0,0.117,0.113,0.0,0.381,0.251,0.005
2025-02-11,weekday,15.3,0.061,0.644,1.4,1.7,2.8,0.0,0,0.352,0.0,0.0,0.067,,0.303,0.217,0.042
2025-02-12,weekday,14.2,0.078,0.592,1.7,2.4,6.8,0.0,0,0.442,0.076,0.0,0.0,0.0,0.264,0.176,0.042
2025-02-13,weekday,14.2,0.05,,1.5,5.6,3.4,0.0,0,0.443,,0.074,0.088,0.045,0.305,0.183,0.034
2025-02-14,weekday,14.6,0.0,0.599,0.7,3.6,3.0,0.0,0,0.39,0.059,0.013,0.093,0.0,0.312,0.237,0.101
2025-02-15,holiday,13.4,0.559,0.01,2.3,2.5,3.0,0.0,0,0.56,0.574,0.516,0.337,0.231,0.314,0.422,0.586
2025-02-16,holiday,13.8,0.373,0.1,2.0,4.4,5.7,0.0,0,0.619,0.607,0.424,0.385,0.177,0.228,0.295,0.49
2025-02-17,weekday,14.9,0.27,0.596,5.0,3.7,5.5,1.0,0,0.377,0.266,0.288,0.026,0.0,0.231,0.181,0.234
2025-02-18,weekday,14.4,0.0,0.758,3.0,6.1,8.8,0.0,0,0.542,0.0,0.044,0.02,0.0,0.499,0.257,0.015
2025-02-19,weekday,13.5,0.132,0.624,3.5,4.5,2.1,0.0,0,0.471,0.038,0.162,0.0,0.0,0.277,0.147,0.012
2025-02-20,weekday,13.8,0.043,0.641,0.2,4.4,6.2,,0,0.4,0.093,0.029,0.008,0.0,0.303,0.192,0.066
2025-02-21,weekday,14.2,0.0,0.741,2.6,6.2,4.0,0.0,0,0.41,,0.062,0.177,0.0,0.303,0.165,0.0
2025-02-22,holiday,13.7,0.606,0.143,1.9,4.2,3.3,1.0,0,0.668,0.798,0.712,0.39,0.029,0.294,0.268,0.795
2025-02-23,holiday,13.6,0.518,0.099,4.0,6.3,6.3,0.0,0,0.763,0.583,0.572,0.28,,0.454,0.476,0.524
2025-02-24,weekday,14.5,0.11,,2.3,2.5,7.4,0.0,0,0.337,0.089,0.0,0.0,0.036,0.464,0.406,0.018
2025-02-25,weekday,12.2,0.1,0.694,8.8,2.7,4.9,0.0,0,0.419,0.0,0.087,,0.0,0.419,0.238,0.017
2025-02-26,weekday,13.3,0.016,0.662,6.8,5.7,8.0,0.0,0,0.43,,0.019,0.058,0.0,0.362,0.126,0.016
2025-02-27,weekday,12.6,0.122,0.655,5.3,4.2,7.0,0.0,0,0.416,0.04,0.052,0.058,0.0,0.388,,0.06
2025-02-28,weekday,12.8,0.193,0.601,7.2,3.4,3.7,1.0,0,0.405,0.232,0.245,0.029,0.0,0.395,0.129,0.259
2025-03-01,holiday,13.5,,0.0,,4.2,5.2,0.0,0,0.626,0.597,0.528,0.347,0.205,0.345,0.352,0.496
2025-03-02,holiday,12.2,0.807,0.081,4.7,3.6,7.8,1.0,0,0.592,0.8,0.707,0.476,0.024,0.328,0.37,0.827
2025-03-03,weekday,12.1,0.0,0.705,3.2,4.3,4.0,0.0,0,0.419,0.032,0.035,0.027,0.0,0.294,0.146,0.0
2025-03-04,weekday,12.6,0.073,0.591,7.5,4.1,5.0,0.0,0,0.284,0.0,0.0,0.0,0.001,0.352,0.231,0.0
2025-03-05,weekday,10.5,0.0,0.671,9.0,5.5,3.1,0.0,0,0.452,0.004,0.0,0.156,0.0,0.421,0.153,0.0
2025-03-06,weekday,10.2,0.0,0.701,2.6,5.0,4.0,0.0,0,0.492,0.0,0.03,0.07,0.0,0.414,0.226,0.0
2025-03-07,weekday,10.1,0.084,0.717,5.3,3.8,5.4,0.0,0,0.395,0.0,0.054,0.061,0.0,0.43,0.21,0.038
2025-03-08,holiday,10.7,0.39,0.106,1.4,4.3,2.2,0.0,0,0.713,0.552,0.526,0.377,0.16,0.34,0.358,0.414
2025-03-09,holiday,8.8,0.304,0.205,0.6,6.6,4.0,0.0,0,0.601,0.557,0.489,0.379,0.144,0.393,0.436,0.467
2025-03-10,weekday,10.8,0.0,0.65,1.1,3.4,3.7,0.0,0,0.272,0.0,,0.127,0.069,0.481,0.238,0.0
2025-03-11,,10.2,0.0,0.572,3.1,2.6,5.9,0.0,0,0.382,0.039,0.0,0.072,0.0,,,0.02
2025-03-12,weekday,8.9,0.0,0.644,8.2,1.2,6.0,0.0,0,0.34,0.036,,0.112,0.0,0.511,0.224,0.0
2025-03-13,weekday,10.9,0.072,0.666,6.6,4.8,4.3,0.0,0,0.353,0.054,0.021,,0.0,0.399,0.192,0.018
2025-03-14,weekday,9.9,0.002,0.633,4.1,4.5,4.1,,0,0.526,,0.077,0.062,0.0,0.425,0.202,0.044
2025-03-15,holiday,8.8,0.362,0.061,3.4,3.7,3.0,0.0,0,0.694,0.58,0.541,0.423,0.093,0.431,0.386,0.505
2025-03-16,holiday,9.5,,0.051,5.5,5.9,6.2,0.0,0,0.797,0.527,0.547,0.377,0.07,0.416,0.349,0.451
2025-03-17,weekday,9.0,0.015,0.66,7.0,1.5,3.8,0.0,0,0.386,0.0,0.056,0.049,0.0,0.383,0.317,0.0
2025-03-18,weekday,8.7,0.0,0.659,3.3,5.5,4.9,0.0,0,0.425,,0.0,0.127,0.0,0.356,0.096,0.04
2025-03-19,weekday,7.7,0.0,0.657,4.1,5.4,2.2,0.0,0,0.466,0.0,0.058,0.099,0.0,,0.25,0.0
2025-03-20,weekday,9.1,0.0,0.666,0.4,3.6,5.2,0.0,0,0.412,0.025,0.113,0.059,0.0,0.454,0.253,0.034
2025-03-21,weekday,7.6,0.0,0.62,3.7,2.4,2.2,0.0,0,0.506,0.02,0.08,0.099,0.0,0.471,0.226,0.0
2025-03-22,holiday,7.5,0.349,0.198,1.1,3.3,2.7,0.0,0,0.691,0.599,0.49,0.568,0.152,0.55,0.468,0.48
2025-03-23,holiday,7.4,0.217,,2.5,3.5,1.6,0.0,0,0.654,0.555,0.544,0.384,0.136,0.45,0.422,0.438
2025-03-24,weekday,7.3,0.147,0.661,1.8,5.2,4.2,0.0,0,0.433,0.076,0.014,0.129,0.0,0.425,0.101,0.085
2025-03-25,weekday,7.5,0.0,0.622,0.5,5.6,4.5,0.0,0,0.468,0.0,0.017,0.045,,0.515,0.298,0.0
2025-03-26,weekday,7.8,0.025,0.722,4.3,3.7,6.0,0.0,0,0.577,0.012,0.0,0.084,0.0,,0.251,0.02
2025-03-27,weekday,7.3,0.107,0.692,4.1,3.9,2.0,0.0,0,0.603,,0.0,0.106,0.0,0.528,0.328,0.0
2025-03-28,weekday,7.7,,0.612,6.2,5.6,6.2,0.0,0,0.415,0.0,0.0,0.0,0.0,0.484,0.312,0.014
2025-03-29,holiday,6.5,0.469,0.157,1.7,4.9,6.7,0.0,0,0.698,0.444,,0.378,0.182,,0.483,0.463
2025-03-30,holiday,6.3,0.393,0.166,5.1,3.5,1.6,0.0,0,0.887,0.626,0.533,0.489,0.108,0.534,0.517,0.466
2025-03-31,weekday,7.5,0.0,0.724,3.3,4.5,1.6,0.0,0,0.463,0.0,0.016,0.026,0.0,0.446,0.231,0.0
2025-04-01,weekday,7.2,0.095,0.567,5.9,4.2,0.0,0.0,0,0.36,0.007,0.019,0.161,0.0,0.496,0.208,0.071
2025-04-02,weekday,5.9,0.0,0.706,2.9,3.2,1.3,0.0,0,0.517,0.045,0.0,0.143,0.0,0.494,0.288,0.0
2025-04-03,weekday,5.5,0.0,0.684,4.5,3.7,0.0,0.0,0,0.404,0.0,0.023,0.057,,0.523,0.257,0.0
2025-04-04,weekday,6.3,,0.732,0.9,3.2,2.2,,0,0.466,0.084,0.068,0.123,,0.491,0.263,0.0
2025-04-05,holiday,5.8,0.365,0.0,8.0,6.1,0.7,0.0,0,0.643,0.643,,0.517,0.049,0.422,0.431,0.462
2025-04-06,holiday,5.7,0.279,0.134,5.0,4.3,0.0,0.0,0,0.742,0.633,0.517,0.493,0.066,0.524,0.452,0.471
2025-04-07,weekday,6.1,0.0,0.764,2.9,3.9,1.1,0.0,0,0.521,0.068,0.01,0.054,0.058,0.479,0.288,0.0
2025-04-08,weekday,5.6,0.067,0.707,5.5,1.1,2.4,0.0,0,0.365,0.0,0.0,0.027,0.02,0.573,0.301,0.0
2025-04-09,weekday,5.7,0.0,0.759,4.1,1.6,0.0,0.0,0,0.311,,0.0,0.099,0.0,0.525,0.252,0.062
2025-04-10,weekday,6.4,0.0,0.676,2.9,2.9,0.0,0.0,0,0.47,0.022,0.0,0.075,0.0,0.426,0.195,0.0
2025-04-11,weekday,6.2,0.0,,5.1,3.5,1.0,0.0,0,0.4,0.0,0.0,0.017,0.0,0.516,0.239,0.0
2025-04-12,holiday,4.5,0.443,0.094,3.3,2.6,3.6,0.0,0,0.617,0.625,0.524,0.484,0.235,0.533,0.436,0.494
2025-04-13,holiday,6.6,0.4,0.0,1.3,3.2,3.3,0.0,0,0.659,0.544,0.47,0.49,0.093,0.535,0.395,0.452
2025-04-14,weekday,5.9,0.0,0.669,3.8,4.6,1.5,0.0,0,0.405,0.0,0.017,0.17,0.0,0.517,0.28,0.0
2025-04-15,weekday,4.4,0.096,0.732,,6.0,0.0,0.0,0,0.404,0.065,0.019,0.152,0.0,0.564,,0.019
2025-04-16,weekday,6.4,0.0,0.717,1.6,2.1,0.0,0.0,0,0.361,0.0,0.015,0.026,0.0,0.475,0.312,0.005
2025-04-17,weekday,5.3,0.037,0.688,3.7,4.0,0.0,0.0,0,0.4,0.022,0.0,0.061,0.0,0.521,0.207,0.019
2025-04-18,weekday,6.0,0.0,0.722,5.9,5.6,1.3,0.0,0,0.482,0.0,0.041,0.134,0.0,0.514,0.305,0.0
2025-04-19,holiday,4.4,0.466,0.159,2.3,3.8,0.0,0.0,0,0.577,0.57,0.437,0.592,0.134,0.554,0.543,0.48
2025-04-20,holiday,5.0,0.454,0.175,4.7,5.4,0.0,0.0,0,0.737,0.505,0.492,0.493,0.095,0.535,0.425,0.495
2025-04-21,weekday,5.5,0.111,0.677,5.0,3.0,1.5,0.0,0,0.367,0.0,0.0,0.135,0.0,0.453,0.307,0.011
2025-04-22,weekday,4.7,0.074,0.705,1.6,3.8,0.0,0.0,0,0.364,0.027,0.09,0.1,0.0,0.555,,0.009
2025-04-23,weekday,4.7,,0.636,3.5,5.2,1.4,0.0,0,0.353,0.0,0.0,0.196,0.109,0.498,0.213,0.0
2025-04-24,weekday,6.3,0.017,0.582,9.1,3.9,0.0,0.0,0,0.44,0.0,0.015,0.158,0.0,0.438,0.262,0.012
2025-04-25,weekday,3.3,0.0,0.761,2.2,4.8,1.0,0.0,0,0.507,0.082,0.0,0.253,0.0,0.542,0.359,0.022
2025-04-26,holiday,5.5,0.247,0.092,1.7,4.6,0.0,0.0,0,0.644,0.571,0.537,0.445,,0.38,0.372,0.442
2025-04-27,holiday,4.7,0.369,0.204,6.1,4.1,1.9,0.0,0,0.612,0.519,0.523,0.444,0.143,0.508,0.454,0.515
2025-04-28,weekday,4.8,0.023,0.686,3.2,5.7,0.0,0.0,0,0.448,0.012,0.0,0.037,0.0,0.486,0.278,0.0
2025-04-29,weekday,3.7,0.038,0.641,5.6,4.8,1.8,0.0,0,0.418,0.023,0.0,0.129,0.0,0.523,0.195,0.0
2025-04-30,weekday,4.4,0.05,0.629,4.7,5.6,2.6,,0,0.452,0.045,0.033,0.154,0.0,0.463,0.343,0.0
2025-05-01,holiday,4.5,0.177,0.045,2.0,4.3,0.0,0.0,0,0.501,0.249,0.308,0.39,0.0,0.52,0.37,0.447
2025-05-02,holiday,4.1,0.121,0.035,,1.8,1.1,0.0,0,0.63,0.297,0.237,0.298,0.0,0.626,0.403,0.361
2025-05-03,holiday,4.7,0.327,0.038,10.1,5.0,1.7,0.0,0,0.636,0.656,0.439,0.433,0.132,0.524,0.482,0.445
2025-05-04,holiday,5.1,0.301,0.085,1.2,4.5,0.1,0.0,0,,0.59,0.602,0.435,0.028,0.484,0.464,0.518
2025-05-05,,3.4,0.058,0.071,4.9,3.2,0.0,0.0,0,0.565,0.237,0.296,0.253,0.0,0.591,0.447,0.379
2025-05-06,holiday,3.2,0.17,0.014,7.4,2.1,0.0,0.0,0,0.614,0.34,0.186,0.309,0.001,0.478,0.254,0.429
2025-05-07,holiday,4.6,0.167,0.049,4.5,1.2,1.6,0.0,0,0.608,0.229,0.282,0.259,0.075,0.554,0.424,0.351
2025-05-08,holiday,4.9,0.194,0.0,2.5,4.5,0.0,0.0,0,0.489,0.231,0.302,0.177,0.0,0.546,0.389,0.468
2025-05-09,holiday,3.5,0.163,0.034,5.2,2.3,0.3,0.0,0,0.526,0.3,,0.335,0.142,0.559,0.352,0.405
2025-05-10,holiday,3.3,0.354,0.104,2.0,4.4,5.2,0.0,0,0.769,0.649,0.556,0.478,0.154,,0.587,0.541
2025-05-11,holiday,4.1,0.426,0.085,3.8,4.1,0.2,0.0,0,0.691,0.713,0.488,0.449,0.166,0.531,0.503,0.507
2025-05-12,holiday,4.8,0.177,0.095,5.4,4.4,0.0,0.0,0,0.685,0.307,0.284,0.305,0.0,0.566,0.356,0.449
2025-05-13,holiday,3.4,0.072,0.115,5.0,2.9,0.0,0.0,0,0.669,0.264,0.21,0.329,0.073,0.547,0.434,0.365
2025-05-14,holiday,4.5,0.108,0.01,0.7,6.0,1.4,0.0,0,0.557,0.262,0.253,0.327,0.007,0.527,0.39,0.389
2025-05-15,holiday,3.2,0.034,0.0,5.5,3.9,0.0,0.0,0,0.591,0.274,0.272,0.337,0.038,0.518,0.337,0.317
2025-05-16,holiday,4.6,0.253,0.107,2.4,2.1,0.0,0.0,0,0.425,0.357,0.229,0.26,0.133,0.526,0.419,0.472
2025-05-17,holiday,6.1,0.399,0.136,2.1,4.6,0.8,0.0,0,0.87,0.571,0.496,0.534,0.075,0.503,0.485,0.469
2025-05-18,holiday,4.4,0.384,0.132,3.5,2.6,0.0,0.0,0,0.64,0.567,0.511,0.533,0.112,0.451,0.446,0.506
2025-05-19,holiday,4.8,0.259,0.068,1.9,2.8,0.0,0.0,0,0.478,0.359,0.245,0.295,0.0,0.513,0.418,0.444
2025-05-20,holiday,3.7,0.179,0.085,2.9,4.3,0.4,0.0,0,0.624,0.225,0.238,0.305,0.021,0.595,0.484,0.432
2025-05-21,holiday,4.8,0.255,0.034,4.0,3.1,0.0,0.0,0,0.496,0.261,0.299,0.38,0.016,0.466,0.355,0.429
2025-05-22,holiday,4.3,0.176,0.0,,5.7,3.5,0.0,0,0.519,0.248,0.257,,0.0,0.549,0.395,0.371
2025-05-23,holiday,4.8,0.36,0.122,3.0,3.2,1.3,1.0,0,0.417,0.567,0.37,0.275,0.157,0.438,0.335,0.639
2025-05-24,holiday,4.0,0.497,0.122,1.2,2.7,0.0,0.0,0,0.617,0.573,0.461,0.499,0.128,0.515,0.438,0.488
2025-05-25,holiday,5.0,0.341,0.144,2.5,4.5,0.0,0.0,0,0.704,0.497,0.501,0.485,0.08,0.528,0.439,0.477
2025-05-26,holiday,3.8,0.219,0.058,0.7,6.4,3.1,0.0,0,0.457,0.305,0.264,0.339,0.043,0.565,0.445,0.431
2025-05-27,holiday,4.7,0.116,0.02,0.8,6.2,1.1,0.0,0,0.476,0.225,0.189,0.263,0.0,0.419,0.319,0.376
2025-05-28,holiday,5.2,0.161,0.14,4.2,5.8,1.0,0.0,0,0.496,0.279,0.236,0.234,0.0,0.448,0.372,0.39
2025-05-29,holiday,6.5,0.113,0.131,8.4,3.1,2.5,0.0,0,0.508,0.259,0.285,0.261,0.112,0.402,0.253,0.37
2025-05-30,holiday,5.5,,0.064,4.6,0.3,0.0,0.0,0,0.629,0.307,0.326,0.254,0.091,0.479,0.408,0.403
2025-05-31,holiday,4.8,0.379,0.01,6.1,6.1,2.8,0.0,0,0.673,0.558,0.515,0.524,0.031,0.566,0.482,0.503
2025-06-01,holiday,5.7,0.354,0.143,2.5,2.1,0.0,0.0,0,0.626,,0.446,0.43,0.133,0.467,0.468,0.463
2025-06-02,weekday,5.9,0.0,0.589,4.0,4.6,0.0,0.0,0,0.454,0.094,0.0,0.14,0.0,0.41,0.239,0.02
2025-06-03,weekday,6.5,0.0,0.731,4.0,4.4,0.9,0.0,0,0.461,0.0,0.045,0.003,0.0,,0.214,0.0
2025-06-04,weekday,5.8,0.004,0.639,11.4,3.0,0.0,0.0,0,0.461,0.03,0.096,0.098,0.0,0.528,,0.0
2025-06-05,weekday,4.9,0.0,0.627,5.5,2.6,0.0,0.0,0,0.393,0.032,0.068,0.16,0.0,0.474,0.251,0.0
2025-06-06,weekday,6.8,0.009,0.587,,4.3,0.3,0.0,0,,0.0,0.0,0.036,0.0,0.448,0.3,0.014
2025-06-07,holiday,5.5,0.357,0.047,2.0,3.6,0.6,0.0,0,0.621,0.536,0.423,0.445,0.218,0.506,0.532,0.482
2025-06-08,holiday,5.8,0.366,0.029,21.0,4.8,0.0,0.0,0,0.753,0.506,0.492,0.422,0.115,,0.371,0.423
2025-06-09,weekday,7.8,0.134,0.651,23.0,3.4,0.1,0.0,0,0.417,0.067,0.045,0.004,0.0,0.424,0.147,0.0
2025-06-10,weekday,7.2,0.0,0.597,21.6,2.5,0.0,0.0,0,0.304,0.0,0.071,,0.0,0.446,0.194,0.0
2025-06-11,weekday,6.1,0.0,0.558,20.1,1.9,1.2,0.0,0,0.46,0.042,0.0,0.192,0.0,0.444,0.151,0.0
2025-06-12,weekday,6.9,0.187,0.55,25.6,3.3,1.7,1.0,0,0.402,0.169,0.174,0.044,0.0,0.412,0.209,0.23
2025-06-13,weekday,6.2,0.0,0.648,21.5,5.4,0.0,0.0,0,0.384,,0.034,0.098,0.0,0.395,0.162,0.0
2025-06-14,holiday,6.6,,0.014,24.5,5.9,0.8,,0,0.678,0.491,0.612,0.471,0.026,0.413,0.498,0.405
2025-06-15,holiday,7.6,0.414,0.064,24.8,4.7,0.0,0.0,0,0.731,,0.499,0.461,0.0,0.487,0.368,0.471
2025-06-16,weekday,7.7,0.028,0.701,21.4,5.1,1.6,0.0,0,0.472,0.0,0.002,0.074,,0.408,0.142,0.0
2025-06-17,weekday,9.2,0.0,0.565,19.4,4.6,2.2,0.0,0,0.57,0.095,0.0,0.071,0.0,0.393,0.183,0.0
2025-06-18,weekday,6.6,0.0,0.55,23.1,4.3,0.0,0.0,0,0.373,0.0,,0.112,0.0,0.421,0.178,0.0
2025-06-19,weekday,7.2,0.0,0.601,21.2,4.7,0.0,0.0,0,0.453,0.011,0.112,0.134,0.0,0.517,0.207,0.0
2025-06-20,weekday,6.6,0.003,0.652,19.8,6.0,0.0,0.0,0,0.408,0.044,0.038,0.0,0.0,0.416,0.176,0.0
2025-06-21,holiday,7.4,0.265,0.059,,6.2,0.0,0.0,0,0.629,0.542,0.528,0.446,0.003,0.434,0.423,0.404
2025-06-22,holiday,8.1,0.515,0.033,22.3,4.4,0.0,0.0,0,0.579,0.679,0.536,0.454,,0.311,,0.505
2025-06-23,weekday,6.2,0.024,0.628,19.1,2.8,0.0,0.0,0,0.488,0.0,,0.068,0.0,0.354,0.149,0.0
2025-06-24,weekday,7.1,0.301,0.577,24.2,5.4,2.0,1.0,0,0.36,,0.158,0.053,0.0,0.441,0.234,0.248
2025-06-25,weekday,8.3,0.0,0.643,18.9,0.4,0.0,0.0,0,0.536,0.0,0.123,0.156,0.0,0.4,0.141,0.0
2025-06-26,weekday,8.4,0.0,0.627,,3.6,0.0,0.0,0,0.274,0.0,0.068,0.044,0.0,0.398,,0.0
2025-06-27,weekday,7.9,0.0,0.604,25.4,3.7,0.0,0.0,0,0.473,0.006,0.035,0.097,0.0,0.416,0.198,0.0
2025-06-28,holiday,10.0,0.319,0.0,19.9,6.6,0.0,0.0,0,0.616,0.554,0.563,0.501,0.0,0.3,0.29,0.425
2025-06-29,holiday,9.6,0.378,0.124,24.7,1.5,0.0,0.0,0,0.745,0.596,0.533,0.368,0.011,0.384,0.33,0.474
2025-06-30,weekday,7.3,0.0,0.655,21.3,3.5,0.0,0.0,0,0.469,0.0,0.067,0.086,0.0,,0.144,0.0
2025-07-01,weekday,9.9,0.0,0.713,20.3,3.9,0.0,0.0,0,0.392,0.0,0.0,0.125,0.0,0.341,0.173,0.0
2025-07-02,weekday,9.0,0.004,0.588,21.3,2.7,0.0,0.0,0,0.343,0.0,0.032,0.03,0.0,0.307,0.002,0.0
2025-07-03,weekday,9.2,0.0,0.545,21.0,2.4,0.0,0.0,0,0.347,0.032,0.126,0.078,0.0,0.368,0.213,0.0
2025-07-04,weekday,9.6,0.0,,24.0,5.2,1.1,0.0,0,0.513,0.062,0.038,,0.0,0.342,0.058,0.0
2025-07-05,holiday,9.9,0.38,0.118,23.0,3.9,1.7,0.0,0,0.73,0.655,0.422,0.371,0.047,0.343,0.381,0.422
2025-07-06,holiday,10.4,0.351,0.082,18.9,3.8,1.7,0.0,0,0.502,0.55,0.534,0.463,0.0,0.282,0.314,0.443
2025-07-07,weekday,10.5,0.0,0.716,22.7,2.4,3.2,,0,,0.0,0.0,0.09,,0.317,0.178,0.0
2025-07-08,weekday,10.6,0.139,0.584,18.7,5.6,0.5,1.0,0,0.476,0.263,0.259,0.019,0.0,0.371,,0.217
2025-07-09,weekday,10.0,0.0,0.585,19.3,4.7,1.4,0.0,0,0.443,0.0,0.009,0.07,0.0,0.44,0.114,0.0
2025-07-10,weekday,10.5,0.0,0.709,18.8,6.7,0.0,0.0,0,0.555,0.008,0.026,0.098,0.0,0.264,0.09,0.0
2025-07-11,weekday,11.8,0.012,0.697,23.3,2.2,3.1,0.0,0,0.554,0.0,0.067,0.064,0.0,0.371,0.155,0.0
2025-07-12,holiday,11.2,0.411,0.005,23.4,3.9,0.0,0.0,0,0.574,0.681,0.475,0.473,0.0,0.329,0.315,0.474
2025-07-13,holiday,11.5,0.349,0.072,20.5,2.1,0.0,0.0,0,0.532,0.518,0.553,0.399,0.0,0.216,0.242,0.426
2025-07-14,weekday,11.3,0.165,0.662,22.9,3.7,0.0,1.0,0,0.469,0.212,0.245,0.107,0.0,,0.108,0.262
2025-07-15,weekday,11.3,0.0,0.678,23.6,4.2,2.6,0.0,0,0.487,0.0,0.0,0.113,0.0,0.224,0.077,0.004
2025-07-16,weekday,12.6,0.156,0.617,,4.2,0.7,1.0,0,0.545,0.3,0.227,0.106,,0.293,0.054,0.137
2025-07-17,weekday,11.7,0.0,0.656,24.4,3.1,0.0,0.0,0,0.418,0.0,,0.059,0.0,0.275,0.044,0.0
2025-07-18,weekday,12.0,0.02,0.523,20.5,3.2,0.0,1.0,0,0.384,0.101,0.216,0.05,0.0,0.355,0.197,0.139
2025-07-19,holiday,12.8,0.351,0.0,18.6,3.4,2.2,0.0,0,0.604,0.555,0.498,0.403,0.089,0.293,0.343,0.452
2025-07-20,holiday,11.6,0.395,0.018,21.1,2.6,0.0,0.0,0,0.642,0.563,0.6,0.512,0.0,0.269,0.3,0.413
2025-07-21,weekday,12.2,0.0,0.734,,4.2,0.0,0.0,0,0.564,0.031,0.062,0.0,0.0,0.241,0.153,0.0
2025-07-22,weekday,11.4,0.0,0.611,1.5,3.2,0.0,0.0,0,0.431,0.0,0.0,0.045,0.024,0.277,0.089,0.0
2025-07-23,weekday,13.1,0.129,0.677,0.9,5.4,0.0,0.0,0,0.421,0.093,0.133,0.062,0.0,0.255,0.135,0.049
2025-07-24,weekday,14.4,0.0,0.651,0.8,3.5,0.0,0.0,0,0.536,0.0,0.0,0.005,0.0,0.303,0.126,0.044
2025-07-25,weekday,13.1,0.369,0.648,,5.8,0.0,1.0,1,0.467,0.242,0.299,0.041,0.0,0.378,0.173,0.32
2025-07-26,holiday,13.7,0.477,0.0,3.1,5.0,2.3,0.0,0,0.821,0.502,0.583,0.42,0.022,0.302,0.364,0.491
2025-07-27,holiday,14.1,0.34,0.068,6.4,4.3,1.2,0.0,0,0.633,0.492,0.605,0.368,0.164,0.306,0.406,0.496
2025-07-28,weekday,14.0,0.044,,4.0,2.0,0.0,0.0,0,0.405,0.0,0.0,0.032,0.008,0.23,0.052,0.024
2025-07-29,weekday,15.0,0.027,0.652,4.9,3.5,0.0,0.0,0,0.386,0.084,0.015,0.0,0.0,0.169,0.0,0.0
2025-07-30,weekday,15.5,,0.617,6.1,3.7,2.8,1.0,0,0.343,0.165,0.33,0.062,0.0,0.183,0.082,0.271
2025-07-31,weekday,15.5,0.051,0.617,11.1,4.4,0.0,0.0,0,,0.0,0.0,0.065,0.0,,0.066,0.0
2025-08-01,holiday,15.7,0.179,0.05,15.8,7.7,0.0,0.0,0,0.569,0.288,0.356,0.185,0.0,0.142,0.156,0.402
2025-08-02,holiday,16.2,0.377,0.119,16.9,7.7,0.0,0.0,0,0.67,0.596,0.589,0.385,0.139,0.122,0.235,0.529
2025-08-03,holiday,15.6,0.317,0.042,15.1,5.5,0.0,0.0,0,0.606,0.565,0.493,0.362,0.049,0.163,0.283,0.456
2025-08-04,holiday,16.8,0.204,0.0,13.4,8.3,0.7,0.0,0,0.527,0.331,0.329,0.236,0.026,0.124,0.24,0.457
2025-08-05,holiday,16.1,0.265,0.0,14.2,8.6,2.5,0.0,0,0.429,0.184,0.24,0.305,0.0,0.291,0.14,0.412
2025-08-06,holiday,15.6,0.28,0.091,13.2,9.5,1.9,0.0,0,0.596,0.267,0.266,0.225,0.0,,0.216,0.388
2025-08-07,holiday,16.4,0.263,0.046,12.3,8.0,1.3,0.0,0,0.568,0.39,0.279,0.16,0.021,0.272,0.191,0.417
2025-08-08,holiday,16.8,0.351,0.0,14.6,9.3,0.0,0.0,1,0.568,0.268,,0.215,0.0,0.199,0.212,0.44
2025-08-09,holiday,17.5,0.499,0.117,,8.7,0.5,0.0,0,0.696,0.589,0.465,0.381,0.0,0.076,,0.483
2025-08-10,holiday,16.8,0.669,0.08,18.3,7.5,0.0,1.0,0,0.647,0.878,0.712,0.422,0.078,0.185,0.266,0.715
2025-08-11,holiday,17.6,0.358,0.056,14.0,9.5,0.0,0.0,0,0.482,0.293,0.335,0.121,0.0,0.138,0.188,0.448
2025-08-12,holiday,16.4,0.155,0.076,15.7,6.4,1.5,0.0,0,0.58,0.3,0.325,0.098,0.0,0.222,0.136,0.391
2025-08-13,holiday,16.7,0.145,0.007,18.0,6.2,1.0,0.0,0,0.501,0.233,0.312,0.26,0.0,0.296,0.229,0.385
2025-08-14,holiday,17.7,0.212,0.055,12.0,8.4,0.0,0.0,0,0.548,0.213,0.302,0.287,0.0,0.139,0.195,0.438
2025-08-15,holiday,16.7,0.219,0.126,,8.3,0.0,0.0,0,0.536,0.316,0.294,0.295,0.032,0.19,0.285,0.398
2025-08-16,holiday,18.0,0.291,0.014,14.3,7.6,0.0,0.0,0,0.621,0.56,0.498,0.372,0.027,0.141,0.27,0.476
2025-08-17,holiday,19.3,0.332,,14.3,7.4,1.9,0.0,0,0.75,0.56,0.704,0.495,0.153,0.09,0.109,0.486
2025-08-18,holiday,18.6,0.178,0.103,14.0,8.2,0.0,,0,0.455,0.285,0.391,0.126,0.002,0.106,0.039,0.425
2025-08-19,holiday,19.0,0.199,0.042,12.2,7.4,0.0,0.0,0,0.527,0.28,,0.156,0.0,0.109,0.117,0.425
2025-08-20,holiday,20.1,0.336,,15.0,6.1,0.3,0.0,0,0.544,0.332,0.317,0.175,0.143,0.214,0.138,0.413
2025-08-21,holiday,19.9,0.273,0.083,,9.4,0.2,0.0,1,,0.276,0.323,0.266,0.0,0.131,0.183,0.441
2025-08-22,holiday,19.5,0.142,0.047,17.2,8.2,0.0,0.0,0,0.48,0.304,,0.156,0.036,0.082,0.061,0.355
2025-08-23,holiday,19.1,0.381,0.025,11.8,6.5,0.0,0.0,0,0.756,0.589,0.546,0.329,0.085,0.123,0.301,0.44
2025-08-24,holiday,19.6,0.49,0.033,12.3,5.5,0.0,0.0,0,0.743,0.598,0.493,0.363,0.311,0.238,0.347,0.543
2025-08-25,holiday,20.3,0.25,0.097,11.4,7.2,0.0,0.0,0,0.432,0.339,0.405,0.17,0.11,0.07,0.109,0.472
2025-08-26,holiday,20.8,,0.115,13.3,7.6,0.2,0.0,0,0.575,0.199,0.258,0.153,0.0,0.11,0.098,0.423
2025-08-27,holiday,21.6,0.377,0.075,15.3,6.6,1.6,0.0,0,0.592,0.376,0.365,0.16,0.051,0.139,0.131,0.448
2025-08-28,holiday,20.3,,0.119,11.8,6.2,0.6,0.0,0,0.476,0.172,0.322,0.272,,0.043,0.084,0.465
2025-08-29,holiday,21.2,0.263,0.051,15.3,8.3,0.0,,0,0.502,0.403,0.315,0.185,0.046,0.097,0.081,0.426
2025-08-30,holiday,19.7,0.461,0.066,16.7,10.5,1.7,,0,,0.628,0.587,0.348,0.217,0.093,0.176,0.511
2025-08-31,holiday,21.1,0.411,0.097,13.7,9.0,0.0,,0,0.699,0.503,0.635,0.322,0.304,0.093,0.188,0.497
2025-09-01,weekday,21.7,0.339,0.667,16.8,6.5,1.0,1.0,0,0.437,0.259,0.285,0.031,0.039,0.003,0.0,0.334
2025-09-02,weekday,21.5,0.001,0.616,15.7,6.5,2.4,0.0,0,0.395,0.0,0.132,0.0,0.0,0.066,0.0,0.021
2025-09-03,weekday,21.2,0.0,0.677,16.8,7.4,0.1,0.0,0,0.47,,0.165,0.0,0.009,0.019,0.0,0.0
2025-09-04,weekday,21.7,0.022,0.532,14.1,8.2,1.9,0.0,0,0.454,0.046,0.068,,0.0,0.0,0.0,0.007
2025-09-05,weekday,22.1,0.122,0.604,16.3,8.4,0.0,0.0,0,0.417,0.002,0.017,0.0,0.0,0.0,0.0,0.055
2025-09-06,holiday,23.0,0.622,0.144,14.7,6.4,0.4,0.0,0,0.741,0.557,0.455,0.356,0.215,0.039,0.136,0.545
2025-09-07,holiday,20.9,0.497,0.041,12.8,7.7,0.0,,0,0.6,0.507,0.687,0.313,0.267,0.197,0.253,0.516
2025-09-08,weekday,22.2,0.258,0.701,13.9,8.5,1.1,1.0,0,0.405,0.29,0.269,0.0,0.0,0.026,0.0,0.269
2025-09-09,weekday,24.8,0.022,0.623,12.2,7.8,0.0,0.0,0,0.416,0.0,0.192,0.0,0.129,0.0,0.0,0.044
2025-09-10,weekday,22.5,0.017,0.611,18.7,7.0,0.0,0.0,0,0.47,0.024,0.141,0.035,0.061,0.013,0.0,0.0
2025-09-11,weekday,22.6,0.068,,14.0,9.3,0.0,0.0,0,0.465,0.016,0.083,0.087,,0.09,0.006,0.0
