date,mobility_inflow_index,rail_ridership,holiday,event_local_flag,rainfall_mm,temperature_c,wind_speed_mps,snowfall_cm,typhoon_alert_flag,tourist_inflow_count,lodging_occupancy_ratio,temple_shrine_visits,onsen_visitors_count,beach_crowd_index,snow_quality_index,ski_resort_visitors,y
2023-09-13,0.4,0.594,weekday,0.0,12.9,22.7,7.8,2.7,0,0.174,0.043,0.134,0.032,0.0,0.0,0.0,0.347
2023-09-14,0.384,0.679,weekday,0.0,12.0,23.4,7.0,0.0,0,0.0,0.109,0.059,0.0,0.141,0.0,0.0,0.404
2023-09-15,0.333,0.604,weekday,0.0,12.1,24.2,7.6,0.0,0,0.0,0.022,0.152,0.0,0.0,0.0,0.0,0.327
2023-09-16,0.562,0.08,,0.0,17.3,23.1,8.5,0.0,0,0.492,0.569,0.605,0.398,0.248,0.019,0.204,0.296
2023-09-17,0.848,0.106,holiday,0.0,16.7,23.1,7.6,0.0,0,0.428,0.655,0.594,0.382,0.298,0.0,0.144,0.389
2023-09-18,0.362,0.567,weekday,,14.3,25.2,8.2,1.4,0,0.025,0.071,0.058,0.0,0.076,0.0,0.0,0.358
2023-09-19,0.398,0.622,weekday,0.0,14.4,25.7,8.1,0.0,0,0.0,,,0.0,0.051,0.035,0.063,0.361
2023-09-20,0.316,0.574,weekday,0.0,,25.0,7.0,0.0,0,0.0,0.0,0.095,0.088,,0.0,0.012,0.283
2023-09-21,0.587,0.662,weekday,0.0,14.6,24.7,8.0,1.1,0,0.0,0.043,0.09,0.022,0.117,0.018,0.007,0.404
2023-09-22,0.532,0.664,weekday,0.0,11.4,25.1,5.9,0.0,0,0.062,0.0,0.112,0.0,0.198,0.0,0.0,0.404
2023-09-23,0.597,0.094,holiday,0.0,14.3,23.9,8.0,0.0,0,,0.57,0.61,0.362,0.155,0.049,0.158,0.326
2023-09-24,0.669,0.049,holiday,0.0,12.3,25.4,7.4,0.0,0,0.53,0.624,0.579,0.374,,0.051,0.214,0.27
2023-09-25,0.414,0.597,weekday,0.0,14.6,26.2,8.5,0.6,0,0.168,0.0,0.058,0.008,0.024,0.019,0.092,0.353
2023-09-26,0.453,0.673,weekday,0.0,14.6,24.8,8.6,0.0,0,0.149,0.034,0.046,0.051,0.0,0.0,0.0,0.397
2023-09-27,0.378,0.647,weekday,0.0,11.6,24.4,9.2,0.3,1,0.007,0.106,0.101,0.015,0.134,0.0,0.0,0.322
2023-09-28,0.331,0.707,weekday,,16.9,26.6,5.6,0.0,0,0.0,0.0,0.128,0.031,0.153,0.0,0.009,0.334
2023-09-29,0.474,0.687,weekday,0.0,12.6,26.9,4.5,0.0,0,0.152,0.104,0.198,0.019,0.2,0.011,0.0,0.388
2023-09-30,0.674,0.058,holiday,0.0,13.6,27.5,6.6,0.0,0,0.381,0.624,0.669,0.397,0.426,0.0,0.225,0.34
2023-10-01,0.67,0.118,holiday,0.0,1.6,25.8,4.5,0.1,0,0.53,,0.56,0.32,,0.037,0.23,0.359
2023-10-02,0.518,0.647,weekday,0.0,0.6,24.7,4.2,0.0,0,0.228,0.054,0.167,0.0,0.161,0.0,0.036,0.347
2023-10-03,0.35,0.637,weekday,0.0,5.4,26.1,2.6,0.0,0,0.266,0.013,0.086,0.0,0.208,0.032,0.042,0.39
2023-10-04,0.529,0.727,weekday,0.0,2.0,26.2,3.0,2.1,0,0.045,0.054,,0.0,0.205,0.0,0.0,0.421
2023-10-05,0.472,0.678,weekday,0.0,6.0,25.0,3.8,1.1,0,0.161,0.047,0.156,0.004,0.194,0.0,0.068,0.466
2023-10-06,,0.708,weekday,0.0,5.3,26.9,3.6,0.0,0,0.13,0.0,0.0,0.042,0.173,0.0,,0.403
2023-10-07,0.616,,holiday,1.0,5.2,26.9,2.8,1.5,0,0.836,0.892,0.87,,0.373,0.0,0.202,0.549
2023-10-08,0.528,0.074,holiday,0.0,3.9,26.5,4.6,0.0,1,0.456,0.592,0.599,0.457,0.398,0.0,0.145,0.358
2023-10-09,0.453,0.663,weekday,0.0,2.8,25.5,5.5,2.6,0,0.0,0.01,0.107,0.0,0.215,0.0,0.0,0.434
2023-10-10,0.357,0.577,weekday,0.0,3.4,25.8,2.9,1.0,0,0.065,0.059,0.126,0.0,0.293,0.072,0.051,0.356
2023-10-11,0.372,0.626,weekday,0.0,9.1,26.6,6.1,1.7,0,0.155,0.048,0.114,0.037,0.131,0.0,0.0,0.311
2023-10-12,0.249,0.628,weekday,0.0,1.0,27.1,4.9,0.0,0,0.041,0.046,0.036,,0.292,0.0,0.0,0.331
2023-10-13,0.475,0.726,weekday,0.0,5.3,28.0,4.7,0.0,0,0.225,0.0,0.105,0.065,0.265,0.034,0.0,0.427
2023-10-14,0.671,0.129,holiday,0.0,6.9,28.1,3.0,0.0,0,0.543,0.514,0.671,0.396,0.545,0.009,0.164,0.369
2023-10-15,0.524,0.046,holiday,0.0,9.9,28.6,3.7,0.1,0,0.477,0.588,0.669,0.402,0.447,0.0,0.188,0.292
2023-10-16,0.391,,weekday,0.0,4.5,28.1,3.7,1.6,0,0.203,0.031,0.109,0.0,0.33,,0.0,0.407
2023-10-17,0.369,,weekday,0.0,5.5,28.5,2.5,0.0,0,0.138,0.044,0.0,0.144,0.312,0.0,0.0,0.358
2023-10-18,0.439,0.71,weekday,1.0,5.3,28.7,3.8,0.0,0,0.289,0.241,0.258,0.001,0.302,0.0,0.005,0.533
2023-10-19,0.447,0.594,weekday,1.0,4.9,27.3,3.9,0.1,0,0.289,0.235,0.356,0.028,0.315,0.041,0.003,0.374
2023-10-20,0.467,0.656,weekday,0.0,3.0,27.1,4.9,3.1,0,0.245,0.108,0.135,0.0,0.303,,0.0,0.424
2023-10-21,0.648,0.083,holiday,0.0,1.5,28.9,4.3,0.0,0,0.487,0.555,0.609,0.401,0.637,0.0,0.251,0.325
2023-10-22,0.586,0.099,holiday,0.0,3.6,29.6,4.7,0.1,0,,0.629,0.601,0.408,0.532,,0.313,0.339
2023-10-23,0.406,0.743,weekday,0.0,1.9,28.6,5.7,1.5,0,0.082,0.094,0.143,0.0,0.366,0.0,0.0,0.453
2023-10-24,0.414,0.689,weekday,0.0,3.0,28.5,1.3,0.0,0,,0.02,0.144,0.0,0.369,0.0,0.0,0.382
2023-10-25,0.481,0.695,weekday,1.0,3.3,26.7,2.5,0.1,0,0.354,0.347,0.289,0.006,0.29,0.126,0.079,0.439
2023-10-26,0.439,,weekday,,4.7,29.7,3.9,0.0,0,0.288,0.106,0.0,0.049,0.247,0.01,0.0,0.378
2023-10-27,0.342,0.649,weekday,0.0,9.0,28.8,4.3,0.6,0,0.044,0.08,0.183,0.021,,0.0,0.015,0.327
2023-10-28,0.661,,holiday,,3.2,28.2,3.1,0.8,0,0.513,0.573,0.61,0.405,0.554,0.0,0.176,0.361
2023-10-29,,0.159,holiday,0.0,2.7,27.5,1.5,0.0,0,0.534,0.611,0.569,0.27,0.537,0.033,0.288,0.36
2023-10-30,0.405,0.669,weekday,,0.7,28.4,6.3,0.0,0,0.451,0.282,0.239,0.055,0.294,0.0,0.025,0.433
2023-10-31,0.361,0.608,weekday,0.0,4.7,28.0,1.4,2.8,0,0.17,0.075,0.127,0.009,0.411,0.045,0.032,0.374
2023-11-01,0.536,0.707,weekday,0.0,5.3,27.3,3.4,0.0,0,0.022,0.044,0.041,0.0,0.244,0.0,0.09,0.435
2023-11-02,0.422,0.64,weekday,0.0,8.1,28.5,3.8,0.0,0,0.109,0.0,0.116,,0.372,0.0,0.0,0.344
2023-11-03,0.372,0.685,weekday,0.0,5.2,28.1,4.7,0.6,0,0.134,,0.023,0.0,0.281,0.0,0.0,0.381
2023-11-04,0.805,0.162,holiday,0.0,0.9,28.0,3.0,3.1,0,0.564,0.616,0.587,0.458,0.491,0.0,0.152,0.442
2023-11-05,0.77,0.08,holiday,0.0,2.9,29.2,2.2,2.2,0,0.594,0.64,,0.397,0.552,0.052,0.285,0.364
2023-11-06,,0.688,weekday,0.0,5.2,28.9,5.5,0.0,0,0.0,0.061,0.124,0.0,0.326,0.0,0.0,0.417
2023-11-07,0.377,0.663,weekday,0.0,1.6,28.6,5.3,1.8,0,0.094,0.0,0.062,0.0,0.349,0.014,0.0,0.424
2023-11-08,0.48,0.647,weekday,0.0,,28.9,2.4,4.8,0,0.264,0.059,0.104,0.081,0.41,0.121,0.071,0.479
2023-11-09,0.442,0.676,weekday,0.0,7.5,28.8,4.2,0.0,0,0.093,0.055,0.094,0.0,0.34,0.0,,0.335
2023-11-10,0.467,0.632,weekday,0.0,1.0,28.3,6.2,1.7,0,0.0,0.004,0.165,0.084,0.184,0.017,0.0,0.426
2023-11-11,0.633,0.113,holiday,,1.3,29.2,3.6,2.8,0,0.403,0.549,0.607,0.415,0.594,0.031,0.14,0.344
2023-11-12,0.753,0.108,holiday,0.0,4.4,29.0,2.7,0.8,0,0.591,0.569,,0.346,0.603,0.031,0.183,0.395
2023-11-13,0.495,0.716,weekday,0.0,1.0,29.3,3.9,4.6,0,0.051,0.0,0.008,0.0,0.311,,0.032,0.424
2023-11-14,0.481,0.64,weekday,0.0,6.4,28.8,3.3,0.0,0,0.0,0.015,0.141,0.0,0.411,0.044,0.0,0.413
2023-11-15,0.462,0.692,weekday,0.0,5.4,28.0,5.5,0.0,0,0.145,0.102,0.07,0.015,0.219,,0.002,0.405
2023-11-16,0.375,0.59,weekday,0.0,2.5,28.3,2.3,0.0,0,0.219,0.057,0.108,0.0,0.401,0.0,0.0,0.372
2023-11-17,0.297,0.67,weekday,0.0,4.7,28.5,4.0,0.0,0,0.084,0.035,0.055,0.0,0.359,0.0,0.0,0.409
2023-11-18,0.521,0.156,holiday,1.0,2.5,28.6,2.6,1.7,0,0.764,0.887,0.771,0.295,0.601,0.0,0.143,0.389
2023-11-19,0.828,0.067,holiday,0.0,5.2,28.0,3.4,1.2,0,0.529,0.596,0.725,0.357,0.493,0.023,0.257,0.386
2023-11-20,0.501,0.754,weekday,0.0,3.7,30.0,4.8,0.0,0,0.184,0.062,0.028,0.024,0.27,0.0,0.001,0.476
2023-11-21,,0.687,weekday,0.0,5.4,28.9,4.8,1.7,0,0.069,,0.193,0.018,0.36,0.061,0.021,0.42
2023-11-22,0.508,0.671,weekday,0.0,1.2,29.1,4.8,1.0,0,0.291,0.0,,0.086,0.165,0.081,0.047,0.409
2023-11-23,0.613,0.583,weekday,0.0,1.3,27.1,5.9,1.2,0,0.057,0.0,0.134,0.0,0.308,0.0,0.0,0.418
2023-11-24,0.361,0.624,weekday,0.0,7.0,28.6,5.4,1.2,0,0.13,0.029,0.175,0.024,0.239,0.031,0.0,0.385
2023-11-25,0.666,0.142,holiday,0.0,,28.2,4.1,0.7,0,0.562,0.593,0.592,0.401,0.61,0.0,0.245,0.358
2023-11-26,0.686,0.193,holiday,0.0,2.4,26.6,4.3,1.7,0,0.564,0.667,0.604,0.282,0.417,0.023,0.136,0.383
2023-11-27,0.359,0.687,weekday,0.0,3.3,27.7,3.6,0.0,0,0.092,0.079,0.0,0.052,0.391,0.13,0.051,0.397
2023-11-28,0.433,0.633,weekday,0.0,0.9,27.7,3.8,0.0,0,0.0,0.089,0.116,0.051,0.24,0.039,0.0,0.359
2023-11-29,0.377,0.689,weekday,0.0,1.6,28.8,4.0,2.2,0,0.198,0.078,0.133,0.0,0.403,0.019,0.0,0.429
2023-11-30,0.571,0.61,weekday,0.0,4.0,26.9,4.7,0.0,0,0.0,0.025,0.085,0.0,0.273,0.048,0.002,0.371
2023-12-01,0.497,0.068,holiday,0.0,2.3,27.1,4.1,0.4,0,0.247,0.282,0.374,0.124,0.314,0.147,0.175,0.269
2023-12-02,0.659,,holiday,0.0,5.0,28.5,4.2,1.3,0,0.451,0.638,0.662,0.323,0.472,0.042,0.251,0.357
2023-12-03,0.605,0.14,holiday,0.0,0.4,27.4,3.9,0.0,0,0.615,0.678,0.653,0.355,0.438,0.04,0.219,0.406
2023-12-04,0.449,,holiday,1.0,3.0,27.0,3.3,2.4,0,0.546,0.503,0.633,0.204,0.303,0.083,0.19,0.355
2023-12-05,0.416,,holiday,0.0,3.7,27.1,1.4,0.0,0,0.338,0.293,0.289,0.151,0.322,0.009,0.152,0.251
2023-12-06,0.513,0.065,holiday,0.0,1.7,27.7,2.4,0.6,0,0.383,0.334,0.359,0.204,0.407,0.081,0.101,0.33
2023-12-07,0.397,0.0,holiday,0.0,2.5,26.8,6.0,1.1,0,0.382,0.269,0.312,0.149,0.341,0.03,0.094,0.256
2023-12-08,0.602,0.096,holiday,,2.0,26.5,2.0,0.6,0,0.29,0.238,0.357,0.059,0.393,0.106,0.117,0.305
2023-12-09,0.576,0.111,holiday,0.0,2.4,26.4,5.2,0.8,0,0.526,0.626,0.554,0.398,0.314,0.0,0.075,0.352
2023-12-10,0.636,0.001,holiday,0.0,6.1,26.8,3.8,5.2,0,0.675,0.66,0.701,0.335,0.499,0.042,0.179,0.293
2023-12-11,0.57,0.061,holiday,0.0,2.0,26.1,5.4,1.2,0,0.267,0.286,0.347,0.172,0.391,0.0,0.024,0.325
2023-12-12,0.607,0.14,holiday,0.0,2.1,26.5,1.8,3.8,0,0.318,0.296,0.468,0.101,0.268,0.016,0.074,0.357
2023-12-13,0.599,0.059,holiday,0.0,2.3,26.5,1.6,0.0,0,0.378,0.327,0.438,0.133,0.354,0.092,0.036,0.304
2023-12-14,0.432,0.003,holiday,0.0,3.5,25.4,4.2,2.6,0,0.215,0.259,,0.288,0.339,0.0,0.061,0.285
2023-12-15,0.457,0.066,holiday,0.0,7.5,25.3,3.3,1.1,0,0.352,0.344,0.296,0.229,0.367,0.017,0.0,0.354
2023-12-16,0.708,0.077,holiday,0.0,1.4,26.3,2.3,0.0,0,0.585,0.634,0.52,0.415,,0.065,0.251,0.399
2023-12-17,0.702,0.165,holiday,0.0,3.5,27.0,5.2,0.0,0,0.612,0.522,0.688,0.302,0.439,0.055,0.234,0.397
2023-12-18,0.557,0.08,holiday,0.0,3.4,25.7,3.5,1.2,0,0.424,0.349,0.313,0.214,,0.0,0.029,0.279
2023-12-19,0.48,0.145,holiday,0.0,2.3,25.8,4.0,0.6,0,0.391,0.315,0.232,0.301,0.358,0.002,,0.341
2023-12-20,0.557,0.043,holiday,0.0,2.3,25.7,4.1,1.2,0,0.374,,0.321,0.177,0.265,0.0,0.079,0.292
2023-12-21,0.569,0.031,holiday,0.0,7.6,25.2,3.2,2.7,0,0.224,0.181,0.284,0.167,0.33,0.043,0.007,0.278
2023-12-22,0.535,0.124,holiday,0.0,4.8,24.7,3.3,3.0,0,0.354,0.268,0.301,0.145,0.324,0.041,0.041,0.289
2023-12-23,0.643,0.121,holiday,1.0,3.3,25.8,4.7,0.9,0,0.729,0.753,0.831,0.426,0.26,0.0,0.192,0.449
2023-12-24,0.66,0.1,holiday,0.0,3.6,25.7,1.6,3.6,0,0.539,0.633,0.541,0.297,,0.0,0.169,0.347
2023-12-25,0.464,0.136,holiday,0.0,1.8,25.0,2.7,3.6,0,0.286,0.235,0.347,0.221,0.499,0.111,0.198,0.27
2023-12-26,0.49,0.0,holiday,0.0,5.5,23.7,2.9,0.0,0,0.163,0.26,0.347,0.159,0.194,0.016,0.108,0.256
2023-12-27,0.589,0.144,holiday,0.0,3.4,24.3,5.6,2.0,0,0.277,,0.371,0.125,0.314,0.0,0.0,0.322
2023-12-28,0.48,0.149,holiday,0.0,1.3,24.9,2.4,0.0,0,0.413,0.376,0.287,0.195,0.375,0.0,0.202,0.388
2023-12-29,0.608,0.122,holiday,0.0,3.7,23.0,2.5,3.7,0,0.165,0.239,,0.185,0.222,0.104,0.145,0.36
2023-12-30,0.629,0.07,holiday,0.0,3.3,23.7,4.2,1.3,0,0.477,0.617,0.679,0.307,0.448,0.064,0.207,0.306
2023-12-31,0.782,0.053,holiday,0.0,4.4,23.7,4.0,3.2,0,0.625,0.662,0.569,0.378,0.48,0.1,0.305,0.32
2024-01-01,0.585,0.173,holiday,0.0,0.9,24.4,7.4,5.0,0,0.36,0.332,0.33,0.131,0.353,0.014,0.147,0.341
2024-01-02,0.53,0.069,holiday,0.0,3.6,23.8,3.2,0.0,0,0.236,0.298,0.335,0.182,0.291,0.0,0.124,0.309
2024-01-03,0.604,0.135,holiday,0.0,1.7,23.9,2.9,2.8,0,0.274,0.325,0.411,0.149,0.345,0.034,0.09,0.397
2024-01-04,0.553,,holiday,,2.3,21.6,4.4,5.4,0,0.199,0.257,0.258,0.115,0.121,0.112,0.18,0.352
2024-01-05,0.594,0.07,holiday,1.0,0.8,23.1,3.9,3.9,0,0.572,0.47,0.53,0.126,0.281,0.128,0.137,0.4
2024-01-06,0.708,0.121,holiday,0.0,2.6,22.9,2.6,2.5,0,,0.555,0.582,0.373,0.457,0.141,0.317,0.444
2024-01-07,0.511,0.035,holiday,0.0,3.1,22.4,5.1,0.0,0,0.688,0.729,0.472,0.457,0.394,0.095,0.219,0.262
2024-01-08,0.539,0.0,holiday,0.0,6.2,22.6,3.9,1.5,0,0.312,0.308,0.275,0.18,0.157,0.141,0.063,0.256
2024-01-09,0.614,0.15,holiday,0.0,2.5,22.9,5.2,3.3,0,0.276,0.275,0.368,0.152,0.139,0.093,0.124,0.354
2024-01-10,0.614,0.078,holiday,0.0,3.0,21.1,3.5,3.9,0,0.226,0.263,0.447,0.091,0.207,0.134,0.156,0.365
2024-01-11,0.656,,holiday,0.0,1.7,21.1,2.5,4.3,0,0.179,0.309,0.276,0.113,0.195,0.183,0.16,0.29
2024-01-12,0.637,0.057,holiday,0.0,7.3,21.4,5.0,3.6,0,0.333,0.302,0.354,0.155,0.124,0.136,0.129,0.34
2024-01-13,0.655,0.131,holiday,0.0,1.4,21.0,1.7,0.0,0,0.378,0.506,0.574,0.392,0.318,0.107,0.258,0.329
2024-01-14,0.619,0.029,holiday,0.0,8.8,20.1,5.9,1.1,0,0.504,0.651,0.524,0.353,0.218,0.066,0.179,0.308
2024-01-15,0.627,0.018,holiday,0.0,2.7,20.2,2.4,0.9,0,0.4,0.273,0.358,0.177,0.329,0.173,0.248,0.299
2024-01-16,,0.02,holiday,0.0,4.0,21.2,3.3,0.2,0,0.508,0.412,0.297,0.12,0.102,0.128,0.172,0.226
2024-01-17,0.484,0.092,holiday,0.0,0.2,20.3,1.6,5.2,0,0.411,0.329,0.32,0.26,0.173,0.114,0.155,0.372
2024-01-18,0.586,0.019,holiday,0.0,5.3,21.5,3.5,3.8,0,0.169,0.298,0.328,0.165,0.237,0.083,0.155,0.357
2024-01-19,0.454,0.109,holiday,0.0,0.3,19.3,3.1,4.7,0,0.104,0.242,0.305,0.199,0.013,0.064,0.081,0.308
2024-01-20,0.653,0.027,holiday,1.0,2.8,19.7,4.4,1.7,0,0.709,0.835,0.829,0.426,0.125,0.13,0.267,0.37
2024-01-21,0.633,0.152,holiday,0.0,3.5,19.4,4.5,2.2,0,0.423,0.649,0.664,0.287,,0.179,0.265,0.402
2024-01-22,0.664,0.145,holiday,0.0,1.1,19.5,4.6,3.2,0,0.153,0.288,0.334,0.154,0.159,0.258,0.298,0.409
2024-01-23,0.623,0.107,holiday,0.0,5.6,19.5,5.5,0.5,0,0.287,0.399,0.304,0.178,0.089,0.208,0.225,0.314
2024-01-24,0.477,0.089,holiday,0.0,6.2,17.3,3.7,3.5,0,,0.258,0.334,0.214,0.017,0.207,0.161,0.268
2024-01-25,0.555,0.268,holiday,0.0,4.6,19.5,5.5,5.2,0,,0.299,0.378,0.144,0.103,,0.19,0.403
2024-01-26,0.598,,holiday,0.0,3.1,18.5,4.7,4.1,0,0.245,0.278,0.429,0.281,0.112,0.172,0.204,0.317
2024-01-27,,0.102,holiday,0.0,3.1,17.9,3.6,4.0,0,0.484,0.623,0.566,0.394,0.22,0.196,0.303,0.334
2024-01-28,,0.14,holiday,1.0,2.8,21.2,3.4,2.9,0,0.626,0.863,0.758,0.383,0.269,0.101,0.297,0.435
2024-01-29,0.595,,holiday,1.0,3.2,15.8,4.7,7.5,0,,0.584,0.584,0.308,0.0,0.378,0.28,0.358
2024-01-30,0.585,0.0,holiday,0.0,7.8,16.2,5.3,3.5,0,0.166,,0.351,0.24,0.028,0.268,0.235,0.264
2024-01-31,0.578,0.091,holiday,0.0,1.7,17.9,3.5,1.0,0,0.318,0.324,0.381,0.223,0.134,0.17,0.199,0.304
2024-02-01,0.32,0.712,weekday,0.0,2.8,18.6,3.4,4.6,0,,0.033,0.0,0.048,0.11,0.139,0.052,0.408
2024-02-02,0.401,0.632,weekday,0.0,9.4,17.6,7.5,5.2,0,0.123,0.085,0.0,0.0,0.0,0.314,0.231,0.431
2024-02-03,0.751,0.087,holiday,0.0,5.0,17.2,3.4,4.8,0,0.352,0.622,0.62,0.361,0.212,0.324,0.382,0.386
2024-02-04,0.8,0.072,holiday,0.0,1.5,18.2,4.1,3.7,0,0.576,0.612,0.608,0.446,0.254,0.266,,0.375
2024-02-05,0.502,0.704,weekday,0.0,3.5,16.0,3.6,5.3,0,0.096,0.012,0.039,0.074,0.0,0.348,0.116,0.423
2024-02-06,0.414,0.63,weekday,0.0,0.4,15.7,4.7,3.5,0,,0.0,0.034,0.138,0.0,0.308,0.159,0.368
2024-02-07,0.392,,weekday,0.0,1.8,16.8,2.5,0.7,0,0.0,,0.07,0.1,0.0,0.148,0.102,0.387
2024-02-08,0.514,0.619,weekday,0.0,6.7,16.9,4.6,4.1,0,0.217,0.0,0.134,0.0,0.0,0.272,0.108,0.369
2024-02-09,0.45,0.571,weekday,1.0,6.0,15.1,3.0,2.3,0,0.357,0.31,0.257,0.051,0.0,0.271,0.188,0.362
2024-02-10,0.581,0.176,holiday,0.0,4.0,16.0,4.4,6.2,0,0.483,0.546,0.523,0.375,0.036,0.244,0.253,0.327
2024-02-11,0.705,0.099,holiday,1.0,1.5,15.9,3.9,4.6,0,0.693,0.812,0.718,0.395,0.13,0.271,0.325,0.372
2024-02-12,0.468,0.679,weekday,0.0,5.5,16.0,4.0,5.4,0,0.028,0.027,0.05,0.0,0.077,0.25,0.158,0.423
2024-02-13,0.38,0.584,weekday,0.0,0.5,15.7,4.1,6.3,0,0.0,0.0,0.05,0.027,0.0,0.327,0.206,0.321
2024-02-14,0.677,0.691,weekday,0.0,1.8,14.0,3.5,4.0,0,0.005,0.0,,0.04,0.0,0.33,0.225,0.481
2024-02-15,0.509,0.691,weekday,0.0,2.8,14.8,5.3,5.5,0,0.0,0.0,0.078,0.092,,0.278,0.15,0.445
2024-02-16,0.524,0.656,,0.0,5.3,15.8,4.7,5.2,0,0.153,0.105,0.096,0.026,0.0,0.33,0.198,0.377
2024-02-17,0.811,,holiday,0.0,,15.1,2.2,4.8,0,0.547,0.611,0.563,0.375,0.117,0.374,0.416,0.422
2024-02-18,0.573,0.058,holiday,0.0,0.9,13.8,3.0,5.6,0,0.514,0.536,0.572,0.377,0.085,0.44,0.467,0.311
2024-02-19,0.262,0.653,weekday,0.0,3.3,13.6,4.3,4.8,0,0.0,0.0,0.045,0.082,0.0,0.292,0.151,0.364
2024-02-20,0.442,0.688,weekday,0.0,5.5,14.5,3.7,5.0,0,0.0,0.008,0.11,0.078,0.0,0.305,0.07,0.43
2024-02-21,0.392,0.584,weekday,0.0,5.4,13.7,3.3,1.7,0,0.074,0.0,0.101,0.064,0.0,0.215,0.113,0.359
2024-02-22,0.421,0.688,weekday,0.0,3.2,13.2,5.9,7.0,0,0.0,0.098,0.0,,0.0,0.423,0.186,0.422
2024-02-23,0.433,0.602,weekday,0.0,1.7,14.0,3.7,7.1,0,0.027,0.073,0.018,0.077,0.0,0.439,0.202,0.389
2024-02-24,0.615,0.095,holiday,0.0,5.1,12.6,3.5,5.8,0,0.373,0.574,0.562,,0.038,0.392,0.393,0.331
2024-02-25,0.729,0.015,holiday,0.0,2.3,11.9,2.8,5.8,0,,0.495,0.442,,0.113,0.387,0.326,0.379
2024-02-26,0.433,0.665,weekday,0.0,1.4,12.7,4.1,6.2,0,0.0,0.0,0.022,0.033,0.0,,0.216,0.392
2024-02-27,0.371,0.679,weekday,0.0,4.6,11.9,4.5,6.6,0,0.0,0.017,0.095,0.166,0.0,0.397,0.185,0.361
2024-02-28,0.369,0.624,weekday,0.0,1.5,12.1,4.7,5.5,0,0.078,0.0,0.0,0.183,0.0,0.388,0.184,0.393
2024-02-29,,0.631,weekday,1.0,8.2,12.1,4.2,6.4,0,0.255,0.297,0.225,0.144,,0.329,0.07,0.371
2024-03-01,0.493,0.641,weekday,0.0,4.1,12.4,4.0,3.5,0,0.178,0.089,0.0,0.038,0.0,0.344,0.21,0.381
2024-03-02,0.694,0.089,holiday,0.0,3.0,12.2,3.0,3.2,0,0.604,0.634,0.569,0.441,0.146,0.403,0.483,0.361
2024-03-03,0.701,0.133,holiday,0.0,4.0,10.2,5.9,4.3,0,0.597,0.645,0.536,0.372,0.21,0.383,0.494,0.378
2024-03-04,0.404,0.655,weekday,0.0,5.3,9.6,3.7,3.3,0,0.0,0.03,0.11,0.087,0.0,0.393,0.156,0.421
2024-03-05,0.511,0.674,weekday,0.0,5.7,11.2,1.7,0.7,0,0.0,0.08,0.091,0.096,0.0,0.358,0.261,0.376
2024-03-06,0.386,0.601,weekday,0.0,4.9,10.1,2.6,5.3,0,0.005,0.037,0.125,0.12,0.0,0.386,0.262,0.35
2024-03-07,,0.613,weekday,0.0,0.6,9.3,1.6,5.7,0,0.0,0.0,0.009,0.043,0.055,0.422,0.314,0.377
2024-03-08,0.496,0.628,weekday,1.0,6.0,9.7,1.4,3.3,0,0.139,0.224,0.262,0.034,0.015,0.423,0.214,0.515
2024-03-09,0.72,0.027,holiday,0.0,1.2,10.7,4.7,5.2,0,0.463,0.517,0.556,0.393,0.164,0.464,0.489,0.345
2024-03-10,0.726,0.129,holiday,1.0,2.3,11.2,3.7,5.1,0,0.597,0.837,0.623,0.438,0.09,0.487,0.425,0.437
2024-03-11,0.405,0.746,,0.0,5.2,9.5,4.4,5.5,0,0.0,0.0,0.0,0.03,0.0,0.543,0.337,0.392
2024-03-12,0.584,0.736,weekday,0.0,2.5,10.2,0.9,3.4,0,0.079,0.008,0.031,0.089,0.0,0.377,0.268,0.465
2024-03-13,,0.623,weekday,0.0,4.9,8.9,4.4,4.2,0,0.0,0.033,0.031,0.024,,0.447,0.144,0.367
2024-03-14,0.265,0.596,weekday,0.0,8.0,8.6,4.8,6.1,0,0.059,0.034,0.02,0.053,0.0,0.447,0.273,0.345
2024-03-15,0.455,0.686,weekday,0.0,1.7,9.4,3.3,6.6,0,0.0,0.015,0.0,0.077,0.0,0.421,0.271,0.429
2024-03-16,0.731,0.1,holiday,0.0,2.3,8.8,2.8,5.8,0,0.416,0.612,0.542,0.404,0.147,0.469,0.478,0.364
2024-03-17,0.649,0.148,holiday,0.0,3.8,8.0,6.1,5.7,0,0.342,0.603,0.513,,,0.459,0.478,0.394
2024-03-18,0.352,0.643,weekday,0.0,0.7,9.2,3.6,3.4,0,0.041,0.077,0.106,0.057,0.0,0.523,0.262,0.374
2024-03-19,0.379,0.573,weekday,1.0,5.2,10.1,3.6,2.7,0,0.284,0.232,0.236,0.116,0.0,0.435,0.203,0.418
2024-03-20,0.378,0.696,weekday,0.0,2.4,8.4,5.8,3.3,0,0.0,0.03,0.035,0.148,0.0,0.416,0.202,0.393
2024-03-21,,0.576,weekday,0.0,4.0,8.7,4.8,1.9,0,0.0,0.012,0.079,0.042,0.0,0.548,0.334,0.366
2024-03-22,,0.58,weekday,0.0,2.8,7.0,3.9,6.3,0,0.0,0.002,0.0,0.141,0.007,0.43,0.246,0.318
2024-03-23,0.729,0.107,holiday,0.0,2.9,9.7,4.8,5.3,0,0.408,0.544,0.47,0.481,0.062,0.381,0.268,0.331
2024-03-24,0.65,0.084,holiday,0.0,5.0,8.2,3.1,3.6,0,,0.544,0.473,0.407,0.311,0.392,0.407,0.29
2024-03-25,0.363,0.676,weekday,0.0,2.1,7.0,2.8,6.0,0,0.017,0.018,0.095,0.101,0.0,0.472,0.283,0.423
2024-03-26,0.484,0.76,weekday,1.0,3.4,7.2,1.1,2.4,0,,0.221,0.175,0.087,0.117,0.448,0.242,0.533
2024-03-27,0.499,,weekday,0.0,2.6,8.2,5.0,7.8,0,0.0,0.076,0.0,0.099,0.0,0.489,0.225,0.388
2024-03-28,0.357,0.588,weekday,0.0,2.7,8.3,4.5,3.8,0,0.0,,0.083,0.107,0.0,0.431,0.177,0.335
2024-03-29,0.398,0.696,weekday,,6.9,7.9,3.3,4.2,0,0.012,0.029,0.0,0.14,0.0,0.419,0.182,0.392
2024-03-30,,0.095,holiday,0.0,6.8,6.5,4.6,7.9,0,0.457,0.561,0.45,,0.116,0.593,0.447,0.35
2024-03-31,0.704,0.153,holiday,0.0,1.2,6.6,3.4,5.6,0,0.392,0.658,0.553,0.462,0.074,0.506,0.487,0.377
2024-04-01,0.409,0.683,weekday,0.0,7.1,5.6,1.5,2.4,0,0.0,0.0,0.0,0.088,0.0,0.526,0.265,0.433
2024-04-02,0.389,0.711,weekday,0.0,1.8,5.5,4.1,0.7,0,0.0,,0.134,0.07,0.008,0.541,0.306,0.356
2024-04-03,,0.701,weekday,0.0,5.5,6.0,4.5,0.1,0,0.0,0.0,0.049,0.166,0.0,0.526,0.327,0.472
2024-04-04,0.421,0.67,weekday,0.0,1.7,6.0,5.4,0.0,0,0.151,0.0,0.0,0.072,0.0,0.449,0.27,0.472
2024-04-05,,0.706,weekday,0.0,5.1,6.2,4.4,0.0,0,0.108,0.018,0.038,0.092,0.0,0.406,0.139,0.401
2024-04-06,0.714,0.131,holiday,0.0,5.8,6.1,5.5,1.9,0,0.234,0.562,0.632,0.491,0.058,0.426,0.377,0.337
2024-04-07,0.626,0.066,holiday,0.0,4.8,7.2,4.6,3.8,0,,0.53,0.52,0.463,0.067,0.423,0.371,0.348
2024-04-08,0.48,0.681,weekday,0.0,0.9,5.6,4.9,1.7,0,0.0,0.0,0.0,0.078,0.0,0.548,0.271,0.379
2024-04-09,0.464,0.671,weekday,0.0,3.3,5.0,1.1,0.0,0,0.0,0.025,0.0,0.152,,0.459,0.208,0.397
2024-04-10,0.423,0.66,weekday,1.0,4.6,5.2,4.1,0.0,0,0.188,0.268,0.289,0.105,0.021,0.477,0.261,0.367
2024-04-11,0.442,0.67,,0.0,0.3,4.6,3.1,2.6,0,,0.0,0.034,,0.0,0.523,0.282,0.437
2024-04-12,0.354,0.602,weekday,0.0,4.8,4.8,4.7,1.3,0,0.11,0.052,0.012,0.127,0.0,0.55,0.241,0.337
2024-04-13,0.654,0.258,holiday,0.0,1.8,5.1,3.2,0.0,0,0.533,0.616,0.508,0.467,0.146,0.497,0.451,0.439
2024-04-14,0.763,0.091,holiday,0.0,3.5,6.1,5.7,0.0,0,0.364,0.557,0.413,0.439,0.243,0.38,0.455,0.374
2024-04-15,0.414,0.671,weekday,0.0,,5.4,2.0,0.0,0,0.09,0.014,0.073,0.116,0.0,0.463,0.198,0.32
2024-04-16,,0.623,weekday,0.0,3.3,6.0,4.5,0.0,0,0.0,0.008,0.014,0.108,0.0,0.465,0.2,0.41
2024-04-17,0.589,0.678,weekday,0.0,3.8,4.9,3.0,0.0,0,0.0,0.0,0.039,0.023,0.0,0.462,0.234,0.425
2024-04-18,0.359,0.602,weekday,0.0,8.9,4.3,4.6,0.0,0,0.133,0.0,0.0,0.121,0.0,0.476,0.217,0.335
2024-04-19,0.385,0.731,weekday,0.0,2.3,6.0,1.4,2.6,0,0.0,,0.0,0.142,0.012,0.472,0.224,0.459
2024-04-20,0.801,0.108,holiday,0.0,1.5,6.2,2.6,2.1,0,0.389,,0.447,0.526,0.2,0.526,0.467,0.393
2024-04-21,0.498,0.077,holiday,0.0,2.5,5.0,5.7,1.0,0,,0.589,0.512,0.522,0.042,0.456,0.505,0.3
2024-04-22,0.467,0.717,weekday,0.0,2.3,3.4,3.3,0.0,0,0.111,0.056,0.03,0.022,0.0,0.511,0.285,0.431
2024-04-23,0.332,,weekday,0.0,1.5,4.7,3.6,0.0,0,0.047,0.0,0.026,0.11,0.0,0.516,,0.409
2024-04-24,0.429,0.687,weekday,0.0,,6.2,6.6,0.0,0,0.072,0.029,0.0,0.19,0.0,0.543,0.333,0.428
2024-04-25,0.409,0.735,weekday,0.0,5.3,4.3,3.9,1.2,0,0.0,0.011,0.0,0.05,0.0,0.545,0.304,0.385
2024-04-26,0.54,0.642,weekday,0.0,5.9,4.5,3.2,1.2,0,0.0,0.035,0.0,0.15,0.048,0.525,0.245,0.402
2024-04-27,0.587,0.182,holiday,,5.1,4.6,2.5,0.0,0,0.368,0.562,0.496,0.481,0.116,0.505,0.522,0.376
2024-04-28,0.596,0.0,holiday,0.0,4.3,4.3,3.2,0.0,0,0.442,0.606,0.569,0.45,0.056,0.446,0.52,0.314
2024-04-29,0.616,0.69,weekday,0.0,7.3,4.0,4.5,0.0,0,0.035,,0.078,0.105,0.0,0.556,0.304,0.408
2024-04-30,0.434,0.605,weekday,0.0,1.2,3.7,1.9,0.0,0,0.087,0.0,0.052,0.074,0.0,0.491,0.235,0.359
2024-05-01,0.503,0.068,holiday,0.0,6.6,5.7,5.0,0.0,0,0.147,0.251,0.204,0.248,0.121,0.481,0.38,0.303
2024-05-02,0.551,0.081,holiday,0.0,2.4,5.5,4.7,0.0,0,0.037,0.266,0.28,0.359,0.001,0.499,0.407,0.358
2024-05-03,,0.134,holiday,0.0,2.7,5.2,3.0,1.5,0,0.124,0.272,0.346,0.309,0.184,0.514,0.382,0.365
2024-05-04,0.612,0.12,holiday,0.0,3.5,2.3,3.0,1.0,0,0.512,0.491,0.436,0.471,0.198,0.686,0.571,0.329
2024-05-05,0.627,0.095,holiday,0.0,4.4,5.9,4.6,0.0,0,0.534,0.581,0.573,0.573,0.061,0.617,0.618,0.354
2024-05-06,0.551,0.045,holiday,0.0,7.6,5.5,4.9,0.0,0,0.312,0.387,0.236,0.319,0.0,0.441,0.263,0.235
2024-05-07,0.534,0.0,holiday,0.0,11.1,5.3,2.6,0.0,0,0.145,0.225,0.257,0.296,0.039,0.413,0.249,0.242
2024-05-08,0.48,0.002,holiday,1.0,4.5,3.5,3.1,1.6,0,0.408,0.548,0.448,0.284,0.125,0.524,0.362,0.341
2024-05-09,0.452,0.023,holiday,0.0,4.7,5.1,3.9,0.9,0,0.162,0.297,0.194,0.296,0.037,0.548,,0.277
2024-05-10,0.491,0.124,holiday,0.0,7.4,4.5,5.0,4.0,0,0.246,0.302,0.251,0.316,0.0,0.497,0.408,0.311
2024-05-11,0.767,0.119,holiday,1.0,0.4,3.4,3.4,0.0,0,0.413,,0.713,0.415,0.227,0.512,0.531,0.466
2024-05-12,0.726,0.184,holiday,0.0,2.1,4.2,5.2,0.0,0,0.32,0.647,0.46,0.523,0.094,,0.482,0.426
2024-05-13,,0.089,holiday,0.0,6.9,5.5,5.3,2.6,0,0.193,0.236,0.254,0.242,0.0,0.515,0.438,0.31
2024-05-14,0.414,0.095,holiday,0.0,1.9,4.2,4.7,2.3,0,0.229,0.351,0.243,0.2,0.0,0.512,0.362,0.274
2024-05-15,0.476,0.041,holiday,0.0,5.8,5.3,5.0,0.0,0,0.243,0.331,0.288,0.252,0.0,0.512,0.371,0.253
2024-05-16,0.451,0.034,holiday,1.0,5.6,6.0,5.7,0.0,0,0.409,0.554,,0.287,0.0,,0.265,0.294
2024-05-17,0.552,0.058,holiday,0.0,1.1,4.7,5.6,0.0,0,0.289,0.355,0.217,0.279,0.094,0.534,0.345,0.281
2024-05-18,0.671,0.019,holiday,0.0,6.3,6.9,5.3,1.4,0,0.37,,0.494,0.485,0.12,0.481,0.433,0.373
2024-05-19,0.67,0.007,holiday,0.0,3.6,3.9,3.4,0.0,0,0.386,0.535,0.515,0.473,0.213,0.534,0.551,0.319
2024-05-20,0.545,0.019,,0.0,2.4,4.9,4.2,1.0,0,0.25,0.324,0.19,0.224,0.0,0.516,0.388,0.309
2024-05-21,0.651,0.065,holiday,0.0,1.7,4.5,3.9,0.0,0,0.191,0.357,0.327,0.312,0.037,0.436,0.303,0.311
2024-05-22,0.598,0.12,holiday,0.0,3.4,4.6,3.2,1.9,0,0.189,0.22,0.289,0.394,0.009,0.516,0.419,0.308
2024-05-23,0.618,0.116,holiday,0.0,,5.9,3.5,0.0,0,0.072,0.273,0.299,0.252,0.107,0.467,0.356,0.376
2024-05-24,,0.026,holiday,0.0,,6.6,2.9,2.8,0,0.213,0.306,0.318,0.282,0.082,0.554,0.423,0.336
2024-05-25,0.646,0.032,holiday,0.0,5.8,4.9,3.9,0.0,0,0.358,0.509,0.409,0.464,0.122,0.47,0.402,0.326
2024-05-26,0.623,0.076,holiday,0.0,4.6,4.5,4.3,0.7,0,0.422,0.622,0.556,0.52,0.115,0.506,0.524,0.301
2024-05-27,0.541,0.156,holiday,0.0,4.6,5.3,2.9,0.0,0,0.295,0.308,0.297,0.311,0.0,0.585,0.356,0.359
2024-05-28,0.528,0.016,holiday,0.0,1.0,6.1,4.6,0.6,0,0.141,0.293,0.218,0.351,0.024,0.481,0.267,0.302
2024-05-29,0.666,0.105,holiday,0.0,2.0,5.7,2.4,0.0,0,0.184,0.178,0.311,0.387,0.121,0.498,0.416,0.36
2024-05-30,0.602,0.083,holiday,0.0,8.0,5.0,3.2,0.0,0,0.152,0.303,0.266,0.344,0.0,0.58,0.374,0.399
2024-05-31,0.562,0.118,holiday,0.0,3.3,5.3,6.0,1.2,0,0.165,0.303,0.21,0.215,0.01,0.485,0.393,0.312
2024-06-01,0.663,0.125,holiday,0.0,4.7,7.2,5.3,0.0,0,0.239,0.495,,0.4,0.014,0.488,0.544,0.318
2024-06-02,0.682,0.107,holiday,1.0,11.9,4.6,3.8,0.6,0,0.5,0.834,0.678,0.474,0.198,0.475,0.489,0.411
2024-06-03,0.543,0.75,weekday,0.0,2.2,5.9,4.4,1.4,0,0.04,0.091,0.0,0.112,0.0,0.488,0.281,0.426
2024-06-04,0.443,0.589,weekday,0.0,0.8,5.8,5.6,0.1,0,0.0,0.041,0.025,0.095,0.0,0.478,0.273,0.391
2024-06-05,0.379,,weekday,0.0,6.4,6.4,5.7,0.0,0,0.0,0.068,0.075,0.126,0.0,0.433,0.225,0.422
2024-06-06,0.512,0.584,weekday,0.0,7.1,7.3,3.0,0.5,0,0.0,0.0,0.034,0.085,0.0,0.44,0.176,0.371
2024-06-07,0.402,0.65,weekday,1.0,2.9,6.7,4.1,0.0,0,0.128,0.257,0.246,0.088,0.0,0.425,0.219,0.421
2024-06-08,0.506,0.069,holiday,0.0,,6.4,5.3,0.0,0,0.326,0.583,,,0.0,0.383,0.349,0.268
2024-06-09,0.73,0.0,holiday,0.0,26.6,5.7,6.6,0.0,0,0.251,0.568,0.468,0.436,0.013,0.527,0.378,0.198
2024-06-10,0.52,0.674,weekday,0.0,20.0,7.6,2.8,1.8,0,0.0,0.0,0.005,0.155,0.0,0.427,0.184,0.426
2024-06-11,0.515,0.689,weekday,0.0,18.6,9.1,5.7,0.0,0,0.0,0.0,0.065,0.107,0.0,0.372,0.206,0.427
2024-06-12,0.576,0.665,weekday,0.0,19.6,6.3,6.6,1.7,0,0.0,0.0,0.025,0.207,,,,0.407
2024-06-13,0.462,0.645,weekday,0.0,19.8,7.7,1.8,0.4,0,0.0,0.047,0.004,0.052,,0.412,0.205,0.399
2024-06-14,0.597,0.671,weekday,0.0,22.2,6.3,2.1,0.0,0,0.0,0.05,0.025,0.038,0.0,0.445,0.182,0.367
2024-06-15,0.611,,holiday,0.0,,7.4,3.1,1.5,0,0.187,0.46,0.499,0.365,0.042,,0.337,0.245
2024-06-16,0.714,0.089,holiday,0.0,23.8,6.5,3.2,0.0,0,0.245,0.576,0.48,0.489,0.048,0.439,0.475,0.33
2024-06-17,0.547,0.683,weekday,0.0,,8.2,2.5,0.0,0,0.0,0.006,0.04,0.081,0.0,0.397,0.141,0.348
2024-06-18,0.449,0.687,weekday,0.0,20.3,6.4,3.8,0.0,0,,0.091,0.097,0.023,0.0,0.406,0.223,0.381
2024-06-19,0.532,0.573,weekday,0.0,21.9,7.0,3.5,3.7,0,0.0,0.042,0.078,0.09,0.0,0.449,0.247,0.337
2024-06-20,0.467,0.703,weekday,0.0,21.2,8.7,3.2,0.3,0,0.0,0.021,0.019,0.086,0.0,0.357,0.152,0.383
2024-06-21,0.446,0.625,weekday,0.0,20.9,7.7,4.1,2.8,0,0.053,0.0,0.073,0.099,0.0,,0.226,0.311
2024-06-22,0.785,0.071,holiday,0.0,18.3,6.5,3.4,0.0,0,,0.528,0.541,0.451,,0.393,0.444,0.333
2024-06-23,0.641,0.022,holiday,0.0,22.0,8.2,5.3,0.2,0,0.279,0.56,0.52,0.454,0.14,0.428,0.362,0.245
2024-06-24,0.573,0.704,weekday,0.0,20.5,7.9,4.9,1.6,0,0.0,0.0,0.093,0.195,0.0,0.502,0.25,0.391
2024-06-25,0.432,0.631,weekday,,18.8,7.1,3.6,0.0,0,0.003,,0.019,0.103,0.0,0.414,0.261,0.28
2024-06-26,0.509,0.697,weekday,0.0,22.1,9.5,2.5,0.1,0,0.0,0.0,0.007,0.137,0.0,0.402,0.129,0.399
2024-06-27,0.463,0.645,weekday,0.0,18.4,8.9,4.0,1.1,0,0.0,0.039,,0.085,0.0,0.324,0.097,0.366
2024-06-28,0.443,0.635,weekday,0.0,24.1,9.2,5.4,0.0,0,0.0,0.021,0.074,0.132,0.0,0.46,0.272,0.348
2024-06-29,0.614,0.041,holiday,0.0,19.0,8.5,5.5,0.0,0,0.429,0.614,0.558,0.463,0.047,0.401,,0.235
2024-06-30,0.743,0.063,holiday,0.0,20.6,9.6,4.3,1.0,0,0.403,0.54,0.477,0.358,0.085,0.351,0.338,0.327
2024-07-01,0.562,0.639,weekday,0.0,20.7,10.5,2.9,2.5,0,0.015,0.022,,0.043,0.0,0.411,0.139,0.427
2024-07-02,0.366,0.56,weekday,0.0,19.3,10.8,3.8,0.3,0,0.0,0.0,0.001,0.057,0.0,0.318,0.164,0.324
2024-07-03,0.484,0.639,weekday,0.0,21.1,10.2,4.5,1.7,0,0.0,0.006,0.077,0.045,,0.37,0.14,0.333
2024-07-04,0.429,,weekday,0.0,20.2,9.1,4.7,0.0,0,0.0,0.071,0.0,0.086,0.0,0.339,0.101,0.42
2024-07-05,0.464,0.606,weekday,1.0,20.9,10.1,4.5,1.9,0,0.142,0.313,0.244,0.02,0.0,0.327,0.105,0.377
2024-07-06,0.57,0.06,holiday,0.0,19.7,10.2,3.6,0.0,0,0.292,0.521,0.653,0.359,0.062,0.424,0.4,0.34
2024-07-07,0.71,0.054,holiday,0.0,25.3,11.3,6.1,0.0,0,0.279,0.565,0.509,0.426,0.007,0.262,0.33,0.302
2024-07-08,0.486,0.646,weekday,0.0,21.0,10.7,4.1,0.1,0,,0.0,0.063,0.002,0.0,0.331,0.173,0.358
2024-07-09,0.528,0.54,weekday,0.0,21.3,11.1,4.5,0.0,0,0.0,0.048,0.0,0.097,0.0,0.238,,0.314
2024-07-10,0.408,0.717,weekday,0.0,18.1,12.0,5.3,1.1,0,0.031,0.0,0.107,0.096,0.0,0.319,0.098,0.346
2024-07-11,0.412,0.634,weekday,0.0,19.3,10.5,5.5,0.1,0,0.013,0.0,0.088,0.031,0.0,0.284,0.09,0.303
2024-07-12,0.325,0.666,weekday,0.0,25.0,11.1,1.8,0.4,0,0.104,0.099,0.068,0.105,0.0,0.289,0.167,0.325
2024-07-13,0.606,0.091,holiday,0.0,23.7,11.8,4.5,0.0,0,,0.466,0.541,,0.078,0.294,0.305,0.302
2024-07-14,0.594,0.071,holiday,1.0,19.3,12.3,4.5,0.0,0,0.5,0.841,0.752,0.337,0.17,0.222,,0.378
2024-07-15,0.409,0.635,weekday,0.0,18.7,12.4,0.9,2.1,0,0.047,0.0,0.0,0.068,0.0,0.371,0.166,0.37
2024-07-16,0.413,0.61,weekday,0.0,26.9,13.0,3.1,0.0,0,0.0,0.027,0.044,0.041,0.0,0.208,0.021,0.326
2024-07-17,0.419,0.537,weekday,1.0,18.7,12.5,0.1,0.7,0,0.091,0.191,0.148,0.213,0.0,0.2,0.117,0.386
2024-07-18,0.446,0.522,weekday,1.0,19.9,12.0,3.6,1.2,0,0.003,0.237,0.243,0.007,0.0,0.365,0.197,0.333
2024-07-19,0.353,0.604,weekday,0.0,21.2,12.5,4.9,0.0,0,0.0,0.0,0.071,0.063,0.0,0.236,0.16,0.283
2024-07-20,0.701,0.049,holiday,0.0,21.2,12.5,4.1,0.0,0,0.379,,0.539,0.442,0.065,0.324,0.347,0.28
2024-07-21,0.726,0.089,holiday,1.0,5.8,12.6,2.4,1.0,0,0.518,0.7,0.782,0.433,0.112,0.316,0.356,0.381
2024-07-22,0.333,0.597,weekday,0.0,0.5,13.9,3.9,0.0,0,0.034,0.0,0.024,0.067,0.0,0.267,0.176,0.335
2024-07-23,0.473,0.637,weekday,0.0,3.8,14.8,3.7,0.0,0,0.0,0.032,0.008,0.027,0.007,0.294,0.139,0.401
2024-07-24,0.223,0.649,weekday,0.0,5.1,13.8,3.5,2.1,0,0.199,0.0,0.017,0.0,0.0,0.295,0.088,0.328
2024-07-25,0.386,,weekday,0.0,7.3,13.3,4.2,0.0,0,0.0,0.001,0.135,0.0,0.0,0.234,0.099,0.372
2024-07-26,0.497,0.65,weekday,0.0,1.6,14.5,6.4,3.1,0,0.068,0.0,0.033,0.076,0.0,0.305,0.22,0.384
2024-07-27,0.67,0.007,holiday,0.0,5.5,13.6,5.6,0.2,0,0.439,0.539,0.557,0.506,0.009,0.347,0.44,0.306
2024-07-28,0.59,0.01,holiday,0.0,2.9,14.7,4.1,0.0,0,0.324,0.503,0.539,0.449,0.124,0.228,0.295,0.299
2024-07-29,0.432,0.575,weekday,,,14.2,4.9,0.0,0,0.0,0.0,0.079,0.069,0.0,0.22,0.069,0.326
2024-07-30,0.415,0.736,weekday,0.0,3.5,15.8,3.7,0.0,0,0.044,0.0,0.107,0.152,0.0,0.239,0.197,0.391
2024-07-31,0.439,0.719,weekday,0.0,4.0,15.8,4.9,0.0,0,0.062,0.013,0.045,0.046,0.0,,0.214,0.441
2024-08-01,0.504,0.0,holiday,0.0,22.2,15.5,7.4,0.8,0,0.147,0.278,0.263,0.131,0.0,0.167,0.112,0.231
2024-08-02,0.49,0.099,holiday,0.0,13.9,16.9,6.9,0.0,0,0.232,0.309,0.276,0.309,0.049,0.176,0.23,0.28
2024-08-03,0.535,0.073,holiday,0.0,13.8,15.0,7.2,2.6,0,0.458,0.568,0.494,0.408,0.066,0.325,0.321,0.33
2024-08-04,0.634,0.079,holiday,0.0,12.8,15.6,7.3,0.0,0,0.43,0.499,0.567,0.364,0.0,0.202,0.328,0.279
2024-08-05,0.512,0.057,holiday,0.0,14.7,15.1,6.2,2.6,0,0.202,0.276,0.277,0.197,0.0,0.275,0.197,0.316
2024-08-06,0.484,0.025,holiday,0.0,12.2,16.4,7.9,0.4,0,0.259,0.318,0.31,0.186,0.0,0.137,0.018,0.235
2024-08-07,0.492,0.095,holiday,1.0,12.8,17.3,7.8,0.0,0,0.508,,0.517,0.124,0.035,,0.101,0.348
2024-08-08,0.487,0.0,holiday,0.0,14.6,15.4,8.9,0.0,1,0.176,0.342,0.273,0.187,0.0,0.2,0.109,0.281
2024-08-09,0.541,0.086,holiday,0.0,11.7,17.7,10.7,0.4,0,0.132,0.273,0.325,0.26,0.0,,0.17,0.285
2024-08-10,0.615,0.008,holiday,0.0,,17.4,9.1,0.0,0,,0.62,,0.399,0.0,0.155,0.279,0.334
2024-08-11,0.721,0.077,holiday,0.0,16.4,17.9,9.3,0.0,0,0.435,0.639,0.564,0.362,0.0,0.156,0.276,0.352
2024-08-12,0.632,0.0,holiday,0.0,13.4,17.1,7.9,0.0,0,0.254,0.261,0.315,0.2,0.0,0.174,0.185,0.279
2024-08-13,0.384,0.0,holiday,0.0,12.1,18.7,6.2,0.3,0,0.261,0.283,0.382,0.25,0.042,0.138,0.116,0.181
2024-08-14,0.66,0.109,holiday,0.0,14.0,18.3,6.3,0.0,0,0.164,0.302,0.412,0.262,0.032,0.125,0.143,0.316
2024-08-15,0.526,0.037,holiday,0.0,11.9,18.7,8.8,0.0,0,0.136,0.219,0.344,0.065,0.103,0.105,0.045,0.335
2024-08-16,0.564,0.125,holiday,0.0,16.3,18.0,9.7,0.0,0,0.148,0.251,0.394,0.187,0.0,0.115,0.15,0.313
2024-08-17,0.783,0.15,holiday,0.0,13.7,17.6,7.4,0.0,0,0.403,0.645,0.517,0.341,0.063,0.189,0.29,0.401
2024-08-18,0.788,,holiday,0.0,13.8,18.5,7.4,0.0,0,0.532,0.608,0.593,,0.017,0.109,0.222,0.305
2024-08-19,0.674,0.044,holiday,0.0,14.8,19.3,7.2,1.6,0,0.216,,0.237,0.101,,0.124,0.118,0.375
2024-08-20,0.621,0.168,holiday,0.0,11.8,20.2,8.3,0.0,0,0.192,0.355,0.288,0.161,0.0,0.087,0.121,0.377
2024-08-21,0.588,0.023,holiday,0.0,13.2,20.8,6.5,0.0,0,0.233,0.314,0.307,0.192,0.0,0.1,0.133,0.263
2024-08-22,0.584,0.022,holiday,0.0,13.8,20.6,8.9,0.0,0,0.311,0.289,,0.1,0.121,0.065,0.133,0.296
2024-08-23,0.629,0.079,holiday,0.0,14.1,21.0,8.6,0.2,0,0.285,0.286,0.378,0.184,0.0,0.026,0.024,0.333
2024-08-24,0.616,0.136,holiday,0.0,,20.1,5.9,0.0,0,0.4,0.565,0.66,0.416,0.181,0.238,0.283,0.317
2024-08-25,0.66,0.077,holiday,1.0,12.9,20.9,8.1,0.0,0,0.639,0.866,0.822,0.359,0.36,0.125,0.274,0.352
2024-08-26,0.45,0.039,holiday,0.0,11.9,21.4,7.0,0.0,1,0.209,0.224,0.383,0.251,,0.113,,0.281
2024-08-27,0.538,0.0,holiday,0.0,14.2,21.3,8.1,3.6,0,0.161,0.274,0.24,0.196,0.027,0.089,0.05,0.261
2024-08-28,0.551,0.034,holiday,0.0,16.9,21.5,7.8,0.8,0,0.328,0.394,0.274,0.173,0.096,0.0,0.071,0.291
2024-08-29,0.573,0.13,holiday,0.0,12.3,22.8,10.4,0.0,0,0.369,0.337,0.298,0.074,0.184,0.0,0.0,0.355
2024-08-30,0.479,0.0,holiday,0.0,19.6,22.8,6.4,0.8,0,0.158,0.22,0.323,0.125,0.147,0.035,0.058,0.189
2024-08-31,0.681,0.026,holiday,0.0,15.4,21.5,9.3,1.5,0,0.332,0.566,0.55,0.299,0.258,0.019,,0.295
2024-09-01,0.615,0.003,holiday,0.0,21.9,21.3,6.7,0.1,0,0.384,0.553,,0.295,0.071,,0.1,0.239
2024-09-02,0.22,0.619,weekday,0.0,11.9,21.7,10.3,0.0,0,0.151,0.012,0.163,,0.108,0.0,0.034,0.282
2024-09-03,0.391,0.541,weekday,1.0,16.8,22.6,7.5,0.3,0,0.386,0.235,0.299,0.052,0.101,0.043,0.079,0.335
2024-09-04,0.506,0.575,weekday,0.0,12.0,22.2,8.8,0.0,0,0.069,0.074,0.102,0.001,0.079,0.0,0.019,0.406
2024-09-05,0.51,0.679,weekday,0.0,14.6,23.6,9.0,0.0,0,0.0,0.0,0.0,0.045,0.137,0.033,0.0,0.414
2024-09-06,0.371,0.681,weekday,0.0,14.1,22.5,8.4,0.0,0,0.005,0.0,0.085,0.016,0.05,0.039,0.0,0.375
2024-09-07,0.719,0.053,holiday,0.0,14.6,23.0,8.1,0.0,0,0.547,0.62,0.463,0.307,0.277,0.0,0.123,0.321
2024-09-08,0.693,0.033,holiday,0.0,18.5,24.1,8.1,0.0,0,0.423,0.54,0.556,0.235,0.169,,0.176,0.326
2024-09-09,0.431,0.549,weekday,0.0,12.8,23.5,6.5,2.3,0,0.0,0.0,0.054,0.007,0.105,0.068,0.07,0.312
2024-09-10,0.388,0.568,weekday,1.0,14.1,23.1,8.8,0.1,0,0.268,,0.225,0.061,0.032,0.061,0.0,0.449
2024-09-11,0.455,0.62,weekday,0.0,13.8,23.7,7.3,1.3,0,0.0,0.056,0.211,0.0,0.094,0.074,0.024,0.322
2024-09-12,0.457,0.584,weekday,0.0,15.3,23.1,7.8,0.4,0,0.097,0.0,0.017,0.0,0.0,0.016,0.0,0.356
2024-09-13,0.468,0.698,weekday,0.0,13.7,24.2,6.4,1.3,0,0.0,0.017,0.12,0.041,0.116,0.0,0.0,0.382
2024-09-14,0.721,0.052,holiday,0.0,12.1,23.8,8.3,2.6,0,0.427,0.539,0.522,0.322,0.24,0.12,0.215,0.337
2024-09-15,0.768,0.059,holiday,0.0,16.9,23.1,9.5,2.1,0,0.327,0.501,0.545,0.357,0.216,0.0,0.182,0.288
2024-09-16,0.401,0.657,weekday,0.0,16.5,25.1,8.3,0.7,0,0.0,0.0,0.027,0.0,0.009,0.051,0.03,0.401
2024-09-17,0.35,0.655,weekday,0.0,16.8,24.9,7.2,0.0,0,0.0,0.0,0.071,0.0,0.101,0.0,0.0,0.369
2024-09-18,0.45,0.687,weekday,0.0,15.5,24.4,9.0,0.0,0,0.0,0.0,0.183,0.092,0.079,0.017,0.0,0.439
2024-09-19,0.385,0.639,weekday,0.0,,24.0,6.3,0.0,0,0.0,0.0,0.221,0.0,0.1,0.103,0.065,0.404
2024-09-20,0.358,0.633,weekday,0.0,13.8,25.5,7.6,0.0,0,0.0,0.091,0.147,0.0,0.083,0.0,0.003,0.357
2024-09-21,0.631,0.128,holiday,0.0,13.2,24.4,7.8,1.2,0,0.42,0.592,,0.343,0.278,0.044,0.211,0.338
2024-09-22,0.593,0.037,holiday,,13.1,25.6,7.4,0.0,0,0.513,0.572,0.496,0.249,0.391,0.021,0.167,0.359
2024-09-23,0.47,0.615,weekday,0.0,11.9,24.2,5.5,0.0,0,0.11,0.126,0.106,0.0,,0.0,0.038,0.405
2024-09-24,0.333,0.657,weekday,0.0,11.9,24.9,7.1,2.8,0,0.089,0.0,0.105,0.0,0.133,0.0,0.038,0.384
2024-09-25,0.403,0.654,weekday,0.0,14.8,25.6,8.1,0.0,0,0.145,,0.105,0.0,0.143,0.0,0.0,0.34
2024-09-26,0.486,0.726,weekday,0.0,12.3,24.6,7.4,0.4,1,0.0,0.0,0.06,0.0,0.134,0.027,0.0,0.415
2024-09-27,0.411,0.577,weekday,0.0,17.7,26.2,7.3,0.0,0,0.0,0.072,0.0,0.0,0.144,0.0,0.0,0.311
2024-09-28,0.676,0.063,holiday,0.0,13.2,24.8,4.9,1.2,0,0.421,0.644,0.567,0.345,0.31,0.064,0.199,0.302
2024-09-29,0.625,0.193,holiday,,12.0,26.1,8.5,0.0,0,0.457,0.452,0.671,0.371,0.27,0.04,0.175,0.356
2024-09-30,0.549,0.689,weekday,0.0,17.4,26.5,12.2,2.7,0,0.023,0.0,0.059,0.081,0.054,0.034,0.029,0.436
2024-10-01,0.463,0.669,weekday,0.0,3.2,23.5,4.3,0.0,0,0.019,0.024,0.058,0.0,0.202,0.102,0.046,0.427
2024-10-02,0.369,0.643,weekday,0.0,3.7,26.8,3.4,0.0,0,0.194,,0.164,0.0,0.253,0.0,0.0,0.378
2024-10-03,0.409,0.572,weekday,0.0,2.0,26.7,2.7,1.2,0,0.059,0.0,0.147,0.0,0.285,0.098,0.01,0.379
2024-10-04,0.455,0.724,weekday,0.0,2.8,26.3,2.2,0.0,0,0.113,0.0,0.044,0.094,0.381,0.0,0.0,0.453
2024-10-05,0.649,0.04,holiday,0.0,1.3,26.2,4.4,0.0,0,0.439,0.633,0.612,0.373,0.494,0.0,0.216,0.373
2024-10-06,0.684,0.007,holiday,0.0,7.0,26.5,4.8,1.5,0,0.487,0.544,0.622,0.325,0.405,0.063,0.162,0.327
2024-10-07,0.4,0.665,weekday,0.0,3.6,26.3,4.1,0.0,0,0.035,0.0,0.135,0.031,0.183,0.0,0.031,0.395
2024-10-08,0.366,0.713,weekday,0.0,0.8,26.5,3.0,0.0,0,0.255,0.087,0.134,0.052,0.205,0.0,0.0,0.45
2024-10-09,0.401,0.597,weekday,0.0,4.9,26.7,2.9,1.3,0,0.185,0.106,0.117,0.0,0.244,0.0,,0.335
2024-10-10,0.348,0.696,weekday,1.0,1.5,26.9,2.9,0.0,0,0.455,0.239,0.291,0.0,0.336,0.053,,0.455
2024-10-11,0.407,0.573,weekday,0.0,7.6,27.8,5.0,0.0,0,0.179,0.124,0.162,0.137,0.338,0.022,0.0,0.285
2024-10-12,0.671,0.234,holiday,0.0,3.3,26.8,2.7,0.8,0,0.721,0.691,0.629,0.319,0.732,0.0,0.174,0.395
2024-10-13,0.647,0.108,holiday,0.0,0.1,27.4,5.3,1.6,0,0.567,0.574,0.545,0.287,0.526,0.011,0.29,0.344
2024-10-14,0.384,0.526,weekday,0.0,8.4,27.3,3.8,0.0,0,0.194,0.047,0.055,0.0,0.218,0.0,0.0,0.326
2024-10-15,0.334,0.72,weekday,0.0,5.3,27.4,6.8,1.9,0,0.051,0.0,0.2,0.027,0.092,0.027,0.125,0.397
2024-10-16,0.47,0.67,weekday,0.0,3.5,28.7,5.1,1.7,0,0.106,0.004,0.104,0.003,0.338,0.045,0.0,0.429
2024-10-17,0.396,0.613,weekday,0.0,7.7,26.8,5.3,0.5,0,0.12,0.0,0.083,0.05,0.218,0.0,0.06,0.355
2024-10-18,0.354,0.655,weekday,0.0,6.4,27.9,5.6,0.0,0,0.161,0.0,0.115,0.005,0.375,0.0,0.0,0.363
2024-10-19,0.711,0.043,holiday,0.0,5.0,27.5,3.2,0.2,0,0.55,0.687,0.608,0.336,0.635,0.004,0.232,0.34
2024-10-20,0.682,0.183,holiday,1.0,1.7,28.3,3.8,0.0,0,0.681,0.902,0.775,0.321,0.519,0.0,0.199,0.397
2024-10-21,0.407,0.561,weekday,0.0,1.2,27.7,6.0,0.3,0,,0.0,0.09,0.01,0.236,0.0,0.016,0.356
2024-10-22,0.445,0.583,weekday,0.0,1.3,27.0,3.1,1.5,0,0.169,0.035,0.166,0.0,0.307,0.0,0.019,0.4
2024-10-23,0.471,0.657,weekday,1.0,2.0,28.2,3.2,1.2,0,0.396,0.256,0.259,0.01,0.257,0.0,0.036,0.457
2024-10-24,0.485,0.694,weekday,0.0,2.4,29.3,4.1,1.4,0,0.093,0.044,0.143,0.0,0.329,0.0,0.0,0.459
2024-10-25,,0.66,weekday,0.0,1.9,27.4,4.7,0.0,0,0.093,0.0,0.172,0.002,0.323,,0.015,0.364
2024-10-26,0.839,0.066,holiday,0.0,4.9,28.0,2.3,0.0,0,0.377,0.553,0.606,0.323,0.538,0.0,0.192,0.337
2024-10-27,0.699,0.161,holiday,0.0,8.3,27.5,5.8,1.8,0,0.53,0.572,0.611,0.372,0.538,0.083,0.231,0.422
2024-10-28,0.491,0.693,weekday,0.0,5.3,28.8,3.4,0.3,0,0.197,0.044,0.098,0.073,,0.0,0.0,0.403
2024-10-29,0.429,0.666,weekday,0.0,8.6,28.0,4.0,0.0,0,0.205,,0.068,0.0,0.318,0.0,0.024,0.388
2024-10-30,0.4,,weekday,0.0,7.4,29.0,2.8,0.0,0,0.118,0.049,0.054,0.058,0.315,0.0,0.0,0.377
2024-10-31,0.444,0.656,weekday,0.0,,28.7,3.7,3.4,0,0.118,0.0,0.052,0.028,0.404,0.062,0.0,0.347
2024-11-01,0.424,0.552,weekday,0.0,1.4,28.7,5.0,0.0,0,,0.058,0.123,0.006,0.26,0.0,0.0,0.359
2024-11-02,,0.142,holiday,0.0,1.8,29.8,4.5,0.0,0,0.632,0.574,0.678,,0.662,0.0,0.183,0.381
2024-11-03,0.688,0.123,holiday,1.0,7.5,29.4,2.6,0.6,0,0.734,0.797,0.789,0.332,0.515,0.0,0.146,0.428
2024-11-04,0.512,0.625,weekday,0.0,3.1,28.5,2.8,0.0,0,0.125,0.0,0.07,0.102,0.427,0.0,0.0,0.391
2024-11-05,0.428,0.648,weekday,0.0,3.9,28.2,3.0,0.0,0,0.082,0.046,0.043,0.044,0.314,0.0,0.0,0.409
2024-11-06,0.421,0.66,weekday,0.0,4.8,28.2,5.3,5.2,0,0.275,0.01,0.185,0.0,0.26,0.0,0.0,0.368
2024-11-07,0.382,0.545,weekday,1.0,0.8,29.2,6.4,0.0,0,0.31,0.312,0.226,0.0,0.45,0.051,0.0,0.38
2024-11-08,0.456,0.681,weekday,1.0,6.9,29.4,5.7,2.8,0,0.256,0.229,0.31,0.031,0.357,0.0,0.0,0.512
2024-11-09,0.628,0.046,holiday,0.0,4.7,28.8,3.3,0.0,0,0.546,0.657,0.612,0.331,0.467,0.0,0.17,0.318
2024-11-10,0.646,0.036,holiday,0.0,1.7,28.5,5.0,1.6,0,0.514,0.586,0.632,0.304,0.61,0.053,0.241,0.312
2024-11-11,0.349,0.721,weekday,0.0,0.2,29.7,2.4,0.0,0,0.237,0.099,0.188,0.0,,0.0,0.0,0.362
2024-11-12,0.491,0.674,weekday,0.0,1.7,29.0,5.9,1.4,0,,0.0,0.05,0.068,0.427,0.005,0.0,0.358
2024-11-13,,0.647,weekday,0.0,1.7,27.9,3.3,1.4,0,0.264,0.049,0.083,0.02,0.238,0.104,0.032,0.39
2024-11-14,0.402,0.638,weekday,0.0,5.8,28.6,2.4,3.6,0,0.107,0.0,0.074,0.112,0.303,0.0,0.0,0.401
2024-11-15,,0.665,weekday,1.0,4.6,27.1,4.0,0.0,0,0.45,0.241,0.356,0.065,,0.0,0.018,0.437
2024-11-16,0.803,0.047,holiday,0.0,7.8,27.5,4.1,2.3,0,0.489,0.535,0.512,0.322,0.458,0.038,0.197,0.397
2024-11-17,0.588,0.132,holiday,0.0,3.1,27.3,4.3,0.0,0,0.554,0.565,0.64,0.368,0.457,0.0,0.212,0.293
2024-11-18,0.318,0.542,weekday,1.0,2.8,28.5,3.4,0.0,0,0.466,0.279,0.277,0.0,0.335,,0.021,0.384
2024-11-19,0.401,0.603,weekday,0.0,4.5,27.5,2.1,0.0,0,0.166,0.052,0.086,0.0,0.379,0.02,0.046,0.345
2024-11-20,0.368,0.685,weekday,0.0,3.0,29.0,3.1,0.0,0,0.125,0.0,0.101,0.054,0.354,0.007,0.0,0.422
2024-11-21,0.423,0.633,weekday,0.0,7.7,28.3,5.8,1.8,0,0.049,,0.077,0.003,0.311,,0.0,0.354
2024-11-22,0.418,0.71,weekday,0.0,4.4,28.6,4.2,0.0,0,0.163,0.028,0.18,0.0,0.179,0.073,0.124,0.439
2024-11-23,0.725,0.145,holiday,0.0,0.4,27.8,5.3,0.0,0,0.651,0.619,0.68,0.363,0.458,0.029,0.233,0.422
2024-11-24,0.566,0.098,holiday,0.0,2.5,28.5,3.5,0.0,1,0.555,0.586,0.599,0.302,0.512,0.014,0.173,0.351
2024-11-25,0.354,0.668,weekday,0.0,6.8,27.4,0.5,0.0,0,0.113,,0.13,0.013,0.173,0.0,0.0,0.424
2024-11-26,0.539,0.678,weekday,0.0,2.3,28.6,3.2,0.0,0,0.101,0.0,0.019,,0.398,0.03,0.03,0.433
2024-11-27,0.506,0.738,weekday,0.0,5.9,28.4,2.4,0.0,0,0.149,0.038,0.085,0.018,0.425,0.006,0.0,0.439
2024-11-28,0.452,0.607,weekday,0.0,0.8,28.6,5.3,0.0,0,0.136,0.0,0.0,0.0,0.301,0.08,0.0,0.395
2024-11-29,0.407,0.578,weekday,0.0,0.8,27.6,3.4,1.3,0,0.144,0.048,0.018,0.052,0.131,0.0,0.009,0.329
2024-11-30,0.704,0.0,holiday,0.0,1.9,28.1,4.9,0.0,0,,0.662,0.555,0.376,0.574,0.088,0.197,0.309
2024-12-01,0.585,0.066,holiday,0.0,0.8,27.7,6.4,0.6,0,0.503,0.681,0.621,0.235,0.581,,0.21,0.312
2024-12-02,0.615,0.091,holiday,0.0,1.3,27.5,0.8,1.2,0,0.323,0.306,0.417,0.151,0.507,0.058,,0.391
2024-12-03,0.571,0.055,holiday,0.0,2.8,26.9,5.3,1.2,0,0.284,0.345,0.348,0.213,0.378,0.078,0.17,0.287
2024-12-04,0.496,0.055,holiday,0.0,6.2,26.5,4.7,0.7,0,0.092,0.255,0.334,0.188,0.317,0.0,0.164,0.278
2024-12-05,0.654,0.155,holiday,0.0,2.5,27.3,3.2,0.2,0,0.416,0.356,0.311,0.223,0.479,0.044,0.111,0.422
2024-12-06,0.538,0.09,holiday,1.0,3.6,26.5,1.4,2.2,0,0.657,0.503,0.564,0.179,0.469,0.059,0.144,0.304
2024-12-07,0.676,0.064,holiday,0.0,1.9,26.8,4.7,4.3,0,0.528,0.639,0.573,0.361,0.431,0.048,0.156,0.36
2024-12-08,0.875,0.071,holiday,1.0,1.0,27.8,4.1,0.3,0,0.867,0.879,0.849,0.392,0.536,0.0,0.208,0.413
2024-12-09,0.492,0.093,holiday,0.0,3.1,25.6,3.8,2.5,0,0.385,0.316,0.264,0.184,0.353,0.006,0.097,0.321
2024-12-10,0.628,0.031,holiday,0.0,6.2,26.3,2.0,3.4,0,0.279,0.322,0.242,0.16,0.411,0.043,0.044,0.32
2024-12-11,0.58,0.0,holiday,0.0,2.1,26.1,4.8,0.0,0,0.378,0.256,0.392,0.17,0.356,0.0,0.081,0.291
2024-12-12,0.551,0.032,holiday,0.0,6.1,26.3,4.6,2.0,0,0.229,0.326,,0.181,0.311,0.0,0.04,0.268
2024-12-13,0.496,0.098,holiday,0.0,,25.7,5.9,0.0,0,0.123,0.3,0.449,0.199,0.153,0.023,0.103,0.305
2024-12-14,0.827,0.115,holiday,0.0,1.2,26.4,3.7,2.3,0,0.469,0.558,0.729,0.308,0.539,0.0,0.108,0.443
2024-12-15,0.681,0.03,holiday,0.0,4.1,26.4,4.1,3.5,0,0.577,0.585,0.638,0.349,0.386,0.0,0.21,0.311
2024-12-16,0.584,0.0,holiday,0.0,2.8,26.1,6.0,0.0,0,0.278,0.273,,0.238,0.376,0.005,0.024,0.288
2024-12-17,0.652,0.169,holiday,0.0,3.8,24.7,3.8,1.2,0,0.253,0.262,0.363,0.271,0.352,0.0,0.019,0.355
2024-12-18,0.589,0.086,holiday,,3.5,25.2,1.8,0.2,1,0.347,0.324,0.367,0.168,0.327,0.0,0.085,0.315
2024-12-19,0.629,0.004,holiday,0.0,2.9,23.6,4.7,0.0,0,0.154,0.25,0.29,0.103,0.27,0.017,0.053,0.237
2024-12-20,,0.192,holiday,0.0,0.6,25.1,6.1,1.9,0,0.309,0.393,0.293,0.16,0.409,0.0,0.058,0.389
2024-12-21,0.548,0.124,holiday,0.0,4.1,25.7,7.5,3.4,0,0.482,0.535,0.614,0.324,0.379,0.0,0.184,0.293
2024-12-22,0.771,0.083,holiday,0.0,3.7,24.7,4.8,0.4,0,0.484,,0.517,0.448,,0.009,0.232,0.37
2024-12-23,0.537,0.009,holiday,0.0,1.6,26.1,4.2,5.2,0,0.254,0.332,0.306,0.257,0.288,0.074,,0.334
2024-12-24,0.539,0.109,holiday,0.0,3.8,24.2,5.1,4.8,0,0.336,0.269,0.434,0.271,0.25,0.141,0.201,0.321
2024-12-25,0.481,0.098,holiday,0.0,7.1,24.2,2.7,2.2,0,0.237,0.26,0.306,0.178,0.382,0.081,0.17,0.302
2024-12-26,0.463,0.006,holiday,0.0,4.6,24.8,2.1,3.6,0,0.44,0.342,0.346,0.189,0.322,0.036,0.071,0.224
2024-12-27,0.486,0.033,holiday,0.0,3.1,24.5,3.8,3.1,0,0.196,0.39,0.405,0.201,0.377,0.053,0.069,0.2
2024-12-28,0.627,0.038,holiday,0.0,2.5,23.7,4.6,0.0,0,0.466,0.682,,0.376,0.431,0.118,0.312,0.302
2024-12-29,0.65,0.045,holiday,0.0,2.7,23.1,3.5,3.1,0,0.522,0.647,0.642,0.37,0.415,0.069,0.216,0.298
2024-12-30,0.415,0.116,holiday,0.0,3.7,23.9,4.1,0.7,0,0.411,0.353,0.32,0.242,0.395,0.077,0.196,0.294
2024-12-31,0.537,0.058,holiday,0.0,1.5,24.2,3.9,3.4,0,0.374,0.298,0.235,0.125,0.309,0.002,,0.32
2025-01-01,0.501,0.037,holiday,0.0,2.5,23.9,4.3,1.6,0,0.347,0.25,0.305,0.082,0.227,0.06,0.125,0.326
2025-01-02,0.632,0.041,holiday,0.0,3.3,24.1,3.3,5.7,0,0.476,0.336,0.337,0.221,0.459,0.082,0.146,0.329
2025-01-03,0.519,0.11,holiday,1.0,4.3,23.3,3.3,4.4,0,0.533,0.508,0.527,0.127,0.31,0.225,,0.4
2025-01-04,0.57,0.104,holiday,1.0,2.2,23.9,2.9,0.9,0,0.749,0.757,0.829,0.291,0.267,0.063,0.246,0.399
2025-01-05,0.617,0.041,holiday,0.0,3.0,23.1,4.9,1.9,0,,0.508,0.628,0.391,0.414,0.149,0.234,0.331
2025-01-06,0.602,0.073,holiday,0.0,4.7,21.8,4.8,0.8,0,,0.348,0.336,0.121,0.232,0.045,0.06,0.353
2025-01-07,0.494,0.099,holiday,,0.7,23.0,5.2,2.2,0,0.23,0.231,0.297,0.159,0.285,0.025,0.09,0.373
2025-01-08,0.6,0.001,holiday,0.0,1.6,22.4,2.8,3.3,0,0.314,0.287,0.363,0.254,0.239,0.081,0.183,0.316
2025-01-09,0.596,0.097,holiday,0.0,0.8,21.8,1.4,4.1,0,0.327,0.405,0.288,0.205,0.287,0.063,0.136,0.35
2025-01-10,0.559,0.085,holiday,0.0,2.3,21.9,4.2,1.9,0,0.321,0.298,0.37,0.181,0.255,0.11,0.226,0.329
2025-01-11,0.674,0.007,holiday,0.0,3.7,21.5,2.7,2.0,0,0.376,0.585,0.477,0.281,0.298,0.044,0.19,0.246
2025-01-12,0.715,0.141,holiday,0.0,1.0,21.5,3.7,3.9,0,0.507,0.586,0.611,0.377,0.195,0.042,0.232,0.373
2025-01-13,0.597,0.015,holiday,0.0,2.9,22.2,3.5,1.4,0,0.165,0.274,0.268,0.192,0.295,0.055,0.148,0.254
2025-01-14,0.483,0.089,holiday,0.0,3.3,20.4,2.7,3.0,0,0.44,0.423,0.339,0.104,0.159,0.131,0.112,0.363
2025-01-15,0.432,0.136,holiday,0.0,2.9,20.6,1.5,0.0,0,0.268,0.256,0.333,0.2,0.246,0.11,0.218,0.313
2025-01-16,0.639,0.129,holiday,0.0,1.8,20.6,1.3,2.5,0,0.356,0.342,0.263,0.215,,0.105,0.176,0.341
2025-01-17,0.705,0.09,holiday,0.0,2.5,19.5,3.3,2.6,0,0.358,0.347,0.336,0.164,0.228,0.162,0.246,0.304
2025-01-18,0.695,0.086,holiday,0.0,2.6,20.4,6.5,5.6,0,0.504,0.611,0.686,0.438,0.236,0.226,0.357,0.375
2025-01-19,0.579,0.036,holiday,0.0,3.7,20.2,3.9,2.0,0,0.432,0.633,0.571,0.394,0.291,0.088,0.259,0.289
2025-01-20,0.522,0.144,holiday,0.0,5.5,20.1,4.4,1.3,0,0.34,0.219,0.229,0.073,0.05,0.204,0.247,0.296
2025-01-21,0.566,0.097,holiday,1.0,5.9,19.1,2.0,1.5,0,0.54,,0.533,0.173,0.239,,0.153,0.363
2025-01-22,0.567,0.025,holiday,0.0,2.8,19.4,4.3,4.1,0,0.209,0.207,0.298,0.14,0.116,0.086,0.223,0.334
2025-01-23,0.474,,holiday,0.0,4.0,19.4,5.2,2.4,0,0.291,0.194,0.273,0.156,0.086,0.079,0.181,0.296
2025-01-24,0.493,0.015,holiday,0.0,4.3,18.0,2.9,0.9,0,0.0,0.365,0.378,0.236,0.183,0.169,0.203,0.291
2025-01-25,0.594,0.11,holiday,0.0,5.7,18.6,3.0,2.3,0,0.483,0.571,0.522,0.352,0.252,0.222,0.342,0.306
2025-01-26,0.631,0.063,,0.0,4.8,18.3,4.5,0.2,0,0.43,0.659,0.544,0.302,0.074,0.256,0.365,0.344
2025-01-27,0.657,0.191,holiday,0.0,5.6,17.8,4.3,4.4,0,0.189,0.237,,0.152,0.232,0.275,0.234,0.396
2025-01-28,,0.12,holiday,0.0,3.3,19.9,3.5,3.7,0,0.223,0.292,0.363,,0.239,0.169,0.027,0.325
2025-01-29,0.456,0.0,holiday,0.0,7.5,17.9,2.2,4.2,0,0.202,0.281,0.306,0.114,0.052,0.207,0.203,0.268
2025-01-30,0.445,0.025,holiday,0.0,4.9,16.7,4.5,4.8,0,0.188,0.282,0.362,,0.1,0.283,0.269,0.248
2025-01-31,0.567,0.125,holiday,0.0,5.2,17.9,3.4,6.0,0,0.361,0.297,0.365,0.164,0.059,0.215,0.181,0.327
2025-02-01,0.712,0.106,holiday,0.0,4.7,16.6,5.1,3.8,0,0.359,0.618,0.571,0.362,0.102,0.313,0.402,0.379
2025-02-02,0.655,0.048,holiday,0.0,8.4,15.4,3.5,4.0,0,0.491,0.677,0.521,0.345,0.078,0.299,0.37,0.316
2025-02-03,0.297,0.615,weekday,0.0,1.4,16.7,4.0,8.8,0,0.042,0.047,0.043,0.047,0.0,0.334,0.26,0.307
2025-02-04,0.323,0.604,weekday,1.0,7.9,16.7,5.4,3.3,0,0.223,0.243,0.246,0.042,0.0,0.219,0.15,0.398
2025-02-05,0.576,0.719,weekday,0.0,6.0,15.9,1.4,2.4,0,0.051,,0.122,0.0,0.0,0.308,0.163,0.466
2025-02-06,0.261,0.6,weekday,0.0,1.1,16.2,2.3,8.5,0,0.087,0.0,0.161,0.0,0.0,0.357,0.163,0.353
2025-02-07,0.268,0.609,weekday,0.0,6.4,17.0,3.5,4.9,0,0.0,0.082,0.064,0.004,0.0,0.276,0.158,0.321
2025-02-08,0.711,0.177,holiday,0.0,2.2,16.0,5.2,5.3,0,0.494,0.568,0.578,0.426,0.108,0.307,0.367,0.384
2025-02-09,0.754,0.128,holiday,0.0,2.2,15.8,3.6,5.8,0,0.378,0.563,0.563,0.377,0.182,0.335,0.312,0.352
2025-02-10,0.438,0.718,weekday,0.0,5.7,16.6,4.8,8.1,0,0.011,0.024,0.071,0.0,0.0,0.344,0.227,0.379
2025-02-11,0.429,0.741,weekday,0.0,2.5,14.3,2.5,3.9,0,0.026,0.044,0.178,0.069,0.0,0.29,0.13,0.42
2025-02-12,0.631,0.722,weekday,0.0,0.5,15.0,3.8,4.7,0,0.0,0.0,0.17,0.0,0.0,,0.224,0.464
2025-02-13,0.46,0.656,weekday,0.0,5.6,15.8,6.0,3.7,0,,0.026,0.0,0.02,0.0,,0.126,0.397
2025-02-14,0.45,0.648,weekday,0.0,1.9,14.6,3.9,6.9,0,,0.0,0.0,0.015,0.0,0.276,0.129,0.403
2025-02-15,0.733,0.094,holiday,0.0,1.3,14.1,5.8,8.5,0,0.584,0.616,0.558,0.396,0.152,0.308,0.326,0.42
2025-02-16,0.762,0.025,holiday,0.0,8.8,14.5,5.3,8.0,0,0.371,0.504,,0.417,0.09,0.291,0.237,0.365
2025-02-17,0.432,0.656,weekday,0.0,11.3,14.0,4.0,5.6,0,0.0,0.068,0.041,0.031,0.0,0.345,0.22,0.413
2025-02-18,0.44,0.773,weekday,0.0,4.8,13.6,1.8,4.2,0,,0.0,0.05,0.086,0.058,0.218,0.17,0.401
2025-02-19,0.399,,weekday,0.0,5.9,14.0,3.6,2.0,0,0.0,0.009,0.174,0.016,0.0,0.262,0.111,0.389
2025-02-20,0.483,0.712,weekday,0.0,3.6,13.1,3.9,6.1,0,0.089,0.0,0.045,0.058,0.0,0.409,0.239,0.432
2025-02-21,0.226,0.579,weekday,0.0,6.4,13.2,3.1,6.2,0,0.007,0.0,0.044,0.0,0.005,0.398,0.21,0.295
2025-02-22,0.682,0.099,holiday,0.0,2.3,12.2,3.6,8.2,0,0.359,0.627,0.623,0.423,0.09,0.457,0.432,0.311
2025-02-23,0.852,0.149,holiday,0.0,1.5,12.2,5.1,7.2,0,0.261,0.555,0.39,0.388,0.02,0.475,0.556,0.43
2025-02-24,0.487,0.65,weekday,0.0,4.8,13.6,3.6,3.4,0,0.099,0.051,0.089,0.045,0.0,0.269,0.2,0.404
2025-02-25,0.43,0.637,weekday,0.0,3.3,13.6,4.0,5.3,0,0.0,0.038,0.0,0.071,,0.386,0.181,0.409
2025-02-26,0.413,0.659,weekday,0.0,0.7,13.4,3.7,9.0,0,,0.05,0.09,0.0,0.0,0.264,0.108,0.44
2025-02-27,0.44,0.707,weekday,1.0,2.0,11.5,4.3,4.6,0,0.179,0.259,0.261,0.103,0.0,,0.149,0.496
2025-02-28,0.503,0.678,weekday,0.0,2.0,12.1,4.9,7.6,0,0.072,,0.039,0.104,0.0,0.457,0.22,0.407
2025-03-01,0.694,0.055,holiday,0.0,3.0,12.7,4.9,5.1,0,0.389,0.602,0.482,0.425,0.113,0.357,0.365,0.331
2025-03-02,0.711,0.098,holiday,0.0,3.6,11.3,3.7,5.2,0,0.368,0.582,0.521,0.366,0.134,0.4,0.408,0.373
2025-03-03,0.412,0.602,weekday,1.0,4.2,11.3,4.3,5.6,0,0.241,0.323,0.251,0.116,0.0,0.379,0.17,0.418
2025-03-04,0.504,0.733,weekday,0.0,2.9,12.2,5.5,4.7,0,0.0,0.018,0.059,0.104,0.0,0.394,,0.489
2025-03-05,0.327,,weekday,0.0,1.3,10.1,4.9,4.4,0,0.0,,0.0,0.058,0.0,0.465,0.261,0.393
2025-03-06,0.402,0.747,weekday,0.0,3.2,11.5,3.7,6.2,0,0.046,0.0,0.032,0.213,,0.446,0.281,0.459
2025-03-07,0.343,0.647,weekday,0.0,5.5,9.3,4.8,6.4,0,0.0,0.034,0.0,0.099,0.0,0.525,0.218,0.407
2025-03-08,0.639,0.101,holiday,0.0,3.7,8.8,5.0,4.7,0,0.38,0.62,0.549,,0.055,0.429,0.485,0.359
2025-03-09,0.586,0.045,holiday,0.0,3.0,9.7,2.5,3.3,0,0.29,0.592,0.602,0.415,0.158,0.383,0.345,0.354
2025-03-10,,0.611,weekday,0.0,13.0,11.3,3.5,5.8,0,0.005,0.027,0.046,0.0,0.0,0.384,0.195,0.382
2025-03-11,0.431,0.637,weekday,0.0,1.9,9.3,4.6,5.9,0,0.0,,0.0,,0.0,0.497,0.296,0.38
2025-03-12,,0.577,weekday,1.0,5.8,10.3,2.9,4.6,0,0.205,0.202,0.162,0.105,0.0,0.457,0.268,0.467
2025-03-13,0.489,0.597,weekday,0.0,3.5,9.7,6.7,5.9,0,0.0,0.031,0.105,0.03,0.0,0.441,,0.39
2025-03-14,0.358,0.63,weekday,0.0,4.2,10.1,5.7,5.0,0,0.094,0.021,0.053,0.001,0.0,0.415,0.216,0.335
2025-03-15,0.563,0.142,holiday,0.0,0.8,10.1,4.6,5.6,0,0.484,0.663,0.526,0.456,0.189,0.396,0.426,0.329
2025-03-16,0.695,0.11,holiday,0.0,5.2,8.4,4.1,4.8,0,0.285,0.567,0.459,0.523,0.125,0.431,0.434,0.343
2025-03-17,0.376,,weekday,1.0,2.2,9.9,1.4,4.8,0,0.19,0.214,0.255,0.058,0.0,0.414,,0.387
2025-03-18,0.41,0.632,weekday,0.0,1.9,9.2,3.9,3.8,0,0.0,0.046,0.058,0.0,0.0,0.426,,0.417
2025-03-19,0.413,0.52,weekday,0.0,1.3,9.5,3.8,8.5,0,0.006,0.063,,0.038,0.0,0.449,0.268,0.333
2025-03-20,0.346,0.595,weekday,0.0,3.3,8.7,3.5,4.9,0,0.043,0.0,0.0,,0.0,0.39,0.259,0.354
2025-03-21,0.466,0.726,weekday,0.0,3.2,9.1,5.2,3.9,0,0.0,0.0,0.075,0.057,0.0,0.505,,0.427
2025-03-22,0.671,0.102,holiday,0.0,0.7,7.4,2.9,2.5,0,0.512,0.639,0.519,0.467,0.007,0.502,0.491,0.321
2025-03-23,0.563,0.081,holiday,0.0,,8.6,1.7,4.2,0,0.3,0.648,0.484,0.454,0.145,0.423,0.416,0.309
2025-03-24,0.386,0.536,weekday,0.0,4.4,7.3,3.7,7.3,0,0.026,0.0,0.049,0.102,0.067,0.559,0.315,0.335
2025-03-25,0.498,0.657,weekday,0.0,0.6,7.0,2.2,7.6,0,0.03,0.0,0.0,0.04,0.0,0.54,0.34,0.457
2025-03-26,0.332,0.614,weekday,0.0,5.1,7.8,2.3,4.6,0,0.062,0.026,0.011,0.145,0.0,,0.261,0.341
2025-03-27,0.537,0.676,weekday,0.0,3.7,7.4,5.9,5.7,0,0.037,0.0,0.0,0.136,0.0,0.53,0.302,0.438
2025-03-28,0.343,0.625,weekday,0.0,2.8,6.7,5.3,5.5,0,0.083,0.008,0.0,0.023,0.0,0.464,0.266,0.357
2025-03-29,0.569,,holiday,0.0,2.1,7.7,5.8,8.1,0,0.46,0.611,0.61,0.425,0.101,0.473,0.501,0.37
2025-03-30,0.691,0.09,holiday,0.0,,6.6,3.9,4.5,0,0.363,0.553,0.514,0.419,0.0,0.54,0.412,0.373
2025-03-31,0.566,0.673,weekday,0.0,1.3,7.1,6.7,4.3,0,0.0,0.056,0.0,0.035,0.0,0.471,0.258,0.473
2025-04-01,0.415,0.602,weekday,1.0,5.5,5.6,6.1,0.8,0,0.305,,0.169,0.237,0.0,0.496,0.169,0.446
2025-04-02,0.406,0.64,weekday,0.0,3.2,6.8,6.1,0.4,0,0.0,0.0,0.003,0.16,0.0,0.458,0.288,0.366
2025-04-03,0.426,0.563,weekday,0.0,4.5,6.2,5.8,0.1,0,0.052,0.105,0.017,0.093,,0.353,0.234,0.335
2025-04-04,0.31,0.667,weekday,0.0,4.1,6.6,2.8,0.8,0,0.0,0.01,0.0,0.171,0.0,0.414,0.223,0.357
2025-04-05,0.611,0.097,holiday,0.0,2.6,7.0,5.2,0.0,0,0.495,0.624,0.534,0.427,0.016,0.454,0.341,0.361
2025-04-06,0.606,0.098,holiday,0.0,3.4,7.2,3.0,0.0,0,0.354,0.492,0.488,0.525,0.107,0.489,0.5,0.282
2025-04-07,0.342,0.682,weekday,0.0,4.1,5.5,3.0,0.0,0,0.081,0.031,0.0,0.129,0.0,0.44,0.291,0.389
2025-04-08,0.397,0.696,weekday,0.0,3.4,5.4,3.2,0.0,0,0.037,0.0,0.034,0.14,0.0,0.453,0.305,0.43
2025-04-09,0.383,0.772,weekday,0.0,0.4,6.1,2.8,3.5,0,0.115,0.0,,0.178,0.0,0.547,0.329,0.389
2025-04-10,0.34,0.671,weekday,0.0,2.5,5.2,3.7,0.3,0,0.0,0.0,0.0,0.146,0.0,0.45,0.38,0.371
2025-04-11,0.474,0.682,weekday,0.0,1.4,5.0,3.9,0.0,0,0.124,0.001,0.091,0.095,0.0,0.525,0.188,0.434
2025-04-12,0.645,0.048,holiday,0.0,5.7,6.5,5.4,0.0,0,0.426,0.602,0.572,0.441,0.086,0.491,0.415,0.345
2025-04-13,0.68,,holiday,0.0,5.8,5.1,2.8,0.0,0,0.406,0.627,0.501,0.512,0.174,0.536,0.475,0.371
2025-04-14,0.388,0.7,weekday,0.0,1.4,6.5,6.2,0.1,0,0.0,0.0,0.0,0.001,0.0,0.516,0.294,0.367
2025-04-15,0.495,0.697,weekday,0.0,7.2,6.2,3.8,0.0,0,0.0,0.0,0.0,0.104,0.0,0.513,0.337,0.392
2025-04-16,0.323,0.594,weekday,0.0,6.5,6.9,3.4,0.0,0,0.0,0.04,0.038,0.135,0.0,0.525,0.242,0.333
2025-04-17,0.466,0.604,weekday,0.0,5.1,4.4,1.3,0.1,0,0.0,0.065,0.0,0.181,0.0,0.52,0.303,0.337
2025-04-18,0.438,0.74,weekday,0.0,2.6,4.5,5.1,0.0,0,0.035,0.031,0.0,0.076,0.0,0.496,0.299,0.443
2025-04-19,0.661,0.119,holiday,1.0,2.7,6.8,1.5,0.0,0,,0.811,0.595,0.393,0.185,0.51,0.445,0.403
2025-04-20,0.588,0.005,holiday,0.0,3.4,4.3,4.2,0.4,0,0.307,0.637,0.505,0.452,0.177,0.543,0.559,0.32
2025-04-21,0.436,0.641,weekday,0.0,4.3,5.8,4.2,3.4,0,0.091,0.009,0.143,0.114,0.0,0.592,0.352,0.41
2025-04-22,0.455,0.642,weekday,1.0,3.7,7.6,5.0,1.2,0,0.224,0.214,0.169,0.081,0.0,0.449,0.197,0.419
2025-04-23,0.529,0.703,weekday,0.0,2.6,5.0,3.4,0.0,0,,0.05,0.042,0.034,0.0,0.526,0.252,0.411
2025-04-24,0.324,0.614,weekday,0.0,4.5,4.9,5.0,0.0,0,0.005,0.0,0.016,0.165,0.0,0.575,0.319,0.33
2025-04-25,0.412,0.704,weekday,1.0,,4.5,4.8,0.0,0,0.196,0.244,0.185,0.098,0.0,0.525,0.21,0.41
2025-04-26,0.776,0.113,holiday,0.0,3.6,4.8,3.1,1.3,0,0.328,0.594,0.49,,0.033,0.461,0.475,0.365
2025-04-27,0.746,0.077,holiday,0.0,2.0,4.3,4.8,2.3,0,0.329,0.533,0.498,,0.168,0.538,,0.36
2025-04-28,0.422,0.612,weekday,0.0,3.4,4.8,1.8,0.7,0,0.009,0.039,0.039,,0.0,0.537,0.254,0.337
2025-04-29,0.351,0.604,weekday,0.0,3.1,4.3,3.7,0.1,0,0.0,0.019,0.011,0.206,0.0,0.527,0.329,0.322
2025-04-30,0.452,0.633,weekday,0.0,2.2,4.8,2.6,0.0,0,0.0,0.026,0.047,0.067,0.0,0.458,0.346,0.436
2025-05-01,0.404,0.0,holiday,0.0,5.0,5.0,4.5,1.4,0,0.193,0.312,0.306,0.32,,0.604,,0.25
2025-05-02,0.447,0.0,holiday,0.0,9.5,4.6,4.0,2.0,0,0.156,0.222,0.225,0.302,0.0,0.544,0.381,0.226
2025-05-03,0.537,0.016,holiday,0.0,8.6,3.8,3.9,0.0,0,0.418,0.455,0.499,0.434,0.086,0.537,0.484,0.297
2025-05-04,0.529,0.067,holiday,0.0,1.5,4.7,3.7,0.0,0,0.362,0.548,0.535,0.425,0.191,0.564,0.454,0.323
2025-05-05,0.565,0.196,holiday,0.0,4.3,5.6,6.2,0.0,0,0.228,0.288,0.359,0.258,0.01,0.478,0.423,0.317
2025-05-06,0.596,0.117,holiday,0.0,3.0,3.5,3.0,1.5,0,0.248,0.289,0.283,0.308,0.046,0.556,0.434,0.419
2025-05-07,0.51,0.051,holiday,0.0,2.1,4.5,2.7,0.3,0,0.12,0.277,0.331,0.325,0.0,0.56,0.427,0.289
2025-05-08,0.454,0.081,holiday,0.0,6.4,4.8,3.9,0.7,0,0.106,0.229,0.226,0.306,0.0,0.552,,0.266
2025-05-09,0.49,0.069,holiday,0.0,2.3,3.6,1.4,0.3,0,0.214,0.234,0.274,0.274,0.049,0.477,0.323,0.293
2025-05-10,0.841,0.064,holiday,0.0,,4.9,4.2,1.5,0,0.404,0.584,0.506,0.513,0.055,0.506,0.497,0.409
2025-05-11,0.666,0.113,holiday,0.0,0.5,4.3,4.8,0.0,0,0.488,0.519,0.535,0.419,0.125,0.527,0.506,0.388
2025-05-12,0.612,0.1,,0.0,,5.0,5.7,0.0,0,0.179,0.32,0.292,0.195,0.0,0.487,0.41,0.384
2025-05-13,0.521,,holiday,0.0,3.0,4.8,3.5,1.1,0,0.092,0.289,0.139,0.299,0.149,0.53,0.349,0.344
2025-05-14,0.488,0.071,holiday,0.0,2.2,3.6,5.8,1.3,0,0.154,0.34,0.204,0.301,0.0,0.544,0.361,0.272
2025-05-15,0.652,,holiday,0.0,0.7,5.5,6.4,0.0,0,0.116,0.328,0.239,0.367,0.0,0.484,0.328,0.359
2025-05-16,0.608,0.047,holiday,0.0,4.3,3.8,6.6,0.0,0,,0.271,0.226,0.258,0.024,0.515,0.315,0.318
2025-05-17,0.613,0.064,holiday,0.0,5.3,6.1,4.8,0.0,0,0.39,0.639,0.542,0.407,0.0,0.456,0.42,0.322
2025-05-18,0.681,0.076,holiday,0.0,1.4,4.4,5.3,2.1,0,0.47,0.679,,0.443,0.104,0.465,0.532,0.352
2025-05-19,0.686,0.13,holiday,0.0,4.1,4.7,3.3,0.0,0,0.085,,0.325,0.328,0.012,0.557,0.424,0.351
2025-05-20,0.505,0.0,holiday,0.0,1.9,5.1,5.0,2.5,0,0.194,0.163,0.225,0.323,0.0,0.565,0.43,0.284
2025-05-21,0.608,0.171,holiday,0.0,0.7,5.0,6.2,0.2,0,0.132,0.25,0.186,0.249,,0.522,0.315,0.313
2025-05-22,0.575,0.099,holiday,1.0,6.6,5.1,5.2,0.0,0,0.361,0.509,0.493,0.254,0.068,0.524,0.463,0.36
2025-05-23,0.639,0.12,holiday,0.0,1.9,4.5,2.0,0.7,0,,0.281,0.271,0.211,0.011,0.478,0.342,0.382
2025-05-24,0.68,0.131,holiday,0.0,5.9,5.5,3.7,0.0,0,0.304,0.541,0.433,0.414,0.074,,0.592,0.304
2025-05-25,0.613,,holiday,0.0,5.4,5.1,5.8,1.0,0,0.304,0.573,0.567,0.477,0.059,0.576,0.552,0.336
2025-05-26,0.489,0.093,holiday,0.0,5.8,6.0,4.0,2.5,0,0.326,0.287,0.184,0.246,0.0,0.512,0.389,0.277
2025-05-27,0.484,0.095,holiday,0.0,3.9,5.2,2.7,0.0,0,0.107,0.338,0.211,0.318,0.236,0.506,0.348,0.313
2025-05-28,0.495,,holiday,0.0,7.0,5.0,4.0,4.1,0,0.262,0.359,0.145,0.267,0.0,,0.361,0.249
2025-05-29,0.617,0.122,holiday,0.0,3.4,5.7,6.2,0.0,0,0.009,0.256,0.282,0.232,,0.542,0.412,0.342
2025-05-30,0.525,0.1,holiday,0.0,4.8,6.3,1.9,0.0,0,0.147,0.203,0.204,0.265,0.046,0.577,0.357,0.266
2025-05-31,0.736,0.179,holiday,0.0,3.9,5.4,4.8,0.0,0,0.298,0.609,0.449,0.422,0.14,0.485,,0.412
2025-06-01,0.866,0.201,holiday,0.0,1.8,4.5,3.3,0.0,0,0.464,0.497,0.543,0.47,0.084,0.441,0.42,0.463
2025-06-02,0.433,0.641,weekday,0.0,1.4,6.0,2.8,0.0,0,0.0,0.046,0.039,0.11,0.0,0.4,0.261,0.405
2025-06-03,0.373,0.625,weekday,0.0,5.5,3.9,3.7,0.0,0,0.0,0.0,0.0,0.157,0.0,0.544,0.249,0.337
2025-06-04,0.285,0.621,weekday,0.0,2.3,5.0,4.1,0.8,0,0.003,0.0,0.0,0.088,0.0,0.501,0.317,0.313
2025-06-05,0.398,0.619,weekday,1.0,,4.9,3.1,1.2,0,0.124,0.16,0.226,0.068,0.0,0.509,0.245,0.422
2025-06-06,0.466,0.734,weekday,0.0,1.4,5.7,3.6,0.1,0,0.0,0.0,0.0,0.011,0.007,0.506,0.321,0.427
2025-06-07,0.65,0.093,holiday,0.0,0.7,4.1,4.5,2.8,0,0.394,0.564,0.458,0.489,0.0,0.526,0.397,0.304
2025-06-08,0.687,0.083,holiday,0.0,23.8,6.6,5.9,0.7,0,0.303,0.558,0.532,0.454,0.0,0.448,0.34,0.312
2025-06-09,0.302,0.575,weekday,0.0,22.5,6.3,7.8,3.7,0,0.0,0.0,0.0,0.058,0.0,0.499,0.187,0.324
2025-06-10,0.415,0.602,weekday,1.0,21.9,6.3,5.1,0.2,0,0.245,0.349,0.197,0.161,0.0,0.39,0.214,0.369
2025-06-11,0.482,,weekday,0.0,23.9,5.1,5.2,0.0,0,0.0,0.0,,0.142,0.0,0.366,0.19,0.414
2025-06-12,0.534,0.739,weekday,0.0,24.0,6.7,2.7,0.4,0,0.0,0.0,0.0,0.103,0.0,0.422,0.174,0.411
2025-06-13,0.407,0.636,weekday,0.0,19.8,6.1,5.0,0.0,0,0.115,0.0,0.0,0.068,0.0,0.424,0.205,0.272
2025-06-14,0.801,0.03,holiday,0.0,24.2,7.8,4.4,3.1,0,0.309,0.532,0.515,0.408,0.121,0.31,0.375,0.24
2025-06-15,0.666,0.081,holiday,0.0,18.3,6.2,4.7,1.1,0,0.352,0.499,0.476,0.399,,0.434,0.373,0.348
2025-06-16,0.471,0.721,weekday,0.0,22.1,8.3,4.9,0.0,0,0.165,0.02,0.0,0.032,0.0,0.453,0.156,0.378
2025-06-17,0.381,0.734,weekday,0.0,20.8,7.5,3.5,0.0,0,0.0,0.008,0.032,0.049,0.0,0.388,,0.4
2025-06-18,0.434,0.586,weekday,0.0,18.5,7.4,2.6,0.0,0,0.0,0.037,0.103,0.126,0.0,0.409,0.149,0.367
2025-06-19,0.495,0.657,weekday,0.0,22.6,7.6,3.3,0.0,0,0.0,0.0,0.03,0.098,0.0,0.478,0.29,0.416
2025-06-20,0.246,0.592,weekday,0.0,19.0,6.6,3.2,1.2,0,0.0,0.0,0.063,0.153,0.0,0.284,,0.31
2025-06-21,0.703,0.03,holiday,0.0,,5.8,1.2,0.0,0,0.316,0.549,0.541,0.525,0.031,0.531,0.465,0.208
2025-06-22,0.594,0.052,holiday,0.0,21.4,7.7,3.5,0.0,0,0.314,0.588,0.529,0.418,0.104,0.444,0.359,0.272
2025-06-23,0.37,0.67,weekday,0.0,19.8,7.6,4.9,0.0,0,0.0,0.0,0.043,0.038,,0.475,0.225,0.362
2025-06-24,0.53,0.661,weekday,0.0,,8.0,4.7,2.9,0,0.0,0.0,0.11,0.07,0.0,,0.185,0.357
2025-06-25,0.267,0.634,weekday,0.0,24.8,9.3,2.8,0.2,0,0.0,0.016,0.0,0.116,0.0,0.254,0.016,0.345
2025-06-26,0.372,0.546,weekday,0.0,23.9,7.8,5.7,0.0,0,0.0,0.093,0.101,0.102,,0.317,0.189,0.325
2025-06-27,0.447,0.632,weekday,0.0,21.6,7.5,5.2,1.2,0,0.0,0.051,0.0,0.026,0.0,0.429,0.208,0.318
2025-06-28,0.67,0.0,holiday,0.0,20.0,8.9,3.8,0.0,0,0.38,0.631,0.502,0.396,0.014,0.372,0.373,0.276
2025-06-29,0.793,0.137,holiday,0.0,19.3,7.8,3.8,1.1,0,0.336,0.585,0.567,0.439,0.02,0.506,0.502,0.399
2025-06-30,0.446,0.638,weekday,0.0,22.4,7.7,3.6,1.5,0,0.002,0.004,0.013,0.131,0.0,0.344,0.188,0.364
2025-07-01,0.42,0.544,weekday,0.0,20.7,8.8,2.4,1.2,0,0.0,0.0,0.0,,0.0,0.369,0.036,0.295
2025-07-02,0.526,0.61,weekday,0.0,19.8,8.4,5.5,2.4,0,0.0,0.019,0.05,0.116,0.0,0.443,0.244,0.365
2025-07-03,0.449,0.566,weekday,0.0,21.3,9.3,5.0,0.0,0,,0.077,0.0,0.093,0.0,0.371,0.196,0.278
2025-07-04,0.446,0.554,weekday,,18.3,10.4,5.5,0.0,0,0.0,0.0,0.04,0.097,0.0,0.377,0.187,0.346
2025-07-05,0.641,,holiday,0.0,19.9,10.9,7.5,1.7,0,0.27,0.504,0.526,0.379,0.0,0.308,0.316,0.312
2025-07-06,0.702,0.047,holiday,0.0,22.5,11.5,3.5,2.2,0,0.326,0.63,0.517,0.433,0.053,,0.383,0.302
2025-07-07,0.383,0.595,weekday,0.0,24.1,10.5,3.7,0.0,0,0.0,0.0,0.038,0.116,0.0,0.33,0.148,0.281
2025-07-08,0.471,0.687,weekday,0.0,22.3,9.9,3.6,3.7,0,0.0,0.055,0.017,0.014,0.0,0.321,0.176,0.356
2025-07-09,0.503,,weekday,1.0,24.8,11.0,2.7,0.0,0,0.255,0.209,0.196,0.021,0.0,0.327,0.049,0.428
2025-07-10,0.483,0.684,weekday,0.0,22.8,10.9,3.2,0.4,0,0.0,0.007,0.02,0.041,0.0,0.305,0.078,0.394
2025-07-11,0.341,0.593,weekday,0.0,25.5,10.7,4.4,0.0,0,0.0,0.0,0.045,0.033,0.0,0.408,,0.29
2025-07-12,0.678,0.12,holiday,0.0,19.6,11.7,4.9,0.0,0,0.373,0.564,0.496,0.368,0.0,0.372,0.301,0.326
2025-07-13,0.749,0.115,holiday,0.0,22.5,11.5,2.5,1.8,0,0.315,0.61,0.409,0.393,0.011,0.339,0.402,0.333
2025-07-14,0.382,0.67,weekday,0.0,19.5,10.4,6.0,0.0,0,0.0,0.0,0.0,0.091,0.0,0.342,0.079,0.36
2025-07-15,0.438,0.62,weekday,0.0,19.6,11.8,4.7,0.0,0,0.0,0.023,0.011,0.056,0.0,0.336,,0.394
2025-07-16,0.414,0.623,weekday,,27.2,11.6,3.4,0.0,0,0.0,0.024,0.0,0.046,0.0,0.232,0.028,0.332
2025-07-17,0.439,0.676,weekday,0.0,18.8,12.5,2.6,0.0,0,0.0,0.047,0.016,0.044,0.0,0.226,0.087,0.333
2025-07-18,0.45,0.692,weekday,1.0,21.8,13.0,2.6,2.4,0,0.137,0.27,0.209,0.019,0.0,,0.039,0.414
2025-07-19,0.568,0.112,holiday,0.0,20.2,12.1,2.6,1.2,0,0.381,,0.523,0.362,0.048,0.369,0.349,0.297
2025-07-20,0.685,0.078,holiday,0.0,18.8,13.9,5.0,2.8,0,0.344,0.56,0.531,0.379,0.125,0.296,0.334,0.306
2025-07-21,0.354,0.626,weekday,,1.1,11.3,4.8,1.7,0,0.249,0.0,0.0,0.108,0.0,,0.228,0.341
2025-07-22,0.492,0.636,weekday,0.0,1.9,13.8,5.8,0.0,0,0.0,0.0,0.0,,0.0,0.301,0.169,0.404
2025-07-23,0.351,0.616,weekday,0.0,2.1,14.2,4.7,2.4,0,0.13,0.0,0.003,0.076,0.0,0.331,0.197,0.35
2025-07-24,0.303,0.688,weekday,0.0,3.0,13.6,3.2,0.6,0,0.0,0.0,0.029,0.057,0.0,0.259,0.182,0.391
2025-07-25,0.323,0.68,weekday,0.0,6.7,13.4,3.5,0.0,0,0.0,0.0,0.044,0.0,0.0,0.29,0.136,0.354
2025-07-26,0.525,0.078,holiday,0.0,4.3,12.6,4.4,0.0,0,0.369,0.567,0.569,0.564,0.085,0.38,,0.228
2025-07-27,0.646,0.179,holiday,0.0,6.2,13.8,4.6,2.8,0,0.467,0.6,0.569,0.346,0.062,0.298,0.385,0.396
2025-07-28,0.533,0.701,weekday,0.0,1.3,13.8,4.6,4.2,0,0.108,0.04,,0.082,0.0,0.203,0.052,0.397
2025-07-29,0.474,0.762,weekday,0.0,2.9,14.0,1.8,0.1,0,0.0,0.0,0.021,0.049,0.058,0.254,0.202,0.428
2025-07-30,0.487,0.639,weekday,0.0,3.9,13.7,8.3,0.0,0,0.0,0.0,0.052,0.045,0.0,0.307,0.178,0.391
2025-07-31,0.506,0.673,weekday,1.0,2.5,15.1,4.3,0.0,0,0.45,0.216,0.183,0.0,0.0,0.21,0.108,0.48
2025-08-01,0.621,0.153,holiday,0.0,11.2,14.8,9.3,0.5,0,0.108,0.27,0.317,,0.0,,0.144,0.32
2025-08-02,0.544,0.074,holiday,1.0,11.7,15.7,8.7,0.0,0,0.743,0.881,0.764,0.522,0.0,0.093,0.201,0.346
2025-08-03,0.636,0.16,holiday,0.0,13.7,14.6,5.5,2.5,0,0.407,0.601,0.612,0.372,0.093,0.22,0.34,0.329
2025-08-04,0.616,0.151,holiday,0.0,12.9,14.8,6.0,1.8,0,0.107,0.3,0.366,0.262,0.079,0.179,0.191,0.383
2025-08-05,0.45,0.029,holiday,1.0,13.2,15.8,7.9,0.0,0,0.451,0.523,0.591,0.208,0.0,0.104,0.053,0.286
2025-08-06,0.599,0.102,holiday,0.0,13.7,15.7,5.0,1.9,0,0.111,0.296,0.285,0.16,0.037,0.209,0.185,0.303
2025-08-07,0.579,0.101,holiday,,13.9,16.3,7.5,0.0,0,0.207,0.209,0.374,0.183,0.0,0.256,0.286,0.298
2025-08-08,0.497,0.139,holiday,0.0,16.3,16.6,10.6,0.0,0,0.177,0.236,0.297,,0.0,,0.122,0.327
2025-08-09,0.838,0.114,holiday,0.0,14.0,17.3,6.6,0.4,0,0.454,0.607,0.591,0.267,,0.158,0.213,0.362
2025-08-10,0.766,0.117,holiday,0.0,12.1,17.3,7.5,0.1,0,0.421,0.61,0.553,0.366,0.166,0.165,0.341,0.337
2025-08-11,0.461,0.053,holiday,0.0,,17.8,8.8,0.0,0,0.276,0.314,0.267,0.227,0.0,0.108,0.146,0.281
2025-08-12,0.499,0.07,holiday,0.0,12.0,17.8,8.0,1.5,0,0.232,0.213,0.308,0.166,0.0,0.271,0.274,0.253
2025-08-13,0.574,0.115,holiday,0.0,12.9,16.4,6.8,0.0,0,0.313,0.297,0.251,0.226,0.0,0.216,0.117,0.329
2025-08-14,0.517,0.0,holiday,0.0,12.2,17.8,8.0,0.3,0,0.204,0.201,0.36,0.159,0.0,,0.175,0.277
2025-08-15,0.565,0.129,holiday,0.0,13.6,18.9,7.1,0.0,0,,0.325,0.295,0.183,0.029,0.237,0.275,0.3
2025-08-16,0.68,0.0,holiday,0.0,15.6,17.2,9.1,0.0,0,0.495,0.692,0.525,0.349,0.147,0.226,0.302,0.292
2025-08-17,0.693,0.194,holiday,0.0,16.7,18.6,8.1,0.0,0,0.485,0.605,,0.287,0.09,0.219,0.31,0.327
2025-08-18,0.482,0.0,holiday,0.0,14.4,19.6,9.1,0.0,0,0.188,0.285,0.353,0.188,0.005,0.084,0.028,0.245
2025-08-19,0.541,0.097,holiday,0.0,13.3,18.8,4.9,0.0,0,0.163,0.309,0.403,0.15,0.087,0.172,0.13,0.277
2025-08-20,0.565,0.064,holiday,0.0,12.8,20.7,10.1,0.0,0,0.395,0.259,0.335,0.163,0.007,0.191,0.21,0.276
2025-08-21,,0.087,holiday,0.0,13.3,20.0,7.4,0.0,0,0.289,0.295,0.339,0.214,0.105,0.141,0.054,0.283
2025-08-22,0.526,0.0,holiday,0.0,12.6,18.9,6.4,0.0,0,0.25,0.415,0.26,0.166,0.057,0.125,0.054,0.262
2025-08-23,0.642,0.049,holiday,0.0,12.3,20.0,8.5,1.6,0,0.487,0.639,0.668,0.403,0.122,0.137,,0.254
2025-08-24,0.653,0.055,holiday,0.0,14.0,20.4,7.5,1.1,0,0.472,0.594,0.593,,0.275,0.169,,0.317
2025-08-25,0.609,0.06,holiday,0.0,14.9,21.0,9.2,1.0,0,0.165,0.24,0.285,0.128,0.042,0.03,0.106,0.259
2025-08-26,0.457,0.024,holiday,0.0,17.3,20.5,6.6,0.2,0,0.172,0.252,0.412,0.16,0.0,0.043,,0.257
2025-08-27,0.572,0.033,holiday,0.0,13.7,20.8,7.8,0.0,0,0.207,0.196,0.369,0.005,0.0,0.008,0.084,0.28
2025-08-28,0.487,0.0,holiday,0.0,14.1,21.0,8.9,0.0,0,0.172,0.283,0.303,0.096,0.105,0.0,0.13,0.242
2025-08-29,0.515,0.031,holiday,,,20.5,6.9,1.6,0,0.185,0.198,0.245,0.261,0.044,0.029,0.109,0.221
2025-08-30,0.672,0.015,holiday,0.0,18.2,21.2,6.7,0.0,0,0.413,0.617,0.601,,,0.0,0.202,0.291
2025-08-31,0.794,0.056,holiday,0.0,17.6,20.2,6.2,3.9,1,0.331,0.52,0.504,0.428,0.162,0.112,0.275,0.316
2025-09-01,0.321,0.632,weekday,0.0,,21.7,8.8,0.0,0,0.0,0.078,0.149,0.0,0.0,,0.026,0.353
2025-09-02,0.343,0.62,weekday,0.0,,20.9,9.8,0.0,0,0.023,0.011,,0.0,0.0,0.012,0.0,0.28
2025-09-03,0.509,0.674,weekday,0.0,18.4,21.7,8.7,0.0,0,0.0,0.0,0.02,0.052,0.0,0.054,0.07,0.321
2025-09-04,0.524,0.627,weekday,0.0,11.5,21.0,7.7,0.2,0,0.191,0.026,0.045,0.0,0.013,0.004,,0.379
2025-09-05,0.362,,weekday,1.0,15.3,22.7,7.5,0.0,0,0.383,0.365,0.322,0.0,0.062,0.0,0.0,0.401
2025-09-06,,0.047,holiday,0.0,12.5,21.9,8.4,0.0,0,0.485,0.619,0.629,0.395,0.048,0.165,0.18,0.309
2025-09-07,0.647,0.048,holiday,0.0,18.0,22.1,6.2,0.0,0,0.552,,0.564,0.459,0.166,0.055,0.096,0.297
2025-09-08,0.402,0.539,weekday,0.0,17.8,21.9,7.0,0.0,0,0.053,0.0,0.076,0.067,0.0,0.0,0.0,0.276
2025-09-09,0.355,0.721,weekday,0.0,14.3,23.0,11.4,0.0,0,0.169,0.061,0.133,0.028,0.052,0.0,0.012,0.436
2025-09-10,0.443,0.632,weekday,0.0,15.0,23.0,8.4,0.0,1,0.058,,0.16,0.0,0.043,0.064,0.01,0.357
2025-09-11,0.387,0.653,weekday,0.0,10.9,22.7,8.4,0.0,0,0.0,0.0,0.098,0.0,0.124,0.039,0.05,0.336
