date,temperature_c,rainfall_mm,snow_quality_index,onsen_visitors_count,holiday,wind_speed_mps,snowfall_cm,event_local_flag,typhoon_alert_flag,mobility_inflow_index,tourist_inflow_count,lodging_occupancy_ratio,rail_ridership,temple_shrine_visits,beach_crowd_index,ski_resort_visitors,ferry_cancel_count,flight_delay_count,y
2023-09-13,22.4,9.4,0.039,0.006,weekday,4.8,0.6,0.0,0,0.447,0.034,0.0,0.637,0.104,0.064,0.0,0.155,0.138,1
2023-09-14,23.0,9.6,0.066,0.0,weekday,6.9,0.0,0.0,0,0.375,0.155,0.019,0.614,0.036,0.052,0.0,0.2,0.218,1
2023-09-15,22.1,14.8,0.113,0.0,weekday,6.4,0.0,0.0,0,0.488,0.062,0.0,0.564,0.1,0.05,0.073,0.216,0.261,1
2023-09-16,23.0,6.9,0.024,0.383,holiday,4.3,0.4,0.0,0,0.632,0.369,0.681,0.121,0.601,0.241,0.145,0.127,0.127,0
2023-09-17,25.6,7.8,0.049,0.251,holiday,4.0,1.3,0.0,0,0.68,0.4,0.627,0.101,0.583,0.462,0.218,0.12,0.07,0
2023-09-18,23.4,7.0,0.066,0.0,weekday,6.1,0.0,0.0,1,0.466,0.088,0.008,0.67,0.051,0.165,0.0,0.576,0.47,1
2023-09-19,24.7,11.7,0.0,0.0,weekday,6.5,0.0,0.0,0,0.241,0.106,0.007,0.58,0.101,0.168,0.051,0.268,0.24,0
2023-09-20,24.2,8.4,0.0,0.0,weekday,6.5,0.0,0.0,0,0.481,0.013,0.014,0.733,0.037,0.084,0.0,0.201,0.238,1
2023-09-21,23.3,10.8,0.0,0.063,weekday,5.6,0.3,0.0,1,0.357,0.037,0.0,0.593,0.053,0.154,0.0,0.581,0.459,1
2023-09-22,25.0,6.4,0.019,0.006,weekday,5.0,3.7,0.0,0,0.461,0.051,0.045,0.605,0.015,0.199,0.066,0.12,0.123,0
2023-09-23,24.6,10.0,0.046,0.398,holiday,4.9,0.0,0.0,0,0.696,0.342,0.607,0.046,0.693,0.299,0.213,0.194,0.164,1
2023-09-24,23.9,6.4,0.0,0.41,holiday,5.4,1.0,0.0,0,0.787,0.509,0.68,0.065,0.631,0.499,0.169,0.209,0.138,1
2023-09-25,24.9,7.9,0.0,0.0,weekday,4.3,0.0,0.0,0,0.306,0.0,0.023,0.611,0.082,0.142,0.0,0.133,0.134,0
2023-09-26,24.1,7.5,0.0,0.009,weekday,5.5,1.9,0.0,1,,0.038,0.007,0.703,0.081,0.17,0.014,0.57,0.46,1
2023-09-27,25.8,10.7,0.0,,weekday,6.6,3.1,0.0,0,,0.206,0.034,0.683,0.145,0.132,0.0,0.22,0.166,1
2023-09-28,25.1,8.3,0.0,0.034,weekday,6.1,0.0,0.0,1,0.41,0.107,0.038,0.705,0.106,0.242,0.0,0.6,0.411,1
2023-09-29,25.9,14.9,0.014,0.0,weekday,8.2,1.2,0.0,0,0.403,0.057,0.038,0.731,0.056,0.168,0.0,0.365,0.293,1
2023-09-30,26.6,8.6,0.0,0.363,holiday,6.9,0.5,0.0,0,0.644,0.541,0.657,,0.602,0.366,0.199,0.201,0.201,1
2023-10-01,27.2,1.1,0.0,0.32,holiday,3.7,0.0,0.0,0,0.663,0.631,0.613,0.186,0.601,0.461,0.141,0.097,0.085,0
2023-10-02,25.8,5.1,0.0,0.049,weekday,3.5,0.0,0.0,0,0.52,0.192,0.074,0.745,0.017,0.193,0.0,0.107,0.101,0
2023-10-03,24.8,3.4,0.011,0.006,weekday,4.4,0.0,0.0,0,0.455,0.34,0.064,0.586,0.086,,0.0,0.154,0.091,1
2023-10-04,24.2,5.2,0.0,0.0,weekday,5.2,0.0,0.0,0,0.511,0.233,,0.702,0.093,0.196,0.0,0.16,0.137,0
2023-10-05,26.2,3.4,0.0,0.0,weekday,5.5,0.0,0.0,0,0.35,0.237,0.061,0.645,,0.296,0.0,0.195,0.128,1
2023-10-06,24.7,3.9,0.0,0.045,weekday,6.3,0.6,0.0,0,0.415,0.193,0.044,0.603,0.169,0.077,0.023,0.181,0.119,1
2023-10-07,26.0,2.9,0.046,0.345,holiday,3.8,0.3,0.0,0,0.746,0.612,0.61,0.073,0.711,0.472,,,0.1,0
2023-10-08,26.7,4.6,0.0,0.332,holiday,1.7,0.0,0.0,0,0.592,0.443,0.581,0.148,0.706,0.496,0.241,0.148,0.04,0
2023-10-09,25.2,5.2,0.0,0.065,weekday,6.6,0.0,0.0,0,0.339,0.139,0.069,0.652,0.159,0.14,0.012,0.218,0.205,1
2023-10-10,26.9,1.5,0.018,0.0,weekday,3.0,1.2,0.0,0,0.486,0.247,0.1,0.68,0.174,0.337,0.0,0.108,0.031,0
2023-10-11,24.9,3.6,0.089,0.0,weekday,5.3,0.0,0.0,0,0.338,0.127,0.032,0.724,0.058,0.182,0.0,0.108,0.16,0
2023-10-12,24.5,1.6,0.094,0.017,weekday,3.8,1.4,0.0,0,0.31,0.159,0.055,0.532,0.13,0.244,0.029,0.103,0.041,0
2023-10-13,26.7,0.7,0.046,0.0,weekday,0.8,0.0,0.0,0,0.415,0.092,0.079,0.683,0.123,,0.052,0.029,0.0,0
2023-10-14,25.6,2.1,0.033,0.366,holiday,4.7,0.0,0.0,0,0.638,0.62,0.662,0.1,0.474,0.259,0.17,,0.105,1
2023-10-15,26.1,2.1,0.002,0.251,holiday,3.0,1.6,0.0,0,0.546,0.769,0.687,0.053,0.685,0.511,0.196,0.051,0.122,1
2023-10-16,25.4,3.6,0.0,0.014,weekday,3.4,2.7,0.0,0,0.496,0.027,0.0,,0.157,0.189,0.007,0.113,0.079,0
2023-10-17,26.7,1.6,0.041,0.0,weekday,3.4,0.5,1.0,0,0.477,0.397,0.224,0.649,0.317,0.244,0.035,0.132,0.092,1
2023-10-18,26.9,4.4,0.012,0.0,weekday,4.7,0.0,0.0,0,0.456,0.117,0.15,0.661,0.038,0.357,0.0,0.123,0.054,0
2023-10-19,25.6,0.6,0.064,,weekday,4.9,0.0,0.0,0,0.353,0.289,0.028,0.665,0.146,0.281,0.003,0.159,0.102,0
2023-10-20,26.4,9.0,0.0,0.0,weekday,5.1,0.2,0.0,0,0.359,0.079,0.026,0.642,0.12,0.189,0.0,0.189,0.158,0
2023-10-21,26.1,6.3,0.0,0.316,holiday,3.3,1.8,0.0,0,0.775,,0.542,0.146,0.595,0.415,0.125,0.107,0.127,1
2023-10-22,26.1,2.4,0.015,0.366,holiday,7.5,0.0,0.0,0,0.707,0.548,0.554,0.137,0.631,0.411,0.277,0.291,0.172,1
2023-10-23,25.9,2.1,0.0,0.0,weekday,3.7,0.0,1.0,0,0.5,0.486,0.391,0.692,0.3,0.324,0.028,0.115,0.102,0
2023-10-24,25.2,1.5,0.022,0.0,weekday,4.6,0.0,0.0,0,0.425,0.124,0.018,0.633,0.04,0.142,0.017,0.156,0.089,1
2023-10-25,26.0,1.8,0.056,,weekday,3.0,1.2,0.0,0,0.439,0.155,0.069,0.52,0.11,0.259,0.0,0.131,0.052,0
2023-10-26,25.5,8.4,0.0,0.0,weekday,2.8,1.0,0.0,0,0.494,0.13,0.041,0.707,0.131,0.151,0.0,,0.101,0
2023-10-27,24.9,5.9,0.064,0.0,weekday,3.9,0.0,0.0,0,0.374,0.21,0.116,0.664,0.044,0.285,0.032,0.137,0.092,1
2023-10-28,25.1,3.8,0.0,0.265,holiday,7.4,0.3,0.0,0,0.644,0.546,0.536,0.037,0.626,0.349,0.083,0.269,0.162,1
2023-10-29,25.5,,0.086,0.342,holiday,1.5,0.1,0.0,0,0.54,0.451,0.714,0.0,0.633,0.493,0.159,0.06,0.05,0
2023-10-30,25.6,2.4,0.039,0.0,weekday,5.2,0.0,0.0,0,0.326,0.188,0.011,0.685,0.063,0.165,0.008,0.166,0.129,1
2023-10-31,26.4,6.3,0.0,0.0,weekday,3.6,0.0,0.0,0,0.36,0.117,0.067,0.646,0.078,0.235,0.0,0.142,,1
2023-11-01,26.0,2.5,0.023,0.026,weekday,5.7,2.6,0.0,0,0.454,0.065,0.051,0.694,0.032,0.29,0.0,0.192,0.11,0
2023-11-02,26.2,4.1,0.031,0.041,weekday,6.4,0.8,0.0,0,0.423,0.132,0.053,0.647,0.12,0.249,0.035,0.234,0.131,1
2023-11-03,25.3,2.5,0.037,0.0,weekday,6.0,1.4,0.0,0,0.353,0.109,0.057,0.655,0.072,0.129,0.0,0.198,0.138,0
2023-11-04,25.2,0.5,0.0,0.302,holiday,7.0,1.2,0.0,0,0.72,0.551,0.605,0.092,0.61,0.494,,0.18,0.178,1
2023-11-05,26.1,5.5,0.0,0.29,holiday,3.6,0.0,0.0,0,0.626,0.588,0.631,0.152,0.649,0.369,0.082,0.083,0.195,0
2023-11-06,26.2,2.6,0.016,0.0,weekday,3.7,2.7,0.0,0,0.362,0.224,0.003,,0.185,0.237,0.0,0.036,0.11,1
2023-11-07,23.4,,0.014,0.0,weekday,4.6,0.0,0.0,0,0.442,0.083,0.0,0.641,0.053,0.0,0.0,0.121,0.066,0
2023-11-08,24.7,1.7,0.0,0.0,weekday,3.2,0.0,0.0,0,0.547,0.0,0.0,0.701,0.168,0.402,0.0,0.097,0.071,0
2023-11-09,24.5,2.7,0.054,,weekday,7.4,0.5,0.0,0,0.433,0.072,0.0,0.704,0.105,0.196,0.0,0.203,0.152,1
2023-11-10,25.0,0.7,0.027,0.0,weekday,4.9,2.8,0.0,0,0.472,0.232,0.085,0.638,0.078,0.266,0.036,0.13,0.155,0
2023-11-11,25.5,2.0,0.0,0.311,holiday,4.4,0.4,0.0,0,0.634,0.574,0.656,0.143,0.584,0.315,0.099,,0.132,0
2023-11-12,27.1,6.9,,0.291,holiday,4.7,3.1,0.0,0,0.606,0.701,0.579,0.044,0.502,0.44,0.253,0.144,0.105,0
2023-11-13,25.7,2.8,0.0,0.0,weekday,3.3,1.3,0.0,0,,0.181,0.0,0.583,0.055,0.345,0.056,0.14,0.078,0
2023-11-14,24.7,2.1,0.015,0.0,weekday,3.1,1.3,0.0,0,0.474,0.143,0.0,0.673,0.152,0.237,0.0,0.123,0.08,0
2023-11-15,24.6,3.1,0.0,0.0,weekday,3.9,0.0,0.0,0,0.468,0.288,0.071,0.724,0.112,0.29,0.055,0.184,,0
2023-11-16,23.9,4.1,,0.022,weekday,3.0,0.0,0.0,0,0.471,0.169,0.109,0.686,0.018,0.218,0.047,0.112,0.092,0
2023-11-17,22.9,4.9,0.104,0.04,weekday,6.8,0.0,0.0,0,0.43,0.183,0.015,0.656,0.196,0.077,0.144,0.21,0.144,1
2023-11-18,23.6,5.2,,0.319,holiday,4.9,1.4,0.0,0,0.633,0.457,0.566,0.074,0.591,0.396,0.128,0.179,0.183,0
2023-11-19,24.1,5.8,0.018,0.321,holiday,1.7,2.4,0.0,0,0.776,0.516,0.581,0.047,0.667,0.372,0.137,0.075,0.074,0
2023-11-20,23.9,2.2,0.054,,weekday,3.8,0.0,0.0,0,0.504,0.003,,0.658,0.103,0.29,0.0,0.159,,0
2023-11-21,24.6,5.0,0.0,0.066,weekday,4.8,0.0,0.0,0,0.37,0.147,0.0,0.58,0.219,0.259,0.0,0.183,0.17,1
2023-11-22,22.9,1.5,0.152,0.072,weekday,4.2,0.0,0.0,0,0.489,0.206,0.098,0.637,0.036,0.143,0.143,0.147,0.124,1
2023-11-23,23.6,3.0,0.056,0.0,weekday,3.5,0.6,0.0,0,0.46,0.0,0.022,0.597,0.052,0.212,0.099,0.18,0.11,1
2023-11-24,24.8,2.9,0.0,0.025,weekday,7.1,0.9,0.0,0,0.476,0.171,0.106,0.725,0.071,0.21,0.0,0.194,0.185,1
2023-11-25,24.5,1.0,0.08,0.338,holiday,3.2,0.0,0.0,0,0.716,0.416,0.601,0.094,0.616,0.445,0.242,0.083,0.097,0
2023-11-26,22.8,6.5,0.002,0.363,holiday,6.2,0.0,0.0,0,0.57,0.39,0.568,0.053,0.59,0.267,0.14,0.15,0.192,0
2023-11-27,22.9,7.7,0.016,0.0,weekday,4.6,0.0,0.0,0,0.401,,0.036,0.685,0.11,0.0,0.0,0.17,0.137,1
2023-11-28,23.7,4.9,0.093,0.008,weekday,5.6,0.4,0.0,0,0.4,0.183,0.036,0.72,0.015,0.087,0.045,0.191,0.098,1
2023-11-29,22.5,7.6,0.135,,weekday,3.1,0.0,1.0,0,0.413,0.262,0.191,0.739,0.375,,0.038,0.086,0.109,0
2023-11-30,23.3,4.8,0.107,0.0,weekday,5.5,0.8,0.0,0,0.433,0.069,0.059,,0.055,0.062,0.092,0.202,0.131,1
2023-12-01,22.0,0.0,0.283,0.211,holiday,4.9,9.0,0.0,0,0.585,0.294,0.299,0.07,0.339,0.288,0.316,0.126,0.099,0
2023-12-02,22.1,0.8,0.293,0.368,holiday,2.7,11.1,0.0,0,0.737,0.579,0.555,0.157,0.547,0.298,0.36,0.09,0.067,0
2023-12-03,21.4,0.0,0.202,0.423,holiday,4.9,8.8,0.0,0,0.688,0.538,0.628,0.147,0.583,0.382,0.308,0.15,0.126,0
2023-12-04,20.8,0.0,0.191,0.296,holiday,3.4,11.8,0.0,0,0.668,0.327,0.338,0.104,0.375,0.285,0.228,0.093,0.078,0
2023-12-05,21.0,0.0,0.235,0.19,holiday,4.6,15.0,1.0,0,0.367,0.637,0.586,0.114,0.404,,0.247,0.139,0.124,0
2023-12-06,22.6,0.0,0.257,0.177,holiday,2.5,9.9,0.0,0,0.568,,0.3,0.168,0.35,0.146,0.253,0.0,0.092,0
2023-12-07,22.0,0.0,0.16,0.051,holiday,3.5,10.1,0.0,0,0.505,0.37,0.351,0.084,0.343,0.239,0.166,0.121,0.068,0
2023-12-08,22.1,0.0,0.19,0.176,holiday,3.1,9.3,0.0,0,0.516,0.287,0.238,0.084,0.345,,0.252,0.076,0.071,0
2023-12-09,21.5,0.0,0.21,0.391,holiday,4.2,9.1,1.0,0,0.504,0.698,0.805,0.031,0.775,0.339,0.273,0.133,0.067,0
2023-12-10,21.2,2.5,0.25,0.42,holiday,3.8,8.4,0.0,0,0.742,0.491,0.52,0.113,0.491,0.29,0.337,0.129,,0
2023-12-11,20.1,,0.307,0.171,holiday,2.7,13.4,0.0,0,0.489,0.28,0.322,0.141,0.334,0.175,0.295,0.086,0.017,0
2023-12-12,19.2,0.0,0.374,0.267,holiday,4.4,16.9,0.0,0,0.669,0.238,0.369,0.143,0.329,0.323,0.249,0.122,0.095,0
2023-12-13,20.1,0.0,,0.249,holiday,3.2,13.8,0.0,0,0.553,0.246,,0.068,0.309,0.115,0.227,0.109,0.065,0
2023-12-14,21.4,0.0,0.225,0.279,holiday,2.3,13.5,0.0,0,0.516,0.214,0.287,0.042,0.423,0.101,0.176,0.033,0.0,0
2023-12-15,20.2,0.0,0.242,0.168,holiday,3.6,12.9,0.0,0,0.507,0.24,0.26,0.142,0.338,0.153,0.18,0.102,0.08,0
2023-12-16,20.7,0.0,0.254,0.327,holiday,3.0,14.0,0.0,0,0.749,0.525,0.635,,0.585,0.328,,0.132,0.11,0
2023-12-17,20.8,0.3,0.155,0.311,holiday,4.3,11.3,0.0,0,0.606,0.456,0.542,0.161,0.658,0.262,0.243,0.147,0.081,0
2023-12-18,18.9,0.0,0.366,0.26,holiday,5.2,15.8,0.0,0,0.649,0.474,0.314,0.106,0.427,0.109,0.186,0.234,0.106,0
2023-12-19,18.7,0.0,0.343,0.144,holiday,3.1,17.1,0.0,0,0.599,0.172,0.276,0.048,0.439,0.207,0.22,0.084,0.087,0
2023-12-20,18.8,0.0,0.367,0.141,holiday,3.8,15.5,0.0,0,0.64,0.266,0.234,0.027,0.257,0.177,0.3,0.075,0.083,0
2023-12-21,19.3,0.0,0.253,0.145,holiday,5.2,15.8,1.0,0,0.493,0.527,0.566,0.081,,0.372,0.211,0.126,0.101,0
2023-12-22,19.4,,0.342,0.238,holiday,3.7,15.5,0.0,0,0.565,0.305,0.348,0.044,0.39,0.167,0.234,0.133,0.084,1
2023-12-23,20.0,0.0,0.236,0.332,holiday,3.0,12.4,0.0,0,0.583,0.607,0.623,,0.588,0.177,0.408,0.083,0.078,0
2023-12-24,19.3,0.0,0.323,0.397,holiday,5.7,16.1,0.0,0,0.63,0.308,0.557,0.098,0.524,0.306,0.41,0.159,0.15,0
2023-12-25,16.9,0.0,0.502,0.174,holiday,1.4,22.2,0.0,0,,0.409,,0.016,,0.071,0.399,0.0,0.028,0
2023-12-26,17.4,0.0,0.39,0.146,holiday,2.2,15.7,0.0,0,0.521,0.182,0.193,0.0,0.299,0.233,0.291,0.054,0.115,0
2023-12-27,19.1,0.0,0.334,0.146,holiday,2.4,17.2,0.0,0,0.591,0.162,0.227,0.157,0.262,0.173,0.297,0.028,0.064,0
2023-12-28,17.8,0.0,0.375,0.176,holiday,0.4,18.0,0.0,0,0.566,0.315,0.251,0.134,0.357,0.182,0.272,0.0,0.0,0
2023-12-29,16.3,0.0,0.466,0.199,holiday,5.9,20.8,0.0,0,0.592,0.166,0.319,0.058,0.307,0.057,0.362,0.14,0.169,0
2023-12-30,16.1,0.0,0.443,0.39,holiday,4.5,22.6,0.0,0,0.682,0.293,0.493,0.09,0.532,0.131,0.47,0.138,0.109,0
2023-12-31,16.2,0.0,0.456,,holiday,3.6,19.9,1.0,0,0.71,0.76,0.836,0.125,0.756,0.26,0.455,0.159,0.058,0
2024-01-01,15.4,0.0,0.525,0.223,holiday,3.6,23.2,1.0,0,0.556,0.431,0.501,0.048,0.453,0.038,0.401,0.14,0.041,1
2024-01-02,15.1,0.0,0.472,0.261,holiday,3.2,24.4,0.0,0,0.527,0.192,0.228,0.158,0.334,0.174,,0.035,0.026,0
2024-01-03,16.0,0.0,,0.166,holiday,3.5,26.2,0.0,0,0.565,0.206,,0.105,0.301,0.074,0.423,0.1,0.078,0
2024-01-04,15.5,0.1,0.577,0.232,holiday,6.4,26.1,0.0,0,0.475,0.253,0.287,0.062,0.24,0.0,0.517,0.185,0.186,1
2024-01-05,15.4,0.0,0.543,0.215,holiday,5.4,24.0,0.0,0,0.586,0.191,0.27,0.042,0.301,0.0,0.398,0.171,0.141,0
2024-01-06,13.6,0.0,0.605,0.431,holiday,5.2,24.2,1.0,0,0.681,0.62,0.82,,0.697,0.088,0.525,0.173,0.129,0
2024-01-07,15.2,0.0,0.504,0.332,holiday,4.8,24.6,0.0,0,0.585,0.375,0.681,0.034,0.592,0.123,0.418,0.154,0.048,0
2024-01-08,13.5,0.0,0.636,0.214,holiday,4.0,27.5,0.0,0,0.714,0.196,0.283,0.145,0.165,0.018,0.424,0.091,0.096,0
2024-01-09,13.3,,0.618,0.19,holiday,4.6,26.3,0.0,0,0.679,,0.255,0.095,0.233,0.033,0.405,0.13,0.114,0
2024-01-10,14.6,0.0,0.493,0.239,holiday,1.7,25.1,0.0,0,0.571,0.257,0.227,0.198,0.238,0.068,0.384,0.0,0.048,0
2024-01-11,13.3,0.0,0.568,0.22,holiday,7.0,27.6,0.0,0,,0.217,0.296,0.032,0.34,0.042,0.404,0.196,0.158,0
2024-01-12,12.9,0.0,0.636,0.264,holiday,3.3,28.4,0.0,0,0.451,0.159,0.351,0.018,0.303,0.077,0.439,0.105,0.106,0
2024-01-13,12.8,,0.62,0.474,holiday,3.0,28.8,0.0,0,0.66,0.359,0.517,0.006,0.559,0.17,0.567,0.096,0.05,0
2024-01-14,14.5,0.0,0.456,,holiday,3.4,22.6,0.0,0,0.624,0.461,0.634,0.0,0.636,0.097,0.371,0.124,,0
2024-01-15,12.7,0.0,0.723,0.228,holiday,2.5,29.4,0.0,0,0.753,0.18,0.261,0.086,0.279,0.047,0.506,,0.041,0
2024-01-16,12.3,0.0,0.587,0.19,holiday,3.9,28.4,0.0,1,0.585,0.18,,0.035,0.199,0.14,0.356,0.481,0.425,1
2024-01-17,13.0,0.0,0.631,0.224,holiday,4.3,29.8,1.0,0,0.553,0.594,0.498,0.032,0.541,0.0,0.506,0.159,0.085,0
2024-01-18,13.0,0.0,0.618,0.238,holiday,5.9,26.0,0.0,0,0.436,0.156,0.239,0.012,0.246,0.138,0.381,0.198,0.135,0
2024-01-19,10.9,0.0,0.61,0.211,holiday,4.5,28.5,0.0,1,0.573,0.372,0.281,0.014,0.263,0.082,0.503,0.415,0.395,1
2024-01-20,11.2,0.0,0.643,0.48,holiday,4.5,27.8,0.0,0,0.515,0.375,0.524,0.043,0.531,0.183,0.577,0.063,0.122,0
2024-01-21,12.4,0.0,0.617,0.379,holiday,3.1,31.3,0.0,0,0.749,0.461,0.672,0.131,0.632,0.126,0.537,0.056,0.103,0
2024-01-22,10.7,0.0,0.692,0.223,holiday,3.2,31.6,1.0,0,0.529,0.355,0.504,0.101,0.473,,0.464,0.107,0.063,0
2024-01-23,9.1,0.0,0.643,0.279,holiday,5.7,33.4,0.0,0,0.427,,0.36,0.067,0.308,0.045,0.49,0.141,0.099,0
2024-01-24,10.0,0.0,0.653,0.222,holiday,2.9,34.4,0.0,0,0.54,0.13,0.193,0.053,,0.0,,0.126,0.101,0
2024-01-25,11.3,0.9,0.757,0.286,holiday,4.0,30.5,0.0,0,0.552,0.131,0.239,,0.247,0.0,0.506,0.101,0.082,0
2024-01-26,9.2,0.0,0.847,0.309,holiday,1.5,34.8,0.0,0,0.565,0.145,0.291,0.152,0.261,0.074,0.555,,0.074,0
2024-01-27,11.6,0.0,0.672,0.437,holiday,6.8,29.1,0.0,0,0.691,,0.547,0.122,0.575,0.064,0.568,0.235,0.14,0
2024-01-28,9.1,0.0,0.701,0.427,holiday,4.8,35.0,0.0,0,0.699,0.388,0.631,0.135,0.509,0.227,0.633,0.153,0.092,0
2024-01-29,9.0,0.0,0.731,0.217,holiday,1.6,34.9,0.0,0,0.512,0.211,0.316,,0.317,0.047,0.469,0.085,0.061,0
2024-01-30,8.9,0.0,0.636,0.205,holiday,5.3,35.0,1.0,0,0.609,0.367,0.554,0.084,0.512,0.082,0.453,0.18,0.143,1
2024-01-31,8.0,0.0,0.875,0.283,holiday,2.4,35.0,0.0,0,0.645,0.089,0.306,0.122,0.289,0.045,0.649,0.075,,0
2024-02-01,9.0,0.0,0.788,0.069,weekday,5.1,33.8,0.0,0,0.406,0.0,0.037,0.631,0.0,0.0,0.505,0.144,0.132,1
2024-02-02,8.1,0.0,0.778,0.114,weekday,3.7,31.8,0.0,0,0.463,0.096,0.068,0.731,0.041,0.0,0.354,0.131,0.06,0
2024-02-03,7.9,0.8,0.761,0.452,holiday,6.0,33.7,0.0,0,0.68,0.514,0.655,0.145,0.569,0.0,0.501,0.189,0.115,1
2024-02-04,7.6,0.0,0.773,0.487,holiday,4.7,34.2,1.0,0,0.612,0.643,0.821,0.049,0.806,0.088,0.638,0.133,0.128,0
2024-02-05,8.8,0.0,,0.043,weekday,3.3,34.4,0.0,0,0.466,0.031,0.0,,0.124,0.0,0.435,0.137,0.077,0
2024-02-06,8.6,0.0,0.773,0.074,weekday,1.6,33.7,0.0,0,0.308,0.0,0.025,0.646,0.07,0.003,0.467,0.128,0.054,0
2024-02-07,8.6,1.2,0.781,0.079,weekday,4.5,35.0,0.0,0,,0.0,0.049,0.641,0.028,0.018,0.497,0.145,0.074,0
2024-02-08,6.9,0.0,0.779,0.077,weekday,3.4,31.9,0.0,0,0.528,0.0,0.107,0.741,0.0,0.024,0.387,0.111,0.124,0
2024-02-09,7.6,0.5,0.714,0.109,weekday,3.0,35.0,0.0,0,0.365,,,0.683,0.089,,0.381,0.115,,0
2024-02-10,7.3,0.0,0.821,0.587,holiday,4.7,35.0,0.0,0,0.787,0.383,0.57,0.113,0.61,,0.602,0.135,0.091,0
2024-02-11,6.6,0.0,0.786,0.465,holiday,2.7,35.0,0.0,0,0.636,,,0.142,0.512,0.211,0.751,0.06,0.04,0
2024-02-12,6.9,0.0,0.781,0.113,weekday,1.2,35.0,0.0,0,0.468,0.069,,0.749,,0.0,0.452,0.01,0.0,0
2024-02-13,5.7,0.0,0.785,0.09,weekday,5.0,35.0,0.0,0,0.685,0.109,0.056,0.804,0.0,0.0,0.4,0.147,0.108,0
2024-02-14,3.5,0.0,0.927,0.156,weekday,2.5,35.0,0.0,0,0.52,0.234,0.012,0.561,0.004,0.038,0.434,0.074,0.062,0
2024-02-15,6.1,0.0,0.843,0.066,weekday,3.8,35.0,0.0,0,0.519,0.116,,0.704,0.113,0.042,0.457,0.098,0.091,1
2024-02-16,5.5,0.0,0.83,0.097,weekday,3.7,30.9,0.0,0,0.281,0.101,0.0,0.717,0.008,0.031,0.402,0.102,0.065,0
2024-02-17,3.6,0.0,0.962,0.416,holiday,4.4,35.0,0.0,0,0.69,0.416,0.582,0.114,0.499,0.185,0.731,0.156,0.083,0
2024-02-18,5.2,0.0,0.942,0.519,holiday,3.8,35.0,0.0,0,0.712,0.358,0.541,0.11,0.511,0.165,0.789,0.135,0.109,0
2024-02-19,5.6,0.0,0.818,0.137,weekday,5.0,34.5,,0,0.427,0.049,,0.741,0.013,0.0,0.46,0.117,0.15,1
2024-02-20,4.1,0.0,,0.103,weekday,5.0,34.6,0.0,0,0.534,0.043,0.02,0.733,0.069,,0.449,0.182,0.06,1
2024-02-21,5.0,0.0,0.908,0.132,weekday,5.2,33.2,0.0,0,0.366,,0.0,0.672,0.051,0.0,0.529,0.187,0.086,0
2024-02-22,4.6,0.0,0.918,0.1,weekday,3.8,33.2,0.0,0,0.435,0.005,0.0,0.732,0.0,0.0,0.585,0.121,0.104,0
2024-02-23,3.0,0.0,0.858,0.155,weekday,4.3,31.6,0.0,0,0.487,0.043,0.015,0.755,0.0,0.0,0.447,0.118,,1
2024-02-24,3.5,0.8,0.878,0.452,holiday,5.7,35.0,,0,0.55,0.301,0.491,0.03,0.443,0.187,0.731,0.222,0.16,0
2024-02-25,4.6,0.0,0.921,0.456,holiday,1.8,34.9,0.0,0,0.786,0.575,0.675,0.172,0.532,0.244,0.696,0.072,0.054,0
2024-02-26,3.2,0.0,0.853,0.15,weekday,2.8,31.4,1.0,0,0.281,0.254,0.207,0.642,0.21,0.0,0.547,0.096,0.058,0
2024-02-27,3.5,0.0,0.927,0.15,weekday,4.5,35.0,0.0,0,0.425,0.0,,0.66,0.026,0.016,0.447,0.192,0.148,0
2024-02-28,3.3,0.0,0.892,,weekday,5.0,32.1,0.0,0,0.354,0.019,0.122,0.596,,0.0,0.489,0.178,0.104,0
2024-02-29,2.8,0.0,0.864,0.13,weekday,1.4,34.6,0.0,0,0.615,0.07,0.031,0.696,0.0,0.0,0.555,0.076,0.01,0
2024-03-01,1.3,0.0,0.956,0.198,weekday,4.3,33.8,0.0,0,0.427,0.0,0.005,0.641,0.0,0.0,,0.11,0.1,0
2024-03-02,3.4,0.0,0.855,0.371,holiday,3.8,34.6,0.0,0,0.533,0.295,0.554,0.185,0.483,0.014,0.772,0.065,0.1,0
2024-03-03,2.3,0.0,0.922,0.512,holiday,2.0,33.0,0.0,0,0.675,0.444,0.613,0.128,0.565,0.122,0.693,0.043,0.02,0
2024-03-04,2.4,1.8,1.0,0.101,weekday,5.4,35.0,0.0,0,0.416,0.0,0.0,0.699,,0.0,0.584,0.171,0.124,1
2024-03-05,2.3,0.0,0.875,0.161,weekday,5.0,33.8,1.0,0,0.66,0.378,0.349,0.717,0.268,0.0,0.478,0.157,0.077,0
2024-03-06,2.8,0.0,0.923,0.17,weekday,2.6,35.0,0.0,0,0.341,0.0,0.0,0.622,0.0,0.0,0.544,0.049,0.076,0
2024-03-07,2.5,0.0,0.898,0.201,weekday,4.3,32.1,0.0,0,0.418,0.0,0.0,0.71,0.077,0.0,0.485,0.072,0.119,0
2024-03-08,2.2,0.0,0.973,0.18,weekday,4.6,34.5,0.0,0,0.363,0.034,0.0,0.744,0.0,0.0,0.547,0.146,0.134,1
2024-03-09,0.6,0.0,0.978,0.482,holiday,3.2,33.7,0.0,0,0.758,0.246,0.489,0.11,0.481,0.055,0.738,0.068,0.072,0
2024-03-10,-0.6,0.0,0.904,0.526,holiday,2.5,30.9,0.0,0,0.823,0.417,0.514,0.143,0.494,0.077,0.708,0.093,0.091,0
2024-03-11,-0.0,0.0,1.0,0.197,weekday,5.9,34.8,0.0,0,0.443,0.0,0.0,0.7,0.007,0.0,0.441,0.165,0.161,0
2024-03-12,0.2,0.0,0.958,0.086,weekday,4.1,34.7,0.0,0,0.397,0.0,0.0,0.67,0.0,0.0,0.519,0.171,0.091,1
2024-03-13,0.2,1.0,0.914,0.118,weekday,5.1,35.0,0.0,0,0.446,0.0,0.0,0.623,0.011,0.0,0.456,0.154,0.132,1
2024-03-14,1.6,,0.945,0.074,weekday,4.2,35.0,,0,0.466,0.0,0.022,0.631,0.0,0.031,0.542,0.14,0.066,0
2024-03-15,-1.1,0.0,0.962,0.151,weekday,2.3,35.0,0.0,0,0.451,0.135,0.077,0.792,0.02,0.03,0.555,0.047,0.048,0
2024-03-16,0.3,0.0,0.908,0.493,holiday,3.3,31.6,0.0,0,0.74,0.46,0.566,0.188,0.521,0.157,0.682,0.148,0.061,0
2024-03-17,0.0,0.0,0.98,0.487,holiday,5.3,35.0,0.0,0,,0.326,0.635,0.033,0.542,,0.712,0.215,0.144,1
2024-03-18,-1.4,0.0,1.0,0.167,weekday,2.5,34.1,0.0,0,0.508,0.0,,0.679,0.059,0.0,0.49,0.008,0.131,0
2024-03-19,-0.3,0.0,0.943,0.182,weekday,2.2,35.0,0.0,0,0.382,0.0,,0.613,0.018,0.0,0.552,0.11,0.001,0
2024-03-20,0.1,0.0,0.995,0.207,weekday,3.7,35.0,0.0,0,0.542,0.014,0.0,0.685,0.0,0.0,0.465,0.05,0.074,0
2024-03-21,-0.9,0.0,0.915,0.17,weekday,3.1,33.9,0.0,0,0.336,0.0,0.031,0.605,,0.0,0.537,0.063,0.077,0
2024-03-22,0.6,0.0,0.845,0.064,weekday,4.0,35.0,1.0,0,0.371,0.366,0.345,0.67,0.213,0.0,0.447,0.12,0.133,0
2024-03-23,-1.4,0.0,0.962,0.55,holiday,3.4,35.0,0.0,0,0.666,0.374,0.552,0.12,0.476,0.1,0.817,0.146,0.071,0
2024-03-24,0.5,,1.0,0.481,holiday,2.6,35.0,0.0,0,0.64,0.506,0.623,0.113,0.567,0.24,,0.055,0.0,0
2024-03-25,-0.2,0.0,0.92,0.108,weekday,1.8,31.8,0.0,0,0.179,0.0,0.0,0.631,0.004,,0.522,0.029,0.011,0
2024-03-26,-0.7,0.0,0.98,0.171,weekday,2.7,35.0,0.0,0,0.525,0.015,0.046,0.735,0.022,0.021,0.582,0.08,0.042,0
2024-03-27,-2.0,0.0,0.947,0.152,weekday,4.8,35.0,0.0,0,0.506,0.084,0.144,0.695,0.029,0.029,0.557,0.174,0.091,0
2024-03-28,-1.9,0.0,0.989,0.145,weekday,3.0,33.4,0.0,0,0.358,0.0,0.04,0.658,0.0,0.0,0.545,0.076,0.058,0
2024-03-29,-1.2,0.0,0.96,0.179,weekday,4.9,35.0,0.0,0,0.343,0.053,0.0,0.725,0.0,0.0,0.643,0.193,0.131,0
2024-03-30,-1.1,0.0,0.927,0.447,holiday,2.0,32.9,0.0,0,0.629,,0.491,0.07,0.459,0.083,0.73,0.027,0.056,0
2024-03-31,-1.1,0.0,1.0,0.496,holiday,2.5,34.2,0.0,0,0.819,0.384,0.548,0.179,0.486,0.099,0.705,0.083,0.084,0
2024-04-01,-1.9,0.9,0.624,0.15,weekday,5.6,0.0,0.0,0,0.38,0.0,0.0,0.68,0.095,,0.335,,0.123,0
2024-04-02,-2.2,6.5,0.587,0.153,weekday,4.7,1.0,0.0,0,0.465,0.1,0.0,0.6,0.0,0.0,0.301,0.159,0.178,1
2024-04-03,-1.6,3.1,0.635,0.167,weekday,5.1,1.4,0.0,0,0.499,0.174,0.06,0.698,0.004,0.0,0.311,0.196,,1
2024-04-04,-1.6,4.0,0.625,0.073,weekday,4.7,0.0,0.0,0,0.441,0.065,,0.677,0.091,0.002,0.257,0.168,0.106,0
2024-04-05,-2.7,3.2,0.701,0.19,weekday,3.7,0.0,0.0,0,0.461,0.0,0.0,0.689,0.052,0.0,0.406,,,0
2024-04-06,-0.3,3.9,0.643,0.51,holiday,2.3,0.4,0.0,0,0.693,0.311,0.625,0.149,0.638,0.046,0.558,0.041,0.037,0
2024-04-07,-2.2,1.3,0.731,0.468,holiday,3.1,0.9,0.0,0,0.726,0.462,0.59,0.102,0.449,,0.6,0.113,0.068,0
2024-04-08,-3.5,4.0,0.656,0.192,weekday,2.9,0.0,0.0,0,0.315,0.0,,0.644,0.0,0.0,0.268,0.136,0.064,0
2024-04-09,-2.3,2.6,0.659,0.11,weekday,2.2,1.0,0.0,0,0.469,0.008,0.007,0.674,0.0,0.097,0.343,0.086,0.091,0
2024-04-10,-1.2,4.1,0.695,0.192,weekday,3.4,0.6,0.0,0,0.421,0.176,0.008,0.713,0.106,0.0,,0.128,0.081,0
2024-04-11,-1.8,2.9,0.556,0.153,weekday,2.7,0.0,0.0,0,0.485,0.0,0.0,0.765,0.0,0.049,0.29,0.107,0.083,0
2024-04-12,-1.8,0.5,0.675,0.075,weekday,4.2,0.0,0.0,0,0.21,0.0,0.0,0.559,0.0,0.081,0.345,0.117,0.123,0
2024-04-13,-3.0,3.8,0.617,0.49,holiday,5.0,0.0,0.0,0,0.69,0.384,0.589,0.059,0.456,0.101,0.555,0.17,0.155,0
2024-04-14,-1.9,5.5,0.583,0.491,holiday,4.9,0.0,0.0,0,0.753,0.433,0.59,0.072,0.548,0.161,0.518,0.136,0.129,0
2024-04-15,-4.1,5.3,0.701,0.124,weekday,3.3,1.4,0.0,0,0.385,0.0,0.0,0.653,0.0,0.0,0.396,0.088,0.039,0
2024-04-16,-2.2,4.0,0.63,0.194,weekday,5.2,0.0,,0,0.435,0.0,0.03,0.57,0.0,0.0,0.357,0.212,0.091,0
2024-04-17,-1.7,3.5,0.666,0.128,weekday,2.9,0.0,0.0,0,0.271,0.0,0.0,0.637,0.0,0.04,0.342,0.045,0.077,0
2024-04-18,-2.2,3.4,0.644,0.077,weekday,4.6,0.0,1.0,0,0.303,0.228,0.25,0.706,0.253,0.0,0.342,0.135,0.119,0
2024-04-19,-3.6,7.6,0.703,0.072,weekday,6.0,0.0,0.0,0,0.342,0.0,0.017,0.595,0.0,0.0,0.322,0.193,0.222,1
2024-04-20,-1.8,1.1,0.62,,holiday,6.5,0.0,0.0,0,0.649,0.361,0.52,0.115,0.58,0.013,0.558,0.193,0.193,1
2024-04-21,-2.4,2.6,0.648,0.434,holiday,2.2,0.0,0.0,0,0.68,0.405,0.559,0.092,,0.015,0.475,0.021,0.062,0
2024-04-22,-1.6,1.8,0.678,0.138,weekday,5.2,1.5,0.0,0,0.357,0.0,0.045,0.699,0.035,0.0,0.349,0.168,0.126,1
2024-04-23,-2.5,6.6,0.623,0.236,weekday,5.2,1.4,0.0,0,0.348,0.0,0.015,0.631,0.0,0.0,0.326,0.195,0.148,0
2024-04-24,-0.6,3.8,0.58,0.153,weekday,4.4,0.0,0.0,0,,0.0,0.058,0.703,0.0,0.0,0.288,0.17,0.093,0
2024-04-25,-1.9,5.4,0.621,0.134,weekday,5.6,0.0,0.0,0,0.446,0.042,0.0,0.679,0.0,,0.302,0.194,0.119,0
2024-04-26,-0.9,1.4,0.714,0.111,weekday,5.8,0.0,0.0,0,0.458,0.042,0.062,0.695,0.07,0.0,0.443,0.146,0.16,0
2024-04-27,-3.4,5.8,0.624,0.479,holiday,4.9,0.0,1.0,0,0.625,0.744,0.903,0.062,0.697,0.184,0.514,0.204,0.135,0
2024-04-28,-1.1,4.9,0.664,0.469,holiday,5.5,0.0,0.0,0,0.878,0.364,0.526,0.175,0.464,0.119,0.551,0.24,0.148,1
2024-04-29,-1.6,4.2,0.653,0.153,weekday,6.3,1.4,0.0,0,0.518,0.0,0.112,0.723,0.0,0.0,0.272,0.16,0.136,1
2024-04-30,-2.7,4.9,0.695,0.045,weekday,3.4,0.4,0.0,0,0.441,0.108,0.003,0.636,0.0,0.0,0.356,0.129,0.088,0
2024-05-01,-0.8,2.3,0.648,0.349,holiday,4.3,0.0,0.0,0,0.528,0.346,0.324,0.076,0.159,0.0,,0.134,0.11,1
2024-05-02,-1.2,5.7,0.697,0.284,holiday,4.5,0.8,0.0,0,0.515,0.131,0.316,0.105,0.273,0.12,0.458,0.168,0.196,0
2024-05-03,-0.5,0.6,0.637,0.365,holiday,4.2,0.0,0.0,0,0.449,0.132,0.213,0.072,0.254,0.0,0.44,0.135,0.054,0
2024-05-04,-0.2,8.0,0.63,0.49,holiday,3.3,0.0,0.0,0,0.621,0.325,0.534,0.112,0.524,0.04,0.471,0.163,0.109,1
2024-05-05,-1.6,1.5,0.612,0.454,holiday,2.2,0.0,1.0,0,0.667,0.537,0.898,0.125,0.701,0.1,0.555,0.041,0.06,0
2024-05-06,-3.2,5.1,0.639,0.339,holiday,4.1,0.0,0.0,0,0.564,0.246,0.294,0.111,0.141,0.005,0.539,,0.096,1
2024-05-07,0.9,2.1,0.769,0.235,holiday,4.6,1.6,0.0,0,0.587,0.169,0.23,0.032,0.202,0.064,0.52,0.138,0.159,0
2024-05-08,-1.6,,0.61,0.312,holiday,4.3,0.1,0.0,0,0.542,0.126,0.308,0.089,0.216,0.0,0.483,0.158,0.177,0
2024-05-09,-1.0,0.9,0.663,,holiday,3.8,2.8,0.0,0,0.681,0.312,0.314,0.064,0.292,0.0,0.48,,,0
2024-05-10,-0.6,3.6,0.586,0.305,holiday,3.3,0.5,0.0,0,0.492,0.236,0.273,0.181,0.182,0.052,0.366,0.106,0.062,1
2024-05-11,-0.5,4.3,0.629,0.521,holiday,3.8,0.4,0.0,0,0.709,0.457,0.563,0.189,0.536,0.169,,0.115,0.099,0
2024-05-12,-1.4,2.8,0.672,0.516,holiday,3.6,0.0,0.0,0,0.625,0.459,0.499,0.078,0.505,0.0,0.551,0.104,0.116,0
2024-05-13,0.6,4.4,0.534,0.288,holiday,4.1,2.4,0.0,0,0.52,0.165,0.328,0.064,0.253,0.021,0.361,0.14,0.191,1
2024-05-14,-0.2,4.4,0.696,0.38,holiday,2.2,0.0,0.0,0,0.636,0.166,0.318,0.129,0.299,0.0,0.465,0.087,0.049,0
2024-05-15,-2.2,6.1,0.616,0.303,holiday,2.9,0.0,0.0,0,0.44,0.322,0.294,0.04,0.241,0.079,0.43,0.132,0.112,0
2024-05-16,-1.2,3.9,,0.224,holiday,5.0,0.3,0.0,0,0.597,0.299,0.265,0.096,0.209,0.074,0.483,0.212,0.189,0
2024-05-17,0.2,3.4,0.664,0.331,holiday,5.0,0.0,0.0,0,0.458,0.168,0.252,0.079,0.271,0.038,0.569,0.194,0.152,0
2024-05-18,-1.1,2.7,0.6,0.66,holiday,4.6,2.2,0.0,0,0.65,0.39,0.605,0.091,0.464,0.0,0.513,0.152,0.141,0
2024-05-19,-1.0,,0.625,0.548,holiday,3.4,0.5,0.0,0,0.697,0.38,0.546,0.032,0.424,0.208,0.606,0.151,0.115,0
2024-05-20,1.0,2.4,0.677,0.326,holiday,4.7,3.4,0.0,0,0.527,0.18,0.353,0.03,0.285,0.036,0.405,0.191,0.09,0
2024-05-21,-0.1,2.6,0.66,0.329,holiday,4.3,0.4,1.0,0,0.441,0.475,0.558,0.025,0.428,0.016,0.411,0.137,0.171,0
2024-05-22,0.3,6.0,0.598,0.313,holiday,1.2,0.0,1.0,0,0.564,0.328,,0.029,0.453,0.131,0.356,0.053,0.082,0
2024-05-23,1.4,7.1,0.608,0.325,holiday,3.7,0.0,0.0,0,0.484,0.201,0.262,0.044,0.281,0.124,0.361,0.121,0.159,1
2024-05-24,0.1,3.7,0.579,0.449,holiday,5.0,0.0,0.0,0,0.51,0.161,0.281,0.005,0.219,,0.317,0.173,0.145,1
2024-05-25,-0.3,3.6,0.642,0.493,holiday,6.0,0.0,0.0,0,0.68,0.391,0.56,0.11,0.618,0.02,0.483,0.142,0.144,1
2024-05-26,1.4,6.1,0.597,0.425,holiday,4.8,0.1,0.0,0,0.635,0.409,,0.142,0.583,0.152,0.414,0.169,0.06,0
2024-05-27,-0.3,4.8,0.661,0.349,holiday,5.8,0.0,0.0,0,0.576,0.0,0.234,0.149,0.178,0.022,0.505,0.224,0.179,1
2024-05-28,0.9,5.9,0.489,0.433,holiday,6.5,0.0,0.0,0,0.472,0.253,0.282,0.082,0.327,0.0,0.404,,0.173,0
2024-05-29,1.6,5.7,0.676,0.325,holiday,5.3,0.0,0.0,0,0.556,0.211,0.319,0.019,0.219,0.127,0.481,0.239,0.217,1
2024-05-30,3.0,3.1,0.561,0.292,holiday,4.1,1.1,0.0,0,0.424,0.189,,0.17,0.264,0.0,0.431,0.13,0.142,0
2024-05-31,0.9,0.6,0.587,0.303,holiday,2.5,0.0,0.0,0,0.703,0.19,0.36,0.116,0.2,0.078,0.429,0.089,0.015,0
2024-06-01,0.7,7.6,0.577,,holiday,4.8,0.9,0.0,0,0.753,0.456,0.572,0.036,0.593,0.018,0.456,0.183,0.121,1
2024-06-02,1.9,1.9,0.592,0.484,holiday,3.7,0.0,0.0,0,0.637,0.46,0.565,0.126,0.487,0.187,0.552,,0.116,0
2024-06-03,2.4,6.9,0.514,0.117,weekday,1.7,0.2,0.0,0,0.452,0.112,0.12,0.725,0.0,0.0,0.28,,0.083,0
2024-06-04,2.9,4.5,0.655,0.097,weekday,4.6,0.2,0.0,0,0.411,0.013,0.0,0.706,0.0,0.0,0.314,0.177,0.119,1
2024-06-05,1.6,4.1,0.516,0.164,weekday,3.2,0.0,0.0,0,0.454,0.0,0.029,0.655,0.064,0.0,0.237,0.115,0.078,0
2024-06-06,1.4,3.4,0.624,0.185,weekday,3.7,0.8,0.0,0,0.463,0.035,0.003,0.758,0.0,0.0,0.335,0.15,0.104,1
2024-06-07,2.3,3.6,0.59,0.105,weekday,4.5,1.3,0.0,0,0.529,0.01,0.03,0.651,0.082,,0.373,0.113,0.18,1
2024-06-08,1.9,5.6,0.565,0.464,holiday,4.7,0.0,0.0,0,,0.354,0.545,0.089,0.505,0.227,0.467,0.159,0.117,0
2024-06-09,4.0,3.7,0.503,0.531,holiday,3.9,0.0,1.0,0,0.666,0.602,0.83,0.064,0.727,0.13,0.523,0.134,0.104,0
2024-06-10,2.9,2.5,0.615,0.162,weekday,4.5,0.0,0.0,0,0.367,0.136,0.015,0.708,0.0,0.0,0.386,0.129,0.148,0
2024-06-11,1.5,2.7,0.668,0.123,weekday,2.8,0.4,0.0,0,0.437,0.027,0.061,0.679,0.08,0.0,0.37,,0.046,0
2024-06-12,3.9,4.1,0.54,0.098,weekday,4.4,0.0,0.0,0,0.465,0.0,0.052,0.652,0.0,0.0,0.28,0.161,0.172,0
2024-06-13,3.4,0.6,0.508,0.15,weekday,4.4,0.0,0.0,0,0.277,0.099,,0.673,0.0,0.0,0.24,0.2,0.166,1
2024-06-14,4.3,1.4,,,weekday,6.0,0.2,0.0,0,,0.048,0.001,0.733,0.0,0.0,0.344,0.21,0.148,0
2024-06-15,3.2,1.6,0.623,0.407,holiday,4.0,0.5,0.0,0,0.539,0.59,0.608,0.099,0.512,0.148,0.488,0.092,0.119,0
2024-06-16,4.4,0.8,0.555,0.486,holiday,4.6,0.0,0.0,0,0.712,0.333,0.542,0.161,0.475,0.096,0.452,,0.073,0
2024-06-17,5.7,4.0,0.523,0.032,weekday,3.5,1.1,0.0,0,0.482,0.0,0.0,0.6,0.0,0.0,0.251,0.134,0.099,0
2024-06-18,5.0,2.8,0.515,0.102,weekday,6.4,1.0,,0,0.368,0.037,0.027,0.656,0.0,0.038,,0.215,0.186,1
2024-06-19,4.5,4.6,0.544,0.219,weekday,3.6,0.0,0.0,0,0.404,,0.01,0.666,0.0,0.037,0.319,0.096,0.094,0
2024-06-20,4.3,21.5,0.526,0.077,weekday,3.8,3.1,1.0,0,0.33,0.276,0.252,0.58,,0.0,0.217,0.205,0.174,1
2024-06-21,5.8,21.9,0.504,0.14,weekday,4.3,1.5,0.0,0,0.302,0.0,0.056,0.613,0.0,0.0,0.15,0.199,0.214,1
2024-06-22,7.0,24.1,0.371,0.507,holiday,5.0,0.0,0.0,0,0.728,0.269,0.619,0.117,0.556,,0.261,0.253,0.231,1
2024-06-23,5.9,28.2,0.507,,holiday,2.5,1.4,0.0,0,0.678,0.373,0.557,0.06,0.419,0.031,0.349,0.147,0.257,1
2024-06-24,6.7,20.0,0.361,0.074,weekday,2.7,0.2,0.0,0,0.23,0.024,0.007,,0.018,0.0,0.095,0.186,0.138,0
2024-06-25,6.9,22.9,0.431,0.072,weekday,6.2,1.5,0.0,0,0.445,0.0,0.043,,0.029,0.0,0.248,0.209,0.281,1
2024-06-26,6.2,21.7,0.414,,weekday,5.6,0.0,0.0,0,0.283,0.0,0.083,0.573,0.0,0.0,0.165,0.211,,1
2024-06-27,6.0,18.7,0.495,0.114,weekday,4.7,0.0,0.0,0,0.54,0.0,0.074,0.586,0.0,0.0,0.204,0.211,0.249,1
2024-06-28,6.8,20.4,0.404,0.204,weekday,6.2,0.0,0.0,0,0.42,,0.0,0.579,,0.0,0.16,0.273,0.24,1
2024-06-29,7.5,19.3,0.493,0.407,holiday,4.7,1.1,0.0,0,0.706,0.345,0.55,0.041,0.447,0.0,0.444,0.201,,1
2024-06-30,7.5,25.6,0.326,0.471,holiday,3.9,0.0,0.0,0,0.619,0.214,0.512,0.084,0.501,0.0,,0.175,0.24,1
2024-07-01,7.9,22.0,0.496,0.105,weekday,4.9,0.0,0.0,0,0.485,0.0,0.0,0.53,0.046,0.0,0.253,0.195,0.205,1
2024-07-02,6.1,19.0,0.427,0.135,weekday,3.1,0.0,0.0,0,0.333,0.0,0.0,0.584,0.0,0.0,,0.136,0.112,1
2024-07-03,8.3,,0.276,0.158,weekday,4.6,0.0,0.0,0,0.359,0.0,0.0,0.749,0.061,0.0,0.139,0.188,0.273,1
2024-07-04,8.4,22.7,0.419,0.108,weekday,2.3,3.1,0.0,0,0.476,,0.0,0.636,,0.0,0.177,0.111,0.217,0
2024-07-05,8.1,19.9,0.371,0.113,weekday,5.3,0.0,1.0,0,0.572,0.155,0.243,0.707,0.199,0.0,0.164,0.228,0.234,1
2024-07-06,8.7,22.6,0.379,0.395,holiday,4.0,0.0,0.0,0,0.618,0.321,0.549,0.006,0.445,0.0,,0.2,0.168,1
2024-07-07,9.8,20.6,0.323,0.469,holiday,2.1,0.0,0.0,0,0.6,0.28,0.468,0.0,0.533,0.0,0.356,0.143,0.143,1
2024-07-08,10.2,19.0,,0.077,weekday,6.1,0.0,0.0,0,0.332,0.0,0.0,0.534,0.031,0.0,0.175,0.286,0.234,1
2024-07-09,9.2,24.5,0.331,0.078,weekday,3.1,0.2,0.0,0,0.328,0.048,0.035,0.54,0.055,0.0,0.189,0.206,0.207,1
2024-07-10,11.1,18.8,0.257,0.136,weekday,1.8,0.0,0.0,0,0.311,0.0,0.024,0.707,0.047,0.0,0.064,0.146,0.201,1
2024-07-11,11.6,19.7,0.23,0.086,weekday,3.8,0.0,0.0,0,0.439,0.0,0.0,0.67,0.079,0.0,0.14,0.182,0.178,0
2024-07-12,10.0,20.6,0.273,0.038,weekday,4.4,0.0,0.0,0,0.48,0.0,0.035,0.592,,0.0,0.053,0.219,0.205,1
2024-07-13,9.9,19.5,0.401,0.546,holiday,2.2,0.0,0.0,0,0.795,0.303,0.501,0.083,0.515,0.087,0.414,0.131,0.114,0
2024-07-14,9.9,22.2,0.326,0.474,holiday,3.8,2.9,0.0,0,,0.43,0.614,0.114,0.573,0.007,0.3,0.165,0.187,1
2024-07-15,10.4,18.3,0.293,0.196,weekday,4.9,0.2,0.0,0,0.333,,0.007,0.568,0.07,0.0,0.104,0.142,0.253,1
2024-07-16,12.2,24.7,0.306,0.017,weekday,3.9,5.2,0.0,0,0.481,0.0,0.0,0.546,0.07,0.0,,0.157,0.175,1
2024-07-17,12.6,21.6,0.303,0.009,weekday,1.9,1.0,0.0,0,0.222,0.0,0.035,,0.001,0.0,0.162,0.116,0.153,0
2024-07-18,11.5,24.1,0.347,,weekday,4.7,1.0,0.0,0,0.507,0.0,0.026,0.644,0.0,0.0,0.273,0.224,0.193,1
2024-07-19,12.0,26.0,0.288,0.028,weekday,6.0,0.0,0.0,0,0.297,0.035,0.0,0.588,0.074,0.0,0.0,0.244,0.285,1
2024-07-20,12.8,22.1,0.216,0.39,holiday,5.0,0.6,0.0,0,0.673,0.292,0.534,0.061,0.52,0.0,0.23,0.226,0.236,0
2024-07-21,12.8,20.5,0.289,0.322,holiday,3.4,0.8,0.0,0,0.751,0.324,0.619,0.123,0.518,0.047,0.381,0.198,0.213,1
2024-07-22,12.9,19.6,,0.121,weekday,2.8,2.3,1.0,0,0.521,0.156,0.17,0.652,0.26,0.0,0.015,0.115,0.154,1
2024-07-23,13.1,22.9,0.299,0.057,weekday,6.4,1.1,0.0,0,0.451,0.0,0.03,0.672,0.0,0.0,,,0.272,1
2024-07-24,13.2,22.7,0.231,0.067,weekday,2.1,0.0,0.0,0,0.401,0.0,0.008,0.62,0.116,0.0,0.103,0.169,0.109,1
2024-07-25,13.0,19.5,0.332,0.023,weekday,2.6,3.2,0.0,0,0.524,0.0,0.03,0.627,0.0,0.0,0.171,0.136,0.193,0
2024-07-26,13.4,19.7,0.258,0.014,weekday,5.5,0.0,0.0,0,0.393,0.0,0.021,0.635,0.065,0.0,0.082,0.235,0.234,1
2024-07-27,13.6,18.4,0.276,0.468,holiday,5.2,2.4,0.0,0,0.688,0.326,0.477,0.0,0.619,0.0,0.283,0.249,0.151,1
2024-07-28,14.1,19.9,0.295,0.428,holiday,2.6,1.7,0.0,0,0.78,0.405,0.624,0.157,0.59,0.152,0.325,0.123,0.167,0
2024-07-29,13.3,22.3,0.292,0.103,weekday,3.9,0.5,0.0,0,0.355,0.0,0.0,0.528,0.0,0.0,0.108,0.201,,1
2024-07-30,13.4,20.9,0.293,0.055,weekday,6.0,0.0,0.0,0,0.362,0.0,0.01,0.602,0.115,0.0,0.124,0.289,0.207,1
2024-07-31,16.8,2.8,0.165,0.022,weekday,2.6,0.0,0.0,0,0.515,0.133,0.074,0.746,0.034,0.192,0.033,0.098,0.087,0
2024-08-01,14.2,9.0,0.275,0.282,holiday,5.7,2.6,0.0,0,0.544,0.203,0.249,0.092,0.243,0.0,0.245,0.263,0.173,1
2024-08-02,16.0,6.4,0.241,0.272,holiday,5.6,0.9,0.0,0,,0.229,0.308,0.055,0.358,0.0,0.225,0.19,,0
2024-08-03,15.5,5.8,0.181,0.401,holiday,5.0,0.0,0.0,0,,0.431,0.622,0.098,0.494,,0.295,0.177,0.133,1
2024-08-04,14.8,7.6,0.369,0.287,holiday,7.0,3.1,0.0,0,0.558,0.473,0.611,,0.531,0.057,0.421,,0.254,1
2024-08-05,16.1,10.1,0.236,0.128,holiday,4.1,0.0,1.0,0,0.528,0.44,0.57,0.007,,0.0,0.208,0.179,0.19,1
2024-08-06,16.8,7.4,0.194,0.162,holiday,4.0,0.0,0.0,0,0.483,0.14,0.222,0.048,0.256,,0.17,0.116,0.135,1
2024-08-07,16.2,11.1,0.242,0.221,holiday,5.0,0.6,0.0,0,,0.272,0.233,0.0,0.318,0.0,0.13,0.166,0.14,1
2024-08-08,18.2,8.3,0.168,0.205,holiday,6.6,0.0,0.0,0,0.603,0.264,0.304,0.037,0.299,0.107,0.198,0.2,0.154,1
2024-08-09,16.2,5.8,0.211,0.278,holiday,6.7,0.0,0.0,0,0.568,0.404,0.34,0.101,0.34,0.0,0.253,0.196,0.199,1
2024-08-10,18.4,12.1,0.136,0.386,holiday,4.6,1.2,0.0,0,0.638,0.429,,0.022,0.673,0.109,0.242,0.148,0.193,1
2024-08-11,17.3,5.8,0.144,0.346,holiday,6.7,0.0,0.0,0,0.546,0.422,0.695,0.079,0.589,0.034,0.245,0.262,0.178,1
2024-08-12,19.3,8.7,0.23,0.143,holiday,6.9,1.6,0.0,0,0.469,0.313,0.307,0.011,0.357,0.099,0.295,0.259,,1
2024-08-13,17.2,7.1,0.276,0.134,holiday,8.8,0.5,0.0,0,0.625,0.222,0.294,0.057,0.304,0.127,0.327,0.333,0.253,1
2024-08-14,18.6,8.8,0.095,0.209,holiday,6.9,0.0,1.0,0,0.49,0.658,0.475,0.035,0.539,0.026,0.183,0.201,0.22,1
2024-08-15,17.7,8.4,0.169,0.132,holiday,3.3,0.0,0.0,0,0.497,0.212,0.378,0.122,0.198,0.109,0.222,0.117,0.116,0
2024-08-16,17.4,9.4,0.173,0.15,holiday,6.8,1.4,0.0,0,0.538,0.275,0.288,0.095,0.307,0.013,0.103,0.249,0.237,1
2024-08-17,18.5,11.7,0.159,0.371,holiday,7.9,0.0,0.0,0,0.677,0.555,0.684,0.11,0.611,0.097,0.268,0.322,0.246,1
2024-08-18,19.1,6.8,0.127,0.434,holiday,6.4,0.0,0.0,0,0.665,0.564,0.625,0.086,0.642,0.18,0.313,0.257,0.137,1
2024-08-19,17.9,14.9,0.145,0.18,holiday,4.1,0.1,0.0,0,,0.054,0.216,0.12,0.242,0.085,0.152,0.201,0.177,1
2024-08-20,19.5,6.4,0.171,0.208,holiday,5.3,0.0,0.0,0,0.607,0.287,0.179,0.109,0.325,0.062,0.226,0.154,0.173,1
2024-08-21,19.8,6.5,0.095,0.168,holiday,6.3,0.0,0.0,0,0.467,0.184,0.295,0.074,0.363,0.227,0.154,0.219,0.212,1
2024-08-22,19.5,17.3,0.077,0.139,holiday,5.9,0.2,1.0,0,0.59,0.472,0.448,0.166,0.49,0.01,0.049,0.244,0.217,1
2024-08-23,19.3,11.3,0.161,0.187,holiday,6.0,1.4,0.0,0,0.498,0.239,0.266,0.03,0.281,0.0,0.158,0.217,0.142,1
2024-08-24,21.0,6.5,0.034,0.318,holiday,4.9,0.7,0.0,0,0.711,0.413,0.574,0.168,0.563,0.366,0.124,0.156,0.224,1
2024-08-25,20.3,11.1,0.149,0.294,holiday,8.2,0.5,0.0,0,0.737,0.578,0.593,0.212,0.588,0.192,0.264,0.302,0.306,1
2024-08-26,19.7,6.3,0.106,0.122,holiday,4.6,3.4,0.0,0,0.48,0.246,0.296,0.045,0.315,0.112,0.081,0.159,0.197,1
2024-08-27,19.9,7.9,,0.093,holiday,5.9,0.3,0.0,0,0.602,0.229,0.279,0.184,0.266,0.077,0.198,0.208,0.179,1
2024-08-28,21.7,6.6,0.07,0.251,holiday,5.8,2.4,0.0,0,0.451,0.184,0.25,0.098,0.24,0.198,0.051,0.188,0.171,0
2024-08-29,22.6,8.6,0.044,0.182,holiday,5.4,0.0,0.0,0,0.467,0.434,0.33,0.061,0.282,0.101,0.184,0.196,0.163,1
2024-08-30,21.6,10.6,0.06,0.223,holiday,4.8,0.0,0.0,0,0.604,0.19,,0.059,0.269,0.316,0.07,0.182,0.105,0
2024-08-31,21.2,10.8,0.165,0.352,holiday,5.2,3.1,0.0,0,0.664,0.396,0.532,0.075,0.557,0.331,0.28,0.179,0.155,1
2024-09-01,20.4,10.7,0.131,0.364,holiday,8.2,0.0,0.0,0,0.696,0.44,0.527,0.0,0.501,0.179,0.218,0.289,0.289,1
2024-09-02,21.2,8.0,0.042,0.0,weekday,4.6,0.0,0.0,0,0.508,0.029,0.032,0.688,0.052,0.063,0.01,,0.075,0
2024-09-03,22.4,6.4,0.078,0.032,weekday,6.7,2.1,0.0,0,0.534,0.075,0.004,0.705,0.032,0.042,0.023,0.208,0.166,0
2024-09-04,22.4,7.9,0.041,0.097,weekday,6.4,0.2,0.0,0,0.365,0.082,0.091,0.697,0.022,0.095,0.0,0.18,0.197,1
2024-09-05,20.7,15.1,0.093,0.0,weekday,8.1,0.5,0.0,0,0.582,0.08,0.093,0.675,0.082,0.037,0.055,0.303,0.271,1
2024-09-06,23.2,7.4,0.105,0.066,weekday,5.2,2.5,0.0,0,0.455,0.112,0.0,0.638,0.079,0.051,0.129,0.152,0.186,0
2024-09-07,23.3,11.0,0.008,0.285,holiday,5.2,0.0,0.0,0,,0.468,0.597,0.092,0.58,,0.144,0.165,0.163,1
2024-09-08,23.1,7.6,0.014,0.453,holiday,4.6,0.0,0.0,0,0.699,0.432,0.649,0.202,0.538,,,0.215,0.161,1
2024-09-09,24.0,,0.044,0.0,weekday,5.3,0.0,1.0,0,0.359,0.379,0.221,0.628,,0.179,0.105,0.159,0.137,0
2024-09-10,23.3,8.7,0.0,0.0,weekday,4.1,0.0,0.0,0,0.358,0.055,0.033,0.64,0.073,0.189,0.0,0.144,0.109,0
2024-09-11,25.4,9.3,0.0,0.0,weekday,7.7,1.0,0.0,0,0.359,0.157,0.101,0.643,0.047,0.078,0.01,0.275,0.213,1
2024-09-12,23.0,10.5,0.0,0.009,weekday,5.9,1.0,0.0,0,0.498,0.067,0.0,0.626,0.079,0.057,0.003,0.262,0.222,1
2024-09-13,23.4,8.7,0.0,0.0,weekday,4.3,0.0,1.0,0,0.506,0.372,0.213,0.757,0.274,0.106,0.0,0.152,0.155,0
2024-09-14,24.0,6.8,0.105,0.356,holiday,5.4,0.7,0.0,0,0.666,,0.657,0.223,0.58,0.22,0.179,,0.182,1
2024-09-15,24.7,11.4,0.0,0.311,holiday,4.7,0.0,0.0,0,0.714,0.493,0.648,0.151,0.589,0.356,0.157,0.218,0.156,1
2024-09-16,25.1,7.2,0.094,0.065,weekday,6.4,1.2,0.0,0,0.463,0.079,0.0,0.707,0.103,0.168,0.0,0.286,0.198,0
2024-09-17,22.6,11.1,0.038,0.0,weekday,7.5,0.0,0.0,0,0.385,0.023,0.0,0.668,0.098,0.034,0.0,0.284,0.233,1
2024-09-18,24.4,9.6,0.06,0.0,weekday,5.4,0.0,0.0,0,0.464,0.041,0.038,,0.093,0.069,0.046,0.186,0.14,1
2024-09-19,24.4,6.8,0.0,0.049,weekday,7.5,0.0,0.0,0,0.425,0.066,0.05,0.579,0.085,0.214,0.052,0.245,0.138,1
2024-09-20,23.7,7.4,0.01,0.099,weekday,6.4,0.3,0.0,0,0.354,0.0,0.0,0.524,0.078,0.123,0.05,0.213,0.171,1
2024-09-21,24.2,7.2,0.0,0.321,holiday,6.1,0.0,0.0,0,0.618,0.574,0.673,0.078,0.597,0.281,0.117,0.267,,1
2024-09-22,24.9,9.8,0.0,0.357,holiday,7.1,1.5,0.0,0,0.726,0.628,0.582,0.068,,0.453,0.184,0.243,0.177,1
2024-09-23,26.0,6.2,,0.005,weekday,6.2,0.0,0.0,0,0.204,0.028,0.007,0.636,0.103,0.123,0.0,0.255,0.198,1
2024-09-24,23.8,7.0,0.0,0.079,weekday,6.9,0.0,0.0,0,0.56,,0.047,0.614,0.004,0.174,0.054,0.244,0.159,1
2024-09-25,25.1,7.7,0.012,0.009,weekday,4.4,3.1,0.0,0,,0.175,0.0,0.628,0.084,0.222,0.109,0.197,0.15,0
2024-09-26,23.1,6.7,0.0,0.088,weekday,7.2,0.0,0.0,0,,0.173,0.076,,0.129,0.085,,,0.227,1
2024-09-27,25.3,6.2,,0.0,weekday,6.6,1.0,0.0,0,0.442,0.088,0.073,0.689,0.132,0.204,0.0,0.214,0.244,1
2024-09-28,25.5,8.8,0.02,0.321,holiday,6.9,0.0,,0,0.681,0.502,0.537,0.008,0.594,0.445,0.25,0.275,0.179,1
2024-09-29,24.7,10.6,,0.423,holiday,5.8,0.0,0.0,0,0.725,0.465,0.671,0.077,0.629,0.29,0.235,0.228,0.203,1
2024-09-30,26.7,8.8,,0.005,,4.6,0.8,0.0,0,0.398,0.135,0.056,0.66,0.025,0.221,0.001,0.186,0.15,0
2024-10-01,25.9,1.3,0.044,0.0,weekday,1.6,0.0,0.0,0,0.482,,0.043,0.663,0.054,0.225,0.0,0.063,0.043,0
2024-10-02,26.5,7.3,0.055,0.067,weekday,6.6,0.0,0.0,0,0.497,0.0,0.007,0.723,0.087,0.225,0.106,0.208,0.201,1
2024-10-03,24.5,1.6,0.027,0.012,weekday,4.2,0.0,0.0,0,0.317,,0.061,0.721,0.112,0.181,0.0,0.138,0.096,0
2024-10-04,25.3,0.9,0.013,0.042,weekday,5.3,0.0,0.0,0,0.478,0.161,0.067,0.635,0.18,0.183,0.0,0.211,0.126,1
2024-10-05,26.4,6.6,0.007,0.402,holiday,4.9,0.6,0.0,0,0.752,0.511,0.608,0.058,0.626,0.353,0.083,0.177,0.204,1
2024-10-06,26.1,5.6,0.026,0.363,holiday,5.6,0.0,0.0,0,0.762,0.491,0.515,0.114,0.571,0.313,,0.219,0.103,1
2024-10-07,26.4,0.3,0.0,0.0,weekday,2.9,0.0,0.0,0,0.362,0.024,0.0,0.658,0.12,0.326,0.0,0.032,0.096,0
2024-10-08,27.2,6.7,0.01,0.0,weekday,4.7,2.2,0.0,1,0.353,0.019,0.008,0.533,0.059,0.298,0.0,0.485,0.434,1
2024-10-09,26.1,2.5,0.0,0.079,weekday,3.5,3.2,0.0,0,0.429,0.12,0.065,0.641,0.1,0.31,0.033,0.13,0.072,0
2024-10-10,26.0,4.1,0.033,0.108,weekday,3.3,1.4,1.0,0,0.493,0.312,0.217,0.708,0.291,0.29,0.0,0.157,0.081,1
2024-10-11,27.5,3.3,0.0,0.045,weekday,5.2,0.0,0.0,0,0.424,0.056,0.02,0.663,0.136,0.126,0.011,0.192,0.121,0
2024-10-12,26.2,1.1,0.046,0.391,holiday,4.5,4.4,0.0,0,0.579,0.489,0.553,0.115,0.596,0.484,0.265,,0.15,0
2024-10-13,25.4,4.2,0.0,0.388,holiday,4.9,0.6,0.0,0,0.682,0.495,0.597,0.108,0.589,0.292,0.183,0.135,0.134,0
2024-10-14,23.5,2.5,0.047,0.0,weekday,5.0,0.0,0.0,0,0.441,0.167,0.096,0.716,0.013,0.188,0.0,0.239,0.117,1
2024-10-15,27.0,4.0,0.038,0.0,weekday,3.5,3.8,0.0,0,0.462,0.01,0.055,0.672,0.11,0.57,0.097,0.135,0.115,1
2024-10-16,25.3,3.4,0.019,0.046,weekday,3.0,0.0,,0,0.411,0.232,0.111,0.615,0.125,0.202,0.0,0.138,0.158,1
2024-10-17,25.0,1.8,0.0,0.017,weekday,2.6,0.0,,0,0.446,0.039,0.0,0.672,0.1,0.351,,0.105,0.047,1
2024-10-18,25.9,3.2,0.0,0.0,weekday,3.1,0.0,0.0,0,0.397,0.218,0.034,0.769,0.061,0.287,0.0,0.124,0.093,0
2024-10-19,25.8,5.8,0.0,0.418,holiday,3.5,0.0,0.0,0,0.664,0.599,0.584,0.063,0.638,0.465,0.119,0.116,,0
2024-10-20,24.2,2.5,0.0,0.512,holiday,4.2,0.4,0.0,0,0.713,,0.6,0.158,0.55,0.373,0.108,0.144,0.134,0
2024-10-21,25.9,1.2,0.154,0.046,weekday,3.7,0.9,0.0,0,0.109,0.003,0.0,0.644,0.108,0.438,0.02,0.094,0.053,1
2024-10-22,25.2,5.3,0.0,0.032,weekday,5.2,0.3,0.0,0,0.484,0.023,0.0,0.673,0.061,0.282,0.0,0.229,0.18,1
2024-10-23,25.4,5.4,,0.068,weekday,2.2,1.9,0.0,0,0.538,0.112,0.069,0.673,0.162,0.135,0.0,0.064,0.075,0
2024-10-24,24.6,6.0,0.0,,weekday,3.2,0.0,0.0,0,0.491,0.0,0.0,0.567,0.103,0.236,0.0,0.126,0.13,0
2024-10-25,26.0,0.4,0.0,0.0,weekday,4.6,1.0,0.0,0,0.45,,0.0,0.674,0.085,0.407,0.033,0.157,0.11,1
2024-10-26,26.8,3.3,0.055,0.286,holiday,4.4,0.0,0.0,0,0.769,0.405,0.562,0.123,0.5,0.531,0.277,0.109,0.081,1
2024-10-27,27.3,5.2,0.0,0.408,holiday,3.9,1.9,0.0,0,0.691,0.4,0.682,0.035,0.552,0.392,0.13,,0.157,0
2024-10-28,25.5,3.5,0.043,0.017,weekday,3.9,3.3,0.0,0,0.337,0.085,0.006,0.746,0.129,0.206,,0.104,0.096,0
2024-10-29,25.8,4.5,0.0,0.009,weekday,5.4,1.1,0.0,0,0.474,0.0,0.0,0.644,0.139,,0.037,0.154,0.094,0
2024-10-30,25.9,3.6,0.042,0.0,weekday,5.2,0.6,0.0,0,0.367,0.095,0.092,0.664,0.119,0.231,0.007,,0.081,0
2024-10-31,26.3,,0.054,0.07,weekday,5.1,2.3,1.0,0,0.318,0.544,0.407,0.721,0.295,0.252,0.018,0.096,0.083,0
2024-11-01,26.0,,0.0,0.0,weekday,5.0,2.8,0.0,0,0.454,0.0,0.051,0.631,0.089,0.299,0.025,0.153,0.135,1
2024-11-02,26.0,3.9,0.056,0.34,holiday,2.7,1.4,0.0,0,0.806,0.413,0.617,0.213,0.538,0.442,0.213,0.128,0.102,0
2024-11-03,25.8,3.7,0.065,0.351,holiday,3.0,0.2,0.0,0,0.654,0.477,,0.021,0.633,0.577,0.19,0.112,0.072,1
2024-11-04,25.2,2.9,0.017,0.002,weekday,5.1,0.0,0.0,0,0.459,0.0,0.0,0.662,0.12,0.229,,0.195,0.104,0
2024-11-05,24.9,1.5,0.112,0.0,weekday,4.1,0.0,1.0,0,0.418,0.434,0.266,0.638,0.277,0.228,0.106,0.092,,0
2024-11-06,26.1,1.9,0.056,0.0,weekday,4.6,0.3,0.0,0,0.644,0.147,0.052,0.644,0.033,0.31,0.048,0.165,0.142,0
2024-11-07,25.4,1.3,0.017,0.0,weekday,3.9,0.0,0.0,0,0.379,0.154,0.05,0.639,0.08,0.239,0.019,0.11,0.117,0
2024-11-08,24.4,1.6,0.049,0.073,weekday,4.3,4.3,0.0,0,0.395,0.046,0.04,0.691,0.153,0.282,0.064,0.135,0.108,0
2024-11-09,24.6,5.4,0.011,0.407,holiday,4.0,0.0,0.0,0,0.733,0.452,0.61,0.121,0.643,0.456,0.227,0.152,0.102,1
2024-11-10,25.7,3.0,0.0,0.361,holiday,4.1,0.0,0.0,0,0.728,0.463,0.682,0.072,0.531,0.463,0.14,0.15,0.084,0
2024-11-11,24.3,1.1,,0.029,weekday,2.5,0.0,0.0,0,0.38,0.205,0.055,0.659,0.146,0.178,0.075,0.085,0.083,0
2024-11-12,23.9,1.2,0.006,0.0,weekday,4.1,1.4,0.0,0,0.401,0.149,0.01,0.575,0.165,0.241,0.0,0.102,0.135,0
2024-11-13,24.1,2.2,0.083,0.072,weekday,3.8,0.0,0.0,0,0.415,0.071,0.0,,0.118,0.331,0.106,0.144,0.115,0
2024-11-14,25.4,2.0,0.0,0.043,weekday,6.2,0.0,0.0,0,0.501,0.213,,0.553,0.205,0.292,0.049,0.153,0.141,1
2024-11-15,24.1,8.3,0.0,0.0,weekday,3.8,2.5,0.0,0,0.279,0.265,0.125,0.667,0.064,0.115,0.0,0.124,0.111,0
2024-11-16,23.7,2.8,0.0,0.343,holiday,3.3,0.0,0.0,0,0.702,,0.588,0.106,0.563,0.421,0.257,0.12,0.114,1
2024-11-17,23.7,7.0,0.017,0.332,holiday,3.0,1.5,0.0,0,0.782,0.48,0.641,,0.518,0.425,0.223,0.086,0.127,1
2024-11-18,24.0,2.8,0.0,0.0,weekday,4.9,0.7,0.0,0,0.365,0.0,0.0,0.601,0.166,0.047,0.0,0.176,0.122,0
2024-11-19,24.4,0.1,0.024,0.0,weekday,4.8,2.6,0.0,0,,0.22,0.047,0.697,0.059,0.228,0.047,0.204,0.089,0
2024-11-20,23.9,3.7,0.108,0.021,weekday,3.1,4.3,,0,0.468,0.0,0.0,0.686,0.104,0.21,0.109,0.127,0.071,0
2024-11-21,23.8,3.0,0.056,0.0,weekday,3.8,0.0,0.0,0,0.304,0.14,,0.625,0.071,0.198,0.014,0.137,0.094,0
2024-11-22,23.8,3.0,0.072,0.0,weekday,3.8,0.1,0.0,0,0.444,0.065,0.0,0.651,0.0,0.079,0.0,0.176,0.083,0
2024-11-23,24.0,6.8,,0.356,holiday,5.1,2.1,0.0,0,0.691,0.385,0.566,0.124,0.562,0.315,0.185,0.183,0.127,1
2024-11-24,22.6,2.7,0.03,0.402,holiday,3.2,2.6,0.0,0,0.546,0.438,0.541,0.03,0.527,0.442,0.145,0.121,0.024,0
2024-11-25,24.0,12.0,0.14,0.019,weekday,2.6,0.0,0.0,0,0.483,0.104,0.009,0.662,0.155,0.156,0.085,0.079,0.129,0
2024-11-26,22.7,6.2,0.061,0.0,weekday,3.7,3.8,1.0,0,0.416,0.398,0.229,,,0.107,0.0,0.165,0.069,0
2024-11-27,23.4,3.6,0.12,0.026,weekday,5.3,0.0,0.0,0,0.55,0.106,0.0,0.679,,0.089,0.004,0.199,0.081,1
2024-11-28,22.7,5.8,0.135,0.0,weekday,4.2,2.5,0.0,0,,0.0,0.0,0.715,0.159,0.189,0.047,0.134,0.054,1
2024-11-29,22.8,,0.151,0.0,weekday,4.4,3.1,0.0,0,0.481,0.155,0.0,0.586,0.105,0.211,,0.119,0.149,0
2024-11-30,22.5,0.7,0.032,0.362,holiday,3.6,0.0,0.0,0,0.642,0.537,0.548,,0.551,0.47,0.204,0.101,0.08,0
2024-12-01,22.4,0.0,0.173,0.412,holiday,3.5,6.5,0.0,0,,0.405,0.671,0.096,0.542,,0.36,0.103,0.108,0
2024-12-02,21.6,0.0,0.187,0.202,holiday,3.7,8.2,0.0,0,0.501,0.325,0.313,0.022,0.398,0.207,0.286,0.188,,0
2024-12-03,22.5,0.0,0.194,0.123,holiday,3.0,10.5,0.0,0,0.626,0.296,0.349,0.052,,0.301,0.331,0.084,0.052,0
2024-12-04,21.9,0.0,0.13,0.144,holiday,4.7,10.4,0.0,0,0.607,0.172,0.311,0.098,0.302,0.288,0.161,0.104,,0
2024-12-05,21.7,0.0,0.224,0.199,holiday,4.8,9.9,0.0,0,0.665,0.129,0.255,0.107,0.298,0.336,0.33,0.225,0.144,1
2024-12-06,21.9,0.0,0.215,0.179,holiday,2.8,7.9,0.0,0,0.465,0.171,0.288,0.0,0.424,0.322,0.219,0.16,0.131,0
2024-12-07,19.6,0.0,0.322,0.348,holiday,4.3,17.7,0.0,0,,0.347,0.545,0.165,0.623,0.262,0.395,0.119,0.065,0
2024-12-08,21.6,0.0,0.187,0.349,holiday,3.5,10.8,0.0,0,0.807,0.364,0.509,0.14,0.59,0.392,0.269,0.084,0.06,0
2024-12-09,22.1,0.0,0.133,,,3.1,7.4,0.0,0,0.577,0.204,0.294,0.153,0.31,0.314,0.205,0.068,0.02,0
2024-12-10,20.5,0.0,0.291,,holiday,3.1,14.1,0.0,0,0.414,0.359,0.26,0.06,0.299,0.317,0.313,0.121,0.085,0
2024-12-11,20.2,0.0,0.183,0.176,holiday,3.0,11.7,0.0,0,0.553,0.136,0.298,0.113,0.326,0.262,0.108,0.074,0.071,0
2024-12-12,19.7,0.0,0.317,0.184,holiday,4.1,18.6,0.0,0,0.517,0.267,0.269,0.169,,0.244,0.246,0.203,0.112,0
2024-12-13,20.8,0.0,0.326,0.261,holiday,5.1,11.1,0.0,0,,0.287,0.299,0.014,0.283,0.162,0.267,0.147,0.056,0
2024-12-14,18.4,0.0,0.403,0.361,holiday,3.8,16.6,0.0,0,0.699,0.481,0.629,0.108,0.613,0.191,0.388,0.149,0.103,0
2024-12-15,19.3,0.0,0.315,0.354,holiday,5.9,12.7,0.0,0,0.656,0.482,0.573,0.1,0.6,0.202,,0.214,0.102,0
2024-12-16,19.5,,,0.203,holiday,5.0,15.0,0.0,0,0.561,0.173,0.309,0.067,0.277,0.25,0.256,0.204,0.088,1
2024-12-17,18.2,0.0,0.435,0.214,holiday,5.6,14.7,0.0,0,0.638,0.279,0.36,0.109,0.282,0.06,0.283,0.211,0.143,0
2024-12-18,18.8,0.0,0.358,0.123,holiday,3.2,16.8,0.0,0,0.645,0.172,0.316,0.166,0.314,0.148,0.374,0.067,0.072,0
2024-12-19,18.8,0.0,0.29,0.185,holiday,3.1,18.1,0.0,0,0.555,0.206,0.249,0.133,0.35,0.141,0.33,0.07,0.017,0
2024-12-20,18.9,0.0,0.297,0.213,holiday,5.9,17.5,0.0,0,0.516,0.285,0.293,0.13,0.441,0.0,0.176,0.206,0.116,0
2024-12-21,17.2,0.0,0.42,0.337,holiday,4.2,20.6,0.0,0,0.674,0.407,0.565,0.128,0.558,0.216,0.455,0.133,0.073,0
2024-12-22,19.5,2.8,0.162,0.318,holiday,4.9,13.5,0.0,0,0.638,0.465,0.648,0.137,0.56,0.18,0.32,0.181,0.115,0
2024-12-23,18.6,,0.372,0.176,holiday,2.1,15.4,0.0,0,0.564,0.148,0.307,0.045,0.346,0.084,0.247,0.098,0.056,0
2024-12-24,18.8,0.0,0.371,0.222,holiday,3.9,16.8,0.0,0,0.689,,0.316,0.089,0.309,0.207,0.366,0.125,0.046,1
2024-12-25,17.4,0.0,0.376,0.202,holiday,4.8,18.5,0.0,0,0.501,0.292,0.244,0.049,0.363,0.109,0.3,0.115,0.149,0
2024-12-26,17.2,0.0,0.395,0.191,holiday,3.5,19.1,0.0,0,0.485,0.264,0.366,0.0,0.323,0.034,0.407,0.139,0.053,0
2024-12-27,17.5,0.0,0.361,0.233,holiday,2.3,17.9,0.0,0,0.442,,0.225,0.048,0.229,0.058,0.33,0.079,0.02,0
2024-12-28,17.4,0.0,0.449,0.213,holiday,3.6,20.1,0.0,0,0.581,0.525,0.689,0.017,0.483,0.26,0.535,0.151,0.083,0
2024-12-29,15.9,0.0,0.429,0.441,holiday,2.9,22.6,0.0,0,0.61,0.509,,0.082,0.526,0.249,0.604,0.115,0.053,0
2024-12-30,16.1,0.0,0.424,0.151,holiday,2.5,22.4,0.0,0,0.506,0.405,0.263,0.062,0.26,0.112,0.373,0.062,0.018,0
2024-12-31,15.5,0.0,0.518,0.233,holiday,4.2,23.6,1.0,0,0.598,0.402,0.537,0.069,0.556,0.023,0.322,0.088,0.12,0
2025-01-01,15.8,0.0,0.416,0.236,holiday,3.3,18.8,0.0,0,0.614,,0.299,0.078,0.327,0.0,0.361,0.099,0.122,0
2025-01-02,15.0,0.0,0.506,0.257,holiday,2.7,23.7,0.0,0,0.558,0.189,0.357,0.032,0.288,0.0,0.352,0.127,0.057,0
2025-01-03,15.8,0.0,0.498,0.206,holiday,7.3,21.7,0.0,0,0.448,0.177,0.381,0.035,0.38,0.0,0.399,0.216,0.203,1
2025-01-04,15.0,0.0,0.389,0.407,holiday,5.2,21.1,0.0,0,0.679,0.463,0.587,0.147,0.565,0.149,0.437,0.165,0.147,1
2025-01-05,15.0,0.0,0.513,0.322,,3.9,24.8,0.0,0,0.661,0.476,0.637,0.068,0.577,0.122,0.435,0.114,0.082,1
2025-01-06,14.7,0.0,0.493,0.262,holiday,3.7,22.5,0.0,0,0.437,,0.338,0.093,0.313,0.173,0.333,0.118,,0
2025-01-07,14.8,0.0,0.511,0.275,holiday,4.7,26.6,0.0,0,0.464,0.165,0.267,0.093,0.261,0.0,0.41,,0.074,0
2025-01-08,16.6,0.0,0.408,0.117,holiday,5.5,20.6,0.0,0,0.515,0.285,0.382,0.127,0.387,,0.384,0.194,,1
2025-01-09,12.8,0.0,0.598,0.123,holiday,1.6,26.8,0.0,0,0.467,0.34,0.339,0.173,0.345,0.035,0.481,0.035,0.039,0
2025-01-10,13.9,0.0,0.543,0.324,holiday,2.2,21.8,,0,0.548,0.189,0.227,0.107,0.324,0.003,0.422,0.079,0.0,0
2025-01-11,13.2,0.0,0.607,0.306,holiday,4.2,28.0,0.0,0,0.668,0.289,0.624,0.098,0.555,,0.562,0.103,0.093,0
2025-01-12,14.3,0.0,0.651,0.384,holiday,4.1,24.3,0.0,0,,0.36,0.648,0.123,0.518,0.235,0.57,0.153,0.113,0
2025-01-13,14.1,0.0,0.534,0.211,holiday,2.5,25.2,0.0,0,0.6,0.293,0.371,0.083,,0.096,0.39,0.101,0.043,0
2025-01-14,13.0,0.0,0.595,0.237,holiday,4.3,28.5,0.0,0,0.638,0.322,0.281,,0.269,0.072,0.437,0.118,0.053,0
2025-01-15,11.6,0.0,0.657,0.259,holiday,3.0,30.5,0.0,0,0.518,0.321,0.32,0.134,0.254,0.101,0.472,0.149,0.056,0
2025-01-16,12.1,0.0,0.653,0.271,holiday,5.2,29.6,0.0,0,0.507,0.131,0.306,0.049,0.243,0.068,0.422,,0.143,1
2025-01-17,12.2,0.0,0.608,0.292,,3.6,23.9,,0,0.525,0.169,0.209,0.083,0.329,0.0,0.464,0.098,,0
2025-01-18,13.4,0.0,0.556,0.369,holiday,3.0,25.2,0.0,0,0.67,0.324,0.581,0.118,0.64,0.171,0.515,0.083,0.059,0
2025-01-19,13.4,0.0,0.608,0.369,holiday,5.2,26.0,0.0,0,0.625,0.517,0.57,0.139,0.56,0.013,0.549,0.119,0.072,0
2025-01-20,11.1,0.0,,0.243,holiday,6.3,32.2,0.0,0,0.558,0.204,0.216,0.044,0.302,0.035,0.483,0.197,0.122,1
2025-01-21,11.7,0.0,0.592,0.223,holiday,4.3,29.6,0.0,0,0.722,0.247,0.368,0.098,0.221,0.0,0.383,0.16,0.08,0
2025-01-22,9.0,0.0,0.828,0.218,holiday,6.4,35.0,0.0,0,0.472,0.115,0.281,0.0,0.316,0.118,0.578,0.195,0.141,1
2025-01-23,12.1,0.0,0.582,0.236,holiday,4.5,26.5,0.0,0,0.57,0.137,0.285,0.155,0.261,0.068,0.371,0.236,,1
2025-01-24,10.2,0.0,0.778,0.284,holiday,2.7,31.4,0.0,0,0.621,0.224,0.293,0.164,0.299,0.059,0.497,0.1,0.015,0
2025-01-25,11.4,0.0,0.631,0.424,holiday,3.3,29.1,0.0,0,0.573,0.369,0.557,0.061,0.497,,0.576,0.117,0.059,0
2025-01-26,11.0,0.0,0.65,0.327,holiday,6.8,30.9,0.0,0,0.659,,0.665,,0.489,0.165,0.517,0.216,0.167,1
2025-01-27,8.5,0.0,0.722,0.315,holiday,2.8,35.0,0.0,0,0.663,0.052,0.258,0.073,0.266,0.101,0.493,0.122,0.032,0
2025-01-28,9.6,0.0,0.685,0.316,holiday,3.9,33.8,0.0,0,0.473,0.191,0.249,0.088,0.28,0.083,0.508,0.119,0.018,0
2025-01-29,8.8,0.0,0.779,0.219,holiday,4.2,35.0,0.0,0,0.477,0.213,0.331,0.13,0.188,0.0,0.445,0.147,0.139,0
2025-01-30,10.0,0.0,0.819,0.263,,2.3,32.9,0.0,0,0.552,0.197,0.295,0.206,0.217,0.017,0.536,0.078,0.01,0
2025-01-31,9.9,,0.664,0.203,,3.5,31.4,0.0,0,0.486,0.356,0.303,0.053,0.278,0.067,0.438,0.05,0.018,0
2025-02-01,9.3,,0.806,0.44,holiday,5.0,35.0,0.0,0,0.747,0.339,0.57,0.039,0.635,0.047,0.733,0.129,0.102,1
2025-02-02,9.3,0.0,0.756,0.398,holiday,3.1,30.8,0.0,0,0.763,0.449,0.583,0.109,0.478,0.049,0.676,0.096,0.024,0
2025-02-03,7.3,0.0,0.802,0.113,weekday,3.7,35.0,0.0,0,0.407,0.0,0.0,0.631,0.088,0.023,0.435,0.142,0.075,0
2025-02-04,7.6,0.0,0.818,0.117,weekday,3.5,35.0,0.0,0,0.312,0.02,0.0,,0.0,0.0,0.372,0.083,0.069,0
2025-02-05,8.6,0.0,0.672,0.178,weekday,4.0,35.0,0.0,0,0.444,,0.031,0.777,0.0,0.0,0.386,0.113,0.062,0
2025-02-06,7.7,0.0,0.807,0.119,weekday,2.7,35.0,0.0,0,0.447,0.0,0.0,0.58,0.039,0.0,0.316,0.075,0.014,0
2025-02-07,7.6,0.0,0.728,0.109,weekday,5.2,35.0,0.0,0,0.539,,0.009,0.67,0.007,0.0,0.383,0.194,0.138,1
2025-02-08,7.6,0.0,0.792,0.494,holiday,3.4,34.9,0.0,0,0.622,0.43,0.585,0.122,0.542,0.263,,0.138,0.044,0
2025-02-09,6.8,0.2,0.85,0.547,holiday,2.2,35.0,0.0,0,0.815,0.391,0.667,0.064,0.504,0.161,0.723,0.061,0.045,0
2025-02-10,5.8,0.0,,0.107,weekday,5.2,33.2,0.0,0,,0.0,0.0,0.559,,0.079,0.568,0.146,0.17,1
2025-02-11,5.2,3.2,0.925,0.099,weekday,5.3,35.0,0.0,0,0.427,0.0,0.0,0.666,,0.0,0.547,0.162,0.099,0
2025-02-12,6.1,,0.825,0.139,weekday,4.1,35.0,,0,0.374,0.0,0.012,0.618,0.0,0.0,0.476,0.079,0.12,0
2025-02-13,6.9,0.0,0.759,0.039,weekday,4.6,35.0,0.0,0,0.374,0.0,0.0,0.778,0.0,0.0,0.437,0.142,0.109,0
2025-02-14,7.2,0.0,0.926,0.036,weekday,4.5,35.0,,0,0.552,0.294,0.218,0.661,0.207,0.108,,0.106,0.075,0
2025-02-15,5.7,0.0,0.835,0.375,holiday,4.1,33.2,0.0,0,0.643,0.311,0.613,0.0,0.55,0.185,0.584,0.135,0.154,1
2025-02-16,4.3,0.0,0.879,0.477,holiday,5.6,35.0,1.0,0,0.558,0.772,0.935,,0.759,0.123,0.721,0.158,0.107,1
2025-02-17,4.3,0.8,0.755,0.179,weekday,6.7,35.0,0.0,0,0.472,0.185,0.0,0.581,0.0,0.0,0.51,,0.157,1
2025-02-18,4.4,0.0,0.856,0.045,weekday,2.5,35.0,0.0,0,0.456,0.099,0.087,0.639,0.024,0.0,0.409,0.155,0.051,0
2025-02-19,4.5,0.0,0.869,0.0,weekday,4.2,32.4,0.0,0,0.408,0.219,0.058,0.634,0.068,0.0,0.494,0.163,0.099,0
2025-02-20,3.3,0.0,0.943,0.109,weekday,3.6,33.6,0.0,0,0.226,0.0,0.023,0.543,0.0,0.0,0.493,0.109,0.08,0
2025-02-21,5.6,0.0,0.823,0.044,weekday,5.0,35.0,0.0,0,0.496,0.09,0.031,0.681,0.001,0.0,0.407,0.12,0.096,0
2025-02-22,5.3,0.0,0.932,0.476,holiday,5.1,34.4,1.0,0,0.637,0.513,0.755,0.139,0.628,0.114,0.859,0.146,0.084,0
2025-02-23,3.6,0.0,0.9,0.417,holiday,4.8,32.9,0.0,0,0.531,0.417,0.535,0.102,0.554,0.168,0.675,0.17,0.065,0
2025-02-24,5.6,0.0,0.856,0.091,weekday,4.2,33.9,0.0,0,0.505,0.111,0.048,0.656,,0.0,0.463,0.117,0.139,0
2025-02-25,2.9,,0.961,0.099,weekday,5.6,32.4,0.0,0,0.342,0.02,0.061,0.633,0.058,0.0,0.66,0.202,,0
2025-02-26,4.1,0.0,0.945,0.115,weekday,3.5,35.0,0.0,0,0.357,0.044,0.013,0.729,0.0,0.0,0.609,0.092,0.035,0
2025-02-27,4.5,0.0,,0.138,weekday,1.9,35.0,0.0,0,0.459,0.0,0.0,0.588,0.123,0.079,,,0.03,1
2025-02-28,4.2,0.0,0.792,0.015,weekday,3.7,34.9,,0,0.289,0.0,0.0,0.668,0.0,0.0,0.448,0.088,0.071,0
2025-03-01,4.9,0.0,0.932,0.548,holiday,5.9,34.9,0.0,0,0.864,0.4,0.6,0.166,0.499,0.107,0.713,0.225,0.123,0
2025-03-02,1.7,0.0,,0.49,holiday,4.1,34.8,0.0,0,0.66,0.345,0.51,0.0,0.456,0.183,0.768,0.183,0.097,0
2025-03-03,1.4,0.0,0.941,0.043,weekday,2.4,32.2,0.0,0,0.388,0.0,0.0,0.789,0.051,0.003,0.578,0.109,0.063,0
2025-03-04,2.4,0.0,0.871,0.118,weekday,2.7,35.0,0.0,0,0.344,0.0,0.0,0.68,0.017,0.0,0.571,0.142,0.041,0
2025-03-05,3.1,0.0,0.915,0.106,weekday,4.5,31.8,0.0,0,0.387,0.037,0.0,0.629,0.0,,0.461,,,0
2025-03-06,2.0,0.0,0.953,0.185,weekday,3.3,35.0,1.0,0,0.38,0.128,0.205,0.667,0.24,0.049,0.504,,0.095,0
2025-03-07,1.5,0.0,0.949,0.033,weekday,3.4,34.0,0.0,0,0.44,0.0,0.09,0.596,0.007,0.0,0.466,0.11,0.069,0
2025-03-08,1.6,,0.942,0.525,holiday,2.2,35.0,0.0,0,0.803,0.46,0.616,0.138,0.521,0.168,0.75,0.097,0.091,0
2025-03-09,2.5,0.0,0.874,0.472,holiday,4.8,35.0,0.0,0,0.613,0.427,0.596,0.005,0.416,0.115,0.721,0.067,0.124,1
2025-03-10,1.8,0.0,0.944,0.182,weekday,3.3,35.0,0.0,0,0.343,0.0,0.022,0.654,0.058,0.013,0.576,0.062,0.131,0
2025-03-11,2.0,0.0,0.894,0.153,weekday,3.3,34.7,0.0,0,0.392,0.072,0.028,0.726,0.0,0.0,0.465,0.092,0.076,0
2025-03-12,0.9,0.0,1.0,0.153,weekday,3.4,35.0,0.0,0,0.326,0.03,0.026,0.678,0.018,0.0,0.585,0.165,0.078,0
2025-03-13,1.6,0.0,0.987,0.129,weekday,4.0,35.0,,0,0.499,0.0,0.027,0.714,0.02,0.056,0.588,0.135,0.077,0
2025-03-14,0.3,2.2,1.0,0.13,weekday,5.4,33.1,0.0,0,0.36,0.0,0.038,0.68,0.017,0.0,0.585,0.169,0.143,1
2025-03-15,-0.0,0.0,0.957,0.452,holiday,4.9,34.8,0.0,0,0.81,0.423,0.656,0.178,0.498,0.153,0.788,0.188,0.131,0
2025-03-16,1.1,0.0,0.946,0.49,holiday,1.8,34.6,0.0,0,0.767,0.571,0.556,0.048,0.429,0.221,0.747,0.064,0.02,0
2025-03-17,-1.2,0.0,0.988,0.111,weekday,3.3,34.5,1.0,0,0.432,0.3,0.364,0.706,0.173,0.041,0.619,0.083,0.073,0
2025-03-18,-0.5,0.0,1.0,0.111,weekday,3.9,33.3,0.0,0,0.397,0.0,0.0,0.718,0.045,0.0,0.503,0.172,0.073,0
2025-03-19,-0.2,0.0,0.963,0.178,weekday,4.5,35.0,0.0,0,0.438,0.0,0.0,0.659,0.018,0.012,0.421,0.127,0.101,0
2025-03-20,0.8,0.0,0.967,0.171,weekday,2.2,35.0,0.0,0,0.407,0.035,0.021,0.663,,0.0,0.454,0.062,0.054,0
2025-03-21,0.3,0.0,1.0,,weekday,2.4,32.8,0.0,0,0.406,0.0,0.0,,0.0,,0.539,0.056,0.039,0
2025-03-22,0.7,0.0,0.996,0.561,holiday,3.1,35.0,0.0,0,0.697,0.299,0.598,0.029,0.519,0.041,0.865,0.09,,0
2025-03-23,-0.7,0.0,0.916,0.474,holiday,5.5,35.0,0.0,0,0.509,0.413,,0.054,0.525,0.047,0.637,0.178,0.116,0
2025-03-24,-0.3,0.0,0.979,0.232,weekday,4.8,34.6,0.0,0,0.337,0.109,0.0,0.752,0.025,0.0,0.535,0.156,0.074,0
2025-03-25,0.1,0.0,0.861,0.165,weekday,3.4,35.0,0.0,0,,0.0,0.0,0.678,0.0,,0.574,0.106,0.066,0
2025-03-26,-0.8,0.0,1.0,0.164,weekday,3.8,33.9,0.0,0,0.473,,0.0,0.664,0.024,0.0,0.582,0.074,0.095,0
2025-03-27,-0.5,0.0,0.962,0.094,weekday,3.1,35.0,0.0,0,0.518,0.15,0.066,0.604,0.0,0.0,0.519,0.046,0.08,0
2025-03-28,0.2,0.0,1.0,0.229,weekday,4.3,35.0,0.0,0,0.434,0.0,0.069,0.67,0.039,0.0,0.536,0.162,0.07,0
2025-03-29,-0.7,0.0,0.99,0.576,holiday,1.0,35.0,0.0,0,0.806,0.34,0.524,0.109,0.519,0.171,0.701,0.0,0.017,0
2025-03-30,-0.9,0.0,0.935,0.47,holiday,2.2,35.0,0.0,0,0.703,0.371,0.464,0.07,0.55,0.09,0.733,0.046,0.054,0
2025-03-31,-2.4,0.0,0.895,0.125,weekday,3.8,35.0,1.0,0,0.397,0.298,0.283,0.653,0.187,0.0,0.593,0.136,0.125,1
2025-04-01,-1.8,3.1,0.633,0.131,weekday,2.2,2.1,1.0,0,0.5,0.092,0.177,0.579,0.162,0.0,0.362,0.108,0.062,0
2025-04-02,-1.9,2.9,0.729,0.172,weekday,2.2,0.0,0.0,0,0.378,0.0,0.025,0.588,0.0,0.0,0.385,0.066,0.087,0
2025-04-03,-1.0,1.8,,0.168,weekday,5.5,0.0,0.0,0,0.37,0.155,0.079,0.696,0.0,0.0,0.326,0.225,0.073,0
2025-04-04,-2.3,2.9,0.691,0.217,weekday,3.1,2.1,0.0,0,0.486,0.024,,0.588,0.056,0.0,0.379,0.041,0.041,0
2025-04-05,-2.2,5.7,0.687,0.561,holiday,5.8,0.0,0.0,0,0.616,0.105,0.513,0.003,0.444,0.176,0.572,0.177,0.165,1
2025-04-06,-1.9,2.9,0.655,0.533,holiday,2.5,0.0,0.0,0,0.701,0.445,0.54,0.068,0.44,0.166,0.564,0.064,,0
2025-04-07,-1.9,1.1,0.618,0.164,weekday,5.2,0.0,0.0,0,0.29,0.016,,0.805,0.0,0.0,0.412,0.181,0.14,0
2025-04-08,-1.7,7.3,0.621,0.248,weekday,2.9,0.0,0.0,0,0.603,0.0,0.0,0.634,0.02,0.0,0.293,0.145,,0
2025-04-09,-1.7,,0.692,0.109,weekday,4.5,1.0,,0,0.413,0.064,0.026,0.671,0.055,0.0,0.303,0.188,0.126,1
2025-04-10,-2.7,2.9,0.666,0.233,weekday,3.5,2.3,0.0,0,0.36,0.0,0.0,0.614,0.0,0.084,0.377,0.13,0.025,0
2025-04-11,-2.1,2.5,0.631,0.086,weekday,4.7,0.0,0.0,0,0.522,,0.012,0.649,0.0,0.0,0.319,0.149,0.076,0
2025-04-12,-1.6,7.3,0.791,0.536,holiday,3.5,2.9,0.0,0,0.603,0.416,0.576,0.039,0.461,0.048,0.582,0.149,0.091,1
2025-04-13,-2.3,1.1,0.6,0.443,holiday,6.8,0.0,0.0,0,0.535,0.466,0.576,0.118,0.466,0.031,0.535,0.241,0.131,0
2025-04-14,-1.9,1.4,0.711,,weekday,4.7,4.6,0.0,0,0.434,0.081,0.003,0.611,0.051,0.0,0.343,0.147,0.128,0
2025-04-15,-1.3,0.5,0.724,,weekday,1.1,1.2,,0,0.38,0.0,0.023,0.604,0.0,0.018,,0.024,0.012,0
2025-04-16,-1.8,2.0,0.626,0.264,weekday,4.9,0.0,1.0,0,0.5,0.153,0.176,0.57,0.253,0.0,0.408,0.181,0.11,0
2025-04-17,-1.3,2.4,0.661,0.148,weekday,2.5,0.0,0.0,0,0.605,0.0,0.073,0.745,0.0,0.0,0.343,0.107,0.081,0
2025-04-18,-1.3,1.2,,0.152,weekday,4.9,0.1,0.0,0,0.396,0.093,0.095,0.635,0.0,0.0,0.419,0.131,0.151,0
2025-04-19,-2.7,4.6,0.569,,holiday,4.9,1.9,0.0,0,0.769,0.343,0.641,,0.612,0.0,0.453,0.173,,0
2025-04-20,-2.2,6.7,0.653,0.532,holiday,5.0,0.6,0.0,0,0.777,0.278,0.561,0.103,0.506,0.135,0.581,0.156,0.097,1
2025-04-21,-1.9,3.2,0.691,,weekday,3.3,0.6,0.0,0,0.45,0.0,0.0,0.573,0.0,0.042,0.367,0.102,0.104,1
2025-04-22,-1.6,,0.622,0.041,weekday,4.4,0.0,0.0,0,0.494,0.0,0.011,0.715,0.0,0.0,0.326,0.142,0.122,1
2025-04-23,-2.5,2.7,0.673,0.155,weekday,4.8,0.0,0.0,0,0.474,0.0,,0.682,0.0,0.054,,0.117,0.183,1
2025-04-24,-1.2,1.4,0.671,0.129,weekday,3.1,0.0,0.0,0,0.453,0.0,0.0,0.706,0.0,0.0,0.427,0.143,0.083,1
2025-04-25,-3.1,8.6,0.707,0.106,weekday,3.5,0.0,0.0,0,0.289,0.0,0.0,0.682,0.0,0.0,0.399,0.111,0.117,1
2025-04-26,-1.7,1.8,0.683,0.592,holiday,1.7,1.8,0.0,0,0.698,0.449,0.537,0.049,0.406,0.137,0.494,0.066,0.057,0
2025-04-27,-2.3,2.4,0.631,0.452,holiday,1.5,1.2,0.0,0,0.673,0.429,,0.124,0.459,0.169,0.461,0.023,0.026,0
2025-04-28,-3.3,,0.648,0.208,weekday,3.5,0.0,1.0,0,0.474,0.174,0.166,0.696,0.207,0.0,0.456,0.152,0.077,0
2025-04-29,-2.8,0.6,0.52,0.146,weekday,3.8,0.0,0.0,0,0.425,0.01,0.081,0.667,0.074,0.026,0.278,0.124,0.063,0
2025-04-30,-3.4,4.8,0.651,0.218,weekday,2.9,0.0,0.0,0,0.381,0.0,0.101,0.689,0.066,0.0,0.303,0.144,0.083,0
2025-05-01,-0.3,1.0,0.76,0.279,holiday,5.7,0.7,0.0,0,0.661,0.324,0.311,0.069,0.186,0.086,0.55,0.225,0.108,1
2025-05-02,-1.0,1.5,0.697,0.307,holiday,4.2,1.3,0.0,0,0.557,0.358,0.363,0.051,0.177,0.0,,0.124,0.142,0
2025-05-03,-1.3,3.1,0.7,0.515,holiday,0.4,0.0,0.0,0,0.671,0.514,0.565,0.133,0.499,0.254,0.628,0.0,0.045,0
2025-05-04,-2.1,0.3,0.6,0.496,holiday,3.3,0.0,0.0,0,0.698,0.362,0.53,0.104,0.491,0.165,0.563,0.126,0.086,0
2025-05-05,-2.0,4.3,0.663,0.342,holiday,4.3,3.4,0.0,0,0.2,0.139,0.383,0.097,0.388,0.0,0.442,0.152,0.179,1
2025-05-06,-2.5,3.5,0.663,0.307,holiday,3.8,1.8,0.0,0,0.582,0.195,0.339,0.091,0.232,0.0,0.464,0.124,0.091,0
2025-05-07,-1.7,0.2,0.63,0.354,holiday,2.7,0.0,0.0,0,0.5,0.236,0.251,0.133,,0.142,0.435,0.059,0.007,0
2025-05-08,-1.5,3.4,0.684,0.291,holiday,5.8,0.0,0.0,0,0.556,0.151,0.359,0.149,0.232,0.0,0.442,0.195,0.107,1
2025-05-09,-1.3,0.8,0.545,0.395,holiday,4.5,0.0,0.0,0,0.548,0.187,0.235,0.139,0.243,0.121,0.243,0.134,0.111,0
2025-05-10,-1.1,,0.673,0.484,holiday,3.7,0.0,0.0,0,0.689,0.307,0.514,0.089,0.44,0.032,0.607,0.167,0.08,0
2025-05-11,-2.6,3.1,0.703,0.51,holiday,1.4,1.0,0.0,0,0.726,0.439,0.572,0.044,0.578,0.297,0.594,0.059,0.047,0
2025-05-12,-1.5,1.2,0.662,0.309,holiday,4.1,0.0,0.0,0,0.523,0.255,0.245,0.033,0.224,0.044,0.44,0.129,0.11,0
2025-05-13,0.5,1.6,0.705,0.282,holiday,3.2,0.0,0.0,0,0.451,0.181,0.244,0.054,0.344,0.047,0.503,0.126,0.025,0
2025-05-14,-1.1,1.5,0.623,0.338,holiday,1.9,0.0,0.0,0,0.738,0.316,0.269,,0.189,0.053,0.418,0.061,0.04,0
2025-05-15,-0.6,3.5,0.716,0.324,holiday,5.4,0.7,0.0,0,0.369,0.148,0.242,0.067,0.206,0.0,0.523,0.188,0.163,1
2025-05-16,-0.8,3.5,0.667,0.394,holiday,4.4,0.0,0.0,0,0.519,0.388,0.401,0.08,0.248,0.0,0.476,0.176,,0
2025-05-17,-0.9,3.5,0.623,0.584,holiday,5.0,1.4,0.0,0,0.763,0.454,0.58,0.128,0.524,0.152,0.576,0.13,0.15,1
2025-05-18,0.0,2.5,0.619,0.511,holiday,6.1,0.0,0.0,0,,0.492,0.614,0.04,0.466,,0.518,0.198,0.158,1
2025-05-19,0.8,1.2,0.596,0.302,holiday,3.9,0.8,0.0,0,0.536,0.039,0.367,0.061,0.256,0.0,0.428,0.11,0.087,0
2025-05-20,-0.1,4.4,,0.286,holiday,4.7,0.0,0.0,0,0.431,0.217,0.187,0.093,0.246,0.0,0.362,0.152,0.124,0
2025-05-21,0.6,2.6,,0.25,holiday,3.3,3.6,0.0,0,0.535,0.17,0.297,0.048,0.247,0.0,0.462,0.075,0.037,0
2025-05-22,0.0,4.8,0.613,0.404,holiday,3.7,0.0,0.0,0,0.462,0.204,0.307,0.051,0.253,0.017,0.344,0.162,0.119,1
2025-05-23,1.2,2.2,0.634,0.324,holiday,3.4,0.0,1.0,0,0.593,0.324,0.446,0.134,0.368,0.072,0.476,,0.102,0
2025-05-24,1.8,0.7,0.67,0.45,holiday,3.7,0.7,0.0,0,0.664,0.474,0.619,0.088,0.531,0.136,0.577,0.121,0.139,0
2025-05-25,0.4,3.3,0.595,0.558,holiday,4.6,0.0,1.0,0,0.675,0.646,0.817,0.146,0.611,0.223,0.554,0.168,0.115,1
2025-05-26,0.8,2.3,0.622,0.315,holiday,4.2,1.8,0.0,0,0.596,0.23,0.269,0.074,0.269,0.026,0.449,0.106,0.053,0
2025-05-27,0.7,3.5,0.669,0.343,holiday,4.6,2.7,0.0,0,0.576,0.259,,0.02,0.263,0.061,0.532,0.193,0.134,0
2025-05-28,-0.1,1.6,0.636,0.247,holiday,3.0,0.0,0.0,0,0.591,0.327,0.428,0.138,0.263,0.038,0.426,0.158,0.073,1
2025-05-29,1.3,5.4,0.641,0.387,holiday,3.9,2.2,0.0,0,0.597,0.245,0.297,0.082,0.227,0.0,0.394,0.083,0.086,0
2025-05-30,1.9,5.6,0.708,0.279,holiday,2.6,0.0,0.0,0,0.581,0.062,0.304,0.098,0.295,0.116,0.448,0.138,0.123,0
2025-05-31,-0.5,3.1,,0.38,holiday,4.7,1.0,0.0,0,0.647,0.315,0.587,0.109,0.482,0.103,0.59,0.161,0.169,0
2025-06-01,1.4,8.2,0.641,0.461,holiday,3.8,3.5,0.0,0,0.556,0.25,,0.073,0.54,0.151,0.583,0.153,0.098,0
2025-06-02,2.1,4.0,0.594,0.186,weekday,4.4,0.0,0.0,0,0.513,0.05,0.018,0.719,0.001,0.0,0.407,0.124,,1
2025-06-03,2.3,2.1,0.539,0.197,weekday,6.1,0.0,0.0,0,0.561,0.0,0.018,0.715,0.0,0.0,0.355,0.2,0.113,0
2025-06-04,2.7,0.6,0.59,0.081,weekday,3.1,1.6,0.0,0,0.475,0.0,0.0,0.657,0.0,0.0,0.412,0.092,0.087,0
2025-06-05,2.2,2.1,0.608,0.144,weekday,4.7,0.0,,0,0.401,0.018,0.07,0.683,0.027,0.0,0.334,0.11,0.123,0
2025-06-06,1.7,1.6,0.56,0.144,weekday,3.6,0.0,0.0,0,0.459,0.024,0.056,0.62,0.0,0.03,0.331,0.143,0.096,0
2025-06-07,1.7,2.1,0.609,0.449,holiday,4.4,0.0,0.0,0,0.523,0.354,0.674,0.053,0.478,0.098,0.375,0.15,0.17,0
2025-06-08,2.8,2.2,0.586,0.505,holiday,1.6,0.7,0.0,0,0.713,0.443,0.583,0.051,0.557,0.141,0.458,0.057,0.072,0
2025-06-09,3.5,4.4,0.529,0.106,weekday,3.8,0.0,0.0,0,0.325,0.038,0.077,0.698,0.0,0.0,0.235,0.122,0.111,0
2025-06-10,2.6,4.8,0.587,0.15,weekday,0.8,1.8,0.0,0,0.491,0.0,0.0,,0.0,0.032,,0.062,0.005,0
2025-06-11,2.4,3.1,0.549,0.143,weekday,4.0,1.8,0.0,0,0.482,0.0,0.034,0.765,0.0,0.0,0.335,0.117,0.115,0
2025-06-12,2.9,0.9,,0.111,weekday,3.7,0.0,0.0,0,0.404,,0.0,,0.018,0.0,0.312,0.106,0.081,0
2025-06-13,4.1,5.1,0.571,0.053,weekday,3.8,0.0,0.0,0,0.405,,0.031,0.702,0.029,0.095,0.169,0.118,0.081,0
2025-06-14,2.9,1.1,0.584,0.424,holiday,2.8,1.1,0.0,0,0.722,0.37,0.524,0.225,0.449,0.031,0.504,,0.117,0
2025-06-15,3.3,6.8,0.45,0.491,holiday,2.9,0.0,0.0,0,0.733,0.251,0.483,0.092,0.457,,0.448,0.128,0.091,0
2025-06-16,5.1,3.4,0.523,0.14,weekday,2.2,0.0,0.0,0,0.465,0.0,0.061,0.711,0.0,0.055,0.268,0.14,0.043,0
2025-06-17,4.8,2.6,0.491,0.115,weekday,3.4,0.0,0.0,0,0.461,0.047,,0.646,0.022,0.0,0.264,0.155,0.049,0
2025-06-18,3.7,11.6,0.526,0.185,weekday,4.5,1.0,0.0,0,0.647,0.0,0.03,0.66,0.0,0.0,0.275,0.218,0.189,1
2025-06-19,4.9,3.2,0.507,0.164,weekday,6.8,1.7,0.0,0,0.528,0.054,0.0,0.762,0.036,0.0,0.279,0.221,0.153,0
2025-06-20,5.6,,0.533,0.18,weekday,4.7,3.4,0.0,0,0.357,0.0,0.01,0.644,0.0,0.0,0.165,0.254,0.264,1
2025-06-21,4.8,20.4,0.43,0.501,holiday,4.3,2.8,0.0,0,0.619,0.378,0.636,0.023,0.486,0.054,0.392,0.201,0.22,1
2025-06-22,5.4,21.3,0.462,0.435,holiday,3.4,0.0,0.0,0,0.662,0.306,0.588,0.115,0.599,0.097,0.424,0.193,0.134,1
2025-06-23,8.0,20.3,,0.048,weekday,2.4,0.0,0.0,0,0.52,0.0,0.033,0.638,0.017,0.0,0.124,0.128,0.193,1
2025-06-24,6.2,21.2,,0.214,weekday,5.7,1.2,0.0,0,0.417,0.152,0.052,0.653,0.0,0.0,0.246,0.215,0.267,1
2025-06-25,7.1,20.2,0.48,0.064,weekday,0.5,0.0,0.0,0,0.383,0.0,0.056,,0.065,0.0,0.238,0.097,0.167,0
2025-06-26,5.3,19.8,0.45,0.044,weekday,3.7,0.0,0.0,0,0.367,0.0,0.0,0.647,0.0,0.0,0.135,0.16,0.211,1
2025-06-27,7.5,22.8,0.375,0.099,weekday,4.7,0.0,0.0,0,0.426,0.0,0.0,,0.0,0.0,0.211,0.222,0.23,1
2025-06-28,5.6,22.6,0.438,0.592,holiday,3.0,0.0,0.0,0,0.63,0.331,0.681,0.222,0.458,0.004,0.48,0.178,0.212,1
2025-06-29,5.8,22.4,,0.428,holiday,3.3,0.0,0.0,0,0.761,0.247,0.482,0.068,0.54,0.052,0.346,0.179,0.212,1
2025-06-30,8.3,20.7,0.385,,weekday,4.1,0.0,0.0,0,0.597,0.0,0.0,0.636,0.114,0.0,0.148,0.191,0.267,1
2025-07-01,8.3,21.2,0.33,0.023,weekday,4.1,0.0,0.0,0,0.414,0.0,0.022,0.68,0.07,0.0,0.224,0.164,0.184,1
2025-07-02,9.0,23.7,0.407,,weekday,2.5,0.8,0.0,0,,0.0,0.057,0.67,0.0,0.0,0.113,0.148,0.231,1
2025-07-03,9.0,19.4,0.37,0.022,weekday,2.2,1.0,0.0,0,,0.013,0.048,0.596,0.023,0.0,0.213,0.139,0.185,0
2025-07-04,8.8,19.1,0.361,0.054,weekday,3.3,0.0,0.0,0,0.416,0.0,0.0,0.666,0.034,0.0,0.196,0.121,0.215,1
2025-07-05,9.4,19.4,0.329,0.399,holiday,4.0,0.0,0.0,0,0.753,0.242,0.58,0.062,0.543,0.012,0.36,0.165,0.211,1
2025-07-06,8.5,21.3,0.398,0.377,holiday,3.5,0.0,0.0,1,0.634,0.36,0.595,0.076,0.485,0.0,0.303,0.512,0.497,1
2025-07-07,9.6,20.5,,0.096,weekday,6.3,0.0,0.0,0,0.451,0.012,0.0,0.593,0.0,0.0,0.11,0.284,0.303,1
2025-07-08,8.8,20.5,0.392,0.087,weekday,3.5,2.4,,0,0.451,0.0,0.042,0.654,0.032,0.0,0.146,0.153,0.226,1
2025-07-09,9.1,20.8,0.32,0.079,weekday,5.6,0.0,0.0,0,0.362,0.0,0.039,,0.0,0.0,,0.208,0.208,1
2025-07-10,9.7,20.8,0.379,0.071,weekday,4.6,2.6,0.0,0,0.554,0.0,0.004,0.656,0.0,0.0,0.079,0.277,0.198,1
2025-07-11,9.4,19.9,,0.042,weekday,5.3,0.0,0.0,0,0.378,0.0,0.006,0.589,0.0,0.0,0.009,0.242,0.178,1
2025-07-12,11.2,20.1,0.323,0.351,holiday,3.4,2.1,0.0,0,0.745,0.366,0.498,0.091,0.493,0.0,0.294,0.147,0.182,0
2025-07-13,9.2,23.8,0.41,0.443,holiday,4.1,1.0,0.0,0,0.61,0.256,0.477,0.026,0.485,,0.396,0.218,0.231,1
2025-07-14,10.6,21.3,0.298,0.007,weekday,4.1,0.0,0.0,0,0.405,0.0,0.0,0.614,0.046,0.0,0.081,0.222,0.204,1
2025-07-15,9.8,19.5,0.263,0.0,weekday,5.2,1.1,0.0,0,0.488,0.024,0.018,0.63,0.0,0.0,,0.207,0.217,0
2025-07-16,12.0,18.7,0.415,0.087,weekday,2.9,2.2,0.0,0,0.606,0.0,0.039,0.591,0.114,0.0,0.173,0.185,0.188,0
2025-07-17,11.6,19.7,0.359,0.105,weekday,4.6,0.0,0.0,0,0.323,0.0,0.0,0.577,0.0,0.0,0.177,0.188,0.266,1
2025-07-18,12.1,21.4,0.324,0.0,weekday,4.0,0.0,0.0,0,0.487,0.0,0.0,0.684,0.0,0.0,0.107,0.209,0.186,1
2025-07-19,12.9,19.7,0.249,0.39,holiday,1.7,0.1,0.0,0,0.55,0.406,0.678,0.049,0.538,0.067,0.252,0.125,0.145,1
2025-07-20,13.8,20.3,0.266,0.356,holiday,4.1,0.0,0.0,0,0.735,0.514,0.516,0.107,,0.051,0.307,0.167,,0
2025-07-21,12.0,22.6,0.301,0.0,weekday,4.4,0.0,0.0,0,0.391,0.0,0.019,0.595,0.005,0.0,0.094,0.12,,1
2025-07-22,13.7,22.0,0.287,0.02,weekday,5.5,0.0,0.0,0,0.436,0.0,0.036,0.674,0.0,0.0,0.137,0.225,0.238,1
2025-07-23,12.7,21.7,0.315,0.059,weekday,6.7,0.0,0.0,0,0.494,0.076,0.0,0.681,0.036,0.0,0.059,0.271,0.278,1
2025-07-24,14.4,24.3,0.228,0.017,weekday,4.3,0.0,0.0,0,0.403,0.0,0.028,,0.0,0.0,0.108,,0.24,1
2025-07-25,13.4,25.8,0.27,0.057,weekday,3.1,1.4,0.0,0,0.484,,0.023,0.665,0.064,0.0,0.083,0.251,0.203,1
2025-07-26,14.7,19.1,0.221,0.391,holiday,5.8,0.3,0.0,0,0.658,,0.62,0.031,0.508,,0.313,0.29,0.207,1
2025-07-27,13.2,22.1,0.273,0.327,holiday,4.2,0.0,,0,0.712,0.397,0.556,0.083,0.549,,0.314,0.205,0.235,1
2025-07-28,14.3,24.1,0.227,0.006,weekday,5.3,0.6,0.0,0,0.33,0.012,0.0,0.625,0.134,0.0,0.071,0.262,0.297,1
2025-07-29,14.0,19.6,0.35,0.021,weekday,4.6,0.0,0.0,0,0.251,0.0,0.114,0.568,0.048,0.0,0.18,0.287,0.211,1
2025-07-30,12.4,20.2,0.214,0.017,weekday,4.1,1.5,0.0,0,0.424,0.026,0.0,0.657,,0.0,0.084,0.226,0.181,1
2025-07-31,14.3,1.9,0.342,0.0,weekday,2.7,0.0,0.0,0,0.427,0.0,0.0,0.648,0.077,0.0,0.102,0.063,0.04,0
2025-08-01,16.1,14.5,0.236,0.32,holiday,5.9,0.0,0.0,0,0.491,0.173,0.363,0.064,0.276,0.0,0.203,0.22,0.192,1
2025-08-02,14.7,11.7,0.331,0.453,holiday,9.4,3.0,0.0,0,0.587,,0.645,0.114,0.686,0.0,0.405,0.372,0.325,1
2025-08-03,14.9,8.3,0.171,0.423,holiday,7.2,1.1,0.0,0,0.874,0.463,0.59,,0.536,0.107,0.304,0.218,0.188,1
2025-08-04,16.6,9.3,0.152,0.226,holiday,5.4,0.0,0.0,1,0.481,0.27,0.343,0.062,0.365,0.0,,0.516,0.525,1
2025-08-05,16.9,11.2,0.141,0.204,holiday,6.9,1.0,0.0,0,0.551,0.146,0.152,0.087,0.329,0.07,0.166,0.263,0.208,1
2025-08-06,16.3,,0.305,0.195,holiday,5.9,0.1,0.0,0,0.546,0.049,0.276,0.031,0.32,0.023,0.298,0.212,0.127,1
2025-08-07,16.9,9.0,0.315,0.224,holiday,5.2,0.2,0.0,0,0.628,0.207,0.365,0.185,0.306,,0.217,0.224,0.169,0
2025-08-08,15.3,7.5,0.274,0.168,holiday,5.7,1.2,0.0,0,0.613,0.23,0.318,0.125,0.353,0.0,0.293,0.223,0.133,1
2025-08-09,16.6,8.5,0.233,0.293,holiday,6.7,4.3,0.0,0,0.632,0.327,0.594,0.085,0.487,0.066,0.253,0.211,0.196,1
2025-08-10,15.8,7.7,0.234,0.365,holiday,6.2,1.7,0.0,0,0.619,0.253,0.508,0.009,0.571,0.035,0.269,,0.188,1
2025-08-11,16.2,9.9,,0.364,holiday,5.0,1.7,1.0,0,0.452,0.531,0.536,0.024,0.498,0.0,0.137,0.204,0.154,1
2025-08-12,18.1,10.5,0.192,0.317,holiday,4.4,0.6,0.0,0,0.57,0.115,0.247,0.0,0.37,0.0,0.109,0.151,0.174,0
2025-08-13,17.1,8.1,0.247,0.203,holiday,6.0,0.0,0.0,0,0.602,0.18,0.298,0.074,0.315,0.0,0.201,0.264,0.182,1
2025-08-14,17.7,9.6,0.223,0.223,holiday,4.5,0.0,0.0,0,0.589,0.272,0.384,0.134,0.318,0.138,0.231,0.098,0.159,0
2025-08-15,18.0,9.7,0.188,0.103,holiday,8.3,0.0,,0,0.703,0.258,0.227,0.077,0.343,0.027,0.187,0.297,0.265,1
2025-08-16,18.0,10.9,0.128,0.393,holiday,4.8,0.0,0.0,0,0.586,0.495,0.628,0.125,0.615,0.222,0.267,0.184,0.155,1
2025-08-17,18.8,7.8,0.147,,holiday,7.0,0.8,0.0,0,0.654,0.345,0.573,0.076,0.542,0.104,0.311,0.25,0.174,1
2025-08-18,19.0,10.2,0.161,0.157,holiday,6.1,3.5,0.0,0,0.506,0.261,0.271,0.011,0.313,0.045,0.235,0.228,0.177,0
2025-08-19,17.8,,0.157,0.172,holiday,5.9,0.0,1.0,0,0.53,0.511,0.469,0.124,0.473,0.154,0.23,0.248,0.172,1
2025-08-20,18.6,8.6,0.189,0.061,holiday,6.0,0.0,0.0,0,0.538,0.181,0.223,0.136,0.324,0.113,0.054,0.232,0.147,1
2025-08-21,19.3,6.7,0.077,0.265,holiday,7.0,0.0,0.0,0,0.601,0.169,0.304,0.058,0.283,0.088,0.111,0.226,0.188,0
2025-08-22,20.3,5.8,0.086,0.188,holiday,6.9,0.0,0.0,0,0.642,0.163,0.282,0.049,0.242,0.092,0.237,0.274,0.171,1
2025-08-23,20.1,9.3,0.081,0.378,holiday,4.3,0.0,0.0,0,0.759,,0.543,0.126,0.528,0.137,0.187,0.149,0.174,1
2025-08-24,19.8,9.0,0.055,0.384,holiday,6.3,0.0,0.0,0,0.722,0.488,0.554,0.146,0.56,0.208,0.181,0.18,0.212,1
2025-08-25,20.4,7.7,0.029,,holiday,4.2,1.2,1.0,0,0.528,0.418,0.488,0.046,0.558,,0.11,0.166,0.128,0
2025-08-26,20.2,7.6,0.215,0.158,holiday,7.4,0.0,1.0,0,0.552,0.65,0.574,0.095,0.527,0.122,0.153,0.234,0.202,1
2025-08-27,21.0,7.8,0.2,0.125,holiday,3.0,0.7,0.0,0,0.535,0.285,0.331,0.171,0.302,0.306,0.207,0.161,0.122,0
2025-08-28,20.3,7.1,0.182,0.125,holiday,4.8,0.2,0.0,0,0.41,0.202,0.268,,0.411,0.13,0.143,0.143,0.13,0
2025-08-29,20.5,6.1,0.044,0.221,holiday,5.2,0.0,1.0,0,0.68,0.481,0.538,0.06,0.632,0.186,0.08,0.149,0.157,1
2025-08-30,22.6,5.9,0.089,0.36,holiday,5.5,0.7,0.0,0,0.716,0.513,,,0.55,0.319,0.291,,0.18,1
2025-08-31,20.1,9.2,0.117,0.285,holiday,6.2,0.0,0.0,0,0.695,0.45,0.571,0.183,0.68,0.142,0.198,0.271,0.212,0
2025-09-01,21.9,9.6,0.104,0.0,weekday,6.6,0.0,0.0,0,0.388,0.128,0.135,0.576,0.04,0.051,0.0,0.191,,1
2025-09-02,21.9,6.9,0.036,0.0,weekday,8.1,0.9,0.0,0,0.405,0.11,0.048,0.637,0.072,0.0,,0.292,0.188,1
2025-09-03,21.8,10.7,0.032,0.0,weekday,8.6,0.0,0.0,0,0.43,0.029,0.022,0.6,0.086,0.077,0.043,0.303,0.236,1
2025-09-04,21.8,7.9,0.09,0.011,,6.3,3.5,0.0,0,0.395,0.1,0.0,0.65,0.112,0.073,,0.243,0.195,1
2025-09-05,21.7,7.5,0.041,0.0,weekday,6.2,0.0,0.0,1,0.369,0.024,0.048,0.611,0.071,0.026,0.0,,0.464,1
2025-09-06,22.1,6.7,0.023,0.337,holiday,4.3,0.8,1.0,0,0.604,0.865,,0.034,0.777,0.317,0.24,0.175,0.116,0
2025-09-07,23.6,7.7,0.03,0.319,holiday,6.3,2.1,0.0,0,0.745,0.541,0.628,0.118,0.674,0.212,0.287,0.205,0.22,1
2025-09-08,22.3,9.2,0.0,0.041,weekday,6.1,0.0,0.0,0,0.514,0.014,0.0,0.676,0.159,0.032,0.0,0.231,0.211,1
2025-09-09,22.5,10.2,0.0,0.018,weekday,5.9,0.1,0.0,0,0.378,0.0,0.054,0.588,,0.163,0.03,,0.202,1
2025-09-10,22.2,10.5,0.024,0.0,weekday,7.8,3.5,0.0,0,0.557,0.004,0.0,0.616,0.136,0.05,0.0,0.308,0.225,1
2025-09-11,23.6,8.6,0.0,,weekday,7.2,0.0,0.0,0,0.412,0.068,0.004,0.684,0.135,0.167,0.016,0.231,0.189,1
