snowfall_cm,wind_speed_mps,snow_quality_index,ski_resort_visitors,temperature_c,rainfall_mm,event_local_flag,typhoon_alert_flag,mobility_inflow_index,tourist_inflow_count,lodging_occupancy_ratio,rail_ridership,temple_shrine_visits,onsen_visitors_count,beach_crowd_index,ferry_cancel_count,flight_delay_count,special_local_index,y,holiday_holiday,holiday_nan,holiday_weekday
0.0,5.2,0.001,0.081,24.4,8.5,0.0,0,0.355,0.058,0.0,0.642,0.157,0.068,0.109,0.15067579250720461,0.135,0.0,0,False,False,True
0.0,5.5,0.055,0.0,23.3,7.0,0.0,1,0.512,0.091,0.0,0.684,0.166,0.0,0.126,0.58,0.54,0.0,0,False,False,True
0.1,4.8,0.0,0.0,25.5,6.4,0.0,0,0.305,0.154,0.2661239193083573,0.705,0.044,0.0,0.186,0.169,0.191,0.0,0,False,False,True
1.5,7.3,0.0,0.157,24.1,7.7,0.0,0,0.596,0.412,0.615,0.103,0.578,0.449,0.426,0.218,0.245,0.0,0,True,False,False
0.0,6.2,0.0,0.148,23.2,9.8,0.0,0,0.569,0.421,0.561,0.121,0.2631925820256776,0.448,0.315,0.241,0.18,0.0,0,True,False,False
0.0,5.6,0.038,0.087,24.1,7.9,0.0,0,0.344,0.243,0.024,0.3561959654178674,0.088,0.0,0.204,0.15067579250720461,0.184,0.0,0,False,False,True
0.0,6.4,0.0,0.049,24.5,10.5,0.0691114245416079,0,0.316,0.0,0.2661239193083573,0.674,0.065,0.044,0.213,0.271,0.23,0.0,0,False,False,True
0.0,6.2,0.01,0.0,24.5,9.3,0.0,0,0.383,0.065,0.036,0.612,0.076,0.05,0.141,0.169,0.182,0.0,0,False,False,True
0.0,7.5,0.47656195965417864,0.024,24.1,4.6,0.0,0,0.366,0.086,0.04,0.576,0.032,0.22281740370898714,0.0,0.257,0.219,0.0,0,False,False,True
0.3,7.2,0.0,0.0,24.4,12.8,0.0,0,0.477,0.0,0.0,0.611,0.068,0.0,0.072,0.273,0.218,0.0,0,False,False,True
1.0,5.3,0.035,0.188,24.8,14.4,0.0,0,0.531,0.485,0.7,0.098,0.54,0.448,0.24,0.205,0.12198270893371758,0.0,0,True,False,False
0.0,7.8,0.044,0.334,23.9,7.2,0.0,0,0.69,0.501,0.501,0.001,0.644,0.351,0.35,0.15067579250720461,0.3,0.0,0,True,False,False
0.0,2.8,0.0,0.0,24.7,7.8,0.0,0,0.378,0.047,0.012,0.717,0.14,0.0,0.321,0.084,0.099,0.0,0,False,False,True
0.6,5.9,0.025,0.0,26.4,5.1,0.0,0,0.335,0.039,0.0,0.639,0.15,0.0,0.168,0.19,0.172,0.0,0,False,False,True
0.0,5.3,0.0,0.0,25.6,6.8,1.0,0,0.495,0.316,0.215,0.621,0.207,0.026,0.172,0.163,0.216,0.0,0,False,False,True
1.0,6.9,0.101,0.064,24.9,8.3,0.0,0,0.495,0.184,0.005,0.588,0.099,0.0,0.194,0.225,0.165,0.0,0,False,False,True
1.1,6.6,0.47656195965417864,0.03,24.3,7.1,0.0,0,0.49,0.22,0.087,0.722,0.067,0.0,0.109,0.254,0.218,0.0,0,False,False,True
2.5,6.1,0.0,0.17,25.5,5.8,0.0,0,0.724,0.534,0.667,0.141,0.626,0.404,0.424,0.229,0.12198270893371758,0.0,0,True,False,False
2.7,4.4,0.071,0.238,24.0,2.7,0.0,0,0.597,0.548,0.568,0.074,0.627,0.288,0.321,0.143,0.114,0.0,0,True,False,False
0.3,4.5,0.0,0.009,25.6,2.1,0.0,0,0.495,0.155,0.126,0.664,0.137,0.0,0.178,0.134,0.104,0.0,0,False,False,True
1.0,5.4,0.048,0.033,26.1,1.8,0.0,0,0.343,0.064,0.0,0.739,0.086,0.0,0.164,0.219,0.099,0.0,0,False,False,True
1.8,2.7,0.044,0.043,23.3,3.5,0.0,0,0.452,0.024,0.0,0.7,0.094,0.0,0.16,0.111,0.084,0.0,0,False,False,True
0.6,4.7,0.082,0.02,25.9,7.6,0.0,0,0.409,0.048,0.0,0.657,0.097,0.096,0.227,0.161,0.18,0.0,0,False,False,True
0.9,2.6,0.0,0.0,24.2,1.9,0.0,0,0.403,0.173,0.023,0.643,0.205,0.055,0.271,0.15067579250720461,0.098,0.0,0,False,False,True
0.0,3.9,0.0,0.137,24.4,1.0,0.0,0,0.684,0.532,0.565,0.148,0.495,0.335,0.386,0.112,0.12198270893371758,0.0,0,True,False,False
0.0,5.4,0.027,0.214,24.4,4.2,0.0,0,0.5259472182596291,0.21543083573487035,0.629,0.159,0.568,0.344,0.364,0.166,0.168,0.0,0,True,False,False
0.0,6.0,0.47656195965417864,0.0,25.4,3.7,0.0,0,0.38,0.21543083573487035,0.035,0.699,0.135,0.02,0.144,0.184,0.131,0.0,0,False,False,True
2.5,4.6,0.0,0.0,24.4,1.7,0.0,0,0.411,0.1,0.0,0.674,0.118,0.09,0.18,0.23,0.157,0.0,0,False,False,True
3.7,3.6,0.08,0.01,23.8,5.4,0.0,0,0.513,0.066,0.036,0.67,0.11,0.056,0.287,0.135,0.12198270893371758,0.0,0,False,False,True
1.7,4.3,0.0,0.024,25.2,3.1,0.0,0,0.434,0.0,0.014,0.743,0.049,0.0,0.169,0.208,0.095,0.0,0,False,False,True
0.0,3.5,0.0,0.0,25.0,3.5,0.0,0,0.5259472182596291,0.07,0.04,0.67,0.066,0.0,0.187,0.118,0.097,0.0,0,False,False,True
0.7,2.2,0.0,0.276,24.8,1.6,0.0,0,0.542,0.319,0.53,0.155,0.629,0.451,0.552,0.078,0.09,0.0,0,True,False,False
1.8,2.3,0.006,0.22,25.3,4.1,0.0,0,0.726,0.518,0.646,0.149,0.701,0.401,0.485,0.068,0.079,0.0,0,True,False,False
0.0,4.4,0.0,0.0,24.7,2.2,0.0,0,0.422,0.034,0.012,0.593,0.099,0.06,0.192,0.132,0.109,0.0,0,False,False,True
1.4,5.9,0.011,0.0,26.0,4.2,0.0,0,0.544,0.057,0.035,0.672,0.183,0.016,0.215,0.19,0.177,0.0,0,False,False,True
0.0,4.4,0.079,0.028,24.2,3.7,0.0,0,0.519,0.04,0.0,0.689,0.089,0.023,0.279,0.171,0.097,0.0,0,False,False,True
0.0,3.7,0.0,0.041,24.7,4.9,0.0,0,0.505,0.21543083573487035,0.024,0.624,0.139,0.22281740370898714,0.195,0.146,0.12198270893371758,0.0,0,False,False,True
2.9,4.6,0.0,0.024,24.1,0.6,0.0,0,0.372,0.194,0.008,0.658,0.067,0.024,0.265,0.157,0.055,0.0,0,False,False,True
0.0,4.9,0.024,0.215,24.4,4.133380884450784,0.0,0,0.649,0.406,0.578,0.108,0.597,0.327,0.41,0.153,0.148,0.0,0,True,False,False
0.2,2.2,0.0,0.254,24.7,1.4,0.0,0,0.5259472182596291,0.328,0.594,0.3561959654178674,0.605,0.396,0.257,0.076,0.047,0.0,0,True,False,False
0.0,3.7,0.102,0.33847982708933716,23.3,7.5,0.0,0,0.491,0.0,0.02,0.704,0.199,0.0,0.282,0.15067579250720461,0.075,0.0,0,False,False,True
0.0,6.4,0.0,0.0,24.0,2.1,0.0,0,0.328,0.196,0.018,0.695,0.137,0.004,0.001,0.206,0.143,0.0,0,False,False,True
0.1,3.6,0.0,0.0,24.6,3.9,0.0,0,0.477,0.087,0.038,0.765,0.239,0.0,0.166,0.17,0.071,0.0,0,False,False,True
0.0,3.8,0.053,0.079,23.7,4.2,0.0,0,0.555,0.02,0.036,0.711,0.044,0.0,0.22,0.121,0.121,0.0,0,False,False,True
1.0,2.3,0.008,0.039,23.8,3.7,0.0,0,0.278,0.004,0.0,0.3561959654178674,0.137,0.0,0.189,0.086,0.048,0.0,0,False,False,True
1.3,4.0,0.089,0.253,22.8,2.6,0.0,0,0.733,0.349,0.572,0.101,0.2631925820256776,0.39,0.464,0.184,0.109,0.0,0,True,False,False
1.6,4.2,0.0,0.235,24.4,8.0,0.0,0,0.581,0.466,0.2661239193083573,0.0,0.545,0.429,0.355,0.161,0.148,0.0,0,True,False,False
1.4,4.9,0.065,0.039,23.6,1.5,0.0,0,0.332,0.116,0.2661239193083573,0.511,0.061,0.0,0.353,0.165,0.123,0.0,0,False,False,True
0.0,3.7,0.102,0.178,23.2,1.3,0.0,0,0.472,0.118,0.0,0.71,0.05,0.0,0.216,0.095,0.12198270893371758,0.0,0,False,False,True
0.2,3.5,0.47656195965417864,0.063,23.5,2.2,0.0,0,0.512,0.06,0.033,0.733,0.121,0.0,0.073,0.13,0.08,0.0,0,False,False,True
1.5,5.2,0.157,0.17,21.7,1.5,0.0691114245416079,0,0.404,0.058,0.0,0.652,0.07,0.0,0.107,0.15067579250720461,0.109,0.0,0,False,False,True
0.0,3.3,0.037,0.056,22.1,3.8,0.0,0,0.488,0.225,0.0,0.661,0.132,0.053,0.151,0.148,0.088,0.0,0,False,False,True
0.0,3.0,0.051,0.293,23.1,1.1,0.0,0,0.63,0.457,0.557,0.3561959654178674,0.595,0.375,0.43,0.051,0.08,0.0,0,True,False,False
0.0,4.2,0.47656195965417864,0.286,22.4,5.0,0.0,0,0.751,0.413,0.521,0.129,0.583,0.22281740370898714,0.321,0.131,0.173,0.0,0,True,False,False
0.0,3.7,0.47656195965417864,0.0,23.2,3.4,0.0691114245416079,0,0.385,0.091,0.004,0.62,0.147,0.0,0.177,0.125,0.118,0.0,0,False,False,True
0.0,5.4,0.0,0.03,22.7,8.3,0.0,0,0.324,0.06,0.026,0.677,0.045,0.0,0.033,0.278,0.205,0.0,0,False,False,True
0.0,2.4,0.016,0.086,20.3,4.6,0.0,0,0.372,0.271,0.0,0.707,0.026,0.0,0.121,0.101,0.084,0.0,0,False,False,True
4.1,4.1,0.154,0.15,20.6,1.2,1.0,0,0.51,0.173,0.191,0.641,0.256,0.051,0.172,0.147,0.072,0.0,0,False,False,True
0.0,2.9,0.08,0.0,21.6,3.1,0.0,0,0.53,0.028,0.046,0.662,0.011,0.016,0.149,0.033,0.105,0.0,0,False,False,True
1.0,5.8,0.183,0.245,20.0,2.1,0.0,0,0.659,0.606,0.584,0.157,0.613,0.353,0.282,0.15067579250720461,0.152,0.0,0,True,False,False
0.5,5.4,0.081,0.283,21.2,3.7,1.0,1,0.792,0.691,0.859,0.103,0.759,0.332,0.34,0.552,0.422,0.0,0,True,False,False
0.0,3.5,0.057,0.037,19.8,5.1,0.0691114245416079,0,0.454,0.393,0.316,0.594,0.319,0.0,0.025,0.125,0.08,0.0,0,False,False,True
0.0,7.6,0.151,0.0,20.7,7.0,0.0,0,0.374,0.0,0.006,0.709,0.0,0.094,0.0,0.265,0.246,0.0,0,False,False,True
0.0,4.2,0.031,0.0,20.8,2.3,0.0,0,0.557,0.101,0.012,0.675,0.096,0.0,0.065,0.163,0.094,0.0,0,False,False,True
0.0,5.6,0.043,0.069,20.1,2.4,0.0,0,0.312,0.0,0.0,0.707,0.089,0.0,0.128,0.18,0.12198270893371758,0.0,0,False,False,True
0.0,4.5,0.059,0.0,21.8,1.6,0.0,0,0.36,0.105,0.052,0.3561959654178674,0.111,0.019,0.071,0.159,0.092,0.0,0,False,False,True
0.5,1.1,0.161,0.298,18.6,4.133380884450784,1.0,0,0.685,0.772,0.815,0.105,0.731,0.357,0.195,0.041,0.08,0.0,0,True,False,False
1.7,4.7,0.126,0.311,19.5,6.1,0.0,0,0.577,0.426,0.2661239193083573,0.034,0.604,0.364,0.306,0.203,0.194,0.0,0,True,False,False
0.0,2.8,0.134,0.097,17.6,4.133380884450784,0.0,0,0.5259472182596291,0.094,0.0,0.672,0.2631925820256776,0.0,0.0,0.11,0.127,0.0,0,False,False,True
0.0,3.3,0.171,0.169,20.4,3.1,0.0,0,0.307,0.0,0.024,0.625,0.146,0.011,0.129,0.078,0.117,0.0,0,False,False,True
0.0,3.9,0.196,0.029,18.0,4.3,0.0,0,0.425,0.094,0.2661239193083573,0.648,0.2631925820256776,0.016,0.124,0.11,0.104,0.0,0,False,False,True
0.0,2.7,0.134,0.053,20.0,1.3,0.0,0,0.5259472182596291,0.029,0.0,0.779,0.178,0.016,0.063,0.07,0.103,0.0,0,False,False,True
1.3,4.6,0.264,0.129,18.4,1.8,0.0,0,0.501,0.152,0.07,0.612,0.066,0.077,0.023,0.183,0.162,0.0,0,False,False,True
2.3,3.6,0.063,0.195,20.0,0.3,0.0,0,0.789,0.428,0.566,0.019,0.503,0.383,0.285,0.196,0.124,0.0,0,True,False,False
1.3,2.9,0.141,0.235,18.0,0.4,0.0,0,0.659,0.21543083573487035,0.463,0.08,0.588,0.342,0.207,0.06,0.105,0.0,0,True,False,False
0.0,5.6,0.102,0.0,18.9,3.4,0.0,0,0.315,0.265,0.022,0.607,0.105,0.033,0.0,0.122,0.138,0.0,0,False,False,True
0.0,2.4,0.25,0.094,17.7,2.0,0.0,0,0.424,0.0,0.0,0.66,0.0,0.0,0.001,0.042,0.091,0.0,0,False,False,True
0.0,5.1,0.112,0.09,17.1,4.3,0.0,0,0.307,0.131,0.071,0.605,0.071,0.032,0.037,0.189,0.12198270893371758,0.0,0,False,False,True
0.0,4.2,0.209,0.112,16.1,1.8,0.0,0,0.5259472182596291,0.0,0.0,0.616,0.196,0.0,0.09865706051873198,0.149,0.08,0.0,0,False,False,True
9.8,1.8,0.267,0.147,17.7,0.0,0.0,0,0.513,0.332,0.368,0.065,0.215,0.308,0.0,0.085,0.0,0.0,1,True,False,False
11.2,4.2,0.401,0.385,17.2,0.0,0.0,0,0.626,0.485,0.619,0.032,0.456,0.295,0.277,0.123,0.081,0.0,1,True,False,False
13.8,3.1,0.326,0.436,17.0,0.0,0.0,0,0.563,0.556,0.659,0.054,0.569,0.26,0.175,0.051,0.12198270893371758,0.0,1,True,False,False
14.3,3.9,0.379,0.363,16.8,0.9,0.0,0,0.56,0.191,0.284,0.091,0.339,0.116,0.09,0.088,0.115,0.0,1,True,False,False
13.1,4.0,0.393,0.325,16.5,0.0,0.0,0,0.444,0.027,0.162,0.021,0.326,0.168,0.126,0.174,0.116,0.0,1,True,False,False
15.5,1.7,0.413,0.277,15.5,0.0,1.0,0,0.722,0.471,0.517,0.097,0.469,0.136,0.066,0.15067579250720461,0.02,0.0,1,True,False,False
21.8,3.5,0.448,0.332,14.3,0.0,0.0,0,0.525,0.243,0.275,0.158,0.305,0.233,0.075,0.131,0.064,0.0,1,False,True,False
17.7,5.6,0.361,0.332,14.5,0.0,0.0,0,0.579,0.139,0.303,0.046,0.249,0.178,0.043,0.158,0.095,0.0,1,True,False,False
16.7,6.3,0.451,0.41,15.0,0.0,0.0,0,0.607,0.548,0.2661239193083573,0.18,0.555,0.33,0.216,0.19,0.182,0.0,1,True,False,False
18.2,5.4,0.55,0.528,14.3,0.0,0.0,0,0.727,0.42,0.705,0.17,0.575,0.419,0.176,0.158,0.077,0.0,1,True,False,False
15.3,4.2,0.391,0.283,15.7,0.0,0.0,0,0.637,0.262,0.376,0.08,0.268,0.107,0.107,0.149,0.095,0.0,1,True,False,False
18.2,6.5,0.367,0.272,14.9,0.0,0.0691114245416079,0,0.469,0.21543083573487035,0.29,0.049,0.348,0.29,0.0,0.168,0.163,0.0,1,True,False,False
18.2,4.3,0.482,0.38,14.3,0.0,0.0,0,0.545,0.136,0.237,0.0,0.362,0.209,0.127,0.126,0.127,0.0,1,True,False,False
19.2,2.9,0.527,0.367,14.5,0.0,0.0,0,0.51,0.27,0.321,0.026,0.302,0.237,0.0,0.056,0.055,0.0,1,True,False,False
23.4,2.4,0.574,0.471,12.3,0.0,0.0,0,0.614,0.261,0.264,0.037,0.303,0.235,0.063,0.056,0.055,0.0,1,True,False,False
21.2,6.4,0.465,0.489,13.7,0.0,0.0,0,0.606,0.566,0.623,0.081,0.582,0.439,0.14,0.232,0.122,0.0,1,True,False,False
20.1,2.8,0.533,0.431,13.7,0.0,0.0,0,0.713,0.468,0.538,0.041,0.2631925820256776,0.417,0.182,0.106,0.12198270893371758,0.0,1,True,False,False
16.2,4.6,0.404,0.287,13.4,0.0,0.0,0,0.602,0.286,0.358,0.098,0.315,0.236,0.087,0.109,0.071,0.0,1,True,False,False
22.2,3.8,0.532,0.388,12.1,0.0,0.0,0,0.568,0.383,0.287,0.157,0.29,0.259,0.078,0.081,0.085,0.0,1,True,False,False
20.7,4.4,0.549,0.259,12.2,4.133380884450784,0.0,0,0.515,0.252,0.236,0.0,0.286,0.162,0.0,0.098,0.107,0.0,1,True,False,False
25.1,3.1,0.575,0.386,11.1,0.0,0.0,0,0.475,0.113,0.349,0.062,0.263,0.268,0.069,0.112,0.015,0.0,1,True,False,False
23.8,3.9,0.543,0.353,12.1,0.0,0.0,0,0.619,0.313,0.257,0.068,0.27,0.183,0.0,0.13,0.139,0.0,1,True,False,False
24.7,1.4,0.676,0.556,10.6,0.0,0.0,0,0.753,0.373,0.538,0.092,0.472,0.457,0.123,0.074,0.061,0.0,1,True,False,False
25.6,3.0,0.539,0.522,11.6,0.0,0.0,0,0.755,0.379,0.553,0.119,0.567,0.396,0.192,0.064,0.041,0.0,1,True,False,False
21.9,4.1,0.538,0.425,11.6,0.0,1.0,0,0.453,0.502,0.479,0.14,0.498,0.253,0.041,0.118,0.157,0.0,1,True,False,False
27.3,1.9,0.47656195965417864,0.33847982708933716,11.3,0.0,0.0,0,0.495,0.207,0.304,0.0,0.2631925820256776,0.284,0.047,0.045,0.0,0.0,1,True,False,False
27.1,3.2,0.47656195965417864,0.558,9.3,0.0,0.0,0,0.41,0.168,0.381,0.0,0.263,0.214,0.0,0.142,0.107,0.0,1,True,False,False
26.5,6.2,0.661,0.33847982708933716,9.8,0.0,0.0,0,0.732,0.32,0.256,0.125,0.216,0.214,0.0,0.154,0.078,0.0,1,True,False,False
29.7,6.3,0.727,0.516,9.4,0.0,0.0,0,0.386,0.186,0.226,0.074,0.289,0.339,0.0,0.178,0.147,0.0,1,True,False,False
27.1,4.1,0.722,0.609,8.5,4.133380884450784,0.0,0,0.617,0.389,0.479,0.059,0.462,0.371,0.121,0.084,0.126,0.0,1,True,False,False
27.1,2.6,0.623,0.485,9.0,0.0,0.0,0,0.763,0.327,0.567,0.048,0.588,0.359,0.064,0.093,0.106,0.0,1,True,False,False
26.9,6.3,0.688,0.442,10.1,0.0,0.0691114245416079,0,0.538,0.216,0.347,0.092,0.368,0.242,0.047,0.19,0.169,0.0,1,True,False,False
31.0,3.6,0.778,0.529,8.4,0.0,0.0,0,0.608,0.155,0.283,0.122,0.235,0.22281740370898714,0.0,0.114,0.098,0.0,1,True,False,False
31.5,3.9,0.735,0.33847982708933716,8.3,0.0,0.0,0,0.558,0.311,0.224,0.073,0.212,0.259,0.011,0.12,0.1,0.0,1,True,False,False
29.7,5.5,0.747,0.559,9.1,1.0,0.0,0,0.529,0.259,0.419,0.0,0.235,0.222,0.006,0.188,0.138,0.0,1,True,False,False
29.5,3.5,0.741,0.516,8.4,0.0,0.0,0,0.432,0.351,0.323,0.127,0.287,0.276,0.012,0.082,0.096,0.0,1,True,False,False
35.0,3.2,0.813,0.728,6.4,0.0,0.0,0,0.591,0.394,0.624,0.065,0.537,0.448,0.194,0.114,0.086,0.0,1,True,False,False
34.1,3.4,0.796,0.602,7.2,0.0,0.0,0,0.756,0.369,0.439,0.062,0.58,0.415,0.0,0.108,0.082,0.0,1,True,False,False
32.6,2.5,0.811,0.484,6.1,0.0,0.0,0,0.687,0.334,0.393,0.3561959654178674,0.254,0.321,0.065,0.078,0.046,0.0,1,True,False,False
34.2,2.5,0.833,0.552,6.5,0.0,0.0,0,0.511,0.212,0.292,0.094,0.257,0.34,0.119,0.091,0.093,0.0,1,True,False,False
35.0,4.4,0.854,0.565,5.0,0.0,1.0,0,0.614,0.468,0.585,0.3561959654178674,0.532,0.322,0.0,0.16,0.108,0.0,1,True,False,False
35.0,5.4,0.755,0.47,6.2,0.0,0.0,0,0.715,0.21543083573487035,0.23,0.09,0.198,0.252,0.009,0.214,0.061,0.0,1,True,False,False
35.0,3.3,0.819,0.551,5.6,0.0,0.0,0,0.507,0.124,0.243,0.053,0.206,0.291,0.052,0.129,0.072,0.0,1,True,False,False
31.6,4.4,0.775,0.704,7.0,0.0,0.0,0,0.82,0.45,0.635,0.158,0.571,0.42,0.198,0.082,0.09,0.0,1,True,False,False
35.0,2.9,0.829,0.727,4.9,0.0,0.0,0,0.786,0.355,0.523,0.215,0.506,0.418,0.025,0.085,0.038,0.0,1,True,False,False
32.6,4.0,0.953,0.627,4.3,0.0,0.0,0,0.469,0.241,0.2661239193083573,0.083,0.22,0.27,0.017,0.091,0.077,0.0,1,True,False,False
35.0,6.0,0.715,0.457,6.1,0.0,0.0,0,0.466,0.111,0.172,0.131,0.245,0.22,0.0,0.171,0.148,0.0,1,True,False,False
33.8,5.0,0.905,0.493,3.1,0.0,0.0,0,0.612,0.21543083573487035,0.2661239193083573,0.119,0.283,0.277,0.036,0.169,0.116,0.0,1,True,False,False
35.0,2.8,0.898,0.33847982708933716,5.0,0.0,0.0,0,0.453,0.151,0.231,0.111,0.261,0.25,0.023,0.017,0.087,0.0,1,True,False,False
34.6,3.4,0.868,0.658,5.3,0.0,0.0,0,0.475,0.084,0.292,0.155,0.202,0.222,0.0,0.1,0.039,0.0,1,True,False,False
35.0,3.6,0.906,0.743,2.8,0.0,0.0,0,0.755,0.5,0.636,0.159,0.521,0.533,0.09865706051873198,0.118,0.051,0.0,1,True,False,False
35.0,4.4,0.902,0.769,2.1,0.0,0.0,0,0.703,0.371,0.554,0.146,0.439,0.591,0.031,0.166,0.146,0.0,1,True,False,False
34.9,3.3,0.983,0.597,2.8,0.0,0.0,0,0.524,0.257,0.338,0.017,0.245,0.25,0.0,0.113,0.008,0.0,1,True,False,False
35.0,3.6,0.898,0.53,2.3,0.0,0.0,0,0.543,0.086,0.2661239193083573,0.121,0.241,0.288,0.041,0.099,0.045,0.0,1,True,False,False
35.0,5.6,0.878,0.607,3.2,0.0,0.0,0,0.516,0.095,0.225,0.15,0.196,0.26,0.0,0.143,0.065,0.0,1,True,False,False
35.0,4.8,0.874,0.575,1.6,0.0,0.0,0,0.498,0.214,0.252,0.021,0.2631925820256776,0.321,0.134,0.156,0.123,0.0,1,True,False,False
35.0,5.4,0.988,0.677,0.7,0.0,0.0,0,0.553,0.141,0.314,0.028,0.262,0.257,0.086,0.193,0.143,0.0,1,True,False,False
33.8,3.2,0.971,0.927,0.6,0.0,0.0,0,0.644,0.273,0.647,0.071,0.471,0.472,0.16,0.124,0.093,0.0,1,True,False,False
35.0,0.9,0.966,0.631,1.6,0.0,0.0,0,0.758,0.477,0.657,0.085,0.48,0.511,0.229,0.052,0.014,0.0,1,True,False,False
34.8,4.6,1.0,0.33847982708933716,1.3,0.0,0.0,0,0.514,0.141,0.302,0.092,0.219,0.266,0.0,0.168,0.092,0.0,1,True,False,False
32.3,4.0,0.801,0.553,1.9,0.0,0.0,0,0.556,0.195,0.29,0.082,0.224,0.321,0.042,0.15,0.079,0.0,1,True,False,False
35.0,5.2,0.875,0.582,1.6,0.0,0.0,0,0.471,0.169,0.169,0.134,0.262,0.394,0.0,0.149,0.132,0.0,1,True,False,False
33.1,5.2,0.885,0.456,0.2,0.0,0.0,0,0.344,0.0,0.011,0.703,0.043,0.225,0.042,0.196,0.123,0.0,1,False,False,True
33.0,5.3,0.963,0.511,0.6,0.0,0.0,0,0.483,0.0,0.025,0.653,0.0,0.256,0.0,0.085,0.132,0.0,1,False,False,True
35.0,6.6,1.0,0.73,0.5,0.0,0.0,0,0.629,0.267,0.534,0.024,0.445,0.422,0.057,0.208,0.152,0.0,1,True,False,False
35.0,5.0,1.0,0.809,-1.2,0.0,0.0,0,0.776,0.341,0.551,0.089,0.481,0.509,0.201,0.143,0.142,0.0,1,True,False,False
35.0,5.8,0.995,0.33847982708933716,-0.8,0.0,0.0,0,0.399,0.0,0.03,0.624,0.031,0.132,0.0,0.176,0.152,0.0,1,False,False,True
35.0,3.4,0.955,0.469,1.0,0.0,0.0,0,0.472,0.0,0.126,0.674,0.0,0.202,0.0,0.117,0.03,0.0,1,False,False,True
35.0,4.6,1.0,0.506,-1.7,0.0,0.0,0,0.346,0.0,0.0,0.561,0.0,0.143,0.0,0.074,0.135,0.0,1,False,False,True
32.6,4.7,0.981,0.519,-1.2,0.0,0.0,0,0.34,0.108,0.0,0.713,0.025,0.219,0.0,0.134,0.097,0.0,1,False,False,True
35.0,3.2,1.0,0.33847982708933716,-2.4,0.0,0.0,0,0.417,0.016,0.0,0.72,0.0,0.095,0.0,0.096,0.086,0.0,1,False,False,True
30.7,5.6,0.895,0.621,-2.6,0.0,0.0,0,0.656,0.415,0.59,0.131,0.445,0.439,0.104,0.179,0.133,0.0,1,True,False,False
35.0,2.5,1.0,0.683,-1.6,0.0,0.0,0,0.821,0.352,0.505,0.157,0.566,0.524,0.17,0.072,0.089,0.0,1,True,False,False
34.1,5.2,0.47656195965417864,0.524,-2.2,0.0,0.0,0,0.397,0.125,0.052,0.69,0.0,0.18,0.0,0.17,0.12,0.0,1,False,False,True
35.0,5.1,1.0,0.51,-1.5,0.0,0.0,0,0.526,0.0,0.0,0.731,0.032,0.109,0.0,0.153,0.097,0.0,1,False,False,True
34.7,3.1,1.0,0.5,-3.8,0.0,0.0,0,0.477,0.0,0.0,0.538,0.015,0.158,0.002,0.138,0.174,0.0,1,False,False,True
34.0,3.6,0.957,0.581,-2.0,0.0,0.0,0,0.462,0.0,0.063,0.614,0.0,0.231,0.0,0.071,0.041,0.0,1,False,False,True
35.0,4.9,1.0,0.52,-2.8,0.0,0.0,0,0.41,0.066,0.046,0.693,0.021,0.143,0.0,0.149,0.119,0.0,1,False,False,True
35.0,5.5,0.945,0.33847982708933716,-2.4,0.0,0.0,0,0.709,0.533,0.632,0.126,0.559,0.512,0.155,0.16,0.077,0.0,1,True,False,False
35.0,7.2,0.962,0.774,-1.9,0.0,0.0,0,0.59,0.465,0.2661239193083573,0.103,0.468,0.5,0.0,0.185,0.141,0.0,1,True,False,False
34.6,2.3,0.965,0.526,-3.3,0.0,0.0,0,0.529,0.078,0.0,0.746,0.0,0.187,0.102,0.098,0.006,0.0,1,False,False,True
35.0,6.1,1.0,0.554,-3.2,0.0,0.0,0,0.457,0.0,0.156,0.624,0.022,0.101,0.0,0.203,0.1,0.0,1,False,False,True
35.0,6.3,0.938,0.585,-4.5,0.0,0.0,0,0.402,0.0,0.027,0.656,0.089,0.085,0.0,0.154,0.183,0.0,1,False,False,True
34.8,3.6,1.0,0.62,-4.9,0.0,0.0,0,0.411,0.0,0.2661239193083573,0.704,0.001,0.121,0.0,0.108,0.111,0.0,1,False,False,True
33.7,4.4,0.934,0.544,-2.4,4.0,0.0,0,0.431,0.001,0.0,0.612,0.0,0.181,0.0,0.171,0.12198270893371758,0.0,1,False,False,True
34.7,2.6,0.981,0.739,-4.7,1.8,0.0,0,0.502,0.43,0.549,0.08,0.48,0.508,0.026,0.116,0.051,0.0,1,True,False,False
33.7,4.5,0.96,0.751,-4.9,0.0,0.0,0,0.687,0.21543083573487035,0.588,0.143,0.543,0.528,0.245,0.111,0.073,0.0,1,True,False,False
35.0,5.4,0.969,0.545,-4.7,0.0,0.0,0,0.507,0.0,0.0,0.3561959654178674,0.0,0.108,0.0,0.182,0.111,0.0,1,False,False,True
35.0,5.1,1.0,0.582,-4.8,0.0,0.0,0,0.444,0.075,0.094,0.703,0.2631925820256776,0.228,0.0,0.104,0.116,0.0,1,False,False,True
35.0,4.3,0.895,0.495,-4.7,0.0,0.0,0,0.446,0.0,0.02,0.634,0.008,0.177,0.0,0.129,0.12198270893371758,0.0,1,False,False,True
35.0,4.2,0.47656195965417864,0.531,-5.3,0.0,0.0,0,0.492,0.005,0.0,0.639,0.0,0.198,0.0,0.087,0.085,0.0,1,False,False,True
35.0,3.9,1.0,0.575,-5.2,0.0,0.0,0,0.576,0.0,0.0,0.762,0.046,0.22281740370898714,0.0,0.147,0.079,0.0,1,False,False,True
35.0,3.8,1.0,0.691,-6.2,1.1,0.0,0,0.681,0.422,0.523,0.1,0.549,0.464,0.09865706051873198,0.177,0.113,0.0,1,True,False,False
35.0,3.4,1.0,0.33847982708933716,-6.0,0.0,0.0,0,0.514,0.262,0.501,0.135,0.525,0.22281740370898714,0.193,0.139,0.103,0.0,1,True,False,False
35.0,4.5,0.989,0.586,-6.0,0.0,0.0,1,0.348,0.006,0.0,0.696,0.084,0.083,0.0,0.491,0.458,0.0,1,False,False,True
35.0,4.4,0.979,0.519,-4.6,0.0,0.0,0,0.384,0.0,0.0,0.644,0.0,0.113,0.0,0.137,0.12198270893371758,0.0,1,False,False,True
35.0,4.4,1.0,0.598,-6.3,0.0,0.0,0,0.296,0.0,0.031,0.731,0.0,0.147,0.0,0.101,0.12,0.0,1,False,False,True
35.0,3.0,1.0,0.571,-7.1,0.2,0.0,0,0.257,0.0,0.0,0.688,0.0,0.191,0.0,0.09,0.063,0.0,1,False,False,True
33.6,3.3,0.989,0.524,-6.6,0.0,0.0,0,0.428,0.104,0.0,0.622,0.026,0.121,0.0,0.089,0.085,0.0,1,False,False,True
34.6,4.5,1.0,0.737,-5.3,0.0,0.0,0,0.619,0.511,0.661,0.145,0.552,0.399,0.233,0.195,0.102,0.0,1,True,False,False
33.9,3.2,0.954,0.697,-6.8,0.0,0.0,0,0.733,0.345,0.619,0.127,0.523,0.57,0.185,0.168,0.062,0.0,1,True,False,False
35.0,2.1,1.0,0.617,-6.5,0.0,0.0,0,0.302,0.0,0.007,0.592,0.0,0.062,0.0,0.071,0.033,0.0,1,False,False,True
31.7,2.9,0.984,0.523,-4.6,0.0,0.0,0,0.51,0.0,0.015,0.696,0.0,0.128,0.0,0.077,0.12198270893371758,0.0,1,False,False,True
35.0,4.6,0.993,0.562,-5.8,0.0,0.0,0,0.429,0.139,0.0,0.641,0.057,0.103,0.002,0.137,0.13,0.0,1,False,False,True
35.0,2.8,0.995,0.551,-7.2,4.133380884450784,0.0,0,0.427,0.043,0.0,0.659,0.0,0.138,0.046,0.07,0.08,0.0,1,False,False,True
34.9,4.6,0.47656195965417864,0.482,-6.2,0.0,0.0,0,0.5259472182596291,0.0,0.0,0.682,0.0,0.111,0.0,0.121,0.15,0.0,1,False,False,True
35.0,4.2,1.0,0.681,-5.6,0.0,0.0,0,0.751,0.308,0.526,0.176,0.499,0.484,0.152,0.159,0.096,0.0,1,True,False,False
35.0,2.4,0.97,0.687,-6.3,0.0,0.0,0,0.72,0.267,0.551,0.078,0.546,0.64,0.209,0.081,0.089,0.0,1,True,False,False
35.0,4.1,0.984,0.542,-7.4,0.0,0.0,0,0.455,0.21543083573487035,0.072,0.61,0.0,0.081,0.0,0.173,0.104,0.0,1,False,False,True
34.7,4.6,0.99,0.685,-7.4,0.0,0.0,0,0.451,0.086,0.099,0.605,0.015,0.237,0.051,0.096,0.111,0.0,1,False,False,True
35.0,5.4,0.989,0.33847982708933716,-6.6,0.0,0.0,0,0.412,0.0,0.05,0.734,0.0,0.118,0.073,0.15067579250720461,0.15,0.0,1,False,False,True
35.0,2.1,0.874,0.477,-6.5,4.133380884450784,0.0,0,0.394,0.0,0.053,0.643,0.037,0.133,0.01,0.027,0.071,0.0,1,False,False,True
35.0,4.3,0.927,0.33847982708933716,-6.9,0.0,0.0,0,0.428,0.0,0.0,0.653,0.0,0.093,0.0,0.133,0.107,0.0,1,False,False,True
33.7,3.4,1.0,0.73,-6.8,0.0,0.0,0,0.563,0.466,0.583,0.056,0.519,0.555,0.177,0.13,0.034,0.0,1,True,False,False
35.0,2.3,1.0,0.702,-7.0,0.0,0.0691114245416079,0,0.619,0.327,0.589,0.011,0.577,0.538,0.224,0.084,0.051,0.0,1,True,False,False
35.0,3.7,1.0,0.33847982708933716,-6.8,0.0,0.0,0,0.542,0.107,0.0,0.686,0.0,0.067,0.0,0.106,0.152,0.0,1,False,False,True
35.0,3.2,0.965,0.546,-6.1,0.0,0.0,0,0.393,0.0,0.0,0.516,0.0,0.12,0.0,0.124,0.045,0.0,1,False,False,True
33.8,2.7,0.998,0.573,-7.8,4.133380884450784,0.0,0,0.5259472182596291,0.061,0.028,0.601,0.017,0.157,0.0,0.15067579250720461,0.065,0.0,1,False,False,True
32.8,3.2,1.0,0.51,-7.1,0.0,0.0,0,0.405,0.124,0.023,0.731,0.0,0.208,0.0,0.118,0.09,0.0,1,False,False,True
33.1,4.1,1.0,0.572,-8.2,0.0,0.0,0,0.432,0.0,0.0,0.706,0.078,0.131,0.031,0.165,0.114,0.0,1,False,False,True
35.0,4.5,0.979,0.685,-7.1,1.0,0.0,0,0.848,0.295,0.544,0.093,0.549,0.437,0.159,0.171,0.113,0.0,1,True,False,False
35.0,3.7,1.0,0.773,-8.9,0.0,0.0,0,0.749,0.299,0.519,0.138,0.2631925820256776,0.402,0.209,0.16,0.07,0.0,1,True,False,False
1.7,6.3,0.743,0.341,-7.1,2.4,0.0,0,0.524,0.0,0.074,0.633,0.014,0.16,0.0,0.251,0.164,0.0,1,False,False,True
0.0,4.7,0.518,0.292,-6.9,7.1,0.0,0,0.558,0.0,0.039,0.604,0.051,0.189,0.0,0.162,0.073,0.0,0,False,False,True
2.3,4.1,0.698,0.444,-6.8,6.2,0.0,0,0.302,0.132,0.067,0.75,0.007,0.129,0.0,0.168,0.12198270893371758,0.0,0,False,False,True
2.5,2.1,0.654,0.366,-6.0,2.9,0.0,0,0.357,0.028,0.0,0.732,0.0,0.139,0.043,0.15067579250720461,0.059,0.0,0,False,False,True
0.5,4.6,0.618,0.373,-7.2,2.1,0.0,0,0.5259472182596291,0.033,0.036,0.765,0.067,0.233,0.0,0.151,0.127,0.0,0,False,False,True
0.7,4.4,0.63,0.672,-5.7,1.7,0.0,0,0.71,0.404,0.629,0.058,0.531,0.446,0.09865706051873198,0.108,0.132,0.0,0,True,False,False
1.0,2.2,0.656,0.518,-7.0,1.5,0.0,0,0.723,0.339,0.2661239193083573,0.064,0.51,0.465,0.237,0.042,0.12198270893371758,0.0,0,True,False,False
0.0,3.4,0.595,0.287,-8.0,4.5,0.0,0,0.423,0.0,0.002,0.657,0.0,0.218,0.0,0.14,0.109,0.0,0,False,False,True
1.0,3.3,0.664,0.33847982708933716,-5.9,1.9,0.0,0,0.319,0.0,0.0,0.3561959654178674,0.0,0.165,0.0,0.17,0.098,0.0,0,False,False,True
0.0,2.8,0.594,0.364,-6.4,0.4,0.0,0,0.429,0.019,0.0,0.63,0.015,0.126,0.0,0.15067579250720461,0.028,0.0,1,False,False,True
0.0,3.1,0.582,0.272,-6.6,6.8,0.0,1,0.5259472182596291,0.21543083573487035,0.0,0.685,0.2631925820256776,0.126,0.079,0.42,0.379,0.0,0,False,False,True
0.2,4.6,0.596,0.36,-5.8,1.3,0.0,0,0.513,0.0,0.033,0.68,0.0,0.217,0.0,0.159,0.093,0.0,1,False,False,True
0.0,4.6,0.6,0.594,-5.8,1.1,0.0691114245416079,0,0.671,0.523,0.58,0.09,0.607,0.441,0.094,0.109,0.117,0.0,0,True,False,False
0.3,3.5,0.603,0.461,-7.0,6.8,0.0,0,0.761,0.319,0.518,0.175,0.493,0.489,0.036,0.106,0.141,0.0,0,True,False,False
0.7,2.1,0.638,0.417,-7.1,2.7,0.0,0,0.244,0.0,0.051,0.635,0.0,0.123,0.035,0.079,0.109,0.0,0,False,False,True
0.0,4.3,0.764,0.458,-5.8,3.5,0.0,0,0.432,0.0,0.0,0.621,0.2631925820256776,0.123,0.004,0.123,0.169,0.0,1,False,False,True
0.0,3.2,0.603,0.359,-5.6,4.133380884450784,0.0,0,0.396,0.21543083573487035,0.0,0.609,0.003,0.19,0.0,0.154,0.048,0.0,0,False,False,True
3.9,5.6,0.683,0.424,-5.8,6.4,0.0,0,0.488,0.0,0.009,0.619,0.005,0.231,0.0,0.189,0.136,0.0,1,False,False,True
1.1,3.5,0.632,0.381,-7.5,4.7,0.0,0,0.526,0.0,0.059,0.698,0.0,0.22281740370898714,0.0,0.057,0.078,0.0,1,False,False,True
0.0,4.4,0.574,0.481,-5.9,2.1,0.0,0,0.758,0.4,0.467,0.132,0.588,0.512,0.09865706051873198,0.147,0.09,0.0,0,True,False,False
0.0,3.5,0.614,0.645,-5.2,5.9,0.0,0,0.617,0.381,0.614,0.082,0.517,0.451,0.181,0.11,0.102,0.0,1,True,False,False
0.0,4.7,0.658,0.378,-5.4,2.5,0.0,0,0.44,0.0,0.0,0.735,0.0,0.173,0.0,0.17,0.133,0.0,0,False,False,True
0.0,4.9,0.701,0.429,-6.3,7.0,1.0,0,0.492,0.211,0.338,0.712,0.234,0.22281740370898714,0.0,0.137,0.102,0.0,0,False,False,True
0.9,3.7,0.647,0.31,-3.4,4.0,0.0,0,0.457,0.0,0.09,0.648,0.0,0.11,0.0,0.14,0.121,0.0,0,False,False,True
2.1,2.0,0.733,0.412,-5.7,4.9,0.0,0,0.608,0.025,0.114,0.601,0.0,0.151,0.0,0.107,0.106,0.0,0,False,False,True
0.0,4.3,0.765,0.396,-6.5,3.1,0.0,0,0.45,0.0,0.0,0.646,0.048,0.18,0.0,0.13,0.098,0.0,0,False,False,True
0.4,4.1,0.66,0.33847982708933716,-5.1,3.7,0.0,0,0.5259472182596291,0.426,0.639,0.125,0.468,0.531,0.114,0.123,0.113,0.0,1,True,False,False
0.3,1.1,0.586,0.446,-5.4,5.1,0.0,0,0.667,0.478,0.57,0.124,0.579,0.421,0.164,0.058,0.043,0.0,0,True,False,False
0.0,4.6,0.649,0.383,-5.0,1.2,0.0,0,0.479,0.0,0.0,0.619,0.0,0.196,0.0,0.102,0.058,0.0,0,False,False,True
1.6,4.8,0.47656195965417864,0.308,-5.2,1.4,0.0,0,0.456,0.051,0.0,0.579,0.0,0.132,0.0,0.192,0.132,0.0,0,False,False,True
3.4,3.0,0.615,0.504,-5.5,5.2,0.0,0,0.543,0.293,0.329,0.073,0.214,0.266,0.117,0.12,0.108,0.0,1,True,False,False
0.0,2.4,0.711,0.46,-6.2,7.8,0.0,0,0.576,0.067,0.28,0.061,0.178,0.22281740370898714,0.05,0.087,0.118,0.0,0,True,False,False
0.8,4.1,0.668,0.478,-4.6,2.6,0.0,0,0.436,0.217,0.346,0.108,0.24,0.355,0.0,0.135,0.135,0.0,0,True,False,False
0.4,6.0,0.691,0.548,-2.8,0.1,0.0,0,0.677,0.467,0.661,0.142,0.433,0.468,0.144,0.186,0.149,0.0,0,True,False,False
1.9,2.5,0.693,0.53,-3.3,2.6,0.0,0,0.663,0.356,0.62,0.078,0.571,0.519,0.069,0.156,0.118,0.0,0,True,False,False
0.0,4.5,0.633,0.484,-4.0,2.5,0.0,0,0.606,0.197,0.318,0.038,0.333,0.298,0.0,0.158,0.154,0.0,0,True,False,False
2.6,3.7,0.608,0.417,-3.4,4.2,0.0,0,0.482,0.188,0.296,0.109,0.147,0.31,0.017,0.059,0.103,0.0,0,True,False,False
0.0,3.5,0.727,0.639,-4.3,0.8,0.0,0,0.536,0.262,0.284,0.117,0.214,0.397,0.023,0.069,0.044,0.0,0,True,False,False
0.0,3.0,0.655,0.508,-3.0,6.5,0.0,0,0.652,0.107,0.336,0.025,0.258,0.293,0.0,0.12,0.136,0.0,0,True,False,False
1.3,2.1,0.599,0.441,-3.5,3.9,0.0,0,0.638,0.16,0.274,0.079,0.22,0.22281740370898714,0.004,0.089,0.12198270893371758,0.0,1,True,False,False
1.4,3.9,0.701,0.573,-4.1,3.8,0.0,0,0.65,0.441,0.606,0.122,0.539,0.475,0.221,0.159,0.117,0.0,0,True,False,False
2.0,3.2,0.665,0.529,-3.5,5.5,0.0,0,0.734,0.305,0.545,0.178,0.553,0.396,0.138,0.143,0.127,0.0,0,True,False,False
0.0,3.7,0.588,0.495,-2.6,3.5,0.0,0,0.542,0.207,0.308,0.065,0.264,0.331,0.118,0.161,0.133,0.0,0,True,False,False
2.4,2.9,0.688,0.435,-3.9,7.4,0.0,0,0.448,0.224,0.351,0.084,0.281,0.269,0.003,0.152,0.079,0.0,1,True,False,False
0.6,3.3,0.7,0.522,-2.6,1.5,0.0,0,0.524,0.095,0.306,0.033,0.288,0.38,0.0,0.12,0.077,0.0,0,True,False,False
0.0,6.5,0.585,0.324,-4.1,7.3,0.0,0,0.59,0.21543083573487035,0.314,0.108,0.375,0.347,0.052,0.244,0.16,0.0,1,True,False,False
0.0,2.3,0.569,0.361,-2.0,7.3,0.0,0,0.606,0.174,0.338,0.052,0.292,0.327,0.0,0.102,0.12198270893371758,0.0,0,True,False,False
0.5,2.5,0.714,0.505,-1.8,3.6,0.0,0,0.647,0.254,0.49,0.055,0.567,0.454,0.112,0.097,0.039,0.0,0,True,False,False
0.5,3.8,0.619,0.579,-2.2,8.1,0.0,0,0.504,0.381,0.486,0.083,0.544,0.22281740370898714,0.092,0.167,0.144,0.0,0,True,False,False
0.0,5.2,0.671,0.468,-1.2,1.6,0.0,0,0.473,0.161,0.262,0.094,0.254,0.374,0.111,0.133,0.127,0.0,1,True,False,False
2.2,2.3,0.619,0.362,-0.1,3.6,0.0,0,0.558,0.038,0.247,0.14,0.182,0.288,0.0,0.114,0.13,0.0,0,True,False,False
1.1,3.8,0.689,0.513,-0.9,4.133380884450784,1.0,0,0.563,0.268,0.459,0.058,0.372,0.314,0.011,0.163,0.123,0.0,0,True,False,False
0.0,2.9,0.47656195965417864,0.42,-0.4,1.6,0.0,0,0.617,0.156,0.267,0.131,0.229,0.31,0.0,0.12,0.06,0.0,0,True,False,False
0.0,4.4,0.714,0.536,-1.4,3.6,0.0,0,0.577,0.073,0.245,0.033,0.21,0.394,0.06,0.118,0.131,0.0,0,True,False,False
2.9,3.5,0.602,0.495,1.3,5.3,1.0,0,0.837,0.562,0.819,0.132,0.704,0.495,0.0,0.141,0.113,0.0,0,True,False,False
1.9,3.5,0.628,0.556,1.1,5.1,0.0,0,0.59,0.389,0.628,0.0,0.642,0.559,0.18,0.14,0.086,0.0,0,True,False,False
0.0,6.2,0.621,0.471,0.7,2.9,0.0,0,0.565,0.338,0.351,0.091,0.23,0.354,0.0,0.18,0.141,0.0,1,True,False,False
0.2,4.2,0.47656195965417864,0.469,1.1,1.6,1.0,0,0.504,0.441,0.561,0.029,0.454,0.215,0.056,0.144,0.126,0.0,0,True,False,False
0.7,2.7,0.575,0.453,1.1,5.0,0.0,0,0.455,0.19,0.149,0.081,0.243,0.28,0.085,0.088,0.081,0.0,0,True,False,False
1.0,3.3,0.645,0.49,1.7,0.1,0.0,0,0.481,0.248,0.381,0.108,0.258,0.295,0.116,0.108,0.149,0.0,0,True,False,False
0.0,4.0,0.621,0.413,1.3,2.0,0.0,0,0.643,0.303,0.322,0.091,0.229,0.238,0.035,0.093,0.11,0.0,0,True,False,False
1.8,0.6,0.662,0.506,0.7,2.9,0.0,0,0.671,0.4,0.578,0.105,0.49,0.451,0.172,0.15067579250720461,0.01,0.0,0,True,False,False
0.0,3.2,0.536,0.446,1.2,2.7,0.0,0,0.751,0.342,0.633,0.021,0.557,0.483,0.15,0.124,0.048,0.0,1,True,False,False
0.0,3.9,0.657,0.337,1.5,3.4,0.0,0,0.379,0.0,0.0,0.3561959654178674,0.0,0.103,0.0,0.104,0.113,0.0,0,False,False,True
2.2,4.4,0.586,0.345,3.2,1.7,0.0,0,0.44,0.063,0.014,0.709,0.0,0.201,0.0,0.135,0.132,0.0,0,False,False,True
0.0,4.2,0.597,0.43,1.7,1.1,0.0,0,0.384,0.154,0.037,0.666,0.047,0.237,0.0,0.198,0.046,0.0,0,False,False,True
0.0,3.8,0.659,0.293,2.3,0.3,0.0,0,0.362,0.145,0.2661239193083573,0.697,0.008,0.221,0.0,0.144,0.102,0.0,0,False,False,True
1.7,5.2,0.592,0.35,2.4,4.2,0.0,0,0.515,0.091,0.036,0.667,0.013,0.097,0.0,0.163,0.185,0.0,0,False,False,True
0.0,4.6,0.637,0.464,2.3,2.0,0.0,0,0.627,0.412,0.645,0.104,0.522,0.435,0.05,0.204,0.073,0.0,1,True,False,False
1.2,2.6,0.583,0.481,3.0,4.7,0.0,0,0.72,0.303,0.2661239193083573,0.016,0.509,0.448,0.021,0.093,0.079,0.0,0,True,False,False
0.0,1.9,0.587,0.3,3.2,5.7,0.0,0,0.412,0.0,0.0,0.726,0.0,0.203,0.0,0.089,0.103,0.0,0,False,False,True
0.1,4.5,0.537,0.221,4.5,6.3,0.0,0,0.496,0.0,0.006,0.622,0.0,0.114,0.0,0.173,0.123,0.0,0,False,False,True
0.0,4.1,0.48,0.253,5.7,2.2,0.0,0,0.479,0.0,0.054,0.636,0.037,0.071,0.09865706051873198,0.116,0.107,0.0,1,False,False,True
0.2,1.2,0.596,0.312,4.0,1.5,0.0,0,0.429,0.0,0.0,0.672,0.022,0.17,0.0,0.009,0.045,0.0,0,False,False,True
1.2,3.0,0.538,0.195,5.2,1.5,0.0,0,0.24,0.0,0.0,0.609,0.046,0.119,0.0,0.126,0.037,0.0,0,False,False,True
0.0,3.7,0.47656195965417864,0.611,4.0,2.2,0.0,0,0.633,0.438,0.535,0.147,0.497,0.437,0.0,0.16,0.111,0.0,1,False,True,False
0.0,4.8,0.636,0.33847982708933716,3.1,3.3,0.0,0,0.722,0.423,0.606,0.044,0.453,0.22281740370898714,0.123,0.126,0.069,0.0,0,True,False,False
0.0,4.8,0.496,0.305,6.4,4.2,0.0,0,0.448,0.0,0.0,0.637,0.0,0.138,0.0,0.201,0.173,0.0,1,False,False,True
2.3,3.3,0.515,0.309,5.0,1.9,0.0,0,0.389,0.02,0.058,0.673,0.0,0.109,0.0,0.114,0.118,0.0,0,False,False,True
0.0,3.9,0.578,0.285,4.5,1.3,0.0,0,0.497,0.0,0.02,0.647,0.071,0.147,0.0,0.168,0.104,0.0,0,False,False,True
0.0,4.1,0.528,0.297,5.7,3.4,0.0,0,0.425,0.063,0.019,0.703,0.057,0.066,0.0,0.147,0.116,0.0,0,False,False,True
1.9,3.1,0.396,0.153,6.8,3.6,0.0691114245416079,0,0.396,0.119,0.014,0.638,0.019,0.086,0.0,0.086,0.126,0.0,0,False,False,True
0.0,0.3,0.382,0.407,7.0,7.0,0.0,0,0.763,0.45,0.504,0.083,0.476,0.488,0.06,0.006,0.041,0.0,0,True,False,False
2.6,5.2,0.489,0.453,6.7,4.4,0.0,0,0.663,0.329,0.64,0.067,0.423,0.575,0.09865706051873198,0.214,0.152,0.0,1,True,False,False
0.1,2.8,0.386,0.219,8.3,3.8,0.0,0,0.334,0.0,0.007,0.672,0.0,0.072,0.0,0.112,0.118,0.0,0,False,False,True
0.9,4.2,0.433,0.108,7.1,7.5,0.0,0,0.422,0.0,0.0,0.635,0.0,0.087,0.0,0.18,0.205,0.0,0,False,False,True
0.0,5.9,0.414,0.211,8.8,3.3,0.0,0,0.354,0.21543083573487035,0.085,0.613,0.09,0.059,0.0,0.194,0.183,0.0,1,False,False,True
0.0,3.0,0.389,0.207,9.1,4.8,0.0,0,0.332,0.052,0.085,0.566,0.0,0.023,0.0,0.098,0.069,0.0,0,False,False,True
1.0,5.1,0.338,0.169,7.6,3.4,0.0,0,0.333,0.0,0.027,0.599,0.0,0.179,0.0,0.13,0.108,0.0,0,False,False,True
0.0,4.0,0.436,0.458,9.1,1.4,0.0,0,0.674,0.342,0.592,0.043,0.487,0.378,0.138,0.17,0.115,0.0,0,True,False,False
0.0,3.4,0.358,0.469,8.8,3.7,0.0,0,0.5259472182596291,0.366,0.536,0.09,0.531,0.435,0.09865706051873198,0.132,0.062,0.0,0,True,False,False
0.7,4.1,0.39,0.112,9.2,22.3,0.0,0,0.322,0.006,0.0,0.59,0.0,0.22281740370898714,0.0,0.15067579250720461,0.22,0.0,0,False,False,True
1.5,3.4,0.363,0.211,9.8,20.1,0.0,0,0.486,0.0,0.005,0.612,0.2631925820256776,0.029,0.0,0.21,0.191,0.0,1,False,False,True
0.0,5.2,0.47656195965417864,0.102,10.7,18.7,0.0,0,0.449,0.0,0.009,0.567,0.0,0.028,0.0,0.228,0.207,0.0,0,False,False,True
0.0,3.4,0.47656195965417864,0.067,10.5,24.1,0.0,0,0.542,0.0,0.032,0.3561959654178674,0.2631925820256776,0.08,0.0,0.222,0.18,0.0,0,False,False,True
1.7,3.0,0.36,0.114,10.0,24.6,0.0,0,0.359,0.019,0.0,0.624,0.064,0.07,0.0,0.137,0.165,0.0,0,False,False,True
1.1,3.6,0.339,0.368,9.4,20.3,0.0,0,0.614,0.296,0.5,0.12,0.494,0.449,0.006,0.236,0.19,0.0,0,True,False,False
0.0,4.6,0.393,0.405,11.1,19.0,0.0,0,0.703,0.366,0.574,0.066,0.563,0.404,0.0,0.229,0.235,0.0,0,True,False,False
0.0,3.9,0.299,0.108,11.1,24.1,0.0,0,0.494,0.0,0.003,0.594,0.076,0.046,0.0,0.177,0.12198270893371758,0.0,0,False,False,True
0.5,1.0,0.203,0.021,10.4,24.2,0.0,0,0.433,0.0,0.0,0.63,0.046,0.021,0.0,0.053,0.131,0.0,0,False,False,True
0.0,3.3,0.305,0.04,11.4,21.3,0.0,0,0.358,0.0,0.031,0.715,0.022,0.0,0.0,0.221,0.192,0.0,0,False,True,False
0.0,4.9,0.345,0.104,10.4,23.2,0.0,0,0.531,0.0,0.06,0.657,0.005,0.009,0.0,0.203,0.276,0.0,0,False,False,True
2.8,5.1,0.225,0.073,12.7,19.1,0.0,0,0.311,0.0,0.0,0.576,0.0,0.058,0.0,0.183,0.206,0.0,0,False,False,True
0.0,4.9,0.375,0.33847982708933716,10.9,22.8,0.0,0,0.647,0.304,0.2661239193083573,0.0,0.584,0.394,0.09865706051873198,0.215,0.166,0.0,0,True,False,False
0.0,5.3,0.328,0.344,11.5,22.4,0.0,0,0.695,0.332,0.463,0.078,0.508,0.371,0.0,0.21,0.206,0.0,0,True,False,False
0.0,5.2,0.379,0.139,12.2,19.9,0.0,0,0.392,0.081,0.2661239193083573,0.662,0.081,0.088,0.0,0.19,0.229,0.0,0,False,True,False
0.0,4.1,0.141,0.034,14.8,24.5,0.0,0,0.543,0.0,0.075,0.65,0.0,0.037,0.0,0.207,0.22,0.0,0,False,False,True
0.0,3.2,0.245,0.143,14.7,19.1,0.0,0,0.449,0.052,0.086,0.629,0.182,0.0,0.0,0.159,0.189,0.0,0,False,False,True
0.9,6.8,0.222,0.155,13.8,23.5,0.0,0,0.399,0.0,0.006,0.615,0.081,0.047,0.0,0.276,0.309,0.0,0,False,False,True
0.0,4.5,0.237,0.124,15.2,20.5,0.0,0,0.423,0.0,0.0,0.608,0.027,0.018,0.0,0.15067579250720461,0.199,0.0,0,False,False,True
0.0,5.9,0.154,0.287,16.0,20.6,1.0,0,0.5259472182596291,0.66,0.865,0.014,0.661,0.513,0.038,0.258,0.255,0.0,0,True,False,False
1.4,2.8,0.254,0.182,14.1,7.7,0.0,0,0.701,0.503,0.616,0.061,0.564,0.22281740370898714,0.091,0.098,0.115,0.0,0,True,False,False
0.8,3.6,0.205,0.137,15.1,1.1,0.0,0,0.392,0.086,0.047,0.579,0.028,0.066,0.0,0.125,0.087,0.0,0,False,False,True
0.0,3.6,0.221,0.115,15.5,3.3,0.0,0,0.371,0.079,0.0,0.603,0.069,0.046,0.0,0.106,0.078,0.0,0,False,False,True
0.0,4.7,0.272,0.106,14.4,4.3,0.0,0,0.435,0.025,0.091,0.607,0.032,0.091,0.0,0.186,0.126,0.0,0,False,False,True
0.0,3.7,0.148,0.124,14.5,4.0,1.0,0,0.41,0.287,0.293,0.686,0.308,0.061,0.028,0.126,0.083,0.0,0,False,False,True
3.2,4.9,0.23,0.147,14.9,7.1,0.0,0,0.331,0.21543083573487035,0.04,0.582,0.023,0.12,0.0,0.198,0.108,0.0,0,False,False,True
2.0,2.1,0.341,0.475,14.8,3.1,0.0,0,0.632,0.605,0.702,0.178,0.528,0.411,0.238,0.067,0.073,0.0,0,True,False,False
1.1,5.0,0.164,0.259,16.9,3.6,0.0,0,0.774,0.488,0.6,0.175,0.599,0.398,0.161,0.146,0.12198270893371758,0.0,0,True,False,False
1.0,1.5,0.304,0.156,14.6,6.6,0.0,0,0.522,0.009,0.2661239193083573,0.679,0.0,0.043,0.0,0.11,0.093,0.0,0,False,False,True
0.0,1.8,0.156,0.039,18.0,2.0,0.0691114245416079,0,0.455,0.025,0.007,0.73,0.034,0.0,0.009,0.08,0.093,0.0,0,False,False,True
0.0,3.8,0.209,0.098,18.1,2.0,0.0,0,0.529,0.0,0.0,0.705,0.125,0.0,0.065,0.142,0.114,0.0,0,False,False,True
1.6,4.0,0.29,0.292,17.3,6.8,0.0,0,0.679,0.229,0.305,0.097,0.292,0.127,0.0,0.163,0.139,0.0,0,True,False,False
0.0,3.8,0.168,0.238,16.9,7.6,0.0,0,0.585,0.276,0.296,0.066,0.292,0.183,0.085,0.205,0.056,0.0,0,True,False,False
0.0,5.5,0.195,0.293,16.8,8.8,0.0,0,0.676,0.396,0.631,0.039,0.576,0.39,0.178,0.217,0.116,0.0,0,True,False,False
0.0,4.1,0.173,0.31,18.2,6.8,0.0,0,0.663,0.419,0.638,0.079,0.664,0.396,0.143,0.113,0.136,0.0,0,True,False,False
0.0,4.8,0.073,0.098,18.0,4.133380884450784,0.0,0,0.503,0.163,0.284,0.124,0.35,0.21,0.017,0.163,0.17,0.0,0,True,False,False
0.0,5.8,0.146,0.115,19.3,6.9,0.0,0,0.723,0.21543083573487035,0.277,0.044,0.333,0.157,0.18,0.261,0.179,0.0,0,True,False,False
0.0,3.6,0.099,0.072,18.7,13.7,0.0,0,0.594,0.339,0.346,0.176,0.2631925820256776,0.18,0.163,0.186,0.12198270893371758,0.0,0,True,False,False
0.0,6.8,0.136,0.271,20.5,5.6,0.0,1,0.563,0.198,0.357,0.0,0.438,0.252,0.117,0.599,0.435,0.0,0,True,False,False
0.0,6.9,0.184,0.237,18.2,7.1,0.0,0,0.63,0.229,0.313,0.182,0.3,0.137,0.098,0.28,0.198,0.0,0,True,False,False
0.5,5.5,0.095,0.195,18.3,5.6,0.0,0,0.782,0.321,0.703,0.021,0.575,0.374,0.262,0.167,0.17,0.0,0,True,False,False
0.0,6.5,0.094,0.294,19.4,6.4,0.0,0,0.737,0.461,0.651,0.091,0.619,0.433,0.213,0.15067579250720461,0.181,0.0,0,True,False,False
2.4,4.9,0.102,0.168,19.7,6.5,0.0,0,0.435,0.34,0.335,0.077,0.356,0.185,0.171,0.175,0.183,0.0,0,True,False,False
0.9,3.5,0.17,0.258,19.2,8.8,0.0,0,0.393,0.299,0.267,0.135,0.339,0.126,0.11,0.121,0.081,0.0,0,True,False,False
2.1,4.1,0.13,0.206,19.7,5.8,0.0,0,0.448,0.365,0.267,0.026,0.285,0.201,0.182,0.146,0.201,0.0,0,True,False,False
0.8,3.3,0.04,0.135,22.0,6.7,0.0,0,0.599,0.296,0.323,0.115,0.374,0.187,0.185,0.137,0.087,0.0,0,True,False,False
0.0,4.0,0.001,0.065,22.2,4.7,0.0,0,0.563,0.304,0.322,0.07,0.295,0.107,0.256,0.145,0.134,0.0,0,True,False,False
1.7,4.7,0.194,0.293,20.3,6.2,0.0,0,0.686,0.554,0.712,0.08,0.583,0.392,0.212,0.166,0.125,0.0,0,True,False,False
1.9,5.1,0.165,0.229,21.1,4.7,0.0,0,0.613,0.488,0.542,0.038,0.548,0.338,0.328,0.216,0.163,0.0,0,True,False,False
0.0,3.9,0.144,0.123,19.8,7.8,0.0,0,0.607,0.167,0.276,0.042,0.326,0.152,0.238,0.169,0.134,0.0,0,True,False,False
1.8,3.5,0.47656195965417864,0.214,20.5,7.0,0.0,0,0.606,0.261,0.309,0.05,0.354,0.283,0.275,0.15067579250720461,0.103,0.0,0,True,False,False
0.0,4.6,0.038,0.2,21.1,7.4,0.0,0,0.544,0.423,0.439,0.064,0.335,0.239,0.117,0.168,0.113,0.0,0,True,False,False
0.0,6.9,0.12,0.217,21.5,5.3,0.0,0,0.529,0.139,0.365,0.104,0.315,0.223,0.169,0.258,0.204,0.0,0,True,False,False
0.0,4.3,0.079,0.094,21.4,9.5,0.0,0,0.669,0.185,0.305,0.116,0.39,0.185,0.064,0.231,0.145,0.0,0,True,False,False
0.0,8.2,0.47656195965417864,0.328,22.6,7.4,0.0,0,0.75,0.47,0.594,0.04,0.596,0.324,0.206,0.327,0.195,0.0,0,True,False,False
0.6,4.5,0.038,0.273,21.3,6.7,0.0,0,0.698,0.322,0.54,0.3561959654178674,0.612,0.48,0.09865706051873198,0.182,0.158,0.0,0,True,False,False
0.0,7.6,0.086,0.101,22.6,4.7,0.0,0,0.602,0.323,0.337,0.02,0.31,0.192,0.125,0.285,0.215,0.0,0,True,False,False
0.0,5.3,0.47656195965417864,0.127,23.1,5.7,0.0,0,0.752,0.308,0.406,0.046,0.486,0.192,0.229,0.228,0.168,0.0,0,True,False,False
0.0,6.9,0.016,0.157,23.4,6.9,0.0,0,0.612,0.275,0.2661239193083573,0.3561959654178674,0.384,0.2,0.215,0.231,0.159,0.0,0,True,False,False
0.0,4.5,0.019,0.33847982708933716,23.8,7.0,0.0,0,0.558,0.257,0.285,0.157,0.262,0.189,0.362,0.184,0.155,0.0,0,True,False,False
2.3,6.2,0.187,0.106,23.8,4.133380884450784,0.0,0,0.488,0.328,0.288,0.091,0.338,0.126,0.189,0.244,0.156,0.0,0,True,False,False
0.7,4.3,0.023,0.212,22.3,9.8,0.0,0,0.749,0.486,0.534,0.125,0.671,0.393,0.212,0.184,0.165,0.0,0,True,False,False
1.6,4.1,0.098,0.262,22.7,10.2,0.0,0,0.78,0.634,0.755,0.051,0.637,0.352,0.226,0.173,0.083,0.0,0,True,False,False
1.3,5.6,0.005,0.004,24.3,6.6,0.0,0,0.468,0.142,0.13,0.636,0.021,0.0,0.02,0.151,0.191,0.0,0,False,False,True
1.9,4.9,0.043,0.017,23.2,9.3,0.0,0,0.426,0.004,0.0,0.76,0.086,0.045,0.122,0.169,0.152,0.0,0,False,False,True
0.7,4.7,0.013,0.019,23.3,5.8,0.0,0,0.346,0.075,0.077,0.713,0.103,0.072,0.232,0.163,0.166,0.0,0,False,False,True
2.0,5.8,0.124,0.114,23.7,5.6,0.0,0,0.293,0.062,0.058,0.602,0.028,0.0,0.116,0.187,0.118,0.0,0,False,False,True
0.0,4.6,0.05,0.33847982708933716,24.2,6.4,1.0,0,0.363,0.229,0.267,0.712,0.28,0.052,0.244,0.2,0.119,0.0,0,False,False,True
0.0,7.7,0.015,0.215,24.1,8.8,0.0,0,0.53,0.388,0.574,0.049,0.616,0.266,0.335,0.24,0.271,0.0,0,True,False,False
0.0,6.0,0.0,0.33847982708933716,23.2,7.7,0.0,0,0.739,0.468,0.64,0.11,0.627,0.31,0.211,0.184,0.186,0.0,0,True,False,False
0.0,3.2,0.0,0.032,25.3,4.9,0.0,0,0.481,0.092,0.044,0.688,0.116,0.0,0.272,0.119,0.126,0.0,0,False,False,True
0.0,7.1,0.062,0.33847982708933716,24.0,10.4,1.0,0,0.422,0.403,0.36,0.677,0.237,0.036,0.072,0.298,0.261,0.0,0,False,False,True
0.0,5.4,0.061,0.093,22.8,10.2,0.0,0,0.283,0.003,0.049,0.661,0.063,0.0,0.126,0.182,0.211,0.0,0,False,False,True
1.2,2.6,0.058,0.014,24.9,8.2,0.0,0,0.327,0.198,0.0,0.652,0.071,0.0,0.294,0.162,0.138,0.0,0,False,False,True
0.0,5.4,0.018,0.062,23.8,8.2,0.0,0,0.485,0.0,0.023,0.588,0.0,0.0,0.258,0.187,0.176,0.0,0,False,False,True
0.0,4.8,0.0,0.098,24.3,6.8,0.0,0,0.668,0.527,0.572,0.109,0.586,0.361,0.09865706051873198,0.15067579250720461,0.112,0.0,0,True,False,False
0.0,6.6,0.0,0.278,24.8,9.9,0.0,1,0.816,0.506,0.651,0.105,0.546,0.378,0.307,0.577,0.477,0.0,0,True,False,False
0.7,6.4,0.043,0.0,24.0,5.4,0.0,1,0.399,0.046,0.0,0.666,0.122,0.0,0.247,0.587,0.488,0.0,0,False,False,True
3.7,7.6,0.027,0.0,25.1,5.7,0.0,0,0.395,0.21543083573487035,0.0,0.677,0.2631925820256776,0.045,0.188,0.241,0.262,0.0,0,False,False,True
3.3,5.1,0.0,0.022,25.3,10.2,0.0,0,0.358,0.032,0.0,0.627,0.163,0.021,0.216,0.259,0.166,0.0,0,False,False,True
0.0,4.0,0.0,0.0,25.3,8.5,1.0,0,0.364,0.231,0.176,0.7,0.3,0.0,0.152,0.124,0.167,0.0,0,False,False,True
0.0,5.9,0.008,0.33847982708933716,24.4,11.0,0.0,0,0.516,0.163,0.073,0.3561959654178674,0.146,0.22281740370898714,0.095,0.204,0.236,0.0,0,False,False,True
0.0,3.6,0.009,0.114,24.2,10.7,0.0,0,0.76,0.444,0.626,0.105,0.556,0.245,0.475,0.132,0.129,0.0,0,True,False,False
0.0,6.1,0.032,0.226,24.0,9.3,0.0,0,0.645,0.21543083573487035,0.656,0.0,0.2631925820256776,0.22281740370898714,0.285,0.225,0.162,0.0,0,True,False,False
0.0,4.2,0.0,0.0,25.1,9.2,0.0,0,0.484,0.138,0.005,0.604,0.121,0.016,0.115,0.16,0.123,0.0,0,False,False,True
1.6,6.3,0.0,0.0,25.8,4.5,0.0,0,0.383,0.172,0.2661239193083573,0.712,0.086,0.0,0.188,0.255,0.184,0.0,0,False,False,True
2.9,6.2,0.098,0.0,25.3,6.2,1.0,0,0.363,0.361,0.277,0.595,0.278,0.027,0.189,0.18,0.186,0.0,0,False,False,True
1.1,6.8,0.07,0.048,25.8,5.9,0.0,0,0.405,0.15,0.096,0.681,0.032,0.0,0.133,0.282,0.156,0.0,0,False,False,True
0.0,6.6,0.074,0.105,24.1,6.8,0.0,0,0.422,0.129,0.058,0.653,0.0,0.031,0.156,0.237,0.12198270893371758,0.0,0,False,False,True
0.3,3.8,0.0,0.136,24.7,6.3,0.0,0,0.722,0.619,0.617,0.042,0.674,0.272,0.449,0.11,0.146,0.0,0,True,False,False
4.2,6.4,0.041,0.223,25.9,6.5,0.0,0,0.68,0.513,0.612,0.098,0.615,0.374,0.497,0.258,0.171,0.0,0,True,False,False
0.2,6.2,0.47656195965417864,0.0,25.2,9.4,0.0691114245416079,0,0.406,0.29,0.34,0.743,0.383,0.0,0.166,0.233,0.212,0.0,0,False,False,True
0.0,6.2,0.0,0.0,24.5,2.3,0.0,0,0.282,0.173,0.017,0.66,0.179,0.025,0.077,0.214,0.114,0.0,0,False,False,True
0.0,2.6,0.051,0.0,24.6,6.5,0.0,0,0.359,0.181,0.0,0.3561959654178674,0.163,0.0,0.308,0.091,0.128,0.0,0,False,False,True
1.1,5.1,0.108,0.038,25.2,3.3,0.0,0,0.411,0.14,0.021,0.583,0.017,0.0,0.246,0.223,0.162,0.0,0,False,False,True
0.0,3.7,0.117,0.132,24.8,2.6,0.0,0,0.43,0.03,0.048,0.653,0.113,0.0,0.291,0.123,0.012,0.0,0,False,False,True
2.9,2.7,0.47656195965417864,0.217,24.4,6.2,0.0,0,0.74,0.496,0.572,0.068,0.626,0.336,0.343,0.094,0.081,0.0,0,True,False,False
0.4,3.3,0.025,0.222,25.5,4.2,0.0,0,0.634,0.537,0.626,0.059,0.745,0.22281740370898714,0.457,0.113,0.087,0.0,0,True,False,False
0.6,4.5,0.0,0.025,24.9,2.6,0.0,0,0.4,0.182,0.072,0.606,0.2631925820256776,0.042,0.177,0.123,0.072,0.0,0,False,False,True
0.0,4.4,0.065,0.0,23.5,3.0,0.0,0,0.44,0.136,0.0,0.663,0.005,0.051,0.116,0.185,0.114,0.0,0,False,False,True
0.8,5.7,0.0,0.0,24.5,1.4,0.0,0,0.503,0.04,0.0,0.691,0.112,0.001,0.287,0.181,0.05,0.0,0,False,False,True
0.0,2.4,0.0,0.0,26.2,1.5,0.0,0,0.498,0.051,0.0,0.706,0.089,0.069,0.284,0.109,0.131,0.0,0,False,False,True
0.0,4.1,0.02,0.02,25.5,7.1,0.0,0,0.36,0.119,0.127,0.673,0.119,0.0,0.09865706051873198,0.163,0.135,0.0,0,False,False,True
2.1,2.6,0.031,0.258,24.2,5.1,0.0,0,0.5259472182596291,0.557,0.624,0.008,0.593,0.362,0.378,0.096,0.054,0.0,0,True,False,False
0.0,2.4,0.03,0.298,25.0,6.6,0.0,0,0.5259472182596291,0.464,0.531,0.132,0.2631925820256776,0.33,0.439,0.15067579250720461,0.018,0.0,0,True,False,False
0.0,4.0,0.041,0.0,25.2,0.7,1.0,0,0.395,0.448,0.214,0.671,0.377,0.029,0.086,0.131,0.089,0.0,0,False,False,True
0.0,3.6,0.0,0.095,24.7,3.0,0.0,0,0.529,0.155,0.035,0.642,0.042,0.0,0.177,0.092,0.127,0.0,0,False,False,True
0.0,3.6,0.041,0.032,23.9,4.9,0.0,0,0.311,0.166,0.059,0.666,0.05,0.0,0.304,0.058,0.128,0.0,0,False,False,True
0.7,4.7,0.47656195965417864,0.023,23.5,0.6,1.0,0,0.335,0.336,0.233,0.613,0.287,0.026,0.161,0.179,0.12198270893371758,0.0,0,False,False,True
0.0,2.3,0.083,0.0,25.1,6.6,0.0,0,0.344,0.0,0.034,0.671,0.104,0.0,0.242,0.096,0.09,0.0,0,False,False,True
1.1,6.2,0.0,0.19,25.2,8.8,0.0,0,0.765,0.438,0.53,0.098,0.647,0.303,0.347,0.195,0.174,0.0,0,True,False,False
0.0,6.3,0.037,0.276,23.3,1.2,0.0,0,0.527,0.442,0.2661239193083573,0.095,0.613,0.34,0.322,0.202,0.115,0.0,0,True,False,False
1.6,3.0,0.048,0.0,24.8,2.3,0.0,0,0.377,0.049,0.024,0.681,0.187,0.0,0.186,0.125,0.09,0.0,0,False,False,True
0.0,1.0,0.078,0.044,24.5,4.6,0.0,0,0.279,0.057,0.2661239193083573,0.616,0.085,0.0,0.087,0.0,0.061,0.0,0,False,False,True
2.5,4.5,0.058,0.065,23.7,5.1,0.0,0,0.358,0.044,0.0,0.627,0.144,0.068,0.276,0.097,0.115,0.0,0,False,False,True
0.0,1.8,0.053,0.0,25.2,3.8,0.0,0,0.395,0.122,0.045,0.677,0.156,0.015,0.292,0.072,0.044,0.0,0,False,False,True
3.0,2.1,0.068,0.0,23.5,2.0,0.0,0,0.409,0.241,0.036,0.664,0.148,0.0,0.241,0.047,0.062,0.0,0,False,False,True
0.0,5.3,0.013,0.262,23.6,4.6,0.0,0,0.589,0.419,0.2661239193083573,0.079,0.505,0.353,0.167,0.188,0.121,0.0,0,True,False,False
0.0,3.0,0.082,0.264,23.3,0.6,0.0,0,0.776,0.493,0.609,0.125,0.583,0.415,0.506,0.088,0.129,0.0,0,True,False,False
3.2,1.8,0.124,0.094,23.2,4.133380884450784,1.0,0,0.287,0.376,0.257,0.644,0.319,0.029,0.161,0.095,0.061,0.0,0,False,False,True
0.6,3.7,0.0,0.0,22.6,7.8,0.0,0,0.378,0.183,0.038,0.3561959654178674,0.107,0.0,0.183,0.134,0.095,0.0,0,False,False,True
0.6,3.6,0.0,0.105,23.8,7.5,0.0,1,0.397,0.154,0.041,0.726,0.105,0.061,0.114,0.489,0.467,0.0,1,False,False,True
0.0,4.2,0.065,0.001,22.6,2.5,0.0691114245416079,0,0.557,0.423,0.308,0.668,0.277,0.0,0.172,0.137,0.117,0.0,0,False,False,True
0.3,6.0,0.073,0.075,22.6,3.8,0.0,0,0.482,0.106,0.05,0.58,0.065,0.0,0.172,0.195,0.179,0.0,0,False,False,True
0.0,2.5,0.079,0.195,22.9,4.6,0.0,0,0.537,0.513,0.2661239193083573,0.086,0.537,0.308,0.376,0.057,0.073,0.0,0,True,False,False
1.7,3.9,0.125,0.241,21.9,4.9,0.0,0,0.67,0.423,0.589,0.059,0.665,0.415,0.09865706051873198,0.164,0.108,0.0,0,True,False,False
0.0,3.2,0.069,0.33847982708933716,22.2,6.6,0.0,0,0.308,0.052,0.053,0.599,0.104,0.0,0.145,0.098,0.156,0.0,0,False,False,True
1.6,5.9,0.205,0.123,21.1,5.9,0.0691114245416079,0,0.394,0.142,0.059,0.3561959654178674,0.039,0.013,0.01,0.205,0.153,0.0,0,False,False,True
0.0,0.9,0.046,0.008,22.8,1.0,0.0,0,0.407,0.001,0.032,0.3561959654178674,0.13,0.0,0.216,0.15067579250720461,0.004,0.0,0,False,False,True
0.0,5.2,0.039,0.0,22.0,4.133380884450784,0.0,0,0.463,0.209,0.001,0.648,0.227,0.0,0.032,0.169,0.149,0.0,0,False,False,True
0.0,4.3,0.128,0.072,21.0,4.1,0.0,0,0.341,0.018,0.0,0.694,0.048,0.0,0.18,0.16,0.139,0.0,0,False,False,True
4.6,6.0,0.116,0.292,21.3,2.5,0.0,0,0.567,0.21543083573487035,0.552,0.168,0.573,0.414,0.382,0.175,0.158,0.0,0,True,False,False
0.0,3.9,0.062,0.108,21.1,3.6,0.0,0,0.672,0.502,0.627,0.16,0.508,0.22281740370898714,0.323,0.102,0.109,0.0,0,True,False,False
0.0,3.2,0.051,0.0,21.2,4.133380884450784,0.0,0,0.464,0.076,0.009,0.642,0.12,0.0,0.087,0.111,0.167,0.0,0,False,False,True
0.0,2.8,0.0,0.0,21.0,4.8,0.0,0,0.412,0.048,0.007,0.655,0.064,0.0,0.174,0.094,0.051,0.0,0,False,False,True
6.0,4.2,0.123,0.122,22.1,2.9,0.0,0,0.5259472182596291,0.0,0.0,0.75,0.197,0.056,0.09865706051873198,0.114,0.12198270893371758,0.0,0,False,False,True
0.1,3.3,0.113,0.027,19.8,0.4,0.0,0,0.29,0.142,0.127,0.583,0.119,0.054,0.199,0.058,0.036,0.0,0,False,False,True
0.1,3.9,0.104,0.068,20.4,2.6,0.0,0,0.403,0.083,0.098,0.606,0.028,0.0,0.118,0.137,0.12198270893371758,0.0,0,False,False,True
0.0,3.9,0.133,0.33847982708933716,20.1,5.1,0.0,0,0.586,0.368,0.535,0.092,0.591,0.22281740370898714,0.279,0.118,0.129,0.0,0,True,False,False
1.3,2.2,0.112,0.263,20.8,4.4,0.0,0,0.707,0.457,0.546,0.063,0.57,0.357,0.332,0.006,0.057,0.0,0,True,False,False
1.5,3.9,0.111,0.005,20.3,2.2,0.0,0,0.302,0.103,0.0,0.675,0.106,0.0,0.09865706051873198,0.128,0.121,0.0,0,False,False,True
0.0,6.1,0.149,0.171,18.4,4.1,0.0,0,0.42,0.127,0.038,0.605,0.131,0.031,0.062,0.225,0.175,0.0,0,False,False,True
0.0,3.2,0.163,0.072,19.7,1.9,0.0,0,0.381,0.22,0.048,0.693,0.073,0.025,0.117,0.099,0.088,0.0,0,False,False,True
0.0,2.3,0.126,0.106,20.0,4.2,0.0,0,0.46,0.07,0.005,0.652,0.05,0.087,0.116,0.062,0.023,0.0,0,False,False,True
0.2,3.8,0.076,0.0,18.2,1.1,0.0,0,0.255,0.08,0.037,0.533,0.034,0.029,0.029,0.119,0.086,0.0,0,False,False,True
0.0,6.3,0.183,0.259,18.6,8.1,0.0,0,0.518,0.437,0.497,0.063,0.566,0.367,0.049,0.251,0.222,0.0,0,True,False,False
1.5,5.0,0.134,0.288,17.9,6.4,0.0,0,0.724,0.366,0.603,0.093,0.582,0.326,0.25,0.204,0.135,0.0,0,False,True,False
2.3,4.5,0.215,0.142,19.4,3.7,1.0,0,0.442,0.274,0.271,0.721,0.226,0.0,0.044,0.169,0.115,0.0,0,False,False,True
0.4,3.3,0.138,0.145,18.4,6.8,1.0,0,0.436,0.328,0.405,0.579,0.199,0.0,0.0,0.133,0.072,0.0,0,False,False,True
0.0,2.3,0.162,0.086,18.5,5.0,0.0,0,0.351,0.21543083573487035,0.087,0.608,0.088,0.0,0.047,0.075,0.059,0.0,0,False,False,True
0.5,4.8,0.11,0.029,18.1,3.9,0.0,0,0.408,0.077,0.2661239193083573,0.606,0.116,0.0,0.0,0.133,0.143,0.0,0,False,False,True
0.0,3.9,0.22,0.129,17.0,8.0,0.0691114245416079,0,0.37,0.066,0.113,0.585,0.052,0.0,0.0,0.114,0.142,0.0,0,False,False,True
0.0,4.0,0.234,0.282,17.6,0.7,0.0,0,0.575,0.443,0.601,0.076,0.535,0.391,0.222,0.082,0.137,0.0,0,True,False,False
17.3,2.4,0.469,0.427,16.4,0.0,0.0,0,0.722,0.445,0.608,0.157,0.501,0.4,0.232,0.044,0.056,0.0,1,True,False,False
14.7,4.1,0.362,0.266,16.5,1.9,0.0,0,0.556,0.198,0.331,0.101,0.328,0.194,0.123,0.118,0.098,0.0,1,True,False,False
14.4,3.0,0.332,0.297,15.9,0.0,0.0,0,0.622,0.225,0.374,0.144,0.255,0.098,0.0,0.113,0.094,0.0,1,True,False,False
17.4,4.9,0.411,0.43,16.1,0.0,1.0,0,0.604,0.44,0.649,0.3561959654178674,0.473,0.269,0.0,0.083,0.12198270893371758,0.0,1,True,False,False
15.7,6.2,0.411,0.363,16.4,0.0,0.0,0,0.603,0.246,0.274,0.041,0.338,0.193,0.06,0.207,0.136,0.0,1,True,False,False
19.6,5.9,0.402,0.306,15.1,0.9,0.0,0,0.592,0.272,0.283,0.079,0.366,0.252,0.0,0.229,0.133,0.0,1,True,False,False
19.2,3.3,0.505,0.518,14.8,0.0,0.0,0,0.744,0.451,0.588,0.076,0.566,0.454,0.223,0.121,0.055,0.0,1,True,False,False
18.2,2.8,0.491,0.465,15.0,0.0,0.0,0,0.608,0.333,0.578,0.048,0.547,0.374,0.197,0.078,0.042,0.0,1,True,False,False
22.3,4.6,0.567,0.398,12.9,0.0,0.0,0,0.384,0.153,0.321,0.0,0.388,0.282,0.09865706051873198,0.146,0.077,0.0,1,True,False,False
21.7,6.3,0.458,0.315,13.8,0.0,0.0,0,0.447,0.17,0.328,0.033,0.234,0.328,0.14,0.236,0.154,0.0,1,True,False,False
19.1,3.8,0.455,0.358,15.0,0.0,0.0,0,0.566,0.177,0.26,0.3561959654178674,0.233,0.118,0.0,0.084,0.04,0.0,1,True,False,False
19.6,3.5,0.498,0.399,14.7,1.1,0.0,0,0.441,0.179,0.35,0.004,0.265,0.258,0.005,0.142,0.111,0.0,1,True,False,False
20.8,4.1,0.349,0.163,13.8,0.0,0.0,0,0.444,0.268,0.309,0.167,0.2631925820256776,0.173,0.036,0.121,0.12198270893371758,0.0,1,False,True,False
23.8,4.9,0.586,0.499,14.2,0.0,0.0,0,0.663,0.492,0.578,0.167,0.5,0.418,0.194,0.141,0.081,0.0,1,True,False,False
19.2,3.7,0.484,0.588,14.5,0.0,1.0,0,0.85,0.626,0.2661239193083573,0.099,0.717,0.401,0.141,0.104,0.063,0.0,1,True,False,False
23.6,4.1,0.531,0.354,11.7,0.0,0.0,0,0.541,0.208,0.26,0.3561959654178674,0.271,0.243,0.0,0.139,0.166,0.0,1,True,False,False
17.8,5.3,0.451,0.312,13.2,0.0,0.0,0,0.545,0.339,0.251,0.033,0.276,0.241,0.0,0.171,0.105,0.0,1,True,False,False
22.2,4.5,0.598,0.424,12.8,1.9,1.0,0,0.52,0.415,0.464,0.07,0.2631925820256776,0.232,0.034,0.194,0.12,0.0,1,True,False,False
21.3,4.7,0.528,0.448,11.8,0.0,0.0,0,0.552,0.163,0.228,0.114,0.328,0.181,0.09865706051873198,0.122,0.068,0.0,1,True,False,False
21.4,4.1,0.553,0.44,12.8,0.0,0.0,0,0.635,0.174,0.383,0.122,0.232,0.185,0.107,0.119,0.062,0.0,1,True,False,False
30.0,4.9,0.684,0.621,10.4,0.0,0.0,0,0.69,0.436,0.616,0.151,0.426,0.385,0.107,0.123,0.132,0.0,1,True,False,False
22.7,4.8,0.582,0.41,10.7,0.8,1.0,0,0.625,0.637,0.847,0.119,0.733,0.366,0.115,0.15067579250720461,0.187,0.0,1,True,False,False
24.1,1.7,0.546,0.469,10.5,0.0,0.0,0,0.446,0.204,0.326,0.0,0.274,0.269,0.036,0.015,0.016,0.0,1,True,False,False
22.2,2.6,0.47656195965417864,0.379,12.2,0.0,0.0,0,0.679,0.201,0.291,0.047,0.2631925820256776,0.281,0.089,0.043,0.062,0.0,1,True,False,False
25.3,4.2,0.696,0.436,12.0,0.0,0.0,0,0.694,0.316,0.329,0.003,0.218,0.18,0.0,0.097,0.12198270893371758,0.0,1,True,False,False
25.6,3.3,0.581,0.342,10.3,0.0,0.0,0,0.534,0.21,0.338,0.089,0.314,0.266,0.0,0.101,0.062,0.0,1,True,False,False
32.6,6.3,0.777,0.513,9.0,0.0,0.0,0,0.594,0.059,0.364,0.155,0.367,0.328,0.0,0.15067579250720461,0.124,0.0,1,True,False,False
30.4,4.1,0.629,0.568,9.5,0.0,1.0,0,0.738,0.763,0.944,0.12,0.684,0.516,0.075,0.139,0.084,0.0,1,True,False,False
28.4,5.3,0.626,0.564,9.3,0.0,0.0,0,0.808,0.423,0.626,0.103,0.481,0.393,0.071,0.224,0.068,0.0,1,True,False,False
29.7,3.9,0.767,0.453,8.7,0.0,1.0,0,0.524,0.557,0.44,0.09,0.512,0.284,0.0,0.172,0.072,0.0,1,True,False,False
30.7,4.6,0.722,0.468,9.1,0.0,0.0,0,0.479,0.237,0.287,0.144,0.214,0.269,0.002,0.145,0.12,0.0,1,True,False,False
30.5,5.9,0.725,0.479,8.9,0.0,0.0,0,0.499,0.189,0.33,0.087,0.283,0.262,0.0,0.172,0.154,0.0,1,True,False,False
29.1,3.8,0.678,0.399,9.2,4.5,0.0,0,0.598,0.112,0.243,0.041,0.257,0.246,0.0,0.049,0.078,0.0,1,True,False,False
30.1,4.1,0.761,0.539,8.9,3.7,0.0,0,0.505,0.164,0.245,0.3561959654178674,0.328,0.232,0.09865706051873198,0.155,0.142,0.0,1,True,False,False
31.4,4.5,0.691,0.587,8.7,0.0,0.0,0,0.714,0.403,0.517,0.3561959654178674,0.535,0.424,0.192,0.123,0.075,0.0,1,True,False,False
30.0,2.9,0.832,0.701,7.7,4.133380884450784,0.0,0,0.607,0.449,0.579,0.13,0.576,0.422,0.112,0.029,0.114,0.0,1,True,False,False
32.1,4.4,0.47656195965417864,0.466,7.8,0.0,1.0,0,0.486,0.457,0.601,0.029,0.512,0.22281740370898714,0.053,0.15067579250720461,0.129,0.0,1,True,False,False
33.4,5.0,0.71,0.5,7.8,0.2,0.0,0,0.761,0.119,0.27,0.051,0.355,0.206,0.037,0.212,0.12198270893371758,0.0,1,True,False,False
33.2,4.8,0.849,0.671,7.1,0.0,0.0,0,0.551,0.177,0.176,0.0,0.185,0.233,0.044,0.17,0.111,0.0,1,True,False,False
29.1,4.1,0.76,0.595,7.4,0.0,0.0,0,0.588,0.156,0.289,0.128,0.225,0.208,0.03,0.132,0.068,0.0,1,True,False,False
34.0,3.3,0.872,0.649,6.5,0.0,0.0,0,0.51,0.217,0.328,0.161,0.329,0.248,0.094,0.096,0.121,0.0,1,True,False,False
31.5,4.5,0.849,0.689,6.4,0.0,0.0,0,0.757,0.36,0.466,0.179,0.528,0.419,0.174,0.117,0.085,0.0,1,True,False,False
35.0,3.7,0.816,0.659,6.6,0.0,0.0,0,0.638,0.488,0.664,0.119,0.47,0.47,0.107,0.137,0.085,0.0,1,True,False,False
35.0,3.6,0.81,0.5,6.1,0.0,0.0,0,0.595,0.225,0.375,0.064,0.221,0.301,0.0,0.15067579250720461,0.032,0.0,1,True,False,False
35.0,4.9,0.901,0.33847982708933716,6.2,0.0,0.0,0,0.5,0.275,0.318,0.127,0.311,0.278,0.0,0.159,0.096,0.0,1,True,False,False
34.1,2.5,0.87,0.537,5.3,0.0,0.0,0,0.458,0.223,0.41,0.136,0.2631925820256776,0.248,0.043,0.032,0.041,0.0,1,True,False,False
35.0,3.5,0.882,0.668,5.2,0.0,0.0,0,0.563,0.145,0.252,0.0,0.253,0.253,0.02,0.102,0.059,0.0,1,True,False,False
35.0,4.0,0.867,0.629,3.6,0.0,0.0,0,0.614,0.136,0.316,0.123,0.322,0.302,0.0,0.127,0.068,0.0,1,True,False,False
35.0,1.4,0.903,0.742,4.6,0.0,0.0,0,0.578,0.49,0.533,0.025,0.495,0.461,0.121,0.036,0.043,0.0,1,True,False,False
33.1,3.9,0.822,0.625,4.1,0.0,0.0,0,0.5259472182596291,0.362,0.658,0.151,0.618,0.491,0.169,0.169,0.026,0.0,1,True,False,False
35.0,4.9,0.851,0.598,3.7,0.0,1.0,0,0.5259472182596291,0.457,0.581,0.131,0.454,0.336,0.0,0.131,0.126,0.0,1,True,False,False
33.2,3.4,0.47656195965417864,0.601,2.5,0.0,0.0,0,0.451,0.256,0.396,0.106,0.257,0.314,0.108,0.032,0.075,0.0,1,True,False,False
31.9,0.9,0.942,0.623,1.5,0.0,0.0,0,0.543,0.197,0.264,0.107,0.271,0.267,0.017,0.0,0.0,0.0,1,True,False,False
35.0,3.5,0.927,0.582,3.1,0.0,1.0,1,0.577,0.412,0.475,0.145,0.443,0.254,0.154,0.466,0.385,0.0,1,True,False,False
35.0,4.1,0.911,0.668,4.0,0.0,0.0,0,0.635,0.231,0.344,0.082,0.278,0.362,0.034,0.134,0.091,0.0,1,True,False,False
32.9,2.7,0.952,0.707,0.7,0.0,0.0,0,0.697,0.351,0.53,0.115,0.475,0.55,0.174,0.104,0.059,0.0,1,True,False,False
35.0,3.5,1.0,0.674,0.8,0.0,0.0,0,0.718,0.355,0.596,0.166,0.512,0.478,0.045,0.137,0.054,0.0,1,True,False,False
34.2,4.0,0.931,0.646,1.3,0.0,0.0,0,0.539,0.168,0.224,0.159,0.22,0.376,0.033,0.091,0.079,0.0,1,True,False,False
33.7,4.6,0.899,0.535,2.1,0.0,0.0,0,0.524,0.079,0.256,0.051,0.251,0.364,0.0,0.149,0.128,0.0,1,True,False,False
35.0,3.8,0.902,0.605,1.7,0.0,0.0,0,0.49,0.332,0.246,0.126,0.279,0.285,0.106,0.106,0.094,0.0,1,False,True,False
35.0,4.7,0.925,0.626,1.7,0.0,0.0,0,0.57,0.259,0.34,0.3561959654178674,0.237,0.361,0.091,0.149,0.179,0.0,1,True,False,False
33.7,2.4,0.95,0.589,2.4,0.0,0.0,0,0.497,0.235,0.29,0.006,0.315,0.32,0.018,0.129,0.039,0.0,1,True,False,False
33.3,1.7,0.898,0.656,0.4,0.0,0.0,0,0.79,0.427,0.536,0.186,0.575,0.453,0.117,0.025,0.038,0.0,1,True,False,False
35.0,5.8,1.0,0.661,0.6,0.0,0.0,0,0.691,0.374,0.568,0.052,0.476,0.52,0.112,0.179,0.12,0.0,1,True,False,False
33.3,5.7,0.926,0.443,-0.7,0.0,0.0,0,0.36,0.0,0.0,0.647,0.07,0.213,0.0,0.142,0.117,0.0,1,False,False,True
34.4,0.9,1.0,0.574,0.4,0.0,0.0,0,0.489,0.061,0.0,0.624,0.03,0.154,0.0,0.15067579250720461,0.044,0.0,1,False,False,True
35.0,2.8,0.47656195965417864,0.496,-0.5,0.0,0.0,0,0.405,0.073,0.01,0.74,0.055,0.082,0.0,0.076,0.069,0.0,1,False,False,True
35.0,3.2,0.966,0.495,0.4,0.0,0.0,0,0.293,0.21543083573487035,0.0,0.649,0.0,0.254,0.09865706051873198,0.15,0.098,0.0,1,False,False,True
34.1,2.9,0.924,0.441,-0.1,0.0,0.0,0,0.514,0.07,0.0,0.7,0.045,0.112,0.0,0.101,0.071,0.0,1,False,False,True
32.7,5.4,0.961,0.735,-1.6,0.0,0.0,0,0.5259472182596291,0.181,0.51,0.06,0.45,0.486,0.189,0.193,0.12,0.0,1,True,False,False
35.0,5.0,1.0,0.801,-1.9,0.0,0.0,0,0.803,0.499,0.616,0.164,0.512,0.508,0.134,0.156,0.089,0.0,1,True,False,False
33.7,2.3,1.0,0.614,-1.2,0.0,0.0,0,0.476,0.0,0.0,0.725,0.2631925820256776,0.177,0.0,0.03,0.025,0.0,1,False,False,True
35.0,4.6,0.969,0.487,-1.3,0.0,0.0,0,0.473,0.087,0.04,0.671,0.008,0.077,0.0,0.132,0.125,0.0,1,False,False,True
35.0,3.9,1.0,0.537,-2.9,0.0,0.0,0,0.477,0.059,0.035,0.3561959654178674,0.0,0.242,0.0,0.15,0.023,0.0,1,False,False,True
34.4,4.8,0.47656195965417864,0.453,-1.6,0.0,1.0,0,0.456,0.357,0.173,0.3561959654178674,0.183,0.117,0.09865706051873198,0.145,0.069,0.0,1,False,False,True
35.0,5.1,0.945,0.47,-3.9,0.0,0.0,0,0.331,0.0,0.0,0.634,0.0,0.21,0.0,0.147,0.081,0.0,1,False,False,True
34.0,4.7,0.893,0.725,-2.9,0.0,0.0,0,0.643,0.47,0.616,0.084,0.483,0.497,0.189,0.15067579250720461,0.107,0.0,1,True,False,False
35.0,3.3,1.0,0.719,-2.7,0.0,0.0,1,0.738,0.422,0.668,0.109,0.546,0.516,0.151,0.42,0.362,0.0,1,True,False,False
35.0,6.5,0.963,0.482,-3.6,0.0,0.0,0,0.377,0.116,0.049,0.65,0.0,0.108,0.0,0.182,0.182,0.0,1,False,False,True
33.5,2.9,1.0,0.563,-2.4,0.0,0.0,0,0.403,0.008,0.058,0.676,0.044,0.211,0.0,0.092,0.06,0.0,1,False,False,True
34.8,1.7,1.0,0.531,-4.0,0.0,0.0,0,0.412,0.119,0.0,0.637,0.017,0.22281740370898714,0.0,0.085,0.022,0.0,1,False,False,True
35.0,4.5,0.995,0.493,-3.9,0.0,0.0,0,0.372,0.04,0.0,0.645,0.037,0.083,0.0,0.14,0.084,0.0,1,False,False,True
35.0,3.5,0.47656195965417864,0.619,-3.5,0.0,0.0,0,0.364,0.21543083573487035,0.0,0.642,0.0,0.082,0.019,0.15067579250720461,0.092,0.0,1,False,False,True
35.0,5.0,1.0,0.754,-3.8,0.0,0.0,0,0.684,0.21543083573487035,0.569,0.3561959654178674,0.496,0.532,0.265,0.148,0.16,0.0,1,True,False,False
35.0,1.6,1.0,0.767,-3.6,4.133380884450784,0.0,0,0.73,0.433,0.599,0.136,0.545,0.585,0.162,0.026,0.116,0.0,1,True,False,False
35.0,4.5,1.0,0.501,-4.6,0.0,0.0,0,0.435,0.029,0.0,0.719,0.0,0.077,0.0,0.157,0.045,0.0,1,False,False,True
35.0,4.1,1.0,0.567,-5.4,0.0,0.0,0,0.443,0.0,0.0,0.683,0.0,0.164,0.042,0.142,0.094,0.0,1,False,False,True
35.0,4.3,0.918,0.512,-3.5,1.5,0.0,0,0.455,0.086,0.013,0.749,0.063,0.218,0.041,0.15067579250720461,0.081,0.0,1,False,False,True
33.7,3.7,0.982,0.529,-3.4,0.6,0.0,0,0.416,0.0,0.026,0.714,0.036,0.081,0.0,0.182,0.069,0.0,1,False,False,True
35.0,3.6,0.97,0.483,-3.9,0.0,0.0,0,0.463,0.0,0.0,0.715,0.051,0.26,0.0,0.102,0.089,0.0,1,False,False,True
33.9,3.6,0.943,0.755,-4.8,4.133380884450784,0.0,0,0.736,0.368,0.589,0.171,0.555,0.421,0.069,0.129,0.078,0.0,1,True,False,False
34.8,2.5,1.0,0.859,-4.9,0.0,0.0,0,0.572,0.473,0.565,0.151,0.524,0.433,0.139,0.052,0.04,0.0,1,True,False,False
35.0,2.3,0.975,0.561,-5.4,0.0,0.0,0,0.291,0.195,0.027,0.717,0.031,0.107,0.0,0.066,0.047,0.0,1,False,False,True
35.0,6.8,0.92,0.573,-4.7,0.0,0.0,0,0.426,0.041,0.085,0.741,0.0,0.16,0.0,0.175,0.106,0.0,1,False,False,True
34.2,5.1,1.0,0.6,-7.2,0.0,0.0691114245416079,0,0.372,0.0,0.019,0.712,0.0,0.07,0.0,0.164,0.142,0.0,1,False,False,True
33.9,3.5,1.0,0.564,-5.5,0.0,0.0,0,0.399,0.0,0.0,0.681,0.0,0.22281740370898714,0.0,0.077,0.095,0.0,1,False,False,True
35.0,2.8,1.0,0.604,-5.2,0.0,0.0,0,0.464,0.0,0.0,0.671,0.075,0.084,0.0,0.105,0.072,0.0,1,False,False,True
35.0,6.1,0.939,0.761,-4.4,0.0,0.0,0,0.781,0.21543083573487035,0.633,0.084,0.444,0.468,0.014,0.204,0.12198270893371758,0.0,1,True,False,False
35.0,5.3,0.975,0.736,-5.2,1.4,0.0,0,0.795,0.399,0.608,0.061,0.395,0.513,0.159,0.12,0.078,0.0,1,True,False,False
33.8,4.5,1.0,0.561,-5.0,0.0,0.0,0,0.426,0.036,0.086,0.647,0.0,0.2,0.0,0.115,0.125,0.0,1,False,False,True
33.6,4.5,0.912,0.514,-6.0,0.0,0.0,0,0.48,0.0,0.0,0.722,0.071,0.076,0.0,0.156,0.085,0.0,1,False,False,True
34.4,4.1,0.962,0.521,-6.2,0.0,0.0,0,0.373,0.05,0.0,0.653,0.0,0.25,0.0,0.149,0.114,0.0,1,False,False,True
35.0,1.5,0.975,0.601,-5.7,0.0,0.0,0,0.373,0.0,0.0,0.623,0.068,0.294,0.09865706051873198,0.036,0.0,0.0,1,False,False,True
34.9,3.2,1.0,0.545,-6.1,0.0,0.0,0,0.421,0.027,0.024,0.728,0.062,0.281,0.09865706051873198,0.098,0.082,0.0,1,False,False,True
32.6,4.7,0.952,0.757,-7.0,0.0,0.0,0,0.618,0.249,0.2661239193083573,0.124,0.479,0.466,0.209,0.163,0.1,0.0,1,True,False,False
33.3,5.4,0.871,0.729,-6.5,0.0,0.0,0,0.583,0.459,0.702,0.004,0.534,0.494,0.09865706051873198,0.182,0.08,0.0,1,True,False,False
32.9,4.3,1.0,0.474,-8.2,0.0,1.0,0,0.493,0.311,0.157,0.3561959654178674,0.218,0.133,0.0,0.108,0.12198270893371758,0.0,1,False,False,True
32.1,3.8,1.0,0.585,-6.2,0.0,0.0,0,0.475,0.049,0.062,0.69,0.0,0.113,0.0,0.12,0.064,0.0,1,False,False,True
35.0,2.5,0.994,0.545,-7.3,0.0,0.0,0,0.423,0.016,0.0,0.675,0.0,0.084,0.0,0.076,0.071,0.0,1,False,False,True
33.3,3.2,0.98,0.59,-7.5,0.0,0.0,0,0.453,0.009,0.039,0.3561959654178674,0.021,0.192,0.0,0.102,0.112,0.0,1,False,False,True
34.4,5.0,0.996,0.475,-6.5,0.0,0.0,0,0.538,0.0,0.0,0.616,0.0,0.263,0.0,0.15,0.14,0.0,1,False,False,True
32.5,4.6,1.0,0.778,-6.5,0.0,0.0,0,0.895,0.351,0.583,0.139,0.553,0.497,0.131,0.158,0.156,0.0,1,True,False,False
35.0,3.5,1.0,0.711,-7.7,0.0,0.0,0,0.618,0.199,0.527,0.214,0.512,0.505,0.074,0.12,0.04,0.0,1,True,False,False
35.0,4.2,0.47656195965417864,0.531,-7.7,0.0,1.0,0,0.614,0.164,0.267,0.657,0.164,0.181,0.0,0.129,0.073,0.0,1,False,False,True
34.4,5.7,1.0,0.603,-6.0,0.0,0.0,0,0.276,0.0,0.0,0.658,0.043,0.081,0.09865706051873198,0.13,0.103,0.0,1,False,False,True
34.5,4.7,0.96,0.494,-7.4,0.0,0.0,0,0.53,0.0,0.032,0.599,0.0,0.186,0.0,0.173,0.118,0.0,1,False,False,True
35.0,3.7,0.973,0.518,-8.5,0.0,0.0,0,0.5259472182596291,0.217,0.115,0.609,0.0,0.181,0.0,0.103,0.034,0.0,1,False,False,True
31.4,5.0,0.98,0.604,-6.2,4.133380884450784,1.0,0,0.5259472182596291,0.186,0.247,0.721,0.225,0.141,0.02,0.131,0.071,0.0,1,False,False,True
35.0,4.2,1.0,0.719,-6.6,4.133380884450784,0.0,0,0.7,0.363,0.586,0.094,0.481,0.433,0.145,0.15067579250720461,0.165,0.0,1,True,False,False
34.0,4.0,0.984,0.775,-6.5,0.0,0.0,0,0.765,0.365,0.624,0.143,0.55,0.517,0.074,0.086,0.097,0.0,1,True,False,False
33.7,5.2,0.916,0.482,-7.5,0.0,0.0,0,0.424,0.21543083573487035,0.0,0.65,0.0,0.172,0.0,0.145,0.109,0.0,1,False,False,True
0.0,5.0,0.669,0.344,-6.0,4.7,0.0,0,0.348,0.032,0.0,0.62,0.038,0.188,0.0,0.175,0.16,0.0,0,False,False,True
0.0,4.4,0.67,0.311,-7.4,5.1,0.0,0,0.356,0.024,0.075,0.67,0.006,0.233,0.0,0.132,0.174,0.0,1,False,False,True
0.0,5.1,0.69,0.402,-6.1,2.0,0.0,0,0.487,0.0,0.2661239193083573,0.584,0.0,0.091,0.09865706051873198,0.177,0.095,0.0,0,False,False,True
0.0,1.4,0.648,0.368,-6.9,5.3,0.0,0,0.57,0.039,0.082,0.745,0.047,0.154,0.0,0.074,0.03,0.0,0,False,False,True
0.0,4.6,0.668,0.567,-5.8,4.9,0.0,0,0.809,0.363,0.629,0.13,0.2631925820256776,0.474,0.077,0.154,0.103,0.0,1,True,False,False
0.0,6.5,0.667,0.667,-6.3,4.4,0.0,0,0.589,0.495,0.523,0.105,0.509,0.446,0.185,0.203,0.201,0.0,1,True,False,False
0.8,4.6,0.6,0.33847982708933716,-6.4,3.9,0.0,0,0.476,0.142,0.059,0.678,0.002,0.064,0.037,0.145,0.125,0.0,0,False,False,True
0.0,3.6,0.64,0.319,-7.5,10.3,0.0,0,0.456,0.0,0.0,0.649,0.2631925820256776,0.193,0.09865706051873198,0.182,0.12,0.0,1,False,False,True
3.0,6.3,0.579,0.262,-7.7,4.7,0.0,0,0.575,0.0,0.0,0.61,0.0,0.147,0.0,0.15067579250720461,0.12198270893371758,0.0,1,False,False,True
0.0,4.6,0.47656195965417864,0.324,-9.8,2.4,0.0,0,0.514,0.0,0.026,0.624,0.0,0.165,0.0,0.152,0.109,0.0,0,False,False,True
0.2,2.6,0.715,0.456,-7.5,1.9,0.0,0,0.428,0.0,0.0,0.648,0.0,0.171,0.148,0.066,0.022,0.0,1,False,False,True
1.2,3.7,0.685,0.543,-8.0,1.9,0.0,0,0.686,0.534,0.636,0.114,0.487,0.489,0.205,0.051,0.094,0.0,0,True,False,False
1.7,4.1,0.7,0.559,-5.6,3.2,0.0,0,0.658,0.301,0.546,0.058,0.562,0.55,0.132,0.103,0.064,0.0,0,True,False,False
0.0,5.4,0.47656195965417864,0.352,-6.9,1.1,0.0,0,0.528,0.0,0.084,0.652,0.102,0.227,0.0,0.185,0.174,0.0,0,False,False,True
0.0,3.9,0.736,0.33847982708933716,-6.3,3.0,0.0,0,0.488,0.0,0.0,0.62,0.019,0.18,0.0,0.15067579250720461,0.092,0.0,0,False,False,True
0.0,2.3,0.706,0.426,-6.4,4.9,0.0,0,0.433,0.0,0.045,0.639,0.0,0.098,0.0,0.105,0.051,0.0,0,False,False,True
0.0,3.5,0.561,0.392,-5.9,3.2,0.0,0,0.245,0.0,0.0,0.697,0.113,0.123,0.0,0.131,0.071,0.0,1,False,False,True
1.5,3.7,0.731,0.355,-6.4,4.133380884450784,0.0,0,0.504,0.0,0.0,0.723,0.0,0.119,0.0,0.147,0.143,0.0,0,False,False,True
0.0,3.8,0.627,0.602,-7.1,4.133380884450784,0.0,0,0.73,0.525,0.578,0.184,0.631,0.489,0.051,0.122,0.123,0.0,0,True,False,False
0.0,3.4,0.66,0.517,-6.0,3.9,0.0,0,0.671,0.26,0.647,0.011,0.512,0.22281740370898714,0.2,0.142,0.104,0.0,0,True,False,False
0.0,4.5,0.588,0.306,-5.9,4.9,0.0,0,0.391,0.0,0.102,0.601,0.074,0.223,0.0,0.127,0.084,0.0,0,False,False,True
0.0,5.0,0.601,0.266,-6.2,5.3,0.0,0,0.366,0.0,0.005,0.724,0.013,0.216,0.0,0.218,0.102,0.0,0,False,False,True
1.7,3.5,0.677,0.252,-5.8,2.8,1.0,0,0.509,0.321,0.239,0.698,0.262,0.211,0.0,0.138,0.13,0.0,0,False,False,True
1.8,6.0,0.67,0.44,-5.5,6.0,0.0,0,0.42,0.0,0.086,0.741,0.2631925820256776,0.127,0.0,0.181,0.118,0.0,1,False,False,True
0.0,5.8,0.649,0.408,-6.8,2.3,0.0,0,0.349,0.0,0.0,0.666,0.066,0.113,0.0,0.152,0.166,0.0,1,False,False,True
1.8,4.4,0.662,0.644,-5.3,4.133380884450784,0.0,0,0.699,0.47,0.57,0.097,0.475,0.528,0.182,0.13,0.124,0.0,0,True,False,False
0.0,4.8,0.64,0.535,-6.0,5.7,0.0,0,0.775,0.525,0.731,0.014,0.449,0.423,0.147,0.164,0.133,0.0,0,True,False,False
0.4,4.5,0.652,0.399,-6.1,0.5,0.0,0,0.448,0.0,0.064,0.651,0.074,0.188,0.0,0.226,0.076,0.0,0,False,False,True
1.9,1.9,0.588,0.311,-5.1,2.6,0.0,0,0.428,0.0,0.0,0.3561959654178674,0.015,0.189,0.033,0.118,0.097,0.0,0,False,False,True
1.9,2.1,0.662,0.409,-5.9,3.2,0.0,0,0.311,0.021,0.026,0.637,0.005,0.084,0.001,0.102,0.07,0.0,0,False,False,True
0.0,4.1,0.619,0.377,-5.7,8.4,0.0,0,0.63,0.309,0.27,0.139,0.2631925820256776,0.39,0.068,0.134,0.099,0.0,0,True,False,False
0.0,4.6,0.673,0.516,-3.5,0.8,0.0691114245416079,0,0.623,0.287,0.359,0.155,0.272,0.332,0.083,0.161,0.049,0.0,0,True,False,False
0.0,2.0,0.706,0.528,-4.5,1.6,0.0,0,0.601,0.426,0.537,0.041,0.519,0.546,0.232,0.052,0.126,0.0,0,True,False,False
0.0,4.1,0.657,0.523,-5.9,0.6,0.0,0,0.731,0.366,0.578,0.019,0.552,0.499,0.208,0.13,0.062,0.0,0,True,False,False
1.5,3.9,0.661,0.455,-4.8,1.3,0.0,0,0.687,0.201,0.243,0.12,0.32,0.295,0.0,0.112,0.101,0.0,1,True,False,False
3.3,6.2,0.629,0.509,-2.3,2.5,1.0,0,0.574,0.459,0.57,0.0,0.369,0.361,0.014,0.133,0.17,0.0,0,True,False,False
0.0,5.5,0.717,0.442,-3.6,1.5,0.0,0,0.439,0.227,0.25,0.119,0.265,0.404,0.064,0.165,0.118,0.0,0,True,False,False
0.0,6.2,0.595,0.45,-3.8,2.1,0.0,0,0.582,0.123,0.2661239193083573,0.05,0.248,0.311,0.072,0.21,0.176,0.0,0,True,False,False
0.0,2.2,0.692,0.438,-4.4,3.0,0.0,0,0.585,0.201,0.258,0.057,0.209,0.264,0.066,0.122,0.036,0.0,0,True,False,False
0.0,3.6,0.656,0.58,-3.2,3.9,0.0,0,0.633,0.453,0.656,0.084,0.524,0.424,0.213,0.116,0.107,0.0,0,True,False,False
0.1,3.6,0.694,0.567,-2.6,0.9,0.0,0,0.771,0.432,0.585,0.106,0.578,0.43,0.146,0.123,0.107,0.0,0,True,False,False
3.3,2.0,0.705,0.438,-4.2,7.7,0.0691114245416079,0,0.514,0.19,0.253,0.065,0.271,0.273,0.0,0.083,0.086,0.0,1,True,False,False
0.0,3.4,0.634,0.41,-3.6,3.8,0.0,0,0.561,0.193,0.267,0.106,0.194,0.312,0.057,0.065,0.103,0.0,0,True,False,False
0.0,4.8,0.671,0.465,-3.4,7.4,0.0,0,0.567,0.286,0.247,0.096,0.244,0.329,0.0,0.156,0.154,0.0,0,True,False,False
0.0,5.5,0.704,0.485,-2.3,4.6,0.0,0,0.525,0.186,0.237,0.069,0.214,0.235,0.0,0.231,0.197,0.0,1,True,False,False
2.9,3.9,0.712,0.446,-2.4,8.9,0.0,0,0.5259472182596291,0.176,0.179,0.086,0.243,0.297,0.0,0.092,0.15,0.0,1,True,False,False
2.2,3.3,0.604,0.544,-2.1,1.0,0.0691114245416079,0,0.731,0.451,0.564,0.093,0.453,0.59,0.262,0.098,0.03,0.0,0,True,False,False
0.3,2.0,0.656,0.476,-2.3,7.5,0.0,1,0.697,0.349,0.659,0.115,0.514,0.537,0.122,0.441,0.353,0.0,0,True,False,False
0.0,4.2,0.617,0.33847982708933716,-1.8,4.4,0.0,0,0.518,0.256,0.256,0.3561959654178674,0.215,0.305,0.019,0.132,0.089,0.0,0,True,False,False
2.0,3.5,0.632,0.429,-1.2,1.4,0.0,0,0.668,0.19,0.205,0.146,0.238,0.299,0.025,0.112,0.058,0.0,1,True,False,False
0.0,5.2,0.678,0.473,-0.5,2.6,0.0,0,0.507,0.174,0.213,0.128,0.17,0.334,0.07,0.15067579250720461,0.087,0.0,1,True,False,False
2.2,2.9,0.605,0.435,-2.0,5.1,0.0,0,0.557,0.009,0.194,0.0,0.278,0.403,0.081,0.09,0.04,0.0,0,True,False,False
1.3,5.2,0.685,0.546,-0.9,5.7,0.0,0,0.443,0.14,0.153,0.008,0.261,0.349,0.0,0.168,0.204,0.0,1,True,False,False
0.3,2.8,0.659,0.542,-1.0,4.6,0.0,0,0.695,0.354,0.62,0.058,0.463,0.55,0.005,0.13,0.016,0.0,0,True,False,False
0.0,3.5,0.636,0.581,-0.1,3.2,0.0,0,0.749,0.356,0.514,0.025,0.472,0.439,0.081,0.16,0.041,0.0,0,True,False,False
0.1,3.8,0.657,0.447,-0.5,3.9,0.0,0,0.534,0.225,0.332,0.175,0.287,0.325,0.005,0.15067579250720461,0.143,0.0,1,True,False,False
2.4,4.0,0.682,0.33847982708933716,-0.1,0.8,1.0,0,0.641,0.543,0.541,0.3561959654178674,0.425,0.283,0.0,0.107,0.071,0.0,0,True,False,False
0.1,4.0,0.601,0.442,-0.1,2.1,0.0,0,0.514,0.222,0.228,0.073,0.21,0.321,0.031,0.141,0.122,0.0,0,True,False,False
0.0,6.0,0.636,0.355,0.1,3.2,0.0,0,0.412,0.21543083573487035,0.443,0.0,0.305,0.383,0.09865706051873198,0.224,0.204,0.0,1,True,False,False
0.0,3.0,0.584,0.524,0.4,4.133380884450784,1.0,0,0.562,0.359,0.511,0.196,0.369,0.288,0.055,0.15067579250720461,0.123,0.0,0,True,False,False
4.7,3.2,0.624,0.603,0.0,1.7,0.0,0,0.595,0.342,0.544,0.04,0.509,0.466,0.146,0.09,0.011,0.0,1,True,False,False
0.0,3.3,0.579,0.524,2.0,4.2,0.0,0,0.825,0.398,0.544,0.236,0.494,0.428,0.023,0.061,0.092,0.0,1,True,False,False
0.0,3.3,0.675,0.31,-0.0,4.133380884450784,0.0,0,0.484,0.21543083573487035,0.022,0.698,0.0,0.217,0.0,0.145,0.101,0.0,0,False,False,True
0.0,1.1,0.726,0.33847982708933716,1.0,1.4,0.0,0,0.435,0.0,0.0,0.7,0.0,0.22281740370898714,0.0,0.059,0.07,0.0,0,False,False,True
0.1,1.5,0.706,0.393,0.3,14.3,0.0,0,0.5259472182596291,0.21543083573487035,0.0,0.652,0.045,0.117,0.0,0.106,0.075,0.0,0,False,False,True
1.1,4.7,0.599,0.334,2.5,6.9,0.0,0,0.41,0.161,0.047,0.638,0.0,0.153,0.0,0.205,0.206,0.0,0,False,False,True
0.0,6.3,0.621,0.327,2.0,4.6,0.0,0,0.665,0.103,0.058,0.749,0.0,0.034,0.0,0.177,0.181,0.0,1,False,False,True
0.0,2.9,0.538,0.473,2.1,4.0,0.0,0,0.596,0.3,0.568,0.079,0.462,0.461,0.044,0.093,0.047,0.0,0,True,False,False
0.0,4.5,0.681,0.624,3.1,2.4,0.0,0,0.586,0.404,0.617,0.032,0.534,0.45,0.201,0.125,0.09,0.0,1,True,False,False
0.0,5.6,0.577,0.418,3.8,1.3,0.0,0,0.39,0.21543083573487035,0.0,0.691,0.0,0.167,0.0,0.219,0.075,0.0,0,False,False,True
0.0,4.3,0.667,0.326,2.9,5.8,0.0,0,0.488,0.0,0.0,0.686,0.014,0.134,0.001,0.148,0.149,0.0,0,False,False,True
0.0,4.3,0.553,0.264,2.7,6.7,0.0,0,0.274,0.223,0.002,0.535,0.08,0.046,0.0,0.213,0.059,0.0,0,False,False,True
0.0,2.2,0.495,0.33847982708933716,4.4,5.6,0.0,0,0.5259472182596291,0.0,0.0,0.702,0.0,0.025,0.0,0.052,0.125,0.0,0,False,False,True
0.0,4.8,0.51,0.24,2.9,5.9,0.0,0,0.428,0.0,0.0,0.623,0.0,0.111,0.0,0.206,0.098,0.0,0,False,False,True
1.1,3.3,0.459,0.498,5.0,5.1,0.0,0,0.611,0.415,0.666,0.088,0.592,0.494,0.09865706051873198,0.075,0.082,0.0,0,True,False,False
0.0,2.1,0.519,0.457,5.3,0.5,0.0,0,0.642,0.21543083573487035,0.572,0.126,0.437,0.375,0.142,0.084,0.028,0.0,0,True,False,False
0.1,4.5,0.47656195965417864,0.171,4.1,3.7,0.0,0,0.191,0.0,0.064,0.693,0.0,0.208,0.0,0.187,0.112,0.0,1,False,False,True
0.4,5.7,0.516,0.33847982708933716,6.4,3.6,0.0,0,0.492,0.21543083573487035,0.0,0.562,0.004,0.127,0.0,0.231,0.144,0.0,0,False,False,True
0.0,4.3,0.453,0.357,7.5,3.4,0.0,0,0.449,0.0,0.0,0.654,0.088,0.199,0.0,0.145,0.13,0.0,0,False,False,True
2.9,4.3,0.501,0.241,5.4,6.5,0.0,0,0.492,0.0,0.025,0.631,0.096,0.133,0.0,0.138,0.137,0.0,1,False,False,True
0.0,2.5,0.547,0.362,6.2,6.0,0.0,0,0.492,0.0,0.058,0.696,0.017,0.14,0.0,0.059,0.112,0.0,0,False,False,True
0.5,4.5,0.442,0.483,7.3,4.8,0.0,0,0.699,0.494,0.568,0.028,0.595,0.391,0.223,0.162,0.111,0.0,0,True,False,False
0.6,2.8,0.455,0.546,6.8,1.6,0.0,0,0.622,0.355,0.523,0.055,0.556,0.494,0.09865706051873198,0.114,0.096,0.0,0,True,False,False
1.9,4.0,0.514,0.207,7.4,1.4,0.0,0,0.428,0.0,0.0,0.68,0.072,0.15,0.0,0.162,0.082,0.0,0,False,False,True
0.5,5.1,0.524,0.208,7.4,0.7,0.0,0,0.302,0.064,0.029,0.677,0.0,0.0,0.09865706051873198,0.157,0.131,0.0,0,False,False,True
0.0,2.0,0.517,0.372,7.5,0.4,0.0,0,0.395,0.0,0.0,0.677,0.0,0.101,0.025,0.15067579250720461,0.029,0.0,0,False,False,True
1.6,6.3,0.462,0.271,5.9,2.9,0.0,0,0.481,0.0,0.079,0.68,0.0,0.22281740370898714,0.0,0.204,0.196,0.0,1,False,False,True
0.0,4.2,0.425,0.245,8.5,3.8,0.0,0,0.461,0.108,0.018,0.3561959654178674,0.03,0.039,0.0,0.191,0.188,0.0,0,False,False,True
0.0,3.0,0.47656195965417864,0.348,8.8,0.7,0.0,0,0.651,0.489,0.598,0.0,0.534,0.392,0.139,0.101,0.094,0.0,0,True,False,False
0.0,4.0,0.4,0.37,8.1,1.0,0.0,0,0.756,0.498,0.661,0.078,0.521,0.45,0.133,0.179,0.083,0.0,0,True,False,False
2.4,5.1,0.514,0.3,8.6,1.4,0.0,0,0.531,0.002,0.0,0.763,0.0,0.081,0.0,0.176,0.128,0.0,1,False,False,True
0.0,5.7,0.413,0.126,10.4,4.133380884450784,0.0,0,0.285,0.0,0.2661239193083573,0.653,0.0,0.22281740370898714,0.0,0.276,0.197,0.0,0,False,False,True
0.0,2.7,0.377,0.182,8.1,20.6,0.0,0,0.516,0.0,0.074,0.558,0.0,0.103,0.0,0.132,0.168,0.0,0,False,False,True
0.0,5.8,0.396,0.14,9.1,22.4,0.0,0,0.396,0.0,0.026,0.65,0.045,0.154,0.0,0.245,0.227,0.0,0,False,False,True
0.6,2.8,0.309,0.186,10.0,23.4,0.0,0,0.336,0.0,0.015,0.575,0.041,0.089,0.0,0.133,0.214,0.0,0,False,False,True
0.0,3.3,0.411,0.39,8.6,18.6,0.0,0,0.569,0.302,0.533,0.098,0.526,0.436,0.031,0.221,0.136,0.0,0,True,False,False
0.0,3.0,0.299,0.274,9.2,19.7,0.0,0,0.645,0.328,0.47,0.038,0.529,0.367,0.131,0.154,0.183,0.0,0,True,False,False
1.0,3.2,0.391,0.153,9.7,25.8,0.0,0,0.345,0.0,0.0,0.585,0.2631925820256776,0.024,0.0,0.178,0.193,0.0,0,False,False,True
1.9,5.3,0.368,0.166,11.2,19.8,1.0,0,0.5259472182596291,0.243,0.282,0.564,0.232,0.0,0.0,0.221,0.282,0.0,0,False,False,True
0.1,5.5,0.295,0.169,11.1,22.3,1.0,0,0.403,0.231,0.23,0.628,0.212,0.003,0.0,0.213,0.25,0.0,0,False,False,True
0.6,4.4,0.278,0.104,10.8,22.3,0.0,0,0.304,0.21543083573487035,0.054,0.603,0.0,0.067,0.0,0.263,0.241,0.0,0,False,False,True
0.0,4.9,0.226,0.07,12.0,4.133380884450784,0.0,0,0.334,0.032,0.023,0.579,0.126,0.102,0.0,0.209,0.223,0.0,0,False,False,True
1.5,2.4,0.312,0.314,11.4,26.8,1.0,0,0.668,0.699,0.85,0.034,0.77,0.416,0.09865706051873198,0.198,0.247,0.0,0,True,False,False
1.5,4.8,0.299,0.395,13.2,18.9,0.0,0,0.78,0.295,0.645,0.079,0.551,0.414,0.12,0.218,0.197,0.0,0,True,False,False
0.0,3.3,0.261,0.139,12.8,19.3,0.0,0,0.339,0.0,0.005,0.662,0.076,0.22281740370898714,0.09865706051873198,0.137,0.213,0.0,0,False,False,True
3.2,6.1,0.4,0.244,12.2,18.9,1.0,0,0.5259472182596291,0.15,0.234,0.677,0.175,0.043,0.09865706051873198,0.234,0.247,0.0,0,False,False,True
0.0,3.7,0.3,0.065,12.9,18.5,0.0,0,0.414,0.0,0.041,0.581,0.041,0.037,0.0,0.189,0.221,0.0,0,False,False,True
0.5,5.1,0.209,0.064,13.4,19.6,1.0,0,0.526,0.148,0.27,0.59,0.216,0.163,0.0,0.25,0.195,0.0,0,False,False,True
0.0,4.5,0.217,0.099,13.8,19.6,0.0,0,0.266,0.098,0.098,0.673,0.073,0.021,0.0,0.15067579250720461,0.222,0.0,0,False,False,True
0.0,3.5,0.365,0.277,12.6,19.5,0.0,0,0.625,0.237,0.494,0.045,0.535,0.469,0.209,0.141,0.177,0.0,0,True,False,False
0.0,5.2,0.198,0.306,13.9,20.9,0.0,0,0.62,0.333,0.569,0.3561959654178674,0.513,0.39,0.0,0.276,0.292,0.0,0,True,False,False
3.7,3.8,0.34,0.107,14.3,6.8,0.0,0,0.409,0.12,0.0,0.586,0.027,0.007,0.0,0.153,0.108,0.0,0,False,False,True
0.9,3.7,0.255,0.097,15.5,1.9,0.0,0,0.482,0.0,0.011,0.744,0.114,0.0,0.09865706051873198,0.107,0.02,0.0,0,False,False,True
0.0,5.2,0.232,0.113,15.7,4.1,0.0,0,0.297,0.019,0.014,0.531,0.055,0.0,0.044,0.188,0.153,0.0,0,False,False,True
2.1,4.3,0.187,0.006,13.3,3.4,0.0691114245416079,0,0.372,0.21543083573487035,0.0,0.593,0.034,0.038,0.0,0.163,0.145,0.0,0,False,False,True
1.2,5.0,0.246,0.171,15.7,4.5,0.0,0,0.354,0.107,0.0,0.616,0.12,0.021,0.0,0.185,0.123,0.0,0,False,False,True
0.0,4.1,0.253,0.351,14.6,5.8,0.0,0,0.598,0.379,0.573,0.088,0.602,0.515,0.048,0.156,0.124,0.0,0,True,False,False
1.1,4.0,0.229,0.235,15.1,6.1,0.0,0,0.826,0.451,0.569,0.142,0.505,0.304,0.081,0.23,0.153,0.0,0,True,False,False
1.8,3.8,0.232,0.032,16.6,5.6,1.0,0,0.495,0.392,0.305,0.701,0.32,0.0,0.0,0.17,0.11,0.0,0,False,False,True
0.0,3.7,0.23,0.06,16.4,1.9,0.0,0,0.599,0.0,0.055,0.603,0.086,0.046,0.003,0.131,0.074,0.0,0,False,False,True
0.8,3.0,0.17,0.081,16.8,4.5,0.0,0,0.373,0.0,0.2661239193083573,0.659,0.0,0.083,0.122,0.068,0.063,0.0,0,False,False,True
0.0,2.7,0.47656195965417864,0.066,17.2,1.8,0.0,0,0.312,0.21543083573487035,0.008,0.717,0.109,0.031,0.0,0.115,0.104,0.0,0,False,False,True
1.0,5.3,0.195,0.216,18.2,7.7,0.0,0,0.616,0.045,0.243,0.3561959654178674,0.251,0.225,0.09865706051873198,0.228,0.2,0.0,0,True,False,False
0.0,4.6,0.181,0.33847982708933716,17.0,6.3,0.0,0,0.709,0.399,0.66,0.3561959654178674,0.577,0.389,0.151,0.08,0.12198270893371758,0.0,0,True,False,False
0.0,3.6,0.186,0.25,17.0,7.9,0.0,0,0.601,0.21543083573487035,0.58,0.083,0.546,0.267,0.217,0.191,0.114,0.0,0,True,False,False
0.0,5.1,0.182,0.245,18.0,4.8,0.0,0,0.545,0.224,0.302,0.082,0.215,0.156,0.093,0.129,0.12,0.0,0,True,False,False
1.1,5.3,0.232,0.308,18.2,7.5,0.0,0,0.665,0.209,0.2661239193083573,0.166,0.255,0.212,0.053,0.156,0.131,0.0,0,True,False,False
0.0,4.1,0.217,0.33847982708933716,18.3,7.5,0.0,0,0.502,0.27,0.264,0.0,0.327,0.122,0.017,0.096,0.151,0.0,0,True,False,False
0.0,7.7,0.029,0.33847982708933716,19.2,9.8,0.0,0,0.464,0.267,0.307,0.053,0.328,0.172,0.102,0.329,0.252,0.0,0,True,False,False
1.9,4.6,0.114,0.186,18.2,6.9,0.0,0,0.665,0.195,0.208,0.035,0.308,0.224,0.196,0.194,0.119,0.0,0,True,False,False
0.0,4.0,0.193,0.296,18.1,9.9,0.0,0,0.679,0.379,0.567,0.096,0.564,0.364,0.143,0.127,0.181,0.0,0,True,False,False
0.0,5.9,0.194,0.364,19.6,5.0,0.0,0,0.549,0.525,0.2661239193083573,0.037,0.623,0.382,0.226,0.24,0.12198270893371758,0.0,0,True,False,False
0.0,5.5,0.08,0.065,20.0,5.8,0.0,0,0.633,0.196,0.2661239193083573,0.065,0.345,0.122,0.108,0.177,0.12198270893371758,0.0,0,True,False,False
0.0,6.9,0.122,0.279,20.6,7.8,0.0,0,0.646,0.425,0.267,0.106,0.369,0.155,0.121,0.198,0.163,0.0,0,True,False,False
0.0,4.5,0.088,0.157,19.5,12.6,0.0,0,0.665,0.319,0.364,0.13,0.37,0.158,0.166,0.158,0.152,0.0,0,True,False,False
0.8,5.3,0.08,0.072,20.0,9.4,0.0,0,0.574,0.21543083573487035,0.262,0.117,0.298,0.228,0.249,0.164,0.178,0.0,0,True,False,False
1.0,6.1,0.163,0.076,19.6,6.7,1.0,0,0.474,0.461,0.453,0.115,0.546,0.212,0.141,0.163,0.138,0.0,0,True,False,False
0.3,6.2,0.049,0.206,20.3,5.3,0.0,0,0.644,0.462,0.2661239193083573,0.031,0.644,0.293,0.21,0.152,0.15,0.0,0,True,False,False
3.3,5.2,0.1,0.287,20.0,6.9,0.0,0,0.845,0.415,0.616,0.132,0.577,0.361,0.164,0.162,0.151,0.0,0,True,False,False
0.0,6.8,0.154,0.33847982708933716,21.0,8.4,0.0,0,0.364,0.301,0.283,0.067,0.266,0.166,0.027,0.262,0.182,0.0,0,True,False,False
2.5,4.1,0.135,0.145,20.7,8.3,0.0,0,0.577,0.21543083573487035,0.326,0.052,0.229,0.22281740370898714,0.146,0.127,0.174,0.0,0,True,False,False
0.0,6.1,0.169,0.159,21.2,7.0,0.0,0,0.571,0.221,0.279,0.095,0.341,0.195,0.115,0.168,0.11,0.0,0,True,False,False
1.6,7.2,0.043,0.127,22.3,7.8,1.0,0,0.597,0.409,0.445,0.085,0.534,0.22281740370898714,0.154,0.206,0.199,0.0,0,True,False,False
0.1,3.9,0.0,0.052,21.2,10.4,0.0,0,0.5259472182596291,0.305,0.305,0.084,0.278,0.218,0.046,0.17,0.18,0.0,0,True,False,False
3.1,3.6,0.47656195965417864,0.257,22.3,8.3,0.0,0,0.665,0.413,0.582,0.0,0.633,0.394,0.445,0.146,0.093,0.0,0,True,False,False
0.0,5.3,0.034,0.267,21.8,8.7,0.0,0,0.641,0.589,0.625,0.086,0.647,0.395,0.209,0.163,0.12198270893371758,0.0,0,True,False,False
0.0,4.7,0.102,0.123,22.7,8.4,0.0,0,0.558,0.343,0.264,0.085,0.345,0.203,0.108,0.209,0.187,0.0,0,True,False,False
0.3,2.0,0.014,0.054,22.4,6.6,0.0,0,0.5259472182596291,0.237,0.306,0.19,0.371,0.096,0.327,0.1,0.057,0.0,0,True,False,False
3.3,5.7,0.083,0.128,22.2,6.3,0.0,0,0.597,0.179,0.367,0.109,0.412,0.266,0.128,0.19,0.178,0.0,0,True,False,False
0.0,8.0,0.091,0.058,22.4,10.8,0.0,0,0.562,0.125,0.303,0.052,0.406,0.168,0.017,0.272,0.2,0.0,0,True,False,False
0.0,5.6,0.0,0.134,23.3,6.7,0.0,0,0.58,0.225,0.381,0.069,0.489,0.09,0.29,0.138,0.211,0.0,0,True,False,False
0.0,5.8,0.072,0.229,22.2,5.3,0.0,0,0.711,0.582,0.634,0.095,0.518,0.361,0.216,0.161,0.198,0.0,0,True,False,False
0.0,5.1,0.15,0.23,21.5,6.7,1.0,0,0.73,0.734,0.91,0.085,0.856,0.41,0.195,0.175,0.135,0.0,0,True,False,False
2.7,4.7,0.066,0.062,22.5,5.7,0.0,0,0.397,0.002,0.095,0.628,0.2631925820256776,0.014,0.15,0.181,0.138,0.0,0,False,False,True
0.0,6.5,0.0,0.027,22.8,10.0,0.0,0,0.32,0.13,0.057,0.699,0.163,0.018,0.046,0.232,0.19,0.0,0,False,False,True
0.0,3.9,0.037,0.0,23.9,4.133380884450784,0.0,0,0.448,0.274,0.2661239193083573,0.665,0.178,0.0,0.09865706051873198,0.147,0.137,0.0,0,False,False,True
1.2,6.3,0.0,0.0,23.7,13.5,0.0,0,0.471,0.103,0.032,0.63,0.069,0.0,0.19,0.253,0.222,0.0,0,False,False,True
0.0,4.7,0.0,0.004,23.4,7.3,0.0,0,0.457,0.037,0.0,0.678,0.052,0.096,0.093,0.227,0.124,0.0,0,False,False,True
0.0,6.1,0.0,0.173,24.3,8.5,0.0,0,0.634,0.429,0.532,0.071,0.635,0.365,0.379,0.213,0.122,0.0,0,True,False,False
0.0,3.4,0.037,0.197,24.1,7.1,0.0691114245416079,0,0.5259472182596291,0.498,0.548,0.126,0.617,0.328,0.382,0.161,0.062,0.0,0,True,False,False
0.0,5.2,0.096,0.044,21.7,9.9,0.0691114245416079,0,0.373,0.071,0.039,0.656,0.117,0.0,0.0,0.221,0.185,0.0,0,False,False,True
0.0,6.0,0.0,0.0,24.9,11.7,0.0,0,0.475,0.15,0.034,0.63,0.12,0.064,0.185,0.195,0.19,0.0,0,False,False,True
0.0,4.0,0.0,0.067,23.4,8.9,1.0,0,0.444,0.368,0.278,0.617,0.285,0.0,0.074,0.179,0.163,0.0,0,False,False,True
0.0,5.8,0.03,0.0,23.9,4.133380884450784,0.0,0,0.376,0.318,0.077,0.619,0.09,0.0,0.103,0.148,0.148,0.0,0,False,False,True
