date,snowfall_cm,snow_quality_index,wind_speed_mps,temperature_c,ski_resort_visitors,holiday,rainfall_mm,event_local_flag,typhoon_alert_flag,mobility_inflow_index,tourist_inflow_count,lodging_occupancy_ratio,rail_ridership,temple_shrine_visits,y
2023-09-13,1.1,0.105,5.8,22.4,0.012,weekday,17.7,0.0,1,0.609,0.0,0.021,0.679,0.106,0
2023-09-14,0.0,0.001,7.5,23.0,0.0,weekday,14.3,0.0,1,0.432,0.045,0.0,0.651,0.09,1
2023-09-15,4.9,0.191,6.2,21.9,0.045,weekday,9.8,0.0,0,0.462,0.013,0.0,0.719,0.053,0
2023-09-16,3.6,0.154,5.7,23.6,0.23,holiday,10.8,0.0,0,0.638,0.622,0.62,0.099,0.557,0
2023-09-17,0.0,0.005,5.3,22.7,0.107,,9.4,,0,0.725,0.415,0.596,0.002,0.614,0
2023-09-18,0.0,0.033,6.8,23.5,0.0,weekday,11.3,0.0,0,0.414,0.074,0.06,0.652,0.001,0
2023-09-19,3.9,0.033,7.3,23.3,0.0,weekday,17.6,0.0,0,0.322,0.16,0.041,0.628,0.157,1
2023-09-20,0.0,0.04,5.1,23.9,0.054,weekday,16.1,0.0,0,0.456,0.058,0.0,0.683,0.122,0
2023-09-21,1.0,0.0,8.2,25.8,0.027,weekday,10.1,,0,0.555,0.15,0.0,0.647,0.131,0
2023-09-22,2.0,,5.3,24.9,0.002,weekday,16.0,0.0,0,0.551,0.043,0.0,0.566,0.103,0
2023-09-23,1.2,0.0,8.7,25.3,0.243,holiday,10.2,0.0,0,0.766,0.416,0.636,0.088,0.597,0
2023-09-24,1.1,0.0,7.4,26.0,0.213,holiday,,0.0,0,0.612,0.428,0.591,0.085,0.568,0
2023-09-25,0.0,0.043,6.2,24.9,,weekday,11.5,0.0,0,0.495,0.216,0.056,0.684,0.139,0
2023-09-26,0.0,0.0,7.3,27.2,0.0,weekday,11.0,0.0,0,0.38,0.0,,0.646,0.078,0
2023-09-27,1.3,0.0,8.6,27.2,0.0,weekday,12.8,0.0,0,0.412,0.179,0.073,0.629,0.178,0
2023-09-28,0.0,0.0,7.2,24.6,0.0,weekday,9.9,0.0,0,0.527,0.022,0.011,0.632,0.049,0
2023-09-29,0.0,0.0,8.7,26.8,,weekday,11.5,0.0,0,0.438,0.076,0.074,0.624,0.177,0
2023-09-30,1.4,0.026,6.0,25.2,0.287,holiday,12.9,0.0,1,0.628,0.381,0.527,0.146,0.57,0
2023-10-01,0.0,0.106,5.0,25.4,0.312,holiday,2.1,0.0,0,0.685,0.559,0.643,,0.563,0
2023-10-02,3.6,0.073,3.3,26.3,0.0,weekday,1.9,0.0,0,0.412,0.177,0.098,0.685,0.067,0
2023-10-03,1.5,0.036,3.0,26.7,0.048,weekday,5.5,0.0,0,0.301,0.069,0.0,0.618,0.142,0
2023-10-04,0.4,0.0,4.9,25.5,0.054,weekday,1.1,0.0,0,0.443,0.0,0.0,0.687,0.063,0
2023-10-05,0.6,0.0,3.5,25.4,0.023,weekday,7.9,0.0,0,0.423,0.215,0.041,,0.073,0
2023-10-06,0.0,0.0,5.1,26.2,0.105,weekday,2.5,0.0,0,0.468,0.161,,0.708,0.115,0
2023-10-07,0.0,0.0,3.1,26.7,0.159,holiday,7.8,0.0,0,,0.468,0.623,0.095,0.58,0
2023-10-08,0.0,0.024,6.8,25.8,0.209,holiday,1.5,0.0,0,0.703,0.646,0.542,0.078,0.606,0
2023-10-09,0.0,0.0,3.5,27.2,0.0,weekday,4.0,0.0,0,0.408,0.101,0.0,0.681,0.123,0
2023-10-10,0.0,0.037,2.1,28.0,0.024,weekday,5.5,0.0,0,0.27,0.0,0.0,0.676,0.067,0
2023-10-11,2.1,0.0,4.1,26.2,0.0,weekday,1.6,0.0,0,0.366,0.193,0.017,0.597,0.143,0
2023-10-12,0.0,0.003,2.1,27.5,0.001,weekday,4.6,0.0,0,0.454,0.155,0.07,0.658,0.092,0
2023-10-13,0.0,0.0,4.4,28.1,0.048,weekday,4.3,0.0,0,0.353,0.078,0.044,0.662,0.144,0
2023-10-14,0.0,0.014,4.1,27.3,0.2,holiday,8.2,0.0,0,0.689,0.505,0.591,0.095,0.615,0
2023-10-15,0.6,0.0,5.4,26.9,0.297,holiday,0.4,0.0,0,0.592,0.591,0.616,0.093,0.592,0
2023-10-16,0.0,0.0,3.7,26.5,0.003,weekday,5.9,0.0,0,0.364,0.082,0.083,,0.064,0
2023-10-17,0.0,0.0,5.3,27.6,0.0,weekday,4.3,0.0,0,0.589,0.033,0.006,0.66,0.068,0
2023-10-18,0.1,0.026,4.0,28.0,0.0,weekday,4.4,0.0,0,0.461,0.143,0.024,0.611,0.148,0
2023-10-19,0.2,,2.5,29.0,0.004,weekday,4.5,0.0,0,0.379,0.321,0.069,0.652,0.146,0
2023-10-20,0.0,0.007,2.8,27.2,0.025,weekday,6.9,0.0,0,0.455,0.0,0.016,,0.037,0
2023-10-21,1.0,0.049,2.8,28.6,0.141,holiday,1.7,0.0,0,0.579,0.362,0.54,0.078,0.679,0
2023-10-22,0.0,0.0,4.7,27.5,0.251,holiday,4.0,0.0,0,0.718,0.501,0.53,0.122,0.676,0
2023-10-23,0.0,0.0,4.2,27.3,0.0,weekday,2.6,0.0,0,0.447,0.258,0.116,0.701,0.088,0
2023-10-24,0.1,0.001,3.4,28.3,0.025,weekday,6.0,0.0,0,0.371,,0.093,,0.113,0
2023-10-25,0.1,0.0,3.0,27.7,0.0,weekday,,0.0,0,0.504,0.035,0.0,0.569,0.135,0
2023-10-26,2.3,0.0,3.5,28.2,,weekday,1.8,0.0,0,0.431,0.083,0.0,0.669,0.061,0
2023-10-27,0.0,0.068,3.7,28.5,0.077,weekday,0.4,0.0,0,0.328,0.211,0.116,0.641,0.037,0
2023-10-28,2.3,0.087,2.4,26.6,0.231,holiday,7.6,0.0,0,0.583,0.484,0.544,0.083,0.614,0
2023-10-29,0.0,0.0,3.8,28.5,0.22,holiday,9.5,0.0,0,0.738,0.606,0.541,0.094,0.66,0
2023-10-30,0.3,0.0,3.1,28.6,0.0,weekday,1.4,0.0,0,0.337,0.062,0.083,0.587,0.091,0
2023-10-31,0.0,0.0,1.9,27.6,0.037,weekday,1.4,0.0,0,0.415,0.026,0.0,0.66,0.082,0
2023-11-01,3.0,0.0,4.6,29.8,0.0,weekday,1.7,0.0,0,0.452,0.349,0.023,0.717,0.109,0
2023-11-02,2.0,0.0,3.5,29.6,0.004,weekday,1.6,,1,0.333,0.104,0.042,0.702,0.101,0
2023-11-03,0.0,0.044,1.3,29.3,,weekday,0.8,1.0,0,0.427,0.251,0.272,,0.276,0
2023-11-04,1.3,0.0,4.9,28.6,0.256,holiday,1.4,0.0,0,0.647,0.606,0.613,0.036,0.507,0
2023-11-05,0.0,0.0,5.0,28.2,0.138,holiday,4.3,0.0,0,0.652,0.443,0.661,0.173,,0
2023-11-06,1.3,0.098,4.6,27.5,0.025,weekday,8.4,0.0,0,0.346,0.116,0.049,,0.157,0
2023-11-07,0.0,0.008,2.7,27.2,0.0,weekday,0.3,1.0,0,0.44,0.523,0.26,0.714,0.276,0
2023-11-08,0.8,0.0,5.7,28.1,0.0,weekday,1.9,0.0,0,0.399,0.242,0.06,0.679,0.201,0
2023-11-09,1.7,0.088,3.6,28.7,0.0,weekday,0.9,0.0,0,0.204,0.115,0.0,0.513,0.0,0
2023-11-10,1.5,0.103,4.4,28.0,0.037,weekday,0.3,0.0,0,0.368,0.148,0.009,0.646,0.12,0
2023-11-11,0.0,0.0,4.5,29.9,0.165,holiday,1.1,0.0,0,0.638,,0.582,,0.553,0
2023-11-12,0.0,0.0,3.8,28.9,0.227,holiday,4.6,0.0,0,0.7,0.462,0.531,0.048,0.584,0
2023-11-13,0.0,0.0,4.8,28.5,0.0,weekday,7.7,0.0,0,0.494,0.087,0.069,0.673,0.0,0
2023-11-14,0.0,0.002,3.8,28.1,0.049,weekday,3.8,0.0,0,0.437,0.0,,0.671,0.176,0
2023-11-15,0.0,0.0,3.9,28.4,0.0,weekday,2.1,1.0,0,0.588,0.283,0.262,0.656,0.382,0
2023-11-16,2.3,0.0,4.0,29.5,0.014,weekday,4.0,0.0,0,0.535,0.192,0.029,0.751,0.048,0
2023-11-17,0.0,0.0,4.1,29.3,0.0,weekday,1.7,0.0,0,0.386,0.0,0.0,0.71,,0
2023-11-18,1.7,0.022,6.5,29.1,0.098,holiday,5.3,0.0,0,0.769,0.473,0.556,0.167,0.606,0
2023-11-19,0.4,0.0,3.2,27.1,0.092,holiday,6.1,0.0,0,0.582,0.599,0.703,0.0,0.519,0
2023-11-20,2.9,0.0,7.1,28.7,0.044,weekday,8.8,0.0,0,0.505,0.141,0.054,0.638,0.175,0
2023-11-21,1.1,0.0,3.8,28.6,0.05,weekday,,0.0,0,0.579,0.157,0.066,0.668,0.103,0
2023-11-22,3.6,0.065,4.6,29.7,0.072,weekday,5.8,,0,0.565,,0.0,0.581,0.093,0
2023-11-23,0.0,0.0,3.7,29.4,,weekday,6.0,0.0,0,0.504,0.147,0.058,0.685,0.086,0
2023-11-24,0.0,0.051,5.2,27.7,0.047,weekday,7.5,0.0,0,0.4,0.134,0.0,0.67,0.128,0
2023-11-25,0.0,0.0,2.2,28.1,0.177,holiday,2.9,0.0,0,0.7,0.535,0.57,0.112,0.672,0
2023-11-26,0.0,0.0,2.0,27.5,0.118,holiday,9.1,0.0,0,0.805,0.431,0.665,0.104,0.634,0
2023-11-27,0.0,0.044,5.0,28.6,0.0,weekday,3.8,0.0,0,0.381,0.175,0.061,0.699,0.0,0
2023-11-28,0.0,0.064,5.5,26.8,0.018,weekday,4.6,0.0,0,0.408,0.205,0.003,0.634,0.137,0
2023-11-29,0.1,0.0,5.0,27.6,0.033,weekday,2.6,0.0,0,0.472,0.096,0.08,0.604,0.074,0
2023-11-30,0.0,0.0,2.2,28.3,0.0,weekday,8.2,0.0,0,0.367,0.072,0.0,0.625,0.137,0
2023-12-01,8.3,0.088,6.0,27.0,0.095,holiday,0.0,0.0,0,0.54,0.308,0.265,0.18,0.36,0
2023-12-02,5.6,0.037,4.1,27.9,0.259,holiday,0.0,0.0,0,0.739,0.632,0.657,0.053,0.689,0
2023-12-03,6.9,0.056,3.8,27.4,0.287,holiday,0.0,0.0,0,0.703,0.597,0.705,0.215,0.602,0
2023-12-04,10.7,0.013,3.6,25.9,0.096,holiday,,0.0,0,0.572,0.287,0.329,0.02,0.362,0
2023-12-05,10.6,0.081,4.6,26.7,0.138,holiday,0.0,0.0,0,0.602,0.356,0.382,0.097,0.306,1
2023-12-06,8.0,0.046,0.7,26.9,0.082,holiday,0.0,0.0,0,0.603,0.259,0.331,0.043,0.417,0
2023-12-07,5.2,0.125,2.4,25.8,0.194,holiday,0.0,0.0,0,0.644,0.361,0.323,0.2,0.335,0
2023-12-08,8.4,0.0,2.9,27.0,0.078,holiday,0.0,0.0,0,0.435,0.353,0.303,0.136,0.302,0
2023-12-09,10.2,0.16,3.6,26.5,0.338,holiday,0.0,0.0,0,0.462,0.412,0.634,0.072,0.612,0
2023-12-10,7.3,0.09,6.2,27.2,0.301,holiday,0.0,0.0,0,0.679,0.505,0.649,0.108,0.605,0
2023-12-11,11.8,0.083,3.4,25.0,0.09,holiday,0.0,0.0,0,0.365,0.289,0.328,0.099,0.443,0
2023-12-12,11.5,0.049,5.9,26.1,0.158,holiday,0.0,0.0,0,0.59,0.347,0.209,0.125,0.389,1
2023-12-13,9.4,0.129,6.1,26.2,0.114,holiday,0.0,0.0,0,0.596,0.347,0.284,0.149,,0
2023-12-14,9.2,0.063,4.9,26.3,0.075,holiday,0.0,0.0,0,0.4,0.28,0.274,0.0,0.389,1
2023-12-15,7.7,0.071,5.5,26.6,0.18,holiday,0.0,0.0,0,0.571,0.322,0.281,0.007,0.393,0
2023-12-16,8.9,0.065,3.7,25.6,0.257,holiday,0.0,0.0,0,0.551,0.404,0.589,0.096,0.605,0
2023-12-17,8.2,0.11,4.4,25.5,0.278,holiday,0.0,0.0,0,0.622,0.429,0.503,0.134,0.606,0
2023-12-18,8.5,0.069,2.3,25.9,0.115,holiday,0.0,0.0,0,0.504,0.215,,0.089,0.352,0
2023-12-19,6.7,0.131,3.6,25.3,0.12,holiday,0.0,0.0,0,0.477,0.318,,0.126,0.338,0
2023-12-20,3.6,0.024,4.1,27.4,0.152,holiday,0.0,0.0,0,0.524,0.355,0.316,0.047,0.407,0
2023-12-21,13.5,0.135,4.3,24.3,0.188,holiday,0.0,0.0,0,0.495,0.463,0.336,0.044,0.29,0
2023-12-22,8.5,0.0,3.5,25.3,0.1,holiday,0.0,0.0,0,0.608,0.342,,0.055,0.287,0
2023-12-23,16.2,0.142,2.8,23.6,0.267,holiday,2.4,0.0,0,,0.672,0.669,0.085,0.542,0
2023-12-24,10.1,0.17,2.8,24.0,0.322,holiday,,0.0,0,0.619,0.56,0.576,0.003,0.551,0
2023-12-25,16.7,0.269,2.5,22.7,0.409,holiday,0.0,0.0,0,0.539,0.313,0.254,0.065,0.361,1
2023-12-26,12.3,0.136,4.0,23.9,0.341,holiday,0.0,0.0,0,0.623,0.269,0.273,0.062,0.275,1
2023-12-27,10.1,0.094,4.3,23.7,0.142,holiday,0.0,0.0,0,0.621,0.489,0.344,,0.297,0
2023-12-28,12.5,0.134,3.8,24.0,0.12,holiday,0.3,1.0,0,0.489,0.434,0.453,0.03,0.632,1
2023-12-29,15.6,0.249,3.9,22.8,0.204,holiday,0.5,0.0,0,0.527,0.31,0.241,0.123,0.371,1
2023-12-30,15.7,0.236,3.8,24.2,0.328,holiday,0.0,0.0,0,0.793,0.584,0.609,0.14,0.562,1
2023-12-31,17.5,0.283,3.6,22.4,0.369,holiday,0.4,0.0,0,0.698,,0.627,0.138,0.569,1
2024-01-01,16.8,0.247,3.7,22.3,0.309,holiday,0.0,0.0,0,0.382,0.309,0.322,0.088,0.279,1
2024-01-02,15.3,0.214,3.0,22.4,0.198,holiday,0.0,0.0,0,0.602,0.41,0.258,0.124,,0
2024-01-03,17.8,0.174,5.2,22.4,0.132,holiday,0.0,0.0,0,0.738,0.274,0.197,0.119,0.445,1
2024-01-04,20.7,0.358,5.1,21.2,0.261,holiday,0.0,1.0,0,0.59,0.46,0.48,0.046,0.541,1
2024-01-05,19.2,0.359,6.8,22.0,0.223,holiday,0.0,1.0,0,0.45,0.343,0.56,0.165,0.644,1
2024-01-06,19.6,0.309,2.9,21.5,0.363,holiday,0.0,0.0,0,0.715,0.477,0.646,0.053,0.495,1
2024-01-07,18.3,0.292,1.1,21.2,0.317,holiday,0.0,0.0,0,0.649,0.425,0.632,0.11,0.514,1
2024-01-08,16.8,0.216,2.2,22.1,0.196,holiday,0.0,0.0,0,0.528,0.227,0.413,,0.408,0
2024-01-09,13.1,0.237,4.9,21.4,0.247,holiday,0.0,0.0,0,0.553,0.431,0.271,0.16,0.295,1
2024-01-10,17.1,0.198,4.0,21.8,0.173,holiday,0.0,0.0,0,0.512,0.144,0.252,0.085,0.406,1
2024-01-11,17.8,0.264,3.8,21.3,0.294,holiday,0.0,0.0,0,0.547,0.357,0.309,0.163,0.356,1
2024-01-12,20.9,0.353,4.1,21.2,0.273,holiday,,0.0,0,0.518,0.35,0.264,0.09,0.369,1
2024-01-13,16.0,0.138,3.0,21.3,0.361,holiday,0.0,0.0,0,0.638,0.449,0.583,0.082,0.588,1
2024-01-14,21.3,0.314,3.0,20.8,0.354,holiday,0.0,0.0,0,0.555,0.617,0.619,0.109,0.6,1
2024-01-15,20.7,0.369,4.3,20.5,0.398,holiday,0.0,0.0,0,0.5,0.298,0.332,0.011,0.263,1
2024-01-16,15.1,0.28,5.5,22.4,0.316,holiday,0.0,1.0,0,0.401,0.562,0.594,0.086,0.581,1
2024-01-17,18.7,0.304,4.4,20.4,0.32,holiday,0.0,1.0,0,0.634,0.647,0.578,0.117,0.517,1
2024-01-18,23.8,0.333,4.0,18.7,0.295,holiday,0.0,0.0,0,0.537,0.377,0.348,0.083,0.404,1
2024-01-19,19.6,0.31,2.7,20.1,0.33,holiday,0.0,0.0,0,0.58,0.303,0.329,0.099,0.319,1
2024-01-20,21.8,0.367,2.8,19.9,0.422,holiday,0.0,0.0,0,0.597,0.49,0.593,0.106,0.599,1
2024-01-21,23.6,0.364,3.4,19.2,0.363,holiday,0.0,0.0,0,0.704,0.507,0.574,0.073,0.544,1
2024-01-22,21.2,,2.7,18.9,0.279,holiday,0.0,0.0,0,0.616,0.414,0.371,0.177,0.312,1
2024-01-23,26.5,0.448,4.4,18.0,0.287,holiday,0.0,0.0,0,0.644,0.205,0.395,0.081,,1
2024-01-24,21.6,0.386,2.8,19.0,0.372,holiday,0.0,0.0,0,0.656,0.214,0.183,0.147,0.4,1
2024-01-25,27.2,0.467,5.0,17.0,0.386,holiday,0.0,0.0,0,0.598,0.34,0.384,0.184,0.295,1
2024-01-26,26.0,,3.5,16.4,,holiday,0.0,0.0,0,0.596,0.412,0.256,0.06,0.387,1
2024-01-27,23.1,0.454,4.7,18.3,,holiday,0.0,0.0,0,0.724,0.553,0.561,0.014,0.611,1
2024-01-28,24.7,0.422,5.8,17.8,0.433,holiday,1.0,0.0,0,,0.499,0.549,0.115,0.58,1
2024-01-29,24.0,0.494,3.3,18.0,0.34,holiday,0.0,0.0,0,0.528,,0.331,0.099,0.27,1
2024-01-30,29.5,0.493,5.9,15.8,0.327,holiday,0.8,0.0,0,0.572,,0.288,0.066,0.341,1
2024-01-31,25.8,0.529,3.4,16.3,0.482,holiday,0.0,0.0,0,0.456,0.102,,0.12,0.256,1
2024-02-01,28.0,0.525,2.5,16.2,0.284,weekday,0.0,1.0,0,0.462,0.251,0.226,0.662,0.283,1
2024-02-02,25.3,0.374,3.3,16.3,0.242,weekday,0.0,0.0,0,0.481,0.015,0.0,0.678,0.0,1
2024-02-03,26.9,0.439,5.7,16.7,0.44,holiday,3.3,0.0,0,0.628,0.4,0.651,0.105,0.585,1
2024-02-04,29.9,0.583,3.2,14.6,0.462,holiday,0.0,0.0,0,,0.485,0.601,0.061,0.467,1
2024-02-05,27.2,0.452,2.3,16.9,0.192,weekday,0.0,0.0,0,0.544,0.06,0.015,0.707,0.046,1
2024-02-06,27.9,0.497,3.0,15.1,0.286,weekday,0.0,0.0,0,0.528,0.156,0.005,0.645,0.04,1
2024-02-07,28.9,0.587,4.3,15.2,0.34,weekday,0.0,0.0,0,0.379,0.11,0.037,0.755,0.089,1
2024-02-08,28.9,0.547,4.9,14.5,0.331,weekday,0.0,0.0,0,0.455,,0.058,0.736,0.0,1
2024-02-09,31.5,0.566,2.6,15.9,0.274,weekday,0.7,0.0,0,0.363,0.018,0.0,0.638,0.132,1
2024-02-10,33.6,0.595,3.9,13.5,0.578,holiday,0.0,0.0,0,0.721,0.397,,0.056,0.434,1
2024-02-11,32.2,0.618,2.2,16.0,0.524,holiday,0.0,,0,0.689,0.497,,0.125,0.523,1
2024-02-12,32.7,0.491,2.6,13.4,0.302,weekday,0.0,0.0,0,0.248,0.07,0.047,,0.065,1
2024-02-13,32.8,0.653,3.4,13.4,0.278,weekday,0.0,0.0,0,0.378,,0.072,0.684,0.027,1
2024-02-14,32.5,0.622,4.7,13.5,0.293,weekday,0.0,0.0,0,0.414,0.167,0.072,0.663,,1
2024-02-15,32.8,0.617,2.7,14.1,0.366,weekday,0.0,0.0,0,0.37,0.0,0.0,0.655,0.013,1
2024-02-16,35.0,0.7,2.0,12.0,0.433,weekday,0.0,0.0,0,0.393,0.071,0.061,0.716,0.045,1
2024-02-17,34.4,0.688,1.3,12.7,0.645,holiday,0.8,0.0,0,0.681,0.432,0.618,0.081,0.606,1
2024-02-18,34.3,0.675,5.2,12.1,0.564,holiday,0.0,0.0,0,0.609,,0.641,0.051,0.591,1
2024-02-19,30.6,0.591,5.0,13.1,0.284,weekday,0.0,0.0,0,0.498,0.022,0.018,0.661,0.016,1
2024-02-20,33.7,0.608,3.2,12.8,0.334,weekday,0.0,0.0,0,0.446,0.0,0.0,0.653,0.107,1
2024-02-21,33.8,0.665,4.1,12.7,0.342,weekday,0.0,0.0,0,0.561,0.228,0.16,0.596,0.0,1
2024-02-22,32.0,0.599,3.2,13.0,0.376,weekday,0.0,0.0,0,0.263,0.031,0.004,0.611,0.0,1
2024-02-23,34.6,0.651,2.1,13.0,0.376,weekday,1.0,0.0,0,,0.0,0.042,0.618,0.096,1
2024-02-24,31.4,0.679,3.8,11.9,0.551,holiday,0.0,0.0,0,0.788,0.179,0.599,0.073,0.584,1
2024-02-25,35.0,0.78,4.1,11.6,0.622,holiday,0.0,0.0,0,0.622,0.471,0.608,0.118,0.474,1
2024-02-26,35.0,0.675,3.7,11.6,0.464,weekday,0.0,1.0,0,0.476,0.337,0.227,0.659,0.292,1
2024-02-27,32.9,0.772,5.0,9.9,,weekday,0.0,0.0,0,0.364,0.027,0.053,0.651,0.0,1
2024-02-28,34.6,0.809,5.6,9.0,0.337,weekday,0.0,0.0,0,0.576,0.0,0.0,0.701,0.051,1
2024-02-29,31.9,0.712,4.4,12.2,0.343,weekday,0.0,0.0,0,0.523,0.112,0.0,0.715,0.126,1
2024-03-01,34.7,,2.9,9.4,0.415,weekday,0.0,,0,0.306,0.0,0.111,0.67,0.0,1
2024-03-02,33.1,0.618,4.0,10.8,0.499,holiday,0.0,0.0,0,0.467,0.553,0.598,0.057,0.518,1
2024-03-03,35.0,0.763,4.0,10.2,0.633,holiday,0.0,0.0,0,,0.402,0.596,0.101,0.493,1
2024-03-04,34.3,0.642,3.6,10.3,0.353,weekday,0.0,0.0,0,0.478,0.0,0.041,0.65,0.03,1
2024-03-05,35.0,0.77,4.2,9.8,0.504,weekday,0.0,0.0,0,0.383,0.0,0.0,0.673,0.024,1
2024-03-06,35.0,,3.1,9.5,0.371,weekday,0.0,0.0,0,0.412,0.0,0.019,0.596,0.081,1
2024-03-07,35.0,0.778,2.6,8.3,0.452,weekday,0.0,0.0,0,0.326,0.025,0.0,0.71,0.014,1
2024-03-08,34.7,0.755,5.8,9.3,0.507,weekday,0.0,,0,0.545,0.183,0.243,0.761,0.105,1
2024-03-09,34.0,,1.5,7.2,0.727,holiday,0.0,0.0,0,0.685,0.299,0.528,0.065,0.485,1
2024-03-10,35.0,0.83,3.5,8.3,0.706,holiday,0.0,0.0,0,0.79,0.459,0.664,0.129,0.521,1
2024-03-11,32.8,0.746,4.1,8.4,0.391,weekday,0.0,0.0,0,0.386,0.0,0.018,0.675,0.0,1
2024-03-12,35.0,0.771,6.7,9.0,0.42,weekday,0.0,0.0,0,0.521,,0.0,,0.0,1
2024-03-13,35.0,0.756,3.6,8.2,0.449,weekday,0.0,0.0,0,0.324,0.0,0.031,0.686,0.0,1
2024-03-14,35.0,0.797,2.5,8.2,0.453,weekday,0.0,0.0,0,0.393,0.0,0.104,,0.053,1
2024-03-15,35.0,0.792,3.9,8.0,0.398,weekday,0.0,0.0,0,0.458,0.0,0.054,0.615,0.034,1
2024-03-16,35.0,0.79,4.0,7.3,0.527,holiday,0.0,1.0,0,0.717,0.683,0.743,0.2,0.705,1
2024-03-17,35.0,0.842,2.9,7.1,0.628,holiday,0.0,0.0,0,0.701,0.382,0.566,0.046,0.471,1
2024-03-18,33.0,0.774,4.2,6.6,0.3,weekday,0.0,0.0,0,0.386,0.049,,0.673,0.0,1
2024-03-19,35.0,0.811,6.7,6.6,0.464,,0.0,0.0,0,,0.0,0.0,0.732,0.066,1
2024-03-20,35.0,0.813,3.2,7.1,0.378,weekday,0.0,0.0,0,0.421,0.0,0.0,0.653,0.097,1
2024-03-21,35.0,0.783,3.0,6.1,0.326,weekday,0.0,0.0,0,0.444,0.171,0.095,0.757,0.135,1
2024-03-22,35.0,0.711,5.7,8.0,0.339,weekday,0.0,0.0,0,0.43,0.103,0.0,0.597,0.041,1
2024-03-23,35.0,0.891,3.0,5.0,0.638,holiday,0.0,0.0,0,0.755,,0.602,0.091,0.484,1
2024-03-24,34.9,0.819,5.6,6.9,0.694,holiday,0.0,0.0,0,0.634,0.46,0.648,0.0,0.488,1
2024-03-25,35.0,0.722,4.3,5.8,0.274,weekday,0.0,1.0,0,0.379,0.324,0.294,0.593,0.176,1
2024-03-26,33.2,0.685,4.2,7.3,0.397,weekday,0.0,0.0,0,0.412,0.0,0.033,0.639,0.0,1
2024-03-27,35.0,0.858,2.8,5.4,0.532,weekday,0.0,0.0,0,0.366,0.0,0.048,0.747,0.09,1
2024-03-28,35.0,0.815,4.7,6.4,0.485,weekday,0.0,0.0,0,0.398,0.05,0.106,0.709,0.0,1
2024-03-29,32.9,0.835,2.3,5.8,0.38,weekday,0.0,0.0,0,0.461,0.047,0.0,0.619,0.009,1
2024-03-30,35.0,0.94,5.6,3.6,0.745,holiday,0.0,0.0,0,0.656,0.428,0.551,0.083,0.502,1
2024-03-31,35.0,0.776,4.8,6.9,0.649,holiday,0.0,0.0,0,0.655,0.53,0.563,,0.509,1
2024-04-01,1.0,0.541,1.2,4.9,0.3,weekday,7.9,0.0,0,0.481,0.0,0.034,0.723,0.12,0
2024-04-02,0.0,0.462,3.4,6.3,0.278,weekday,2.4,0.0,0,0.436,0.098,0.081,0.608,0.001,0
2024-04-03,0.8,0.43,4.0,5.6,0.279,weekday,1.5,0.0,0,0.525,0.0,0.043,0.7,0.067,1
2024-04-04,1.7,0.648,5.1,3.8,0.293,weekday,1.2,0.0,0,0.335,0.07,0.001,0.691,0.0,0
2024-04-05,0.0,0.554,4.4,3.5,0.258,weekday,2.0,0.0,0,0.478,0.006,0.047,,0.056,1
2024-04-06,0.5,0.555,4.6,3.7,0.511,holiday,1.8,0.0,0,0.769,0.44,0.528,0.083,0.47,1
2024-04-07,0.0,,5.4,4.4,0.586,holiday,1.4,0.0,0,0.723,0.417,0.658,0.108,0.445,1
2024-04-08,0.0,0.562,5.7,5.4,0.378,weekday,2.6,0.0,0,0.441,0.0,0.045,,0.053,0
2024-04-09,0.0,0.61,2.5,3.9,0.283,weekday,2.1,0.0,0,0.427,0.0,0.067,0.603,0.0,0
2024-04-10,0.5,0.648,4.9,3.7,0.306,weekday,5.9,,0,0.406,0.104,0.074,0.643,0.0,0
2024-04-11,0.0,0.472,2.5,4.9,0.222,weekday,8.9,0.0,0,0.441,0.086,0.044,0.625,0.0,0
2024-04-12,0.0,0.531,3.4,3.0,0.344,weekday,3.8,0.0,0,0.567,0.016,0.067,0.736,0.077,0
2024-04-13,0.0,0.579,3.9,2.1,,holiday,4.5,0.0,0,0.668,0.229,0.441,0.133,0.471,0
2024-04-14,0.7,0.477,3.1,4.2,,holiday,0.6,0.0,0,0.659,0.516,0.634,0.067,0.558,0
2024-04-15,1.9,0.596,5.4,3.2,0.36,weekday,2.2,0.0,0,0.482,0.011,0.0,0.629,0.045,1
2024-04-16,0.0,0.585,4.4,3.5,0.271,weekday,4.1,1.0,0,0.463,0.235,0.24,0.666,0.159,0
2024-04-17,0.2,0.54,4.5,4.8,0.247,weekday,3.3,0.0,0,0.344,0.055,0.0,0.69,0.0,1
2024-04-18,0.0,0.568,3.9,4.4,0.377,weekday,2.9,0.0,0,0.337,0.004,0.0,0.493,0.0,0
2024-04-19,0.0,0.641,4.9,3.3,0.404,weekday,3.7,0.0,0,0.427,0.0,0.0,0.701,0.053,0
2024-04-20,0.8,0.487,5.6,4.4,0.4,holiday,6.9,0.0,0,0.836,0.479,0.646,0.202,0.512,0
2024-04-21,1.3,0.603,3.6,3.3,0.598,holiday,,0.0,0,0.69,0.409,0.601,0.166,0.554,1
2024-04-22,0.0,0.614,5.6,2.9,0.391,weekday,1.5,0.0,0,0.333,0.0,0.068,0.705,0.0,1
2024-04-23,0.0,0.503,4.3,4.0,0.299,weekday,5.9,1.0,0,0.454,0.15,0.276,0.632,0.138,0
2024-04-24,0.0,0.593,3.9,2.7,0.333,weekday,4.1,0.0,0,0.44,,0.0,0.616,0.0,0
2024-04-25,2.1,0.623,5.3,2.3,0.376,weekday,2.3,0.0,0,0.343,0.0,0.0,0.605,0.006,0
2024-04-26,0.0,0.439,4.5,2.9,0.286,weekday,3.2,0.0,0,,0.002,0.005,0.625,0.024,0
2024-04-27,2.0,0.588,1.9,2.8,0.54,holiday,2.3,0.0,0,0.736,0.333,0.523,0.131,0.465,1
2024-04-28,0.0,0.581,4.1,3.1,0.536,holiday,6.6,0.0,0,0.72,0.268,0.55,0.0,0.529,1
2024-04-29,0.0,0.571,6.7,2.3,,weekday,,0.0,0,0.318,0.0,,0.689,0.0,1
2024-04-30,0.6,0.462,2.2,1.8,0.16,weekday,5.9,0.0,0,0.411,0.0,0.0,0.73,0.012,0
2024-05-01,1.6,0.603,5.2,1.1,0.414,holiday,4.7,0.0,0,0.437,0.232,0.301,0.0,0.271,1
2024-05-02,2.1,0.578,1.5,1.9,0.403,holiday,4.0,0.0,0,0.649,0.262,0.296,0.067,,1
2024-05-03,0.8,0.529,4.0,2.9,0.38,holiday,4.1,0.0,0,0.432,0.155,0.327,0.0,0.366,1
2024-05-04,0.0,0.44,4.4,3.0,0.433,holiday,1.0,0.0,0,0.578,0.44,0.484,0.015,0.428,0
2024-05-05,0.9,0.58,5.8,3.1,0.425,holiday,4.0,1.0,0,0.546,0.789,0.752,0.078,0.681,1
2024-05-06,2.0,0.581,6.3,2.6,0.435,holiday,,0.0,0,0.641,0.187,0.395,0.0,0.28,0
2024-05-07,2.1,0.708,3.0,1.9,0.469,holiday,1.4,0.0,0,0.416,0.189,0.279,0.036,0.208,0
2024-05-08,0.0,0.638,3.5,2.3,0.501,holiday,5.1,0.0,0,0.493,0.089,0.252,0.093,0.272,0
2024-05-09,0.0,0.512,4.8,2.6,0.357,holiday,3.3,0.0,0,0.517,0.282,0.28,0.073,0.283,0
2024-05-10,1.1,0.609,2.6,2.3,0.41,holiday,4.4,0.0,0,0.524,0.124,0.281,,0.281,0
2024-05-11,0.0,0.529,4.3,3.5,0.497,holiday,,0.0,0,0.493,0.413,0.576,0.056,0.487,0
2024-05-12,0.0,0.615,4.7,1.2,0.599,holiday,7.9,0.0,0,0.464,0.443,0.609,0.111,0.53,0
2024-05-13,0.0,0.471,5.0,2.9,0.384,holiday,1.8,0.0,0,0.633,0.113,0.273,0.1,0.211,1
2024-05-14,4.7,0.592,5.8,3.0,0.354,holiday,2.4,0.0,0,0.638,0.221,,0.161,0.151,1
2024-05-15,0.0,0.683,5.0,2.3,0.399,holiday,3.7,0.0,0,0.443,0.205,0.305,0.006,0.279,1
2024-05-16,3.9,0.729,4.9,1.8,0.467,holiday,2.5,,0,0.633,0.151,0.194,0.099,0.183,1
2024-05-17,0.0,0.526,2.7,1.5,0.386,holiday,7.4,0.0,0,0.434,0.12,0.268,0.091,0.291,0
2024-05-18,0.1,0.556,2.2,1.0,0.386,holiday,3.3,0.0,0,0.64,0.366,0.676,0.138,0.485,0
2024-05-19,0.0,0.543,4.2,2.6,0.48,holiday,5.8,0.0,0,0.566,0.361,0.609,0.058,0.487,0
2024-05-20,0.7,0.627,3.9,1.3,0.499,holiday,1.1,0.0,0,0.5,,0.359,0.041,0.306,0
2024-05-21,3.0,0.605,4.0,3.1,0.433,holiday,2.0,0.0,0,0.56,0.075,0.289,0.089,0.283,0
2024-05-22,0.0,0.566,2.2,2.7,0.417,holiday,0.5,0.0,0,0.353,0.147,0.208,0.047,0.209,0
2024-05-23,0.0,0.531,3.6,2.8,0.379,holiday,4.5,,0,0.623,0.245,0.299,0.137,0.237,0
2024-05-24,3.5,0.576,3.4,3.3,0.322,holiday,6.6,0.0,0,0.512,0.267,0.369,0.0,0.338,0
2024-05-25,0.0,0.601,8.0,3.6,0.517,holiday,2.0,0.0,0,,0.498,0.6,0.071,0.455,1
2024-05-26,0.0,0.527,4.0,4.4,0.388,holiday,0.4,0.0,0,0.706,0.411,,0.125,0.47,1
2024-05-27,0.0,0.633,5.7,1.5,0.378,holiday,3.0,0.0,0,0.626,,0.286,0.078,0.289,1
2024-05-28,0.0,0.531,3.0,3.4,0.363,holiday,7.2,0.0,0,0.641,0.187,0.206,0.147,0.228,0
2024-05-29,1.2,0.483,4.4,4.1,0.309,holiday,,0.0,0,0.617,0.0,0.242,0.076,0.294,0
2024-05-30,0.7,0.541,1.6,2.9,0.432,holiday,3.2,0.0,0,0.346,0.278,0.331,0.02,0.242,0
2024-05-31,0.0,0.546,6.4,4.2,0.479,holiday,7.3,0.0,0,0.675,0.126,0.317,0.084,0.322,0
2024-06-01,0.0,0.515,4.9,4.1,0.498,holiday,1.5,0.0,0,0.662,0.418,0.528,0.124,0.446,1
2024-06-02,1.1,,5.6,5.2,0.416,holiday,2.2,0.0,0,0.838,0.333,0.541,0.064,0.531,1
2024-06-03,0.0,0.501,1.7,4.2,0.276,weekday,1.3,0.0,0,0.472,0.025,0.04,0.673,0.0,1
2024-06-04,0.8,0.512,2.3,3.6,0.185,weekday,1.3,0.0,0,0.443,0.0,0.0,0.652,0.0,0
2024-06-05,0.3,0.511,4.3,4.3,0.193,weekday,4.2,0.0,0,0.428,0.0,0.0,0.648,0.012,1
2024-06-06,1.1,0.468,3.4,4.4,0.311,weekday,5.1,0.0,0,0.348,0.0,0.0,0.619,0.145,0
2024-06-07,0.0,0.579,1.9,4.8,0.28,weekday,3.4,0.0,0,0.454,0.0,0.0,0.718,0.028,0
2024-06-08,0.0,0.442,4.7,6.6,0.389,holiday,24.3,1.0,0,0.676,0.538,,0.076,0.697,0
2024-06-09,0.0,0.493,4.1,4.5,0.446,holiday,,0.0,0,0.695,0.359,0.622,0.039,0.424,1
2024-06-10,1.8,0.512,2.7,4.6,,weekday,24.1,0.0,0,0.481,0.0,0.044,0.664,0.015,0
2024-06-11,0.1,0.542,5.9,4.9,0.262,weekday,19.1,0.0,0,0.434,0.0,0.067,0.53,0.0,1
2024-06-12,0.0,0.448,4.5,4.1,0.189,weekday,,0.0,0,0.435,,0.044,0.563,0.0,0
2024-06-13,1.9,0.464,2.9,4.5,0.12,weekday,28.3,0.0,0,0.488,0.0,0.016,0.552,0.0,1
2024-06-14,0.0,0.468,3.4,4.6,0.279,weekday,21.4,0.0,0,0.409,0.0,0.0,0.583,0.0,1
2024-06-15,0.0,,2.7,5.2,0.326,holiday,18.6,0.0,0,0.603,0.371,0.591,0.101,0.55,0
2024-06-16,0.0,0.455,3.2,4.4,0.341,holiday,20.4,0.0,0,0.569,,0.56,0.02,0.412,0
2024-06-17,0.0,0.371,4.0,5.3,0.171,weekday,28.2,0.0,0,0.449,0.0,0.083,0.632,0.008,0
2024-06-18,1.1,0.401,4.5,5.6,0.062,weekday,26.1,0.0,0,0.506,0.0,0.0,0.651,0.0,0
2024-06-19,1.1,0.475,3.0,7.0,0.257,weekday,20.8,1.0,0,0.531,0.0,0.207,0.631,0.189,0
2024-06-20,0.9,,3.2,6.0,0.226,weekday,21.8,0.0,0,0.296,0.0,0.017,0.651,0.032,0
2024-06-21,1.7,0.467,4.3,6.2,0.187,weekday,21.7,0.0,0,0.44,0.046,0.0,0.718,0.0,0
2024-06-22,0.7,0.373,4.4,7.2,0.353,holiday,28.0,0.0,0,0.622,0.161,0.488,0.0,0.612,1
2024-06-23,0.0,0.381,4.7,6.6,0.341,holiday,23.0,0.0,0,0.639,0.262,0.611,0.014,0.496,0
2024-06-24,2.3,0.456,4.9,6.8,0.081,weekday,25.1,0.0,0,0.489,0.007,0.0,0.587,0.054,0
2024-06-25,0.0,0.324,3.6,7.6,0.181,weekday,20.7,0.0,0,0.428,0.13,0.0,0.544,0.085,0
2024-06-26,0.0,0.476,4.5,6.1,0.18,weekday,19.0,0.0,0,0.506,0.0,,0.712,0.0,1
2024-06-27,2.0,0.439,4.7,7.4,0.218,weekday,20.1,0.0,0,0.44,0.0,0.0,0.678,0.078,0
2024-06-28,0.0,,4.0,7.6,0.261,weekday,22.2,0.0,0,0.465,0.036,0.0,0.604,0.021,0
2024-06-29,0.0,0.415,4.3,7.4,0.448,holiday,19.9,0.0,0,0.639,0.299,0.626,0.0,0.505,0
2024-06-30,0.0,0.48,3.3,6.4,0.407,holiday,22.1,0.0,0,0.705,0.362,0.642,0.032,0.455,0
2024-07-01,1.7,0.371,4.5,8.3,0.172,weekday,23.8,0.0,0,0.422,0.012,0.039,0.642,0.054,1
2024-07-02,0.0,0.352,6.5,8.1,0.188,weekday,23.3,0.0,0,0.595,0.0,0.0,0.651,0.0,0
2024-07-03,1.7,0.442,3.6,8.5,,weekday,22.1,0.0,0,0.527,0.0,0.034,0.612,0.0,0
2024-07-04,0.0,,5.0,8.9,0.243,weekday,21.0,0.0,0,0.504,0.0,0.001,0.612,0.006,0
2024-07-05,0.3,0.416,3.3,9.1,0.294,weekday,,0.0,0,0.333,0.0,0.0,0.563,0.029,1
2024-07-06,2.2,0.467,3.2,7.6,0.405,holiday,20.7,0.0,0,0.722,0.333,0.697,0.079,0.503,0
2024-07-07,0.0,0.46,4.4,8.3,0.38,holiday,,0.0,0,0.609,0.384,0.576,0.072,0.475,0
2024-07-08,3.4,0.312,4.6,9.9,0.149,weekday,20.8,0.0,0,0.319,0.0,0.061,0.617,0.059,1
2024-07-09,0.0,0.327,1.3,11.4,0.068,weekday,23.2,0.0,0,0.339,0.0,0.024,0.605,0.0,0
2024-07-10,1.6,0.468,5.3,9.5,0.17,weekday,23.2,1.0,0,0.563,0.214,0.23,0.62,0.238,0
2024-07-11,0.0,0.23,4.1,9.4,0.0,weekday,18.8,0.0,0,0.328,0.0,0.034,0.605,0.013,0
2024-07-12,0.0,0.338,4.3,9.2,0.116,weekday,21.2,0.0,0,0.359,,0.0,0.671,0.0,0
2024-07-13,0.8,0.361,3.3,9.2,0.39,holiday,21.0,0.0,0,0.667,0.422,0.549,0.065,0.506,0
2024-07-14,2.5,0.289,4.0,11.8,0.325,holiday,19.1,0.0,0,0.751,0.426,0.566,0.04,0.571,0
2024-07-15,0.0,0.414,5.1,10.1,0.08,weekday,19.0,0.0,0,0.412,0.0,0.019,0.683,0.07,0
2024-07-16,0.0,0.353,3.9,11.3,0.175,weekday,22.1,0.0,0,0.308,0.0,0.009,0.535,0.01,0
2024-07-17,0.0,0.315,4.0,12.1,0.035,weekday,20.7,0.0,0,0.614,0.0,0.018,0.705,0.0,0
2024-07-18,0.7,0.307,4.3,11.3,0.142,weekday,18.6,0.0,0,0.396,0.0,0.0,0.6,0.078,0
2024-07-19,0.7,0.397,3.5,11.3,0.259,weekday,,0.0,0,0.356,0.0,0.0,0.677,0.023,0
2024-07-20,0.0,0.43,4.7,11.9,0.425,holiday,1.6,0.0,0,0.66,0.378,0.617,0.046,0.527,0
2024-07-21,0.0,0.516,2.2,10.7,0.471,holiday,1.9,0.0,0,0.764,0.551,0.556,0.141,0.549,0
2024-07-22,1.7,0.232,2.2,13.6,0.128,weekday,5.6,0.0,0,0.312,,0.072,0.55,0.032,0
2024-07-23,1.7,0.402,2.7,11.6,,weekday,8.4,0.0,0,0.369,0.0,,0.746,0.068,0
2024-07-24,0.0,0.264,6.2,13.1,0.179,weekday,4.3,0.0,0,0.394,0.01,0.028,0.654,0.051,1
2024-07-25,0.0,0.32,1.1,13.1,0.167,weekday,,0.0,0,0.376,0.0,0.0,0.729,0.069,0
2024-07-26,0.0,0.304,4.7,13.7,0.135,weekday,0.8,1.0,0,0.446,0.281,0.279,0.629,0.325,0
2024-07-27,1.8,0.261,4.0,14.1,0.423,holiday,4.3,0.0,0,0.67,0.461,0.631,0.137,0.45,1
2024-07-28,0.0,0.245,4.5,13.6,0.33,holiday,3.6,0.0,0,0.579,0.411,0.534,0.0,0.445,0
2024-07-29,0.0,0.23,3.0,13.8,,weekday,6.0,0.0,0,0.392,0.047,0.048,0.617,,0
2024-07-30,0.0,0.177,6.4,14.8,0.158,weekday,2.8,0.0,0,0.286,0.13,0.054,0.629,0.142,0
2024-07-31,0.8,0.293,3.5,14.6,0.207,weekday,3.0,0.0,0,0.446,0.095,0.067,0.745,0.031,0
2024-08-01,0.1,0.292,7.1,14.4,0.22,holiday,14.4,0.0,0,0.607,0.076,0.221,0.013,0.262,0
2024-08-02,0.0,0.161,7.7,13.4,0.117,holiday,12.5,0.0,0,0.464,0.171,0.234,0.031,0.306,0
2024-08-03,0.0,0.274,7.6,15.6,0.319,holiday,10.5,0.0,0,0.743,0.429,0.674,0.059,0.484,0
2024-08-04,0.0,0.246,11.0,15.0,0.216,holiday,13.3,0.0,0,0.522,0.5,0.614,0.132,0.582,1
2024-08-05,0.0,0.238,6.7,15.6,0.157,holiday,13.0,0.0,0,0.518,0.193,0.298,0.06,,0
2024-08-06,0.0,0.331,5.8,14.9,0.189,holiday,11.3,0.0,0,0.622,0.147,0.281,0.124,0.223,0
2024-08-07,1.2,0.243,6.2,15.5,0.304,holiday,12.4,0.0,0,0.435,0.302,0.26,0.031,0.31,0
2024-08-08,0.0,0.143,7.2,16.0,0.187,holiday,14.9,0.0,0,0.718,0.208,0.185,0.033,0.283,0
2024-08-09,1.8,0.288,7.1,14.4,0.274,holiday,12.3,1.0,0,0.614,0.501,0.506,0.067,0.467,1
2024-08-10,2.8,0.283,8.4,15.8,0.35,holiday,10.5,0.0,0,0.641,0.463,0.644,0.106,0.572,0
2024-08-11,0.0,0.237,8.7,14.7,0.329,holiday,11.7,0.0,0,0.81,0.479,,0.052,0.662,1
2024-08-12,0.5,0.129,4.8,16.4,,holiday,9.9,0.0,0,0.527,0.01,0.238,0.003,0.296,0
2024-08-13,0.0,0.093,6.8,17.6,0.076,holiday,9.4,0.0,0,0.51,0.233,0.34,0.008,0.291,1
2024-08-14,0.4,0.196,4.4,17.7,0.242,holiday,13.2,0.0,0,0.557,0.18,0.326,0.136,0.324,0
2024-08-15,0.0,0.168,7.9,17.0,0.142,holiday,10.8,,0,0.539,0.197,0.324,0.007,0.416,1
2024-08-16,0.0,0.141,7.3,19.7,0.181,holiday,,0.0,0,0.451,0.336,,0.045,0.244,0
2024-08-17,0.0,0.128,5.5,17.3,0.257,holiday,14.3,0.0,0,0.596,0.512,,0.039,0.544,0
2024-08-18,0.5,0.127,8.4,17.9,0.26,holiday,10.0,0.0,0,0.801,0.392,0.574,0.117,0.572,0
2024-08-19,0.2,0.146,5.7,18.1,0.122,holiday,10.0,0.0,0,0.56,0.254,0.343,0.133,0.329,0
2024-08-20,0.0,,6.7,18.1,0.195,holiday,13.7,0.0,0,0.617,0.19,0.306,0.046,0.239,0
2024-08-21,0.0,0.093,6.2,19.9,0.042,holiday,13.8,0.0,0,0.501,0.28,0.341,0.059,0.346,0
2024-08-22,0.0,0.161,8.2,19.1,0.166,holiday,14.7,0.0,1,0.594,0.22,0.27,0.132,0.312,0
2024-08-23,1.4,0.149,5.0,18.4,0.123,holiday,10.6,0.0,0,0.578,0.231,0.251,0.045,0.408,0
2024-08-24,0.3,0.231,6.8,19.0,0.342,holiday,9.3,0.0,0,0.555,0.375,0.559,0.131,0.506,0
2024-08-25,0.0,0.055,4.9,20.2,0.157,holiday,13.2,0.0,0,0.472,,0.579,0.039,0.572,0
2024-08-26,1.5,0.23,8.2,19.5,0.214,holiday,10.3,0.0,0,0.582,0.221,0.318,0.035,0.349,0
2024-08-27,1.3,0.152,7.2,19.6,0.254,,10.8,1.0,0,0.622,0.463,0.625,0.082,0.586,1
2024-08-28,0.1,0.104,9.1,19.9,0.172,holiday,9.9,0.0,0,0.543,0.117,0.272,0.04,0.268,1
2024-08-29,0.0,0.194,5.9,19.4,0.215,holiday,11.0,0.0,0,0.64,0.208,0.336,0.0,0.364,0
2024-08-30,0.3,0.032,7.6,20.1,0.083,holiday,10.5,0.0,1,0.701,0.287,0.293,0.086,,1
2024-08-31,0.0,0.07,6.6,21.3,0.198,holiday,9.8,0.0,0,0.778,0.629,0.567,0.107,0.674,0
2024-09-01,0.0,0.08,6.6,19.5,0.198,holiday,9.5,0.0,0,0.671,0.511,0.63,0.06,0.537,0
2024-09-02,0.3,0.164,6.4,20.7,0.05,weekday,11.6,0.0,0,0.465,0.0,0.007,,0.113,0
2024-09-03,1.8,0.132,9.2,22.0,0.047,weekday,11.6,0.0,0,0.505,0.04,0.086,0.675,,0
2024-09-04,0.0,,6.4,21.6,0.0,weekday,15.0,0.0,0,0.411,0.074,0.0,0.708,0.0,0
2024-09-05,0.0,0.128,7.4,21.7,0.0,weekday,10.9,1.0,0,0.439,0.281,,,0.249,0
2024-09-06,1.3,0.132,7.1,20.9,0.084,weekday,8.5,0.0,0,0.411,0.07,0.066,,0.196,0
2024-09-07,0.4,0.061,8.0,22.6,0.143,holiday,,0.0,0,0.597,0.502,0.637,0.085,0.618,0
2024-09-08,0.0,0.04,6.4,23.8,0.273,holiday,11.9,0.0,0,0.615,0.457,,0.071,0.637,0
2024-09-09,0.0,0.081,8.8,22.3,0.087,weekday,12.8,0.0,0,0.356,0.171,0.039,,,1
2024-09-10,0.0,0.067,8.2,22.4,0.0,weekday,14.9,0.0,0,0.425,0.053,0.0,0.604,0.149,0
2024-09-11,2.1,0.087,8.2,22.4,0.0,weekday,14.6,0.0,0,0.395,0.028,0.034,0.671,0.015,1
2024-09-12,0.5,0.083,7.0,22.2,,weekday,13.5,1.0,0,0.334,0.388,0.389,0.526,0.309,1
2024-09-13,0.0,0.028,6.5,24.8,0.032,weekday,17.1,0.0,0,0.449,0.081,0.0,0.779,0.107,0
2024-09-14,0.0,0.0,7.0,24.9,0.212,holiday,10.9,0.0,0,0.673,0.455,0.558,0.059,0.584,0
2024-09-15,0.0,0.0,6.9,23.8,0.234,holiday,12.8,0.0,0,0.632,0.427,0.496,0.051,0.64,0
2024-09-16,0.7,,4.8,23.8,,weekday,10.4,0.0,0,0.396,0.098,,0.728,0.072,0
2024-09-17,0.4,0.0,7.4,24.9,0.0,weekday,11.6,0.0,0,0.378,0.099,0.028,0.684,0.066,0
2024-09-18,1.7,0.0,7.8,24.9,0.0,weekday,14.4,0.0,0,0.397,0.106,0.0,0.653,0.128,0
2024-09-19,1.2,0.0,5.9,24.2,0.0,weekday,14.0,0.0,0,0.316,,0.033,0.614,0.019,0
2024-09-20,1.8,0.0,6.2,25.4,0.0,weekday,11.7,0.0,0,0.517,0.0,,0.698,0.096,0
2024-09-21,0.0,0.0,7.1,24.5,0.132,holiday,9.6,0.0,0,0.814,0.479,0.561,,0.573,0
2024-09-22,0.0,0.0,8.2,25.9,0.21,holiday,10.2,0.0,0,0.718,0.519,0.56,0.11,0.562,0
2024-09-23,0.0,0.0,5.4,25.0,0.0,weekday,15.7,0.0,0,0.429,0.0,0.0,0.622,0.08,0
2024-09-24,0.0,0.013,9.6,26.3,0.089,weekday,10.2,0.0,0,0.463,0.162,0.055,0.609,0.214,0
2024-09-25,0.0,0.0,7.1,24.9,0.054,,12.6,0.0,0,0.362,0.042,0.032,0.573,0.08,0
2024-09-26,0.0,0.001,4.5,24.7,0.0,weekday,10.0,0.0,0,0.313,,0.012,0.676,0.131,0
2024-09-27,1.1,0.0,11.0,24.6,,weekday,16.5,0.0,0,0.459,0.128,0.0,0.589,0.056,0
2024-09-28,1.2,0.0,8.0,25.6,0.185,holiday,8.7,0.0,0,0.67,0.498,0.604,0.084,0.629,0
2024-09-29,0.8,0.017,7.1,25.3,0.171,holiday,11.9,0.0,0,0.571,0.603,0.592,0.055,,0
2024-09-30,1.8,0.0,8.5,25.1,0.01,weekday,10.5,0.0,0,0.557,0.073,0.001,0.678,0.077,0
2024-10-01,0.0,0.015,5.0,26.5,,weekday,5.0,0.0,0,0.439,0.111,0.0,0.702,0.08,0
2024-10-02,0.0,0.0,1.9,25.7,,weekday,5.7,0.0,0,0.351,0.045,0.052,0.656,0.0,0
2024-10-03,2.8,0.056,5.6,27.2,0.013,weekday,,,0,0.364,0.015,0.029,0.729,,0
2024-10-04,0.0,0.0,4.4,26.2,,weekday,3.3,0.0,1,0.452,0.085,0.005,0.688,0.117,0
2024-10-05,0.0,0.09,4.2,26.0,0.199,holiday,4.2,0.0,0,0.648,0.63,0.596,0.13,0.541,0
2024-10-06,0.0,0.001,2.1,25.3,0.214,holiday,3.7,0.0,0,0.589,0.43,0.63,0.141,0.613,0
2024-10-07,0.0,0.044,5.2,28.1,0.027,weekday,4.4,1.0,0,0.574,0.37,0.345,0.605,0.287,0
2024-10-08,1.6,0.0,3.2,27.0,0.0,weekday,4.3,1.0,0,0.481,0.313,0.18,0.686,,0
2024-10-09,0.0,0.068,1.7,26.7,,weekday,5.0,0.0,0,0.404,0.148,0.113,0.689,0.114,0
2024-10-10,0.7,0.023,2.5,27.8,0.007,weekday,2.9,1.0,0,0.413,0.201,0.222,0.63,0.257,0
2024-10-11,0.0,,3.7,26.7,0.013,weekday,6.2,0.0,0,0.477,0.0,0.0,0.696,0.173,0
2024-10-12,0.0,0.0,3.1,26.6,0.242,holiday,1.8,0.0,0,0.655,0.409,0.572,0.025,0.522,0
2024-10-13,3.2,0.032,3.9,28.6,0.149,holiday,3.5,0.0,0,0.668,0.517,0.644,0.061,0.576,0
2024-10-14,0.0,,2.3,28.5,0.054,weekday,5.3,1.0,0,0.362,0.307,0.156,0.622,0.322,0
2024-10-15,0.0,0.021,2.9,27.8,0.0,weekday,2.5,0.0,0,,0.216,0.014,0.658,0.074,0
2024-10-16,0.2,0.006,4.2,28.4,0.0,weekday,3.8,0.0,0,0.509,0.085,0.04,0.716,0.123,0
2024-10-17,0.0,0.014,4.4,28.0,0.085,weekday,5.9,0.0,0,0.399,0.092,0.073,0.613,0.063,0
2024-10-18,1.3,0.036,6.2,28.3,0.0,weekday,2.4,0.0,0,0.49,0.142,0.0,0.742,0.123,0
2024-10-19,0.0,0.031,5.6,28.0,0.296,holiday,2.7,0.0,0,0.749,0.57,0.616,0.163,0.579,0
2024-10-20,2.5,0.0,4.1,27.7,0.178,holiday,2.0,0.0,0,0.734,0.504,0.593,0.125,0.657,0
2024-10-21,0.0,0.0,5.2,27.9,0.0,weekday,4.7,0.0,0,0.51,0.235,0.154,0.624,0.096,0
2024-10-22,0.0,0.015,3.1,28.5,0.0,weekday,5.6,0.0,0,0.431,0.135,0.032,0.694,0.094,0
2024-10-23,0.0,,1.9,27.7,0.066,weekday,1.4,0.0,0,0.393,0.042,,0.59,0.117,0
2024-10-24,1.2,0.0,5.3,29.9,0.0,,8.5,1.0,0,0.383,0.452,0.19,0.68,0.277,0
2024-10-25,0.0,0.049,5.4,27.8,0.056,weekday,5.7,0.0,0,0.273,0.244,0.028,0.515,0.065,0
2024-10-26,0.9,0.022,3.8,27.6,0.192,holiday,3.3,0.0,1,0.848,0.582,0.646,0.062,0.57,0
2024-10-27,0.4,0.0,5.8,27.3,0.21,holiday,4.8,0.0,0,0.716,0.424,0.429,0.125,0.575,0
2024-10-28,0.3,0.0,2.2,28.3,0.0,weekday,6.7,1.0,1,0.615,0.476,0.253,0.665,0.356,0
2024-10-29,0.0,0.035,4.7,28.3,0.0,weekday,6.5,0.0,0,0.342,,0.019,0.657,0.062,0
2024-10-30,0.0,0.046,4.3,27.6,0.11,weekday,2.8,0.0,0,0.502,0.131,0.046,0.649,0.122,0
2024-10-31,0.0,0.0,4.4,28.6,,weekday,2.2,0.0,0,0.457,0.108,0.045,0.656,0.059,0
2024-11-01,0.0,0.018,3.6,27.9,0.0,weekday,4.4,,0,0.446,0.082,0.01,0.643,0.032,0
2024-11-02,0.2,0.022,3.9,27.9,0.25,holiday,5.3,0.0,0,0.857,0.452,0.513,0.125,0.598,0
2024-11-03,1.0,,3.2,27.7,0.246,holiday,4.0,0.0,0,0.638,0.556,0.638,0.141,0.576,0
2024-11-04,0.0,0.0,2.7,29.5,0.0,weekday,5.6,0.0,0,0.39,0.179,0.043,0.701,0.16,0
2024-11-05,0.0,0.06,1.4,28.0,0.0,weekday,2.2,1.0,0,0.597,0.36,0.293,0.734,0.251,0
2024-11-06,0.0,0.0,2.6,27.9,,weekday,4.8,0.0,0,0.482,0.046,0.0,0.692,0.062,0
2024-11-07,0.0,0.033,4.3,29.1,,weekday,1.4,0.0,0,0.332,0.216,0.045,0.619,0.029,0
2024-11-08,0.0,0.062,6.1,29.1,0.097,weekday,1.1,0.0,0,0.47,0.022,0.0,0.718,0.141,0
2024-11-09,0.0,0.0,2.9,28.2,0.254,holiday,9.1,0.0,0,0.498,0.44,0.532,0.052,0.538,0
2024-11-10,0.0,0.022,3.6,27.9,0.245,holiday,4.3,1.0,0,,0.78,0.92,0.027,0.752,0
2024-11-11,0.0,0.0,4.1,29.2,0.062,weekday,4.9,0.0,0,0.363,0.254,0.022,0.567,0.134,0
2024-11-12,2.1,0.092,5.1,28.5,0.0,weekday,2.3,0.0,0,0.607,0.151,0.0,0.653,0.076,0
2024-11-13,1.2,0.02,4.2,27.8,0.117,weekday,2.7,0.0,0,0.417,0.128,0.008,0.644,0.15,0
2024-11-14,0.5,0.004,3.7,29.4,0.0,weekday,2.4,0.0,0,0.426,0.202,0.013,0.745,0.155,0
2024-11-15,2.4,0.094,2.5,29.4,0.019,weekday,3.4,0.0,0,0.459,0.155,0.011,0.623,0.202,0
2024-11-16,0.0,0.0,3.8,29.0,0.152,holiday,5.6,0.0,0,0.667,0.514,0.567,0.049,0.575,0
2024-11-17,0.0,0.0,7.6,28.5,0.175,holiday,3.9,1.0,0,0.962,0.699,0.866,0.166,0.822,0
2024-11-18,1.2,0.0,4.4,28.4,0.095,weekday,1.8,0.0,0,,0.214,0.066,0.633,0.086,0
2024-11-19,0.3,0.014,3.9,30.2,0.0,weekday,6.2,0.0,0,0.393,0.085,0.131,0.569,0.139,0
2024-11-20,0.0,0.093,4.0,28.0,0.085,weekday,0.9,0.0,0,0.319,0.104,0.012,0.684,0.109,0
2024-11-21,0.0,0.024,3.5,27.3,0.0,weekday,4.0,0.0,0,0.412,0.0,0.0,0.738,0.045,0
2024-11-22,1.0,0.0,5.1,29.5,0.0,weekday,1.4,0.0,0,0.452,0.134,0.031,0.682,0.172,0
2024-11-23,0.4,0.036,4.3,28.6,0.149,holiday,1.0,0.0,0,,0.575,0.598,0.127,0.634,0
2024-11-24,1.8,0.023,4.1,28.9,0.114,holiday,3.6,0.0,0,0.747,0.517,0.627,0.125,0.59,0
2024-11-25,2.3,0.0,5.4,25.6,0.0,weekday,1.6,0.0,0,0.501,0.062,0.023,0.683,0.147,0
2024-11-26,0.0,0.053,4.3,27.7,0.0,weekday,4.0,0.0,0,0.461,0.176,0.166,0.608,0.053,0
2024-11-27,0.0,0.0,4.8,27.9,,weekday,1.7,0.0,0,0.307,0.161,0.128,0.595,0.102,0
2024-11-28,1.7,0.011,3.0,27.8,0.036,weekday,1.1,0.0,0,0.44,0.051,0.0,0.677,0.112,0
2024-11-29,0.0,0.0,3.5,26.5,0.0,weekday,2.9,0.0,0,0.328,0.151,0.082,0.613,,0
2024-11-30,1.5,0.029,3.9,27.3,0.241,holiday,2.0,0.0,0,0.782,0.634,0.711,0.133,0.609,0
2024-12-01,5.5,0.052,4.7,27.5,0.225,holiday,0.0,0.0,0,0.687,0.516,0.683,0.09,0.552,0
2024-12-02,8.6,0.046,3.9,26.5,0.161,holiday,0.0,0.0,0,0.566,0.267,0.357,0.07,0.35,0
2024-12-03,10.4,0.0,4.7,26.6,0.083,holiday,0.0,0.0,0,0.556,0.434,0.342,0.026,0.369,0
2024-12-04,9.9,0.082,3.8,26.8,0.217,holiday,0.0,0.0,0,0.591,0.323,0.27,0.174,0.339,0
2024-12-05,8.9,0.041,3.3,26.4,0.14,holiday,0.0,0.0,0,0.607,0.407,0.261,0.017,0.35,0
2024-12-06,6.8,0.123,3.4,26.8,0.175,holiday,,0.0,0,0.574,0.363,0.303,0.091,0.295,0
2024-12-07,9.3,0.15,4.5,26.8,0.406,holiday,0.0,0.0,0,,0.553,0.563,0.1,0.554,0
2024-12-08,5.8,0.072,3.3,26.6,0.263,holiday,,0.0,0,0.699,0.425,0.678,0.093,0.642,0
2024-12-09,4.7,0.093,3.2,27.5,0.21,holiday,0.0,0.0,0,0.593,0.385,0.323,0.086,0.221,0
2024-12-10,5.3,0.08,3.4,26.3,0.256,holiday,0.0,0.0,0,0.58,0.488,0.342,0.122,0.399,0
2024-12-11,4.4,0.018,3.2,25.8,0.168,holiday,0.0,0.0,0,0.541,0.163,0.306,0.103,0.32,0
2024-12-12,8.5,0.151,5.8,26.4,0.198,holiday,0.0,0.0,0,0.473,0.144,0.226,0.112,0.399,1
2024-12-13,9.7,,4.1,25.0,0.136,holiday,0.0,0.0,0,0.572,0.334,0.276,0.07,0.249,0
2024-12-14,12.5,0.118,0.2,24.2,0.262,holiday,0.0,0.0,0,0.668,0.528,0.63,0.122,0.703,0
2024-12-15,10.2,0.034,2.6,26.7,0.333,holiday,0.0,0.0,0,0.76,0.528,,0.043,0.664,0
2024-12-16,7.5,0.072,3.9,25.3,0.213,holiday,0.0,0.0,0,0.424,0.259,0.232,0.073,0.367,0
2024-12-17,11.2,0.057,4.6,24.6,0.072,holiday,0.0,0.0,0,0.61,0.23,0.358,0.131,0.424,1
2024-12-18,10.9,0.109,2.6,25.9,0.209,holiday,0.0,0.0,0,0.627,,0.281,0.081,0.382,0
2024-12-19,9.7,,5.2,24.1,0.174,holiday,0.0,,0,0.608,0.335,0.316,0.125,0.27,1
2024-12-20,10.3,0.15,4.6,24.3,0.259,holiday,0.7,0.0,0,0.64,0.323,0.276,0.1,0.314,0
2024-12-21,10.1,0.028,4.0,24.3,0.203,holiday,2.2,0.0,0,0.853,0.598,0.526,0.112,0.537,0
2024-12-22,12.4,0.207,5.6,24.8,0.296,holiday,0.0,0.0,0,0.74,0.557,0.595,,0.558,1
2024-12-23,14.8,0.15,3.4,24.0,0.276,holiday,0.0,1.0,0,0.417,0.666,0.588,0.087,0.547,0
2024-12-24,11.9,0.166,5.4,24.0,0.164,holiday,0.0,0.0,0,0.558,0.313,0.346,0.057,,1
2024-12-25,12.9,0.146,4.5,24.6,0.189,holiday,0.0,0.0,0,0.623,0.396,0.286,0.097,0.331,1
2024-12-26,11.4,0.091,2.3,23.9,0.148,holiday,0.0,1.0,0,0.628,0.61,0.623,0.032,0.517,1
2024-12-27,17.8,0.173,4.8,21.2,,holiday,0.0,1.0,0,0.519,0.568,0.573,0.104,0.531,1
2024-12-28,13.8,0.202,4.4,23.7,0.28,holiday,0.0,0.0,0,0.706,0.588,0.667,0.129,0.608,1
2024-12-29,14.7,0.245,4.9,23.4,0.347,holiday,0.0,0.0,0,0.658,0.534,0.609,0.08,0.603,1
2024-12-30,12.3,0.164,5.8,23.7,0.179,holiday,0.0,0.0,0,0.523,0.276,0.312,0.092,0.341,1
2024-12-31,11.6,0.261,3.9,23.7,0.255,holiday,0.0,0.0,0,0.445,0.179,0.33,0.178,0.39,1
2025-01-01,14.1,0.204,2.2,22.3,0.308,holiday,0.0,0.0,0,0.475,0.256,0.329,0.084,0.261,1
2025-01-02,17.6,0.221,3.9,21.7,0.239,holiday,0.0,0.0,0,0.551,0.424,0.344,0.133,0.211,1
2025-01-03,19.0,0.269,5.2,21.9,0.266,holiday,0.0,0.0,0,0.638,0.27,0.326,0.101,0.373,1
2025-01-04,16.3,0.281,5.2,23.4,0.384,holiday,0.7,0.0,0,0.725,0.51,0.614,0.115,0.632,1
2025-01-05,11.9,0.129,5.2,23.6,0.187,holiday,0.0,0.0,0,0.609,0.584,0.562,0.17,0.597,0
2025-01-06,13.3,0.119,6.2,22.9,0.203,holiday,0.0,0.0,0,0.601,0.353,0.283,0.135,0.292,1
2025-01-07,18.1,0.23,3.8,21.8,0.169,holiday,0.0,0.0,0,0.538,0.377,0.281,0.12,,1
2025-01-08,16.1,0.195,4.4,21.5,0.272,holiday,0.0,0.0,0,0.543,0.411,0.302,0.17,,1
2025-01-09,19.7,0.335,1.6,20.3,0.315,holiday,0.0,0.0,0,0.591,0.228,0.216,0.051,0.364,1
2025-01-10,16.5,0.303,3.9,21.8,0.314,holiday,0.0,0.0,0,0.505,0.276,0.229,,0.388,1
2025-01-11,18.4,0.253,4.2,20.4,0.348,holiday,0.0,0.0,0,0.725,0.514,0.64,0.074,0.514,1
2025-01-12,19.3,0.339,4.3,21.1,0.405,holiday,0.0,0.0,0,0.7,0.47,,0.141,0.619,1
2025-01-13,20.2,0.354,4.2,19.3,0.386,holiday,0.0,0.0,0,,0.164,0.292,0.178,0.339,1
2025-01-14,17.0,0.234,6.7,20.9,0.233,holiday,0.0,0.0,0,0.55,0.233,0.312,0.102,0.335,1
2025-01-15,19.0,0.316,4.2,20.6,0.315,holiday,0.0,0.0,0,0.466,0.201,0.357,0.103,0.373,1
2025-01-16,20.2,0.391,5.2,19.2,0.334,holiday,0.0,0.0,0,0.482,0.23,0.263,0.073,0.339,1
2025-01-17,27.8,,4.8,17.8,0.394,holiday,0.0,0.0,0,0.543,0.257,0.344,0.099,,1
2025-01-18,17.4,0.295,5.8,20.0,0.306,holiday,0.7,0.0,0,0.779,0.435,0.657,0.064,0.585,1
2025-01-19,22.8,0.433,4.5,18.7,0.433,holiday,0.0,0.0,0,0.776,0.452,0.604,0.14,0.613,1
2025-01-20,23.1,0.479,4.2,19.8,0.419,holiday,0.6,0.0,0,0.557,0.241,0.203,0.071,0.325,1
2025-01-21,21.8,0.431,6.5,18.8,0.388,holiday,0.0,0.0,0,0.466,0.303,0.345,0.049,0.292,1
2025-01-22,15.6,0.293,4.9,19.9,0.303,holiday,0.0,0.0,0,0.638,0.249,0.321,0.238,0.306,1
2025-01-23,24.4,0.452,4.9,18.7,,holiday,0.0,0.0,0,,0.403,0.356,0.1,0.312,1
2025-01-24,26.4,,5.1,17.9,0.333,holiday,0.0,0.0,0,0.506,0.355,0.324,0.0,0.359,1
2025-01-25,21.4,0.471,2.5,17.9,0.452,holiday,0.0,0.0,0,0.795,0.551,0.604,0.03,0.61,1
2025-01-26,22.6,,4.4,18.2,0.467,holiday,0.0,0.0,0,0.601,0.388,,0.172,,1
2025-01-27,24.1,0.413,5.8,18.3,0.403,holiday,0.0,0.0,0,,0.261,0.307,0.061,,1
2025-01-28,25.8,0.378,5.3,17.7,0.372,holiday,0.9,0.0,0,0.53,0.127,0.339,0.067,0.404,1
2025-01-29,28.0,0.572,5.3,16.8,0.389,holiday,0.0,0.0,0,0.586,0.256,0.303,0.013,0.307,1
2025-01-30,22.1,0.355,5.1,18.1,0.372,holiday,0.0,0.0,0,,0.426,0.319,0.157,0.372,1
2025-01-31,24.8,0.564,2.8,16.5,0.413,holiday,0.0,0.0,0,0.535,0.272,0.258,0.098,0.26,1
2025-02-01,24.8,0.446,2.3,17.3,0.469,holiday,0.0,0.0,0,0.653,0.427,0.589,0.111,0.567,1
2025-02-02,24.4,,1.7,16.7,0.447,holiday,0.0,0.0,0,0.702,0.635,0.645,0.0,0.645,1
2025-02-03,23.5,0.523,3.7,16.4,0.308,weekday,0.0,0.0,0,0.426,0.016,0.0,0.716,0.104,1
2025-02-04,26.7,0.501,3.2,15.7,0.262,weekday,0.0,0.0,0,0.456,0.0,,0.695,0.0,1
2025-02-05,27.2,0.553,4.8,14.2,0.332,weekday,0.0,0.0,0,0.456,0.12,0.049,0.694,0.0,1
2025-02-06,25.5,0.429,3.3,16.5,0.286,weekday,0.0,0.0,0,,0.0,0.008,0.641,0.083,1
2025-02-07,34.0,0.626,3.0,13.8,0.325,weekday,0.0,0.0,0,0.334,0.156,0.0,0.615,0.047,1
2025-02-08,30.3,0.601,5.4,15.2,0.501,holiday,0.0,0.0,0,0.612,0.44,0.59,,0.556,1
2025-02-09,29.4,0.56,4.7,13.8,0.532,holiday,0.0,0.0,0,0.594,0.437,0.642,0.12,,1
2025-02-10,28.6,0.58,4.6,14.7,0.38,weekday,0.0,0.0,0,0.46,0.174,0.094,0.579,0.038,1
2025-02-11,28.0,0.488,3.6,15.3,0.31,weekday,0.0,0.0,0,0.397,0.081,0.006,0.615,0.107,1
2025-02-12,27.6,0.58,2.9,14.4,0.269,weekday,0.0,,0,0.538,0.055,0.0,0.598,,1
2025-02-13,35.0,0.663,4.5,13.6,0.371,weekday,0.0,0.0,0,0.37,0.0,0.0,0.647,0.0,1
2025-02-14,35.0,0.747,3.6,12.5,0.497,weekday,0.0,0.0,0,0.268,0.0,0.022,0.604,0.049,1
2025-02-15,34.5,0.665,5.6,13.7,,holiday,0.0,0.0,0,0.657,0.374,0.675,0.109,0.603,1
2025-02-16,35.0,0.715,5.1,12.0,0.677,holiday,0.0,0.0,0,0.662,0.506,0.69,0.0,0.551,1
2025-02-17,28.6,0.48,3.2,13.7,0.193,weekday,0.0,1.0,0,0.413,,0.13,0.686,0.228,1
2025-02-18,34.7,0.655,4.8,12.7,0.323,weekday,0.0,0.0,0,0.47,0.0,0.026,,0.081,1
2025-02-19,35.0,,4.8,12.4,0.337,weekday,0.0,0.0,0,0.387,0.011,0.0,0.664,0.103,1
2025-02-20,33.1,,2.9,13.2,0.375,weekday,0.0,1.0,0,0.466,0.253,0.23,0.707,0.173,1
2025-02-21,35.0,0.618,3.6,11.8,0.395,weekday,0.0,0.0,0,0.499,0.001,0.0,0.762,0.043,1
2025-02-22,34.1,0.629,4.3,11.2,0.601,holiday,0.0,0.0,0,0.616,0.492,0.571,0.026,0.501,1
2025-02-23,32.2,0.651,3.3,12.3,0.467,holiday,0.0,0.0,0,0.871,0.495,0.555,0.08,0.589,1
2025-02-24,35.0,0.726,4.6,10.6,,weekday,0.0,0.0,0,0.513,0.0,0.0,0.667,0.0,1
2025-02-25,31.5,0.641,4.7,13.1,0.329,weekday,,0.0,0,0.486,0.0,0.0,0.716,0.0,1
2025-02-26,31.3,0.699,5.2,10.7,0.35,weekday,0.0,0.0,0,0.38,0.0,0.0,0.65,0.0,1
2025-02-27,35.0,0.678,3.6,10.4,0.311,weekday,0.0,0.0,0,0.372,0.0,0.0,0.623,0.054,1
2025-02-28,33.9,0.723,3.1,10.8,0.303,weekday,0.0,0.0,0,0.517,0.0,0.0,0.644,0.037,1
2025-03-01,34.2,0.843,4.3,9.5,0.639,holiday,0.0,1.0,0,0.671,0.709,0.756,0.094,0.753,1
2025-03-02,35.0,0.686,3.6,10.1,0.533,holiday,0.0,0.0,0,0.564,0.383,0.583,0.078,0.461,1
2025-03-03,35.0,0.733,3.6,9.5,0.483,weekday,0.0,0.0,0,0.406,0.092,0.0,0.686,0.0,1
2025-03-04,33.4,0.715,2.5,9.4,0.375,weekday,0.0,0.0,0,0.335,0.215,0.106,0.607,0.0,1
2025-03-05,33.1,0.738,4.5,9.8,0.461,weekday,0.0,0.0,0,0.294,0.02,0.095,0.683,0.0,1
2025-03-06,33.0,0.737,2.4,7.5,0.416,weekday,0.0,0.0,0,0.494,0.064,0.112,0.668,0.0,1
2025-03-07,34.6,0.8,4.4,10.0,0.364,weekday,0.0,1.0,0,0.385,,0.281,0.617,,1
2025-03-08,32.9,0.75,4.5,8.8,0.739,holiday,0.0,0.0,0,0.53,0.413,,0.04,0.557,1
2025-03-09,35.0,0.71,3.2,8.8,0.547,holiday,0.0,0.0,0,0.656,0.372,0.552,0.121,0.499,1
2025-03-10,33.7,0.814,2.8,8.2,0.413,weekday,0.0,0.0,0,0.31,0.096,0.032,0.583,0.075,1
2025-03-11,35.0,0.771,2.4,8.2,,weekday,0.0,0.0,0,0.484,,0.0,0.727,0.013,1
2025-03-12,34.9,0.883,5.1,6.9,0.487,weekday,0.0,,0,0.476,0.0,0.018,0.614,0.0,1
2025-03-13,35.0,0.736,4.3,8.8,0.366,weekday,0.0,0.0,0,0.529,0.053,0.0,0.735,0.065,1
2025-03-14,35.0,0.808,5.6,8.8,0.496,weekday,0.0,0.0,0,0.527,0.11,0.046,0.742,0.071,1
2025-03-15,31.5,0.831,4.0,7.1,0.625,holiday,0.0,1.0,0,0.708,,0.803,0.142,0.739,1
2025-03-16,35.0,0.845,4.0,7.3,0.548,holiday,0.0,0.0,0,0.687,0.516,0.546,,,1
2025-03-17,35.0,0.812,3.5,6.4,0.395,weekday,0.0,0.0,0,0.287,0.045,0.006,0.617,0.015,1
2025-03-18,34.1,0.75,6.1,7.6,0.35,weekday,0.0,0.0,0,0.38,0.016,0.039,0.653,0.004,1
2025-03-19,34.8,0.788,6.6,7.7,0.366,weekday,,0.0,0,0.375,0.005,0.073,0.61,0.09,1
2025-03-20,34.7,0.798,2.7,5.5,0.49,weekday,0.0,0.0,0,0.584,0.014,0.046,0.647,0.008,1
2025-03-21,33.4,0.906,2.8,6.4,0.546,weekday,0.0,0.0,0,0.263,0.065,0.09,0.643,0.035,1
2025-03-22,35.0,0.773,6.5,7.2,0.712,holiday,0.0,0.0,0,0.683,0.324,0.526,0.061,0.496,1
2025-03-23,33.5,0.822,4.0,6.3,0.649,holiday,1.1,1.0,0,0.659,0.622,0.925,0.131,0.806,1
2025-03-24,34.6,0.881,4.1,7.1,0.545,weekday,0.0,0.0,0,0.591,0.0,0.0,0.634,,1
2025-03-25,35.0,0.846,5.7,7.6,0.509,weekday,0.0,1.0,0,0.329,,0.209,0.62,0.18,1
2025-03-26,35.0,0.878,3.4,6.1,0.466,weekday,0.0,0.0,0,0.474,0.035,0.093,0.607,0.021,1
2025-03-27,35.0,0.864,1.9,5.8,0.479,weekday,0.0,0.0,0,0.421,0.0,0.0,0.581,0.007,1
2025-03-28,35.0,0.862,3.8,4.5,,weekday,0.0,1.0,0,0.339,0.231,0.227,0.624,0.218,1
2025-03-29,33.6,0.847,4.8,4.4,0.68,holiday,0.0,0.0,0,0.654,,0.49,0.083,0.409,1
2025-03-30,34.6,0.802,4.6,5.7,0.671,holiday,0.0,0.0,0,0.703,0.427,0.644,0.252,0.554,1
2025-03-31,31.4,0.82,4.7,5.6,0.524,weekday,0.0,0.0,0,0.448,0.06,0.0,0.686,0.0,1
2025-04-01,0.4,0.427,2.4,5.5,0.247,weekday,4.3,0.0,0,0.344,0.072,0.05,0.603,0.089,0
2025-04-02,1.6,0.528,2.8,5.6,0.29,weekday,4.4,0.0,0,0.452,0.0,0.0,0.633,0.038,0
2025-04-03,0.0,0.507,3.9,6.0,0.29,weekday,1.6,0.0,0,0.194,0.061,0.0,0.609,0.093,0
2025-04-04,0.0,0.459,4.6,4.4,0.206,weekday,5.3,0.0,0,0.443,0.0,0.0,0.649,0.004,0
2025-04-05,2.9,0.494,5.3,4.9,0.45,holiday,9.1,0.0,0,0.661,0.4,0.594,0.039,0.496,1
2025-04-06,2.2,0.569,3.8,4.0,0.538,holiday,2.1,0.0,0,,0.405,0.59,0.11,0.449,0
2025-04-07,0.2,0.491,4.6,5.0,0.307,weekday,3.9,0.0,0,0.471,0.0,,0.66,0.0,0
2025-04-08,0.0,0.564,4.6,4.1,0.351,weekday,5.1,0.0,0,0.514,0.018,0.0,0.696,0.0,0
2025-04-09,3.4,0.622,3.8,4.3,0.377,weekday,2.5,0.0,0,0.297,0.013,0.0,,0.007,0
2025-04-10,0.0,0.519,4.6,4.1,0.266,weekday,3.0,0.0,0,0.408,0.0,0.0,0.624,0.0,1
2025-04-11,0.0,0.567,1.4,4.0,0.312,weekday,1.2,0.0,0,0.378,0.0,0.027,0.63,0.0,0
2025-04-12,1.0,0.564,4.3,3.6,0.492,holiday,2.4,0.0,0,0.708,,0.573,0.127,0.347,0
2025-04-13,0.0,0.515,4.0,4.5,0.419,holiday,3.5,0.0,0,0.723,0.391,0.558,0.11,0.517,1
2025-04-14,0.0,,5.9,4.1,0.249,weekday,4.7,0.0,0,0.546,0.0,0.001,0.646,0.0,1
2025-04-15,0.5,0.497,4.5,3.2,0.194,weekday,2.9,0.0,0,0.431,0.109,0.03,0.668,0.0,1
2025-04-16,0.0,0.615,2.9,2.4,0.401,weekday,5.9,1.0,0,0.314,0.345,0.29,0.685,0.182,0
2025-04-17,0.0,0.631,3.5,2.8,0.399,weekday,2.1,0.0,0,0.5,0.0,0.0,0.649,0.042,1
2025-04-18,0.0,0.561,2.4,3.8,0.344,weekday,2.6,0.0,0,0.455,0.023,0.005,0.645,0.038,0
2025-04-19,0.0,0.527,4.9,3.6,0.41,holiday,,0.0,0,0.425,0.423,0.634,0.0,0.514,1
2025-04-20,0.3,0.48,4.8,2.6,0.473,holiday,1.2,0.0,0,0.729,0.456,0.563,,0.523,0
2025-04-21,0.0,0.599,2.9,2.6,0.382,weekday,2.0,0.0,0,0.26,0.027,0.0,0.662,0.034,0
2025-04-22,2.8,0.646,3.5,3.1,0.333,weekday,7.0,0.0,0,0.513,,0.063,0.615,0.048,1
2025-04-23,0.0,0.546,3.6,3.9,0.331,weekday,4.7,0.0,0,0.435,0.0,0.081,,0.041,0
2025-04-24,0.0,0.486,5.5,2.5,0.2,weekday,0.9,0.0,0,0.404,0.045,0.083,0.64,0.0,1
2025-04-25,0.0,0.521,6.6,4.1,0.271,weekday,,0.0,0,0.54,0.083,0.07,0.717,0.0,0
2025-04-26,2.1,0.563,2.5,4.7,0.544,holiday,1.7,0.0,0,0.681,0.446,0.599,0.182,0.465,0
2025-04-27,0.0,0.532,5.4,3.0,0.546,holiday,1.9,0.0,0,0.65,0.328,0.489,0.149,0.509,1
2025-04-28,1.7,0.728,5.6,1.5,0.429,weekday,0.6,1.0,0,0.364,0.257,0.283,0.638,0.19,1
2025-04-29,0.3,0.654,3.6,2.2,0.273,weekday,4.2,0.0,0,,0.05,0.0,0.72,0.0,0
2025-04-30,0.0,,4.6,2.3,0.292,weekday,1.9,0.0,0,0.37,0.0,0.059,0.691,0.0,1
2025-05-01,1.1,0.6,2.4,2.0,0.431,holiday,4.4,0.0,0,0.358,0.102,0.27,0.064,0.203,0
2025-05-02,1.0,0.547,5.4,2.5,0.377,holiday,3.8,0.0,0,0.592,0.223,0.304,0.029,0.298,0
2025-05-03,0.0,0.646,3.4,2.6,0.536,holiday,6.5,0.0,0,0.944,0.271,0.588,0.219,0.473,0
2025-05-04,0.0,0.562,3.5,1.8,0.54,holiday,6.0,0.0,0,0.724,0.388,0.506,0.125,0.512,0
2025-05-05,0.0,0.632,2.5,2.0,0.389,holiday,7.4,1.0,0,0.605,0.38,0.626,0.04,0.419,0
2025-05-06,0.0,0.633,3.5,2.9,0.417,holiday,6.1,0.0,0,0.653,0.212,0.328,0.09,0.261,0
2025-05-07,1.8,0.594,3.1,3.5,0.399,holiday,8.9,0.0,0,0.582,0.261,0.342,0.124,0.216,0
2025-05-08,1.2,0.539,2.9,2.6,0.392,holiday,2.3,0.0,0,0.529,0.216,0.355,0.055,0.245,0
2025-05-09,0.0,0.629,5.7,3.1,0.402,holiday,4.5,0.0,0,0.621,0.297,,0.08,0.205,1
2025-05-10,0.0,0.642,2.1,1.4,0.512,holiday,2.7,0.0,0,0.673,0.395,0.574,0.103,0.472,0
2025-05-11,0.0,0.608,3.8,1.4,0.559,holiday,0.4,0.0,0,0.729,0.44,0.574,0.089,0.392,0
2025-05-12,0.0,0.636,2.6,2.6,0.38,holiday,7.1,0.0,0,0.556,0.134,0.226,0.0,,0
2025-05-13,0.0,0.586,5.0,3.5,0.481,holiday,1.3,0.0,0,0.637,0.154,0.333,0.079,0.255,0
2025-05-14,2.4,0.506,4.5,4.1,0.291,holiday,,0.0,0,0.637,0.164,0.226,0.157,0.192,1
2025-05-15,0.0,0.493,3.7,3.3,0.345,holiday,3.9,0.0,0,0.424,0.191,0.309,0.081,0.191,0
2025-05-16,1.3,0.602,3.8,2.7,0.33,holiday,6.4,1.0,0,0.643,0.51,0.625,0.159,0.411,0
2025-05-17,0.0,0.527,4.3,2.6,0.506,holiday,2.9,0.0,0,0.813,0.348,0.592,0.12,0.386,0
2025-05-18,1.4,0.597,3.5,3.1,0.586,holiday,3.0,0.0,0,0.695,0.326,0.611,0.106,0.52,1
2025-05-19,0.0,0.513,5.0,3.0,0.355,holiday,1.1,0.0,0,0.591,0.2,0.247,0.13,0.238,0
2025-05-20,0.0,0.471,3.4,2.5,0.353,holiday,2.6,0.0,0,0.628,0.233,0.184,0.081,0.226,0
2025-05-21,2.9,0.655,2.9,1.4,0.523,holiday,1.4,0.0,0,0.503,0.186,0.306,0.087,0.303,1
2025-05-22,0.0,0.527,3.5,3.7,0.439,holiday,6.3,,0,,0.184,0.201,0.136,0.398,0
2025-05-23,1.4,0.604,5.2,1.9,0.483,holiday,1.1,0.0,1,0.636,0.059,0.241,0.117,0.186,1
2025-05-24,0.5,0.609,5.5,2.3,0.593,holiday,3.2,0.0,0,0.679,0.524,0.587,0.117,0.516,0
2025-05-25,0.0,0.564,6.0,4.2,0.502,holiday,0.3,0.0,0,0.631,0.392,0.586,,0.498,1
2025-05-26,0.0,0.545,3.7,3.2,0.444,holiday,2.8,0.0,0,,0.235,0.36,,0.362,1
2025-05-27,0.0,,4.7,2.6,0.301,holiday,7.0,0.0,0,0.731,0.164,0.282,0.103,0.287,0
2025-05-28,2.4,0.644,6.1,3.4,0.485,holiday,0.8,0.0,0,0.551,0.004,0.251,0.041,0.243,1
2025-05-29,2.4,0.541,4.6,4.5,0.446,holiday,2.1,0.0,0,0.526,0.212,0.339,0.079,0.217,0
2025-05-30,0.0,0.607,4.1,4.4,0.406,holiday,1.9,0.0,0,0.503,0.075,0.222,0.08,0.274,0
2025-05-31,0.0,0.485,2.7,4.1,0.353,,8.9,1.0,0,0.728,0.506,0.826,0.044,0.651,0
2025-06-01,1.1,0.706,3.2,2.6,0.52,holiday,2.3,0.0,0,0.775,0.442,0.592,,0.475,0
2025-06-02,0.0,0.598,4.5,3.4,0.252,weekday,7.0,0.0,0,0.415,0.0,0.039,0.564,0.0,1
2025-06-03,0.0,0.577,5.4,3.3,0.276,weekday,2.5,0.0,0,0.409,0.089,0.0,0.663,0.036,1
2025-06-04,0.0,0.644,4.1,3.0,0.285,weekday,4.7,0.0,0,0.479,0.0,0.0,0.555,0.018,0
2025-06-05,0.2,0.493,5.1,5.2,0.307,weekday,3.1,0.0,0,0.476,0.0,0.0,0.605,0.0,0
2025-06-06,0.0,0.449,2.9,5.1,0.217,weekday,1.9,1.0,0,0.449,0.438,0.208,0.649,0.287,1
2025-06-07,1.8,0.443,6.3,4.7,0.383,holiday,3.9,0.0,0,,0.458,0.54,0.046,0.643,0
2025-06-08,0.0,0.536,5.8,4.7,0.443,holiday,24.3,0.0,0,0.68,0.313,0.562,0.037,0.533,0
2025-06-09,1.5,0.519,3.6,3.1,0.237,weekday,26.0,0.0,0,0.476,0.0,0.0,0.625,0.081,0
2025-06-10,1.5,0.494,2.8,5.0,0.269,weekday,24.7,0.0,0,0.267,0.0,0.0,0.651,0.001,0
2025-06-11,0.0,0.498,2.3,5.3,0.185,weekday,23.5,0.0,0,0.543,0.0,0.015,0.602,0.04,0
2025-06-12,2.6,0.469,3.7,4.8,0.141,weekday,18.9,0.0,0,0.456,0.0,0.0,0.605,0.047,0
2025-06-13,0.0,0.472,4.0,4.6,0.334,weekday,21.6,0.0,0,0.473,0.0,0.0,0.601,0.0,1
2025-06-14,0.0,0.438,4.1,6.1,0.441,holiday,21.8,0.0,0,0.698,,0.537,0.11,0.519,1
2025-06-15,0.0,0.391,5.2,5.0,0.353,holiday,21.1,0.0,0,0.556,0.329,0.577,0.027,0.554,0
2025-06-16,1.4,0.457,5.7,5.6,0.289,weekday,23.0,0.0,0,0.332,0.0,0.0,0.56,0.018,1
2025-06-17,0.0,0.414,2.1,6.0,0.178,weekday,22.7,0.0,0,0.314,0.004,0.011,0.604,0.044,0
2025-06-18,1.2,0.581,3.7,5.3,0.312,weekday,21.9,0.0,0,0.437,0.0,0.005,,0.077,0
2025-06-19,2.6,,3.8,5.5,0.19,weekday,21.1,0.0,0,0.467,0.0,0.0,0.612,0.0,1
2025-06-20,2.3,0.468,4.8,5.9,0.219,weekday,22.4,0.0,0,0.499,0.0,0.0,0.633,0.0,1
2025-06-21,2.7,0.56,2.1,4.8,0.34,holiday,21.6,0.0,0,0.657,0.452,0.574,0.116,0.417,0
2025-06-22,0.4,0.396,4.0,6.4,,holiday,20.4,1.0,0,0.693,0.695,0.823,0.139,0.789,0
2025-06-23,0.0,0.419,4.0,8.0,0.103,weekday,19.7,0.0,0,0.369,0.0,0.037,0.671,0.018,0
2025-06-24,1.0,0.458,2.5,7.5,0.19,weekday,20.3,0.0,0,0.342,0.0,0.0,,0.0,1
2025-06-25,0.0,0.414,3.1,5.3,0.144,weekday,21.8,0.0,0,,0.0,0.002,0.589,0.117,0
2025-06-26,0.0,0.451,3.7,8.0,0.175,weekday,24.7,0.0,0,0.417,0.0,0.0,0.537,0.0,0
2025-06-27,0.0,0.322,1.4,8.2,0.142,,20.8,0.0,0,0.244,0.0,0.0,0.583,0.03,0
2025-06-28,0.0,0.425,7.0,6.1,0.377,holiday,20.1,0.0,0,0.63,0.258,0.587,0.0,0.508,0
2025-06-29,0.0,0.413,2.5,8.3,0.373,holiday,19.1,0.0,0,0.687,0.298,0.641,0.049,0.488,0
2025-06-30,0.8,0.437,5.9,7.3,0.241,weekday,21.5,0.0,0,0.417,0.0,0.0,0.65,0.042,1
2025-07-01,0.0,0.356,1.5,7.9,0.049,weekday,19.9,0.0,0,0.305,0.036,0.0,0.582,0.0,0
2025-07-02,0.5,0.326,5.9,9.4,0.066,weekday,22.5,0.0,0,0.386,0.0,0.032,0.617,0.0,0
2025-07-03,0.0,0.505,5.5,8.7,0.262,weekday,22.6,0.0,0,0.36,0.0,0.0,0.579,0.071,0
2025-07-04,2.2,0.409,2.9,8.2,0.212,weekday,20.0,0.0,0,0.317,0.0,0.0,0.618,0.066,0
2025-07-05,0.2,0.337,4.1,9.4,0.324,holiday,21.0,0.0,0,0.494,0.221,0.6,0.102,0.568,0
2025-07-06,0.5,0.315,3.6,9.4,0.392,holiday,24.0,0.0,0,0.74,0.427,0.65,0.065,0.484,0
2025-07-07,0.0,0.362,5.1,9.2,0.129,weekday,22.2,0.0,0,0.481,0.025,0.0,0.56,0.063,0
2025-07-08,2.4,0.419,4.3,8.4,0.198,weekday,22.5,0.0,0,0.389,0.0,0.056,0.63,0.0,1
2025-07-09,0.0,0.418,5.1,8.4,0.239,weekday,20.0,,0,0.237,0.0,,0.571,0.002,0
2025-07-10,0.0,,4.4,9.2,0.166,weekday,19.8,0.0,0,0.523,0.0,0.0,0.646,0.005,0
2025-07-11,2.3,0.44,3.8,7.8,0.252,weekday,20.1,0.0,0,0.343,0.0,0.0,0.644,0.045,1
2025-07-12,0.4,0.188,2.9,10.6,0.32,holiday,19.5,0.0,0,,0.301,0.562,0.081,0.574,0
2025-07-13,0.0,0.405,6.2,10.7,0.403,holiday,23.9,0.0,0,0.625,0.468,0.645,0.073,0.504,0
2025-07-14,0.0,0.286,3.8,10.2,0.171,weekday,19.4,0.0,0,0.397,0.0,0.004,0.602,0.069,0
2025-07-15,0.0,0.323,4.4,9.8,0.076,weekday,24.2,0.0,0,0.423,0.0,0.058,0.513,0.053,0
2025-07-16,0.0,0.223,3.2,11.2,0.024,weekday,26.3,0.0,0,0.433,0.001,0.0,0.617,0.026,0
2025-07-17,0.0,0.334,2.6,11.4,0.168,weekday,22.3,0.0,0,0.432,0.0,0.007,0.562,0.047,0
2025-07-18,2.6,0.294,2.8,12.3,0.161,weekday,20.8,0.0,0,0.352,0.0,0.01,0.616,0.042,0
2025-07-19,0.0,0.393,4.5,10.4,0.37,holiday,3.6,0.0,0,0.694,0.32,0.598,0.108,0.561,0
2025-07-20,0.0,0.37,4.8,12.0,0.315,holiday,7.4,0.0,0,0.654,0.496,0.607,0.142,0.52,1
2025-07-21,0.8,0.31,5.1,12.2,0.112,weekday,4.4,0.0,0,0.282,0.025,0.067,0.697,0.095,0
2025-07-22,0.0,0.446,5.0,11.0,0.32,weekday,1.8,0.0,0,0.292,0.004,0.0,0.567,0.036,0
2025-07-23,0.1,0.292,6.6,12.2,0.244,weekday,1.6,0.0,0,0.54,0.0,,0.692,0.018,1
2025-07-24,0.2,0.37,5.7,11.9,0.202,weekday,2.8,0.0,0,0.584,0.08,0.012,0.661,0.075,0
2025-07-25,0.6,0.384,5.1,11.8,0.213,weekday,1.5,0.0,0,0.379,0.076,0.0,0.769,0.011,0
2025-07-26,0.7,0.329,4.0,12.5,0.355,holiday,5.9,0.0,0,0.688,0.326,,0.07,0.55,0
2025-07-27,0.0,0.268,4.4,13.7,0.377,holiday,5.9,0.0,0,0.655,0.433,0.584,0.071,0.581,0
2025-07-28,0.0,,4.4,14.2,0.26,weekday,3.8,0.0,0,0.351,0.013,0.014,0.653,0.002,0
2025-07-29,0.0,0.264,5.0,14.4,0.166,weekday,3.5,,0,0.503,0.0,0.072,0.662,0.066,0
2025-07-30,0.0,0.323,3.7,13.1,0.174,weekday,8.6,0.0,0,0.453,0.058,0.037,0.642,0.029,0
2025-07-31,3.5,0.389,3.0,12.6,0.336,weekday,7.8,0.0,0,0.222,0.0,0.036,,0.011,0
2025-08-01,2.4,,7.8,14.2,0.281,holiday,,0.0,0,0.574,0.098,0.247,0.124,0.268,0
2025-08-02,2.3,0.271,6.0,14.9,0.352,holiday,10.6,0.0,0,0.673,0.188,0.483,0.063,0.508,0
2025-08-03,2.5,0.185,6.0,15.5,0.286,holiday,10.8,0.0,0,0.697,0.379,0.618,0.111,0.524,0
2025-08-04,1.2,0.194,6.2,16.1,0.087,holiday,11.2,0.0,0,0.377,0.319,0.316,0.057,0.346,0
2025-08-05,0.0,0.217,6.7,14.6,0.16,holiday,12.0,0.0,0,0.459,0.283,0.387,0.0,0.266,0
2025-08-06,2.9,0.285,6.1,17.4,0.254,holiday,9.3,0.0,0,0.584,0.128,0.193,0.112,0.245,1
2025-08-07,0.0,0.187,5.6,15.0,0.276,holiday,11.1,0.0,0,0.567,0.176,0.335,0.035,0.276,0
2025-08-08,2.0,0.273,7.6,15.4,0.316,holiday,11.5,0.0,0,0.632,0.365,0.297,0.033,0.274,0
2025-08-09,0.0,0.123,5.6,17.1,,holiday,10.3,0.0,0,0.683,0.454,,0.203,0.584,0
2025-08-10,0.0,0.167,5.9,16.9,0.236,holiday,13.8,0.0,0,0.837,0.492,0.603,0.031,0.572,0
2025-08-11,1.1,0.256,8.0,16.9,0.17,holiday,13.3,0.0,0,0.618,0.228,0.262,0.0,0.377,0
2025-08-12,0.2,0.194,6.9,16.0,0.191,holiday,12.1,0.0,0,0.651,0.158,0.333,0.044,0.337,0
2025-08-13,0.4,0.229,7.4,17.6,0.173,holiday,16.7,0.0,0,0.717,0.173,0.25,0.086,0.351,1
2025-08-14,2.3,0.177,9.6,16.3,0.252,holiday,10.4,0.0,0,0.669,,0.302,0.0,0.299,1
2025-08-15,0.1,0.182,8.3,16.8,0.153,holiday,14.0,0.0,0,0.548,0.28,0.276,0.09,0.407,1
2025-08-16,1.9,0.204,5.6,17.1,0.258,holiday,12.8,0.0,0,,0.45,0.546,0.148,0.631,0
2025-08-17,1.2,0.149,8.4,17.2,0.319,holiday,11.7,0.0,0,0.598,0.424,0.55,0.0,0.545,1
2025-08-18,0.0,0.173,5.9,17.1,,holiday,14.5,0.0,0,0.6,0.174,0.299,0.045,0.25,0
2025-08-19,1.4,0.195,7.4,17.6,0.224,holiday,16.2,0.0,0,0.415,0.199,0.333,0.127,0.243,0
2025-08-20,3.8,0.27,6.9,17.1,0.286,holiday,10.9,,0,0.602,0.326,0.283,0.212,0.323,0
2025-08-21,1.5,0.183,5.4,17.5,0.161,holiday,12.6,0.0,0,0.534,0.153,0.324,0.134,0.296,0
2025-08-22,4.6,,6.7,17.3,0.252,holiday,11.5,1.0,0,0.6,0.446,0.561,0.084,0.42,0
2025-08-23,0.0,0.175,8.6,19.3,0.301,holiday,12.1,0.0,0,0.735,,0.629,0.031,0.565,0
2025-08-24,0.0,0.16,8.1,16.8,0.349,holiday,11.9,0.0,0,0.703,0.346,0.593,0.114,0.539,0
2025-08-25,0.9,0.12,6.7,19.7,0.162,holiday,9.8,0.0,0,0.418,0.33,0.404,0.116,,1
2025-08-26,1.3,0.137,8.4,18.9,0.217,holiday,10.3,0.0,0,0.643,0.115,0.138,0.042,0.31,0
2025-08-27,2.2,0.228,7.3,19.4,0.217,holiday,9.3,1.0,0,0.679,0.346,0.432,0.116,0.56,0
2025-08-28,1.5,0.184,7.5,19.2,0.122,holiday,10.8,0.0,0,0.561,,0.399,0.189,0.3,0
2025-08-29,0.6,0.075,8.3,21.3,0.147,holiday,8.8,0.0,0,0.481,0.321,,0.067,0.35,0
2025-08-30,0.0,0.187,6.7,20.8,0.264,holiday,11.9,0.0,1,0.619,0.524,0.652,0.028,0.655,1
2025-08-31,1.7,0.095,7.6,21.2,0.266,holiday,12.2,0.0,0,,0.53,0.618,0.003,0.613,0
2025-09-01,2.3,0.049,7.9,20.5,0.072,weekday,14.1,0.0,0,0.28,0.047,0.0,0.606,0.075,0
2025-09-02,4.7,0.182,7.9,20.7,0.068,weekday,12.5,0.0,0,0.481,0.0,0.033,0.552,0.132,1
2025-09-03,0.0,0.157,7.2,20.7,0.103,weekday,9.5,0.0,0,0.554,,0.069,0.608,0.049,0
2025-09-04,1.9,0.047,8.4,22.1,0.028,weekday,10.2,0.0,0,0.417,0.21,0.019,0.634,0.188,0
2025-09-05,0.5,0.0,8.4,22.4,0.0,weekday,13.5,0.0,0,0.342,0.068,0.0,0.609,0.034,0
2025-09-06,3.3,0.079,7.4,23.1,0.269,holiday,10.1,0.0,0,0.642,0.364,0.555,0.06,0.564,0
2025-09-07,0.0,0.102,8.1,21.6,0.22,holiday,13.9,,0,0.581,0.542,0.709,0.158,0.654,1
2025-09-08,0.0,0.083,8.4,21.7,0.027,weekday,,0.0,0,0.479,0.088,0.047,0.622,0.123,0
2025-09-09,0.4,0.005,8.1,21.9,0.07,weekday,8.8,0.0,0,0.363,0.0,0.0,0.689,0.029,0
2025-09-10,0.0,0.0,7.1,23.6,0.0,weekday,12.5,0.0,0,,0.0,0.0,0.676,0.044,0
2025-09-11,0.0,0.047,8.3,21.0,0.009,weekday,12.7,0.0,0,0.386,0.0,0.0,0.541,0.139,0
