date,ferry_cancel_count,rainfall_mm,wind_speed_mps,event_local_flag,holiday,temperature_c,snowfall_cm,typhoon_alert_flag,mobility_inflow_index,tourist_inflow_count,lodging_occupancy_ratio,rail_ridership,temple_shrine_visits,onsen_visitors_count,y
2023-09-13,0.213,10.1,5.9,0.0,weekday,23.0,0.0,0,0.425,,0.024,0.677,,0.011,0.006
2023-09-14,0.302,16.5,8.0,0.0,weekday,22.4,0.0,0,0.395,0.0,0.0,0.664,0.146,,0.018
2023-09-15,0.292,15.5,6.7,0.0,weekday,24.5,0.0,0,0.415,0.0,0.0,,0.025,0.002,0.057
2023-09-16,0.249,11.8,5.5,0.0,holiday,22.7,0.0,0,0.688,0.485,0.539,0.108,0.559,0.324,0.495
2023-09-17,0.31,13.6,8.7,,holiday,23.7,0.0,0,0.51,0.568,0.522,0.075,0.547,0.295,0.481
2023-09-18,0.272,12.4,6.9,0.0,weekday,24.9,1.3,0,0.422,0.042,0.0,0.571,0.111,0.0,0.0
2023-09-19,,8.7,5.4,1.0,weekday,24.9,0.0,0,0.329,0.274,0.211,0.644,0.259,0.0,0.281
2023-09-20,0.237,11.1,6.8,0.0,weekday,23.1,0.0,0,0.388,0.041,,,0.142,0.0,0.0
2023-09-21,0.266,10.9,6.6,0.0,weekday,23.9,0.0,0,0.426,0.098,0.016,0.665,0.177,0.0,0.006
2023-09-22,0.241,11.5,6.3,0.0,weekday,24.3,1.3,0,0.42,0.057,,0.662,0.095,,0.0
2023-09-23,0.3,10.9,7.6,0.0,holiday,25.3,1.0,0,0.772,0.311,0.527,0.035,0.607,0.348,0.461
2023-09-24,0.256,14.3,7.3,0.0,holiday,25.3,0.0,0,0.75,0.44,0.545,0.093,0.545,0.492,0.476
2023-09-25,0.161,11.9,4.5,0.0,weekday,25.6,0.4,0,0.369,0.088,0.039,0.662,0.032,0.0,0.043
2023-09-26,0.235,9.0,8.0,1.0,weekday,25.6,0.0,0,0.434,0.337,0.325,0.644,0.26,0.0,0.344
2023-09-27,0.325,9.1,9.0,0.0,weekday,25.6,0.0,0,0.373,0.23,0.0,0.655,0.07,0.074,0.007
2023-09-28,0.274,12.0,8.0,0.0,weekday,26.0,0.0,0,0.671,0.209,0.063,0.715,0.085,0.012,0.039
2023-09-29,0.256,17.7,6.4,0.0,weekday,26.7,2.2,0,0.339,0.11,0.0,0.65,0.136,0.0,0.025
2023-09-30,0.249,11.1,7.5,0.0,holiday,25.9,0.5,0,0.649,0.48,0.605,0.06,0.618,0.392,0.522
2023-10-01,0.162,2.6,6.2,0.0,holiday,25.0,1.5,0,0.605,,0.622,0.107,0.649,0.358,0.55
2023-10-02,0.158,6.9,2.8,0.0,weekday,26.3,2.9,0,0.334,0.015,0.05,0.648,0.125,0.0,0.022
2023-10-03,0.231,1.6,5.7,,weekday,25.9,1.5,0,0.205,0.0,0.0,0.619,0.086,0.024,0.056
2023-10-04,0.165,0.7,5.6,0.0,weekday,26.9,1.0,0,0.547,0.222,0.043,0.677,0.104,0.013,0.111
2023-10-05,0.06,3.6,2.0,0.0,weekday,26.5,0.0,0,0.399,0.113,0.0,0.713,0.066,0.002,0.091
2023-10-06,0.069,1.2,3.2,0.0,weekday,27.8,2.0,0,0.383,0.307,0.076,0.686,0.126,0.001,0.077
2023-10-07,0.048,4.7,0.9,0.0,holiday,27.0,0.4,0,0.721,0.65,0.658,,,0.408,0.57
2023-10-08,0.111,2.1,3.8,0.0,holiday,25.7,1.2,0,0.725,0.525,0.639,0.101,0.563,0.324,0.592
2023-10-09,0.148,7.6,5.2,0.0,weekday,26.9,0.0,0,0.323,0.07,0.0,0.683,0.038,0.0,0.019
2023-10-10,0.092,2.8,2.4,0.0,weekday,26.8,0.0,0,0.352,0.078,0.003,0.662,0.145,0.0,0.036
2023-10-11,0.201,3.1,4.7,0.0,weekday,28.1,0.7,0,0.346,,0.005,0.677,0.132,0.057,0.106
2023-10-12,0.087,6.5,3.2,0.0,weekday,27.9,0.0,0,0.392,0.125,0.0,0.697,0.112,0.097,0.041
2023-10-13,0.101,,3.7,0.0,weekday,27.5,0.0,0,0.507,0.026,0.111,0.715,0.16,0.097,0.076
2023-10-14,0.112,3.0,4.1,0.0,holiday,28.2,0.6,0,0.597,0.298,0.554,0.139,0.59,0.341,0.478
2023-10-15,0.136,0.9,5.5,0.0,holiday,27.1,0.0,0,0.633,0.601,0.692,0.106,0.611,0.335,0.613
2023-10-16,0.207,3.0,5.6,0.0,weekday,26.6,0.0,0,0.518,0.037,0.0,0.645,0.19,0.0,0.032
2023-10-17,0.192,2.6,6.3,0.0,weekday,27.7,0.7,0,0.396,0.176,0.065,0.63,0.133,0.016,0.081
2023-10-18,0.11,2.4,4.0,1.0,weekday,28.2,0.0,0,0.467,0.388,0.212,0.666,0.336,0.036,0.348
2023-10-19,0.148,6.1,4.7,0.0,weekday,27.2,0.0,0,0.294,0.0,0.007,0.696,0.054,0.0,0.012
2023-10-20,0.227,4.3,6.0,0.0,weekday,28.2,3.5,0,0.455,0.161,0.0,0.601,0.074,0.041,0.065
2023-10-21,0.112,2.5,4.9,0.0,holiday,28.2,0.0,0,0.621,0.528,0.647,0.036,0.612,0.379,0.554
2023-10-22,0.078,2.3,2.5,0.0,holiday,28.0,0.0,0,0.65,0.392,0.656,0.186,0.589,0.379,0.559
2023-10-23,0.074,6.3,2.8,0.0,weekday,26.1,0.0,0,0.345,0.119,0.0,0.606,0.198,0.0,0.061
2023-10-24,0.153,5.3,3.9,0.0,weekday,28.8,0.0,0,0.365,0.222,0.045,0.614,0.166,0.072,0.067
2023-10-25,0.133,3.6,3.5,0.0,weekday,29.1,0.0,0,0.293,0.108,0.0,0.625,0.066,0.045,0.084
2023-10-26,0.107,3.6,2.4,0.0,weekday,28.1,1.0,0,0.369,0.135,0.064,0.611,0.088,0.1,0.012
2023-10-27,0.135,,4.4,0.0,weekday,28.5,0.0,0,0.39,,0.0,0.657,0.136,0.063,0.086
2023-10-28,0.169,4.6,4.2,0.0,holiday,28.1,0.0,0,0.672,0.57,0.678,0.055,0.64,0.386,0.604
2023-10-29,0.129,7.6,3.4,0.0,holiday,28.7,0.7,0,0.671,,0.544,0.0,0.621,0.288,0.534
2023-10-30,0.195,0.7,4.9,0.0,weekday,29.4,0.5,0,0.341,0.125,0.026,0.636,0.107,0.097,0.064
2023-10-31,0.116,0.9,5.0,0.0,weekday,30.2,0.9,0,0.38,0.094,0.101,0.615,0.121,0.0,0.103
2023-11-01,0.12,6.5,4.2,0.0,weekday,28.3,1.8,0,0.255,0.114,0.036,0.717,0.052,0.0,0.047
2023-11-02,0.119,2.7,2.5,0.0,weekday,28.4,0.3,0,0.535,0.105,0.034,0.61,0.0,0.01,0.047
2023-11-03,0.094,2.8,4.3,0.0,weekday,26.8,2.3,0,0.342,0.144,0.0,0.633,0.063,0.044,0.092
2023-11-04,,3.9,5.1,,holiday,27.9,0.0,0,0.762,0.402,0.621,0.149,0.602,0.346,0.521
2023-11-05,0.129,3.0,4.3,1.0,holiday,28.6,0.0,0,0.657,0.721,0.943,0.155,0.755,0.352,0.808
2023-11-06,0.12,3.4,3.2,0.0,weekday,27.6,0.0,0,0.407,0.252,0.099,0.678,0.11,0.0,0.114
2023-11-07,0.105,3.9,4.4,0.0,weekday,28.4,1.7,0,0.403,0.149,0.087,0.694,0.16,,0.058
2023-11-08,0.051,3.4,3.1,0.0,weekday,28.1,1.2,0,0.425,0.021,0.0,0.656,0.006,0.033,0.072
2023-11-09,0.092,4.3,2.5,0.0,weekday,28.2,0.0,0,0.393,0.11,0.0,0.647,0.088,0.0,0.016
2023-11-10,0.098,3.5,2.5,0.0,weekday,28.2,1.3,0,0.449,0.167,,0.708,0.049,0.007,0.054
2023-11-11,0.185,1.6,2.8,0.0,holiday,28.2,0.0,0,0.609,,0.615,0.089,0.562,0.31,0.513
2023-11-12,0.166,4.3,6.0,0.0,holiday,28.2,0.0,0,0.601,0.469,0.641,0.09,0.586,0.353,0.612
2023-11-13,0.185,1.9,4.2,0.0,weekday,29.2,0.0,0,0.4,0.115,,0.608,0.212,0.0,0.05
2023-11-14,0.098,1.1,3.9,0.0,weekday,27.7,0.0,0,0.438,0.041,0.0,0.691,0.111,0.0,0.057
2023-11-15,0.154,5.4,3.9,0.0,weekday,28.9,0.0,0,0.376,0.127,0.0,0.629,0.116,0.0,0.048
2023-11-16,0.464,7.5,2.6,0.0,weekday,27.6,0.0,1,0.517,0.023,0.0,0.645,0.062,0.0,0.051
2023-11-17,0.146,7.7,5.4,0.0,weekday,27.6,0.0,0,0.429,0.025,0.0,0.657,0.064,0.0,0.037
2023-11-18,0.119,4.9,5.0,1.0,holiday,28.3,1.0,0,0.707,0.772,0.886,0.079,0.868,0.418,0.838
2023-11-19,0.183,4.7,4.7,0.0,holiday,28.1,0.0,0,0.739,0.555,0.693,0.071,0.659,,0.602
2023-11-20,0.138,1.4,2.6,1.0,weekday,29.3,0.0,0,0.47,0.445,0.303,,0.305,0.095,0.371
2023-11-21,0.112,4.8,4.8,0.0,weekday,28.2,0.7,0,,0.152,0.012,0.658,0.044,0.009,0.027
2023-11-22,0.152,2.7,3.9,0.0,weekday,28.6,1.2,0,0.395,0.127,0.0,0.657,0.181,0.0,0.101
2023-11-23,0.104,6.7,2.4,1.0,weekday,28.1,0.0,0,0.545,0.388,0.301,0.619,0.224,0.047,0.335
2023-11-24,0.063,2.9,1.6,0.0,weekday,27.1,0.0,0,0.433,0.073,0.073,0.714,0.211,0.085,0.064
2023-11-25,0.067,8.2,2.3,0.0,holiday,27.3,0.0,0,0.647,0.553,0.604,0.0,0.605,0.384,0.514
2023-11-26,0.183,3.6,4.6,0.0,holiday,29.3,0.0,0,0.702,0.571,0.612,0.071,0.584,0.422,0.539
2023-11-27,0.152,3.2,4.4,0.0,weekday,27.4,0.0,0,0.483,0.0,0.0,,0.124,0.0,0.044
2023-11-28,0.174,3.4,4.2,1.0,weekday,27.3,0.0,0,0.387,0.348,0.212,0.601,0.309,0.018,0.383
2023-11-29,0.109,3.5,2.4,0.0,weekday,28.3,0.8,0,0.434,0.145,0.009,0.66,0.011,0.027,0.054
2023-11-30,0.172,6.4,2.3,0.0,weekday,27.3,0.9,0,0.594,0.281,0.069,0.682,0.178,0.0,0.133
2023-12-01,0.136,3.9,3.9,0.0,holiday,26.1,8.3,0,,0.417,0.395,0.101,0.304,0.268,0.499
2023-12-02,0.223,5.0,5.2,0.0,holiday,27.4,3.8,0,0.757,0.574,0.549,0.134,0.604,0.294,0.552
2023-12-03,0.128,3.7,4.2,0.0,holiday,27.7,4.3,0,0.586,0.616,,0.061,0.576,0.382,0.522
2023-12-04,0.083,0.3,3.0,0.0,holiday,27.1,8.0,0,0.46,0.294,0.265,0.047,0.297,0.128,0.496
2023-12-05,0.097,0.5,3.0,0.0,holiday,26.1,8.2,0,0.519,0.351,0.386,0.0,0.266,0.074,0.516
2023-12-06,0.001,4.2,1.3,0.0,holiday,25.8,7.2,0,0.462,0.344,0.366,0.083,0.402,0.219,0.484
2023-12-07,0.173,5.1,2.7,0.0,holiday,26.0,7.6,0,0.614,0.319,0.32,0.164,0.336,0.181,0.453
2023-12-08,0.181,2.1,5.4,0.0,holiday,25.7,11.2,0,0.57,,0.324,0.052,0.284,0.221,0.523
2023-12-09,0.17,4.5,5.7,0.0,holiday,27.1,4.3,0,0.847,0.51,0.604,0.168,0.594,0.343,0.489
2023-12-10,0.116,2.2,3.4,0.0,holiday,25.9,8.7,0,0.622,0.557,0.557,0.055,0.667,0.297,0.532
2023-12-11,0.158,9.8,4.9,1.0,holiday,24.9,12.4,0,0.545,0.524,0.606,0.102,0.59,0.173,0.716
2023-12-12,0.146,5.0,4.1,0.0,holiday,26.6,9.6,0,0.462,0.344,0.254,0.0,0.432,0.173,0.457
2023-12-13,0.22,4.8,5.2,0.0,holiday,25.0,10.9,0,0.537,0.198,0.242,,0.359,0.218,0.515
2023-12-14,0.158,0.7,5.2,0.0,holiday,26.0,12.4,0,0.404,0.25,0.267,0.025,0.299,0.209,0.439
2023-12-15,,4.1,4.8,0.0,holiday,25.8,10.9,0,0.445,0.182,0.282,0.0,0.352,0.164,0.423
2023-12-16,0.109,6.0,3.9,0.0,holiday,25.1,11.6,0,0.803,0.368,0.607,0.163,0.538,0.363,0.518
2023-12-17,0.128,2.4,4.6,0.0,holiday,25.7,8.5,0,0.687,0.595,0.644,0.11,0.596,0.268,0.595
2023-12-18,0.119,4.5,3.8,0.0,holiday,25.4,9.4,0,0.506,0.269,0.348,0.115,0.491,0.183,0.426
2023-12-19,0.151,1.8,4.9,0.0,holiday,23.7,13.6,0,0.319,0.347,0.355,0.095,0.369,0.191,0.5
2023-12-20,0.07,6.0,3.3,0.0,holiday,24.0,8.4,0,0.629,0.233,,,0.362,0.163,0.468
2023-12-21,0.213,4.5,5.8,0.0,holiday,24.1,7.9,0,0.711,0.296,0.377,0.117,0.285,0.209,0.485
2023-12-22,0.21,3.6,4.4,1.0,holiday,24.5,13.6,0,,0.634,0.563,0.096,0.572,0.186,0.771
2023-12-23,0.2,1.0,5.9,0.0,holiday,26.9,6.7,0,0.596,0.508,0.696,0.088,0.548,0.31,0.558
2023-12-24,0.112,1.1,3.9,0.0,holiday,24.6,13.0,0,0.815,0.636,0.619,0.084,0.53,0.403,0.549
2023-12-25,0.072,2.1,3.1,0.0,holiday,24.6,11.3,0,0.521,0.214,,0.109,0.358,0.122,0.492
2023-12-26,0.138,,5.3,0.0,holiday,24.1,14.5,0,0.518,0.208,0.295,0.068,0.268,0.185,0.483
2023-12-27,0.07,0.8,3.4,0.0,holiday,24.0,12.8,0,0.546,0.175,0.224,0.125,0.331,0.187,0.448
2023-12-28,0.115,1.2,4.9,0.0,holiday,23.8,12.9,0,0.485,0.402,0.351,0.129,0.363,0.216,0.493
2023-12-29,0.143,0.8,4.6,0.0,holiday,23.8,14.1,0,0.607,0.169,0.281,0.035,0.299,0.133,0.437
2023-12-30,0.226,1.0,6.3,0.0,holiday,22.7,12.6,0,0.524,0.531,0.696,0.028,0.607,0.244,0.581
2023-12-31,0.118,3.4,3.7,0.0,holiday,22.8,15.1,0,0.479,0.615,0.626,0.0,0.575,0.395,0.535
2024-01-01,0.212,3.9,6.2,0.0,holiday,21.7,18.3,0,0.475,0.27,0.315,0.083,0.287,0.107,0.467
2024-01-02,0.042,1.2,3.1,0.0,holiday,23.3,15.6,0,0.354,0.209,,0.061,0.319,0.082,0.532
2024-01-03,0.128,1.1,4.2,0.0,holiday,23.0,13.0,0,0.443,0.233,0.236,0.143,0.286,0.265,0.45
2024-01-04,0.178,5.0,4.7,,holiday,22.8,13.6,0,0.518,,0.307,0.088,0.319,0.177,0.47
2024-01-05,0.075,2.6,3.9,0.0,holiday,23.1,15.4,0,0.446,0.295,0.272,0.075,0.281,,0.469
2024-01-06,0.059,5.8,2.0,0.0,holiday,23.4,15.5,0,0.626,0.527,0.594,0.075,0.581,0.403,0.527
2024-01-07,,8.3,1.4,0.0,holiday,20.6,16.1,0,0.622,0.422,0.683,0.004,0.553,0.32,0.512
2024-01-08,0.156,1.3,4.8,1.0,holiday,21.5,18.0,0,0.416,0.631,0.528,0.064,0.598,0.079,0.798
2024-01-09,0.14,3.7,3.8,0.0,holiday,20.3,18.4,0,0.424,0.336,0.384,,0.329,0.174,0.452
2024-01-10,0.134,1.3,4.8,0.0,holiday,22.5,17.7,0,0.499,0.16,0.32,0.136,0.231,0.278,0.449
2024-01-11,0.006,2.4,1.8,0.0,holiday,22.2,14.5,0,0.596,0.266,0.299,0.096,0.359,0.181,0.435
2024-01-12,0.117,2.5,2.8,0.0,holiday,20.6,17.0,0,0.606,0.134,0.271,0.006,0.345,0.221,0.42
2024-01-13,0.138,1.5,3.8,1.0,holiday,21.0,18.2,0,0.578,0.872,0.868,0.0,0.861,0.33,0.777
2024-01-14,0.181,3.4,5.9,0.0,holiday,19.7,20.8,0,0.588,0.424,0.598,0.05,0.576,0.36,0.505
2024-01-15,0.225,4.5,5.3,1.0,holiday,20.1,20.4,0,0.646,0.616,0.619,0.166,0.604,0.155,0.734
2024-01-16,0.167,3.1,3.7,0.0,holiday,19.7,20.0,0,,0.317,0.365,0.03,0.415,0.218,0.481
2024-01-17,0.223,1.8,5.5,0.0,holiday,20.4,20.5,0,0.504,0.401,0.342,0.063,0.332,0.143,0.484
2024-01-18,0.118,2.2,4.5,0.0,holiday,19.4,23.3,0,0.584,0.241,0.352,0.029,0.386,0.28,0.496
2024-01-19,0.171,3.5,5.3,0.0,holiday,19.5,21.7,0,0.558,0.134,0.232,0.097,0.292,0.251,0.444
2024-01-20,0.131,5.3,4.0,0.0,holiday,19.5,22.3,0,0.753,,0.641,0.175,0.484,0.349,0.533
2024-01-21,0.104,3.9,2.5,0.0,holiday,19.7,17.9,0,0.65,0.36,0.6,0.173,0.598,0.371,0.526
2024-01-22,,,1.7,0.0,holiday,19.1,24.4,0,0.652,0.209,0.272,0.083,0.271,0.096,0.45
2024-01-23,0.226,,5.8,0.0,holiday,18.8,23.2,0,0.521,0.373,0.423,0.141,0.407,0.224,0.493
2024-01-24,0.103,2.2,5.5,0.0,holiday,17.0,27.5,0,0.586,0.385,0.388,0.042,0.283,0.152,0.545
2024-01-25,0.124,7.8,3.2,0.0,holiday,18.5,23.8,0,0.654,0.272,0.282,0.133,0.329,0.16,0.433
2024-01-26,0.132,5.5,3.7,0.0,holiday,16.7,29.4,0,0.547,0.327,0.255,0.125,0.385,0.237,0.488
2024-01-27,0.182,3.5,3.8,0.0,holiday,17.1,25.6,0,0.718,0.586,0.608,0.184,0.528,0.356,0.573
2024-01-28,0.171,4.5,4.6,0.0,holiday,17.3,24.5,0,0.782,0.648,0.646,0.148,0.571,0.343,0.532
2024-01-29,0.183,1.1,6.0,0.0,holiday,17.0,25.1,0,0.617,0.27,0.269,0.079,0.268,0.186,0.506
2024-01-30,0.137,8.7,3.0,0.0,holiday,16.6,27.4,0,0.67,0.373,0.256,0.129,0.326,0.216,0.46
2024-01-31,0.159,5.6,3.0,0.0,holiday,17.0,25.0,0,0.552,0.196,0.442,0.08,0.29,0.119,0.498
2024-02-01,0.172,2.0,4.4,1.0,weekday,16.4,30.7,0,0.276,0.218,0.23,0.722,0.236,0.058,0.281
2024-02-02,0.095,4.1,2.9,0.0,weekday,16.9,25.3,0,0.433,0.037,0.041,0.677,0.065,,0.0
2024-02-03,0.198,6.1,5.7,0.0,holiday,15.4,29.3,0,0.671,0.352,0.528,0.017,0.473,0.3,0.441
2024-02-04,0.046,3.8,2.0,0.0,holiday,16.0,30.2,0,,0.515,,0.005,0.521,0.428,0.588
2024-02-05,0.116,2.7,2.9,0.0,weekday,15.5,25.7,0,0.352,0.0,0.013,0.636,0.07,,0.052
2024-02-06,0.03,0.9,2.5,,weekday,15.4,29.6,0,0.461,0.113,0.06,0.685,0.054,0.111,0.012
2024-02-07,,0.9,1.6,0.0,weekday,15.1,29.7,0,0.433,0.0,0.079,0.689,,0.0,0.042
2024-02-08,0.065,0.0,3.0,0.0,weekday,16.2,27.2,0,0.356,0.04,0.0,0.689,0.033,0.0,0.042
2024-02-09,0.235,5.1,6.7,0.0,weekday,14.7,31.3,0,0.48,0.0,0.043,0.626,0.02,0.106,0.003
2024-02-10,0.099,2.0,3.7,1.0,holiday,15.5,28.9,0,0.542,0.771,0.81,0.085,0.857,0.354,0.783
2024-02-11,0.046,4.4,2.6,0.0,holiday,15.2,32.0,0,0.678,0.543,0.649,0.071,0.574,0.489,0.514
2024-02-12,0.229,3.3,6.1,0.0,weekday,14.6,31.8,0,0.321,0.056,0.05,0.577,0.066,0.076,0.055
2024-02-13,,5.1,2.3,0.0,weekday,14.2,31.4,0,0.441,0.089,,0.68,0.06,0.055,0.028
2024-02-14,0.166,0.7,5.6,0.0,weekday,12.8,35.0,0,0.503,0.0,0.023,0.639,0.012,0.045,0.015
2024-02-15,0.135,2.4,4.6,1.0,weekday,12.4,31.6,0,,0.117,0.198,0.685,0.293,0.0,0.256
2024-02-16,0.158,1.9,5.6,1.0,weekday,14.7,30.1,0,0.517,0.19,0.286,0.603,0.245,0.026,0.295
2024-02-17,0.186,3.9,4.3,0.0,holiday,13.5,31.9,0,0.751,0.457,0.612,0.151,0.566,0.33,0.54
2024-02-18,0.0,2.9,0.4,0.0,holiday,12.1,35.0,0,0.739,0.332,0.569,0.103,0.504,0.415,0.454
2024-02-19,0.167,4.9,5.0,0.0,weekday,12.5,34.2,0,,0.191,0.01,0.688,0.042,0.035,0.029
2024-02-20,0.076,4.1,2.2,0.0,weekday,11.4,33.7,0,0.406,0.035,0.0,0.648,0.032,0.057,0.0
2024-02-21,0.129,8.4,3.7,0.0,weekday,12.8,35.0,0,0.46,0.034,0.097,0.673,0.046,0.079,0.033
2024-02-22,0.07,2.9,3.1,0.0,weekday,11.5,34.6,0,0.421,0.082,0.038,0.626,0.091,0.041,0.046
2024-02-23,,6.6,3.4,0.0,weekday,12.1,33.6,0,0.488,0.0,0.0,0.678,0.0,0.083,0.039
2024-02-24,0.195,1.8,4.4,1.0,holiday,12.4,34.0,0,0.777,0.712,0.838,0.095,0.684,0.534,0.809
2024-02-25,0.128,1.2,4.7,0.0,holiday,10.7,35.0,0,0.667,0.422,0.622,0.163,0.436,0.41,0.547
2024-02-26,0.044,1.0,2.3,0.0,weekday,10.9,34.5,0,0.475,0.0,0.012,0.769,0.072,0.038,0.017
2024-02-27,0.183,3.6,6.1,0.0,weekday,11.9,35.0,0,0.443,0.094,0.009,0.673,0.118,0.096,0.0
2024-02-28,0.111,2.0,3.0,0.0,weekday,9.3,32.6,0,0.33,0.004,0.082,0.602,0.004,0.021,0.015
2024-02-29,0.042,4.1,1.5,0.0,weekday,9.2,35.0,0,0.411,0.0,0.017,0.665,0.072,0.067,0.019
2024-03-01,0.179,6.9,4.4,0.0,weekday,11.1,32.5,0,0.355,0.0,0.0,,0.102,0.107,0.0
2024-03-02,0.107,4.6,2.6,0.0,holiday,9.6,35.0,0,0.652,0.397,0.641,0.074,0.558,0.448,0.434
2024-03-03,0.092,5.4,3.6,1.0,holiday,9.8,32.2,0,0.616,0.635,0.839,0.089,0.786,0.439,0.767
2024-03-04,0.144,7.9,4.0,,weekday,9.5,35.0,0,0.349,0.0,0.046,0.555,0.029,0.045,0.017
2024-03-05,0.167,1.5,3.9,0.0,weekday,9.2,34.7,0,0.391,0.0,0.0,0.751,0.054,0.101,0.034
2024-03-06,0.145,2.1,5.2,0.0,weekday,9.8,31.3,0,0.355,0.032,0.028,0.627,0.021,0.179,0.051
2024-03-07,0.182,0.8,4.0,0.0,weekday,8.5,35.0,0,0.443,0.0,0.0,0.643,0.013,0.063,0.012
2024-03-08,0.153,2.9,4.2,0.0,weekday,10.0,33.9,0,0.265,0.0,0.026,0.675,0.0,0.103,0.0
2024-03-09,0.168,4.0,5.3,0.0,holiday,7.6,35.0,0,0.729,0.382,0.638,0.122,0.614,0.342,0.497
2024-03-10,0.212,,6.4,0.0,holiday,7.0,35.0,0,0.504,0.291,0.586,0.104,0.439,0.448,0.455
2024-03-11,0.153,11.3,4.2,0.0,weekday,7.5,35.0,0,0.425,0.0,0.056,0.562,0.009,0.101,0.0
2024-03-12,0.167,4.5,4.8,0.0,weekday,8.7,35.0,0,0.438,0.0,0.025,0.627,,0.062,0.006
2024-03-13,0.229,3.7,6.8,0.0,weekday,9.3,34.0,0,0.374,0.0,0.056,0.645,0.115,0.007,0.028
2024-03-14,0.134,3.0,5.1,0.0,weekday,8.2,35.0,0,0.366,0.0,0.0,0.69,0.022,0.168,0.0
2024-03-15,0.166,2.1,4.5,0.0,weekday,6.9,31.9,0,0.377,0.007,0.0,0.694,0.0,0.078,0.0
2024-03-16,0.057,2.7,2.2,1.0,holiday,6.8,35.0,0,0.642,0.688,0.839,0.132,0.802,0.552,0.838
2024-03-17,0.149,3.2,3.7,0.0,holiday,6.8,34.3,0,0.615,0.404,0.514,0.092,0.492,0.399,0.452
2024-03-18,,,4.4,0.0,weekday,4.9,35.0,0,0.532,0.026,,0.624,,0.092,0.0
2024-03-19,,8.1,5.4,0.0,weekday,6.1,35.0,0,0.401,0.094,0.0,0.75,0.021,0.156,0.0
2024-03-20,0.119,2.7,3.9,0.0,weekday,6.4,31.9,0,0.448,0.01,0.0,0.674,0.0,0.081,0.063
2024-03-21,0.117,1.4,4.2,0.0,weekday,5.6,35.0,0,0.392,0.092,0.004,0.725,0.0,0.177,0.056
2024-03-22,0.132,2.1,4.6,0.0,weekday,6.9,34.4,0,0.453,0.0,0.0,0.665,0.0,0.161,0.012
2024-03-23,0.185,5.1,4.6,0.0,holiday,5.3,33.6,0,0.727,0.444,0.589,0.164,0.461,0.416,0.49
2024-03-24,0.217,4.2,5.5,0.0,holiday,7.7,29.6,0,0.628,,0.537,0.019,0.457,,0.476
2024-03-25,0.187,,5.7,0.0,weekday,5.3,35.0,0,0.451,0.0,0.086,0.671,0.016,0.1,0.042
2024-03-26,0.157,2.3,4.8,0.0,weekday,6.1,34.4,0,0.478,0.0,0.0,0.614,0.0,0.048,0.011
2024-03-27,0.189,8.7,3.9,0.0,weekday,4.6,35.0,0,0.411,0.0,0.0,,0.0,0.133,0.0
2024-03-28,0.169,3.6,4.6,0.0,weekday,5.8,32.8,0,0.456,0.034,0.026,0.621,0.018,,0.032
2024-03-29,0.224,4.6,4.9,0.0,weekday,5.7,35.0,0,0.536,0.061,0.0,0.676,0.0,0.083,0.0
2024-03-30,0.209,2.0,7.0,,holiday,4.8,35.0,0,0.594,0.361,0.551,0.118,0.574,0.564,0.497
2024-03-31,0.123,1.0,2.5,0.0,holiday,5.8,32.3,0,,0.383,0.573,0.0,0.46,0.467,0.451
2024-04-01,0.101,0.6,4.2,0.0,weekday,4.8,0.1,0,0.525,0.0,0.059,0.626,0.043,0.169,0.0
2024-04-02,0.11,7.7,4.8,1.0,weekday,6.5,0.5,0,0.482,0.414,0.253,0.622,0.279,0.174,0.266
2024-04-03,0.186,3.3,4.6,0.0,weekday,4.7,1.3,0,0.373,0.005,0.0,0.664,0.02,0.141,0.0
2024-04-04,0.204,6.6,4.6,0.0,weekday,4.3,0.0,0,0.342,0.0,0.0,0.668,0.022,0.186,0.0
2024-04-05,0.132,1.6,3.6,0.0,weekday,5.0,0.0,0,0.426,0.081,0.0,0.712,0.047,0.09,0.0
2024-04-06,0.064,3.6,1.9,0.0,holiday,5.0,0.0,0,0.646,0.28,0.568,0.164,0.453,0.471,0.423
2024-04-07,0.082,6.7,3.1,0.0,holiday,4.1,0.0,0,0.687,0.414,0.619,0.097,0.52,0.562,0.449
2024-04-08,0.211,3.4,5.0,0.0,weekday,4.6,0.9,0,0.358,0.0,0.0,0.603,0.0,,0.0
2024-04-09,0.108,1.1,3.3,0.0,weekday,4.1,0.0,0,0.476,0.0,0.001,0.686,0.006,0.018,0.0
2024-04-10,0.171,2.0,4.5,1.0,weekday,2.8,1.7,0,0.345,0.194,0.164,0.564,0.224,0.082,0.21
2024-04-11,0.13,3.5,3.3,0.0,weekday,3.3,1.7,0,0.429,0.0,0.036,0.706,0.0,,0.001
2024-04-12,0.123,2.9,5.0,0.0,weekday,5.3,2.8,0,0.357,,0.0,0.648,0.0,0.082,0.005
2024-04-13,0.102,7.4,2.8,0.0,holiday,2.4,0.0,0,0.728,0.555,0.577,0.034,0.561,0.485,0.503
2024-04-14,0.169,5.4,4.5,0.0,holiday,3.7,1.6,0,0.687,0.428,0.612,0.164,0.475,0.51,0.492
2024-04-15,0.089,3.7,1.8,0.0,weekday,4.0,2.3,0,0.381,0.0,0.006,0.724,0.091,0.112,0.011
2024-04-16,0.137,0.0,3.7,,weekday,2.9,0.0,0,0.415,0.0,0.0,0.642,0.048,0.128,0.0
2024-04-17,0.265,8.1,6.0,0.0,weekday,3.7,2.1,0,0.349,0.0,0.0,0.661,0.039,0.076,0.0
2024-04-18,0.117,3.4,3.4,0.0,weekday,3.2,0.2,0,0.377,0.0,0.034,0.61,0.0,0.106,0.0
2024-04-19,0.167,1.7,4.8,1.0,weekday,3.7,0.1,0,0.294,0.233,0.288,0.646,0.057,0.09,0.293
2024-04-20,0.169,2.6,3.8,0.0,holiday,1.9,3.2,0,0.667,0.421,0.555,0.057,0.485,0.47,0.492
2024-04-21,0.163,2.8,4.5,1.0,holiday,3.6,1.5,0,0.675,0.647,0.772,0.131,0.64,0.442,0.735
2024-04-22,0.203,1.5,5.0,0.0,weekday,3.2,0.0,0,0.429,0.0,0.0,0.589,0.0,0.141,0.014
2024-04-23,0.155,1.4,4.1,0.0,weekday,3.8,0.1,0,0.435,0.0,0.0,0.602,0.0,0.109,0.0
2024-04-24,0.121,4.2,3.1,0.0,weekday,4.6,0.0,0,0.451,0.008,,0.601,0.039,0.113,0.0
2024-04-25,0.195,10.9,4.3,1.0,weekday,2.3,2.4,0,0.4,0.243,0.291,0.696,0.252,0.139,0.21
2024-04-26,0.109,1.6,3.1,0.0,weekday,3.9,0.0,0,0.434,0.055,0.029,0.673,0.0,0.09,0.0
2024-04-27,0.218,6.1,6.1,0.0,holiday,3.0,3.5,0,0.567,,,0.081,0.492,0.543,0.442
2024-04-28,0.162,2.0,5.8,0.0,holiday,2.6,0.0,0,0.701,0.359,0.508,0.171,0.526,0.385,0.485
2024-04-29,0.113,3.4,2.4,0.0,weekday,4.0,1.8,0,0.45,0.0,0.003,0.686,0.0,0.138,0.0
2024-04-30,0.142,2.5,4.5,,,1.7,0.0,0,0.423,0.129,0.01,0.658,0.005,0.105,0.017
2024-05-01,,4.8,5.3,0.0,holiday,1.7,0.3,0,0.473,0.13,0.327,0.0,0.231,0.331,0.374
2024-05-02,0.11,8.5,3.2,0.0,holiday,2.3,0.2,0,,0.204,0.319,0.156,0.272,0.264,0.354
2024-05-03,0.113,2.8,4.8,0.0,holiday,3.0,0.0,0,0.564,0.041,0.204,0.092,0.271,0.302,0.394
2024-05-04,0.188,2.0,4.7,0.0,holiday,1.8,0.4,0,0.601,0.448,0.649,0.093,0.5,0.454,0.503
2024-05-05,0.109,1.5,3.2,0.0,holiday,3.1,2.1,0,0.737,0.325,0.604,0.12,0.493,,0.437
2024-05-06,0.034,2.7,3.0,0.0,holiday,2.9,0.0,0,0.547,0.234,0.3,0.041,0.262,0.295,0.427
2024-05-07,0.138,8.2,3.4,0.0,holiday,3.5,0.0,0,0.553,0.0,,0.034,0.145,0.262,0.324
2024-05-08,0.051,2.2,2.1,0.0,holiday,2.0,0.6,0,0.501,0.121,0.301,0.099,0.233,0.357,0.381
2024-05-09,0.11,5.1,1.9,0.0,holiday,3.5,0.0,0,0.542,0.082,0.202,,0.3,0.303,0.415
2024-05-10,0.182,6.2,4.3,0.0,holiday,1.9,0.0,0,0.379,0.243,0.302,0.0,0.193,0.302,0.418
2024-05-11,0.091,3.7,4.0,0.0,holiday,3.4,0.0,0,0.682,0.518,0.607,0.048,0.477,0.468,0.486
2024-05-12,0.075,6.0,1.7,1.0,holiday,1.9,1.6,0,0.733,0.719,0.906,0.044,0.642,0.476,0.742
2024-05-13,0.097,3.7,2.7,0.0,holiday,3.8,1.8,0,0.532,0.148,0.251,0.041,0.242,0.301,0.427
2024-05-14,0.212,6.1,5.7,0.0,holiday,2.3,0.4,0,0.632,0.0,,0.092,0.284,0.233,0.352
2024-05-15,0.204,2.1,5.8,0.0,holiday,2.6,1.1,0,0.58,0.212,0.25,0.095,0.115,0.331,0.413
2024-05-16,0.17,7.4,4.6,0.0,holiday,3.1,0.0,0,0.661,0.147,0.228,0.083,0.195,0.346,0.393
2024-05-17,0.224,2.2,5.4,0.0,holiday,2.2,0.0,0,0.441,0.074,,0.012,0.234,0.288,0.379
2024-05-18,0.156,8.2,2.4,0.0,holiday,1.5,0.0,0,0.56,0.36,0.52,0.135,0.446,0.484,0.455
2024-05-19,0.093,4.0,2.8,0.0,holiday,3.2,3.3,0,0.585,0.328,0.633,0.133,0.574,,0.458
2024-05-20,0.181,8.0,5.5,0.0,holiday,2.8,2.8,0,0.474,0.243,0.314,0.064,0.273,0.34,0.408
2024-05-21,0.129,3.8,4.1,0.0,holiday,3.6,0.0,0,0.459,0.192,0.278,0.026,0.219,0.368,0.424
2024-05-22,0.168,,5.1,0.0,holiday,2.5,0.0,0,0.591,0.104,0.276,0.081,0.188,0.246,0.363
2024-05-23,0.17,3.5,4.5,0.0,holiday,2.7,1.0,0,0.598,0.076,0.28,0.142,0.228,0.304,0.418
2024-05-24,0.036,,0.8,0.0,holiday,3.4,1.9,0,0.579,0.178,0.28,0.047,0.208,0.148,0.407
2024-05-25,0.152,,4.0,0.0,holiday,3.7,0.0,0,0.608,0.366,0.611,0.0,0.441,0.446,0.456
2024-05-26,0.135,,4.2,0.0,holiday,3.9,0.0,0,0.652,0.356,0.619,0.062,0.384,0.526,0.466
2024-05-27,0.125,,3.6,0.0,holiday,3.3,0.0,0,0.453,0.241,0.398,0.086,0.175,0.28,0.38
2024-05-28,0.165,7.2,3.4,0.0,holiday,3.5,0.0,0,0.451,0.257,0.271,0.083,0.303,0.325,0.428
2024-05-29,0.479,3.2,3.8,1.0,holiday,2.9,0.0,1,0.577,0.482,0.542,0.119,0.471,0.277,0.672
2024-05-30,0.187,4.2,4.1,0.0,holiday,3.1,0.0,0,0.464,0.185,,0.138,0.204,0.34,0.418
2024-05-31,0.122,3.8,3.3,0.0,holiday,3.2,0.0,0,0.428,0.142,0.31,0.121,0.329,0.242,0.418
2024-06-01,0.123,3.9,3.0,0.0,holiday,3.9,0.3,0,0.587,0.416,0.578,0.034,0.485,0.396,0.465
2024-06-02,0.161,5.5,4.7,0.0,holiday,2.9,0.0,0,0.678,0.406,0.599,0.076,0.589,0.472,0.483
2024-06-03,0.147,1.8,4.1,0.0,weekday,4.2,0.0,0,0.505,0.001,0.038,0.758,0.079,0.139,0.0
2024-06-04,0.11,0.7,3.4,0.0,weekday,4.0,0.0,0,0.428,0.051,0.0,0.619,0.034,0.077,0.015
2024-06-05,0.127,3.0,3.9,0.0,weekday,4.2,0.0,0,0.512,0.155,0.0,,0.0,0.122,0.0
2024-06-06,0.168,3.4,3.9,0.0,weekday,4.7,0.0,0,0.412,0.0,0.05,,0.039,0.125,0.05
2024-06-07,0.077,3.7,3.5,0.0,weekday,3.7,0.0,0,,0.0,0.0,0.637,0.0,0.139,0.022
2024-06-08,0.214,19.7,4.6,0.0,holiday,4.5,0.0,0,0.485,0.399,0.564,0.049,0.561,0.449,0.476
2024-06-09,0.169,19.7,3.6,0.0,holiday,5.1,2.1,0,0.665,0.346,0.557,0.0,0.521,0.41,0.484
2024-06-10,0.237,18.3,3.3,0.0,weekday,5.4,0.0,0,0.309,0.0,,,0.035,0.117,0.0
2024-06-11,0.112,24.3,2.6,0.0,weekday,4.3,0.5,0,0.511,0.0,0.0,0.575,0.0,0.093,0.0
2024-06-12,0.21,21.9,3.7,0.0,weekday,6.9,0.0,0,0.417,0.0,0.0,0.624,0.014,0.195,0.0
2024-06-13,0.206,20.8,4.3,0.0,weekday,6.0,1.4,0,0.507,0.039,0.015,0.644,0.001,0.133,0.0
2024-06-14,0.159,22.0,3.8,0.0,weekday,5.0,0.0,0,0.493,0.0,0.036,0.616,0.066,0.025,0.0
2024-06-15,,24.0,1.2,1.0,holiday,5.0,0.0,0,0.687,0.607,0.761,0.0,0.663,0.514,0.68
2024-06-16,0.141,,3.4,0.0,holiday,4.2,0.8,0,0.689,0.381,0.555,0.109,0.549,0.422,0.451
2024-06-17,0.188,18.7,2.8,0.0,weekday,6.0,0.0,0,0.518,0.117,0.022,0.601,0.046,0.093,0.0
2024-06-18,0.232,19.6,4.6,0.0,weekday,3.8,2.4,0,0.37,0.0,0.08,0.621,0.009,0.125,0.0
2024-06-19,0.156,24.4,2.5,1.0,weekday,5.3,0.9,0,0.508,0.232,0.246,0.636,0.196,0.115,0.194
2024-06-20,0.172,23.8,3.1,0.0,weekday,7.0,0.0,0,0.427,0.0,0.0,0.606,0.0,0.051,0.0
2024-06-21,,21.5,1.5,0.0,weekday,5.3,2.0,0,,0.0,0.0,0.592,0.065,0.143,0.0
2024-06-22,0.505,19.6,3.0,0.0,holiday,6.6,0.0,1,0.447,0.256,0.567,0.017,0.51,0.435,0.377
2024-06-23,0.204,19.2,5.2,0.0,holiday,6.8,0.0,0,0.795,0.328,0.611,0.136,0.549,0.478,0.438
2024-06-24,,21.3,3.3,0.0,weekday,6.3,0.5,0,,,0.058,0.68,0.0,0.105,0.0
2024-06-25,0.211,19.6,3.5,0.0,weekday,6.8,0.0,0,0.56,0.0,,0.643,0.0,0.099,0.0
2024-06-26,0.237,20.6,4.7,0.0,weekday,6.9,1.6,0,0.355,0.0,0.065,0.578,0.0,0.081,0.0
2024-06-27,0.192,23.1,3.9,1.0,weekday,7.4,2.1,0,0.526,0.172,0.111,0.702,0.29,0.175,0.202
2024-06-28,0.185,19.8,3.7,0.0,weekday,9.0,0.2,0,0.324,,0.0,0.632,0.047,0.092,0.017
2024-06-29,0.204,20.5,3.9,1.0,holiday,7.0,0.0,0,0.664,0.633,0.851,0.041,0.704,0.494,0.719
2024-06-30,0.186,24.3,4.0,0.0,holiday,7.9,0.7,0,0.762,0.389,0.601,0.007,0.483,0.364,0.434
2024-07-01,0.235,21.6,3.7,0.0,weekday,8.2,0.0,0,0.288,0.0,0.0,0.564,0.0,0.105,0.0
2024-07-02,0.235,18.7,4.4,1.0,weekday,8.8,0.0,0,0.454,0.1,0.231,0.606,,0.06,0.198
2024-07-03,0.173,24.0,3.5,0.0,weekday,8.3,3.3,0,0.388,0.0,0.0,0.642,,0.033,0.0
2024-07-04,,19.7,3.8,0.0,weekday,8.0,2.3,0,0.526,0.0,0.0,0.636,0.0,0.028,0.003
2024-07-05,0.21,23.9,4.2,0.0,weekday,8.7,0.0,0,0.384,0.0,0.0,0.581,0.022,0.184,0.0
2024-07-06,0.104,19.3,2.8,0.0,holiday,9.0,0.0,0,0.654,0.417,0.536,0.0,0.5,0.378,0.453
2024-07-07,0.187,21.1,3.8,1.0,,8.1,0.4,0,0.591,0.705,0.857,0.135,0.754,0.484,0.735
2024-07-08,0.181,20.0,4.7,0.0,weekday,8.9,0.0,0,0.398,0.0,0.042,0.627,0.092,0.063,0.0
2024-07-09,0.163,23.8,3.2,0.0,weekday,9.5,1.5,0,0.691,0.0,0.0,0.703,0.07,0.096,0.0
2024-07-10,0.324,22.0,5.6,0.0,,10.2,0.0,0,0.362,0.053,0.0,0.526,0.006,0.09,0.0
2024-07-11,0.272,19.6,6.1,0.0,weekday,9.5,1.4,0,0.518,0.0,0.016,0.623,0.0,0.0,0.0
2024-07-12,0.147,19.6,4.1,0.0,weekday,11.7,0.0,0,,0.0,0.0,0.62,0.042,,0.0
2024-07-13,0.247,21.1,6.2,0.0,holiday,9.7,1.2,0,,0.343,0.673,0.031,0.56,0.396,0.497
2024-07-14,0.107,21.0,0.7,0.0,holiday,10.9,0.0,0,0.577,0.443,0.594,0.066,0.546,0.383,0.455
2024-07-15,0.292,22.2,6.8,0.0,weekday,9.4,0.0,0,0.407,0.0,0.067,0.673,0.0,0.035,0.0
2024-07-16,0.281,24.6,5.0,0.0,weekday,11.3,0.0,0,0.533,0.0,0.039,0.633,0.0,0.025,0.0
2024-07-17,0.586,23.1,4.5,0.0,weekday,10.3,0.0,1,0.491,0.0,0.002,0.643,0.0,0.11,0.005
2024-07-18,0.243,20.9,5.4,0.0,weekday,11.6,0.0,0,0.422,0.0,0.021,0.655,0.0,0.0,0.002
2024-07-19,0.166,3.4,4.2,0.0,weekday,10.1,0.3,0,0.536,0.0,0.021,0.607,0.029,0.025,0.0
2024-07-20,0.165,8.6,4.1,0.0,holiday,12.1,0.0,0,0.59,0.439,0.565,0.161,0.438,0.396,0.458
2024-07-21,0.185,2.1,5.1,,holiday,12.2,0.0,0,0.597,0.561,0.648,0.168,0.55,0.428,0.544
2024-07-22,0.151,5.1,3.7,0.0,weekday,11.7,1.5,0,0.528,0.033,0.095,0.666,0.028,,0.0
2024-07-23,0.135,3.4,3.5,0.0,weekday,11.8,0.0,0,0.414,0.0,0.0,0.617,0.139,0.057,0.009
2024-07-24,0.117,2.1,4.4,0.0,weekday,10.8,0.0,0,0.43,0.006,0.027,0.68,0.0,0.007,0.0
2024-07-25,0.124,0.9,3.7,0.0,weekday,13.4,2.1,0,0.419,0.0,0.0,0.66,0.05,0.064,0.002
2024-07-26,0.069,2.6,1.2,0.0,weekday,13.5,0.0,0,0.457,0.0,0.0,0.572,0.071,0.092,0.0
2024-07-27,0.179,2.3,5.0,0.0,holiday,14.2,0.0,0,0.475,0.487,0.662,0.079,0.547,0.458,0.559
2024-07-28,0.2,9.8,4.6,0.0,holiday,14.5,0.0,0,0.676,0.442,0.568,0.147,0.504,0.255,0.498
2024-07-29,0.135,5.8,3.3,0.0,weekday,12.4,0.0,0,0.533,0.119,0.0,0.632,0.01,0.0,0.036
2024-07-30,0.228,2.3,6.3,0.0,weekday,15.2,0.0,0,0.45,0.0,0.039,0.744,0.051,0.059,0.042
2024-07-31,0.079,2.7,2.0,0.0,,15.4,0.0,0,0.47,0.019,0.0,0.698,0.112,0.093,0.0
2024-08-01,0.32,14.0,7.7,0.0,holiday,16.1,0.0,0,0.548,0.236,0.275,0.124,0.392,0.308,0.384
2024-08-02,0.222,13.2,5.2,0.0,holiday,15.2,0.1,0,0.503,,,0.073,0.317,0.241,0.46
2024-08-03,0.287,11.4,8.0,0.0,holiday,15.2,1.5,0,0.605,0.458,0.572,0.096,0.607,0.364,0.473
2024-08-04,0.21,10.2,7.9,0.0,holiday,15.0,1.1,0,0.697,0.417,0.617,,0.55,0.311,0.457
2024-08-05,0.285,9.1,8.2,0.0,holiday,15.0,1.4,0,0.606,0.07,0.347,0.049,0.34,,0.373
2024-08-06,0.255,11.3,7.6,0.0,holiday,16.6,0.0,0,0.593,0.172,0.273,0.084,0.237,0.282,0.406
2024-08-07,0.254,11.9,6.3,0.0,holiday,14.3,0.0,0,0.622,0.124,0.284,0.092,0.292,0.223,0.39
2024-08-08,0.393,17.6,8.1,0.0,holiday,15.8,0.0,0,0.549,0.12,0.342,0.0,0.225,0.222,0.392
2024-08-09,0.299,9.9,8.2,0.0,holiday,16.6,0.6,0,0.654,0.284,0.356,0.082,0.336,0.217,0.463
2024-08-10,0.315,12.2,8.7,0.0,holiday,16.6,0.0,0,,0.363,0.546,0.073,0.597,0.434,0.453
2024-08-11,0.255,11.9,6.6,0.0,holiday,17.9,0.4,0,0.888,0.417,0.589,0.106,0.538,0.273,0.473
2024-08-12,0.569,10.6,6.6,0.0,holiday,16.1,2.4,1,0.71,0.376,0.329,0.176,,0.235,0.463
2024-08-13,0.257,8.2,7.9,0.0,holiday,16.5,5.8,0,0.581,0.087,0.31,0.083,0.363,0.17,0.433
2024-08-14,0.301,12.4,8.0,0.0,holiday,16.6,1.8,0,0.537,0.254,0.271,0.018,0.204,0.245,0.404
2024-08-15,0.224,9.6,5.5,0.0,holiday,18.4,0.0,0,0.452,0.251,0.273,,0.459,0.21,0.497
2024-08-16,0.576,8.2,6.3,0.0,holiday,17.7,1.1,1,0.595,0.303,0.371,0.077,0.376,0.197,0.432
2024-08-17,0.353,16.2,7.2,0.0,holiday,18.9,0.4,0,0.676,,0.55,0.081,0.591,0.409,0.487
2024-08-18,0.256,10.1,7.5,0.0,holiday,18.3,0.0,0,0.831,0.472,0.603,0.046,0.591,0.345,0.523
2024-08-19,0.258,12.1,8.1,0.0,holiday,17.8,1.9,0,0.557,0.174,0.309,0.011,0.281,0.219,0.44
2024-08-20,0.332,13.1,8.3,0.0,holiday,18.2,0.0,0,0.444,0.211,0.417,0.0,0.373,0.222,0.425
2024-08-21,0.19,11.8,6.0,0.0,holiday,18.1,0.0,0,,0.213,0.352,0.118,0.268,0.177,0.475
2024-08-22,0.574,11.9,6.8,0.0,holiday,19.0,1.3,1,0.559,0.182,0.311,0.116,0.326,0.185,0.422
2024-08-23,0.222,12.4,7.3,0.0,holiday,18.7,1.5,0,0.511,0.318,,0.088,0.285,0.182,0.427
2024-08-24,0.21,12.8,5.7,0.0,holiday,19.8,3.3,0,,0.568,0.624,0.046,0.508,0.333,0.494
2024-08-25,0.275,10.3,6.6,0.0,holiday,21.0,0.0,0,0.701,0.344,0.598,0.038,0.625,0.278,0.498
2024-08-26,0.153,9.5,4.9,0.0,holiday,20.1,0.9,0,0.528,0.4,0.393,0.151,0.365,0.189,0.518
2024-08-27,0.247,14.5,6.7,0.0,holiday,19.5,0.0,0,0.47,0.222,0.277,0.039,0.257,0.091,0.433
2024-08-28,0.202,13.9,4.7,0.0,holiday,19.8,0.0,0,0.679,0.292,0.247,0.036,0.221,0.215,0.485
2024-08-29,0.271,11.4,6.3,0.0,holiday,19.2,0.5,0,0.632,0.195,0.243,0.119,0.361,0.199,0.38
2024-08-30,0.219,10.9,5.7,0.0,holiday,20.4,0.5,0,0.502,0.258,0.31,0.119,0.387,0.19,0.47
2024-08-31,0.222,11.1,6.1,0.0,holiday,20.1,0.0,0,,0.501,0.625,0.042,,0.269,0.523
2024-09-01,0.297,10.2,7.8,0.0,holiday,21.6,1.0,0,0.603,0.449,0.588,0.018,0.622,0.411,0.508
2024-09-02,0.272,9.0,6.7,1.0,weekday,22.8,0.3,0,0.335,,0.221,0.608,,0.05,0.361
2024-09-03,0.2,,4.2,0.0,weekday,20.5,0.0,0,0.347,0.114,0.077,0.631,0.097,0.0,0.035
2024-09-04,0.286,12.0,7.9,1.0,weekday,22.2,0.0,0,0.534,0.148,0.198,0.602,0.334,0.0,0.245
2024-09-05,0.242,9.3,7.4,0.0,weekday,21.3,2.0,0,,0.095,,0.591,0.02,0.094,0.063
2024-09-06,0.212,13.9,4.6,0.0,weekday,22.4,0.0,0,0.33,0.01,0.0,0.638,,0.0,0.0
2024-09-07,0.339,12.7,8.9,0.0,holiday,21.3,2.2,0,0.6,0.372,0.59,0.097,0.528,0.391,0.5
2024-09-08,0.263,,6.8,0.0,holiday,22.9,0.0,0,0.529,0.393,0.578,0.084,0.598,0.375,0.473
2024-09-09,0.241,10.0,6.3,0.0,weekday,22.4,0.0,0,0.449,0.089,0.0,0.607,0.067,0.0,0.001
2024-09-10,0.325,13.6,8.0,0.0,weekday,22.7,0.4,0,0.503,0.0,0.0,0.746,,0.0,0.01
2024-09-11,0.32,10.8,10.9,1.0,weekday,24.2,0.0,0,0.451,0.347,0.173,0.74,0.218,0.0,0.333
2024-09-12,0.266,10.9,6.9,0.0,weekday,23.4,0.0,0,0.39,0.0,0.044,0.588,0.057,0.003,0.0
2024-09-13,0.241,8.4,6.4,0.0,weekday,23.1,0.1,0,0.51,0.068,0.049,0.612,0.109,0.079,0.015
2024-09-14,0.21,11.6,5.3,0.0,holiday,22.5,1.0,0,0.604,0.493,0.555,0.184,0.509,,0.514
2024-09-15,0.291,11.2,7.5,0.0,holiday,23.4,0.7,0,0.51,0.398,0.575,0.024,0.619,0.383,0.533
2024-09-16,,10.0,6.1,0.0,weekday,24.9,1.1,0,0.417,0.011,0.0,0.67,0.108,0.017,0.026
2024-09-17,0.25,13.6,6.8,0.0,weekday,24.5,0.0,0,0.548,0.058,0.016,0.687,0.081,0.0,0.058
2024-09-18,0.248,11.1,7.6,0.0,weekday,26.1,2.3,0,0.495,0.063,0.0,0.659,0.143,0.0,0.014
2024-09-19,0.271,11.6,6.2,0.0,weekday,24.4,2.7,0,0.357,0.0,0.0,0.68,0.109,0.0,0.02
2024-09-20,0.34,11.8,8.9,0.0,weekday,24.5,3.0,0,0.372,0.195,0.053,0.682,,0.0,0.062
2024-09-21,0.283,11.1,7.2,1.0,holiday,24.8,0.0,0,0.741,0.87,0.877,0.128,0.828,0.4,0.792
2024-09-22,0.182,15.0,5.1,0.0,holiday,25.0,2.9,0,0.718,0.452,0.67,0.108,0.513,0.279,0.524
2024-09-23,0.314,9.0,8.1,0.0,weekday,25.2,1.9,0,0.386,0.0,0.073,0.633,,0.022,0.003
2024-09-24,0.307,14.0,7.9,0.0,weekday,24.2,0.6,0,0.394,0.0,0.0,0.56,0.149,0.079,0.0
2024-09-25,0.294,10.0,8.4,0.0,weekday,25.5,0.0,0,0.419,0.205,0.015,0.58,0.136,0.0,0.063
2024-09-26,0.277,11.9,6.1,0.0,weekday,25.1,0.0,0,0.385,0.0,,0.654,0.027,0.017,0.035
2024-09-27,0.237,10.0,6.2,0.0,weekday,24.7,1.1,0,0.297,0.059,0.069,0.576,0.0,0.0,0.027
2024-09-28,0.295,9.3,7.5,0.0,holiday,24.5,0.0,0,0.675,0.543,0.565,0.128,0.606,0.422,0.543
2024-09-29,0.243,11.3,7.2,0.0,holiday,26.5,0.9,0,0.637,0.461,0.599,0.022,0.558,0.32,0.525
2024-09-30,0.172,13.9,4.9,0.0,weekday,26.7,3.7,0,0.391,0.182,0.117,0.635,0.135,0.017,0.043
2024-10-01,0.058,,2.2,0.0,weekday,25.1,0.0,0,0.576,0.227,0.029,,0.07,0.0,0.084
2024-10-02,0.23,7.6,5.0,0.0,weekday,27.4,0.0,0,0.403,0.133,0.053,0.578,0.09,0.0,0.095
2024-10-03,0.096,3.9,4.0,0.0,weekday,26.5,2.2,0,0.39,,0.061,0.825,0.109,0.047,0.093
2024-10-04,0.087,8.2,2.6,0.0,weekday,26.5,0.0,0,,,,0.634,0.066,0.051,0.046
2024-10-05,,,1.3,0.0,holiday,26.2,0.1,0,0.752,0.566,0.632,0.094,0.638,0.386,0.556
2024-10-06,0.125,0.5,3.1,0.0,holiday,25.9,0.0,0,0.759,,0.597,0.045,,0.339,0.613
2024-10-07,0.212,2.4,5.8,0.0,weekday,25.9,0.7,0,0.428,0.179,0.056,0.666,,0.122,0.105
2024-10-08,0.078,3.2,2.4,0.0,weekday,26.7,3.5,0,0.436,0.195,0.05,0.702,0.114,0.08,0.086
2024-10-09,0.14,3.4,4.2,0.0,weekday,26.5,0.0,0,0.468,0.011,0.005,0.669,0.063,0.0,0.0
2024-10-10,,4.6,3.1,0.0,weekday,25.4,0.0,0,0.533,0.122,0.052,0.738,0.114,0.0,0.093
2024-10-11,0.086,3.2,4.4,0.0,weekday,28.0,1.5,0,0.355,0.242,0.002,0.723,0.083,0.047,0.017
2024-10-12,0.057,4.0,3.0,0.0,holiday,26.8,0.0,0,0.729,0.629,0.627,0.15,0.578,0.316,0.557
2024-10-13,0.211,3.6,5.5,0.0,holiday,27.1,3.4,0,0.669,0.683,0.557,0.071,0.535,0.306,0.535
2024-10-14,0.154,3.3,3.7,0.0,weekday,28.0,0.0,0,0.262,0.225,0.038,,0.052,0.089,0.077
2024-10-15,0.169,,5.0,0.0,weekday,27.2,0.0,0,0.313,0.013,0.009,0.686,0.089,0.002,0.0
2024-10-16,0.214,3.9,5.5,0.0,weekday,27.7,0.0,0,0.591,,0.0,0.707,0.069,0.018,0.079
2024-10-17,0.283,3.2,7.1,0.0,weekday,28.8,0.0,0,0.434,0.286,0.0,0.626,0.156,0.0,0.099
2024-10-18,0.136,4.5,4.2,0.0,weekday,27.3,1.3,0,0.427,0.12,,0.654,0.069,0.003,0.043
2024-10-19,0.151,6.0,3.7,0.0,holiday,27.6,0.9,0,0.696,0.576,0.664,0.082,0.614,0.26,0.545
2024-10-20,0.14,5.6,4.0,1.0,holiday,28.1,0.0,0,0.77,0.849,0.901,0.052,0.897,0.353,0.839
2024-10-21,0.123,1.0,4.6,0.0,weekday,28.3,0.0,0,0.515,0.191,0.032,0.658,0.091,0.023,0.137
2024-10-22,0.114,1.7,3.0,0.0,weekday,27.1,1.8,0,0.493,0.135,0.045,0.713,0.096,0.105,0.098
2024-10-23,0.118,3.4,1.2,0.0,weekday,27.9,0.0,0,0.436,0.185,0.045,0.576,0.046,0.019,0.084
2024-10-24,,2.2,5.3,0.0,weekday,27.6,0.2,0,0.46,0.085,0.034,0.694,0.079,0.046,0.065
2024-10-25,0.243,4.0,5.4,0.0,weekday,28.6,0.0,0,0.532,0.101,0.0,0.755,0.107,0.0,0.067
2024-10-26,0.149,0.8,3.1,0.0,holiday,27.4,0.0,0,0.783,0.633,0.59,0.098,0.548,0.308,0.648
2024-10-27,0.137,2.2,3.6,0.0,holiday,28.4,0.0,0,0.741,0.487,0.655,0.031,0.599,0.341,0.584
2024-10-28,0.147,5.7,4.4,0.0,weekday,28.2,0.6,0,0.48,0.116,0.076,0.666,0.153,0.093,0.1
2024-10-29,0.169,2.8,4.0,1.0,weekday,27.1,0.7,0,0.41,0.459,0.364,0.575,0.237,0.08,0.373
2024-10-30,0.145,6.6,1.6,0.0,weekday,27.9,0.0,0,0.35,0.246,0.092,0.669,0.182,0.013,0.089
2024-10-31,0.112,0.9,3.6,0.0,weekday,27.9,1.4,0,0.541,0.0,,0.619,0.075,0.0,0.035
2024-11-01,0.21,4.6,6.7,0.0,weekday,28.6,0.6,0,0.423,0.0,0.072,0.672,0.093,0.032,0.044
2024-11-02,0.11,5.7,3.2,0.0,holiday,28.8,0.0,0,0.658,0.59,0.681,0.102,0.542,0.394,0.558
2024-11-03,0.079,2.6,2.6,0.0,holiday,27.8,0.9,0,0.624,0.655,0.58,0.047,0.632,0.322,0.572
2024-11-04,0.207,12.7,4.6,0.0,weekday,28.1,2.7,0,0.48,0.084,0.061,0.666,0.22,0.08,0.021
2024-11-05,0.08,2.5,2.9,1.0,weekday,27.2,0.2,0,0.586,0.376,0.293,0.633,0.342,0.0,0.323
2024-11-06,0.117,7.5,4.2,0.0,weekday,28.1,0.0,0,0.362,0.129,0.054,0.624,0.067,,0.06
2024-11-07,0.133,2.8,3.4,0.0,weekday,28.5,0.0,0,0.37,0.151,0.0,0.713,0.096,0.0,0.089
2024-11-08,0.089,3.4,2.5,0.0,weekday,29.5,1.9,0,0.557,0.252,0.175,0.685,0.14,0.0,0.132
2024-11-09,0.107,1.5,2.9,0.0,holiday,28.2,0.0,0,0.62,0.568,0.633,0.089,0.585,0.313,0.571
2024-11-10,0.172,1.9,4.9,0.0,holiday,29.0,0.0,0,0.769,0.484,0.568,0.104,0.597,0.422,0.535
2024-11-11,0.092,5.7,3.2,0.0,weekday,29.4,0.2,0,0.381,0.0,0.0,0.723,0.033,0.0,0.117
2024-11-12,0.179,5.9,4.5,1.0,weekday,28.5,0.0,0,0.507,0.291,,,0.256,,0.272
2024-11-13,0.097,0.6,3.4,0.0,weekday,28.8,0.0,0,0.455,0.197,0.013,0.715,0.128,0.0,0.094
2024-11-14,0.235,,6.0,0.0,weekday,29.3,1.3,0,0.446,0.185,0.152,0.687,0.071,0.061,0.106
2024-11-15,0.114,2.4,4.1,0.0,weekday,28.9,0.0,0,0.348,0.152,0.019,0.632,0.088,0.0,0.081
2024-11-16,0.188,9.8,5.2,0.0,holiday,28.7,0.0,0,0.728,,0.642,0.171,0.59,0.434,0.616
2024-11-17,0.088,3.2,2.9,0.0,holiday,28.3,0.0,0,0.583,0.396,0.577,0.129,0.591,0.425,0.536
2024-11-18,0.077,8.5,2.0,0.0,weekday,28.0,0.0,0,0.488,0.076,0.027,0.696,0.131,0.0,0.0
2024-11-19,,3.1,2.1,0.0,weekday,28.4,0.0,0,0.467,,0.058,0.624,0.0,0.0,0.036
2024-11-20,0.131,5.5,4.4,0.0,weekday,28.9,0.0,0,0.353,0.292,0.013,0.664,0.089,0.0,0.099
2024-11-21,0.215,7.6,4.9,0.0,weekday,27.2,0.0,0,0.476,0.148,0.105,0.687,0.199,0.028,0.112
2024-11-22,0.172,8.0,3.9,0.0,weekday,27.6,0.0,0,0.454,0.04,0.051,0.693,0.085,0.0,0.118
2024-11-23,0.185,1.1,4.4,0.0,holiday,28.5,0.0,0,0.761,0.662,0.581,0.13,0.629,0.443,0.6
2024-11-24,0.095,0.9,3.3,0.0,holiday,27.9,0.0,0,0.611,0.492,0.62,0.087,0.563,0.319,0.561
2024-11-25,0.16,1.2,4.2,0.0,weekday,28.3,0.0,0,0.364,0.27,0.117,0.593,0.146,0.005,0.1
2024-11-26,0.187,4.0,3.7,0.0,weekday,27.5,0.0,0,0.504,0.083,0.063,0.716,0.143,0.0,0.032
2024-11-27,0.127,1.6,1.9,0.0,weekday,26.9,0.0,0,0.369,0.1,0.073,0.641,0.056,0.038,0.082
2024-11-28,0.117,2.1,3.3,0.0,weekday,27.8,4.3,0,0.366,0.219,0.091,0.657,0.178,0.0,0.126
2024-11-29,0.139,0.1,5.1,0.0,weekday,27.8,0.0,0,,0.092,0.007,0.677,0.107,0.024,0.091
2024-11-30,0.128,2.4,4.4,0.0,holiday,27.1,0.2,0,0.779,0.419,0.553,0.061,0.571,0.361,0.511
2024-12-01,0.164,2.7,3.7,0.0,holiday,27.7,0.9,0,0.606,0.433,0.52,0.081,0.631,0.455,0.474
2024-12-02,0.276,8.5,7.8,0.0,holiday,27.0,9.9,0,0.592,0.267,0.292,0.0,0.329,0.178,0.48
2024-12-03,0.131,4.6,4.0,0.0,holiday,25.5,12.1,0,0.574,0.297,0.308,,,0.094,0.481
2024-12-04,0.193,10.4,6.3,0.0,holiday,27.2,6.1,0,0.595,0.368,0.386,0.157,0.331,0.135,0.453
2024-12-05,0.084,1.7,3.5,0.0,holiday,26.5,7.5,0,0.582,0.383,0.246,0.143,0.368,0.185,0.51
2024-12-06,0.037,4.2,3.1,0.0,holiday,27.3,8.4,0,0.593,0.379,0.351,0.018,0.346,0.209,0.56
2024-12-07,0.142,1.9,4.7,0.0,holiday,27.8,6.9,0,0.633,0.453,0.538,,0.61,0.406,0.614
2024-12-08,0.174,3.3,4.8,0.0,holiday,26.4,6.8,0,,0.466,0.604,0.138,0.682,0.378,0.552
2024-12-09,0.171,3.7,4.0,0.0,holiday,26.7,7.8,0,0.502,0.491,0.332,0.084,0.343,0.19,0.541
2024-12-10,0.128,3.0,3.6,0.0,holiday,25.5,11.9,0,0.617,0.234,,0.047,0.357,0.137,0.456
2024-12-11,0.12,2.3,4.3,0.0,holiday,25.8,11.8,0,0.52,0.318,0.347,0.118,0.394,0.153,0.467
2024-12-12,0.132,6.0,4.4,0.0,holiday,26.6,6.8,0,0.579,0.1,0.257,0.0,0.387,0.219,0.407
2024-12-13,0.077,2.1,1.6,0.0,holiday,27.0,7.3,0,0.556,0.467,0.389,0.031,0.293,0.212,0.499
2024-12-14,0.098,2.1,2.3,0.0,holiday,25.2,9.8,0,0.757,0.513,0.544,0.122,0.721,0.378,0.529
2024-12-15,0.177,0.4,4.7,0.0,holiday,25.3,11.8,0,0.653,0.59,0.619,0.063,0.685,0.292,0.565
2024-12-16,0.125,5.2,3.9,0.0,holiday,26.3,6.8,0,0.552,0.291,0.299,,0.336,0.047,0.517
2024-12-17,0.162,1.0,4.2,0.0,holiday,26.6,5.0,0,0.608,0.382,0.432,0.085,0.436,0.164,0.542
2024-12-18,0.161,1.3,5.3,0.0,holiday,25.9,7.7,0,0.359,0.447,0.312,0.152,0.346,0.176,0.515
2024-12-19,0.125,2.7,4.3,0.0,holiday,25.2,9.0,0,0.325,0.328,0.414,0.026,0.399,,0.472
2024-12-20,0.073,8.6,2.1,0.0,holiday,26.2,6.8,0,0.511,0.183,0.458,0.03,0.349,0.228,0.421
2024-12-21,,1.7,4.1,0.0,holiday,23.6,12.0,0,0.585,0.572,0.633,0.081,0.58,0.356,0.569
2024-12-22,0.019,5.8,3.1,0.0,holiday,24.5,10.4,0,0.691,0.478,0.59,0.086,0.657,0.336,0.511
2024-12-23,0.184,,5.6,0.0,holiday,24.1,13.1,0,0.446,0.233,0.262,,0.285,0.103,0.455
2024-12-24,0.11,0.6,3.5,0.0,holiday,24.6,11.6,0,0.329,0.205,0.148,0.098,0.382,0.234,0.412
2024-12-25,,0.8,5.5,0.0,holiday,22.8,15.9,0,0.607,0.414,0.421,0.151,0.394,0.312,0.524
2024-12-26,0.04,2.9,2.4,0.0,holiday,23.4,16.6,0,0.426,0.437,0.313,0.03,0.356,0.156,0.459
2024-12-27,0.119,2.0,4.9,0.0,holiday,24.4,13.2,0,0.477,0.391,0.289,0.139,0.358,0.204,0.498
2024-12-28,0.159,5.8,3.9,0.0,holiday,24.9,9.5,0,0.644,0.542,0.627,0.059,0.538,0.304,0.557
2024-12-29,0.148,2.3,4.8,0.0,holiday,22.8,15.2,0,0.73,0.624,,0.083,0.576,0.374,0.618
2024-12-30,0.128,1.2,3.9,0.0,holiday,22.0,16.6,0,0.516,0.38,0.291,0.071,0.31,0.18,0.459
2024-12-31,,9.8,3.4,0.0,holiday,23.6,14.5,0,0.48,0.32,0.326,0.082,0.289,0.08,0.427
2025-01-01,0.204,3.0,5.9,0.0,holiday,23.1,15.5,0,0.573,0.279,0.231,0.053,0.315,0.175,0.52
2025-01-02,0.128,6.6,3.7,1.0,holiday,21.8,18.3,0,0.578,0.443,0.575,0.093,0.546,0.155,0.72
2025-01-03,0.083,5.9,0.9,0.0,holiday,22.9,17.0,0,0.534,0.341,0.386,0.005,0.41,0.1,0.497
2025-01-04,0.111,4.5,3.2,1.0,holiday,23.0,15.3,0,0.665,0.842,0.897,0.061,0.793,0.385,0.821
2025-01-05,0.192,3.7,6.3,0.0,holiday,22.0,17.0,0,0.541,,0.576,0.106,0.641,0.276,0.504
2025-01-06,0.112,,3.2,,holiday,22.1,15.6,0,0.506,,0.239,,0.283,0.139,0.41
2025-01-07,,0.5,2.5,0.0,holiday,21.7,14.6,0,0.526,0.338,0.34,0.094,0.315,0.197,0.49
2025-01-08,0.202,6.1,5.8,0.0,holiday,22.1,17.8,0,0.424,0.22,0.299,0.048,0.331,0.152,0.416
2025-01-09,0.2,0.8,5.3,0.0,holiday,21.5,18.8,0,0.576,,0.244,0.087,0.293,0.165,0.457
2025-01-10,0.042,10.5,2.2,0.0,holiday,21.4,19.0,0,0.524,0.333,0.387,0.073,0.347,0.19,0.478
2025-01-11,0.091,3.3,3.4,,holiday,20.2,21.1,0,0.654,0.807,0.856,0.048,0.751,0.332,0.862
2025-01-12,0.078,4.2,1.9,0.0,holiday,21.3,19.4,0,0.69,0.523,0.64,0.027,0.644,0.39,0.523
2025-01-13,0.148,2.4,3.6,0.0,holiday,20.0,19.6,0,0.494,0.357,0.354,0.058,0.44,0.159,0.502
2025-01-14,0.07,1.5,4.5,0.0,holiday,22.2,18.7,0,0.559,0.331,0.383,0.168,0.282,0.189,0.489
2025-01-15,0.143,0.9,4.2,0.0,holiday,19.4,19.8,0,0.6,0.215,0.277,0.058,0.347,0.155,0.483
2025-01-16,0.178,6.2,5.3,0.0,holiday,19.3,22.9,0,0.527,0.143,0.294,0.103,0.392,0.266,0.454
2025-01-17,0.056,5.1,1.7,1.0,holiday,19.5,21.0,0,0.564,0.4,0.503,0.115,0.501,0.133,0.743
2025-01-18,0.151,0.8,4.3,0.0,holiday,20.0,21.5,0,0.679,0.536,0.563,0.005,0.645,0.408,0.527
2025-01-19,0.173,3.4,2.8,0.0,holiday,18.9,20.4,0,0.677,0.462,0.602,0.109,,0.537,0.568
2025-01-20,0.185,10.4,5.4,0.0,holiday,19.3,21.7,0,0.57,0.182,0.145,0.041,0.273,0.213,0.396
2025-01-21,0.201,9.0,5.3,0.0,holiday,19.2,20.5,0,0.463,0.243,0.349,0.038,0.301,0.247,0.432
2025-01-22,0.163,2.4,5.1,0.0,holiday,18.9,22.2,0,0.546,0.353,0.271,,0.364,0.199,0.458
2025-01-23,0.155,3.7,5.3,0.0,holiday,17.0,22.0,0,0.514,0.339,0.287,0.11,0.343,0.176,0.485
2025-01-24,0.145,1.8,4.3,0.0,holiday,17.8,26.6,0,0.455,0.18,0.17,0.123,0.312,0.166,0.43
2025-01-25,0.109,3.0,2.3,0.0,holiday,17.4,26.2,0,0.601,0.527,0.707,0.062,0.497,0.414,0.556
2025-01-26,0.098,6.0,3.9,0.0,holiday,19.3,24.7,0,0.754,0.531,0.566,0.0,0.513,0.443,0.492
2025-01-27,0.196,6.6,5.5,0.0,holiday,17.2,24.2,0,0.579,0.296,,0.142,0.382,0.143,0.484
2025-01-28,0.159,7.1,4.4,0.0,holiday,17.5,26.4,0,0.537,0.134,0.317,,0.3,0.272,0.432
2025-01-29,0.208,7.4,4.6,0.0,holiday,17.0,25.6,0,,0.268,0.376,0.034,0.375,0.244,0.463
2025-01-30,0.035,1.9,2.7,0.0,holiday,18.2,21.0,0,0.656,0.217,0.306,0.08,0.32,0.248,0.421
2025-01-31,0.124,5.9,4.3,0.0,holiday,17.0,24.6,0,0.637,,0.383,0.098,0.331,0.189,0.448
2025-02-01,0.155,0.7,3.7,0.0,holiday,16.0,29.8,0,0.694,0.33,0.56,0.188,0.582,0.394,0.53
2025-02-02,0.126,5.1,4.1,0.0,holiday,16.3,25.8,0,0.689,0.458,0.691,0.006,0.63,0.386,0.555
2025-02-03,0.071,3.2,1.7,0.0,weekday,16.8,25.9,0,0.332,0.043,0.058,0.583,0.098,0.071,0.014
2025-02-04,0.063,2.0,1.8,0.0,weekday,16.6,27.0,0,0.447,0.0,0.0,0.716,0.09,0.063,0.02
2025-02-05,0.209,5.0,4.4,0.0,weekday,14.7,34.2,0,0.507,0.224,0.052,0.692,0.049,0.008,0.016
2025-02-06,0.225,10.6,3.8,0.0,weekday,15.2,26.5,0,0.438,0.116,0.0,0.656,0.117,0.102,0.015
2025-02-07,0.099,3.6,3.0,0.0,weekday,16.1,26.3,0,0.406,0.025,0.046,0.603,0.098,0.0,0.048
2025-02-08,0.101,3.0,3.2,0.0,holiday,16.3,29.8,0,0.707,0.458,,0.133,0.588,0.361,0.536
2025-02-09,0.133,3.4,6.2,0.0,holiday,13.1,30.9,0,0.718,0.382,0.574,0.091,0.495,0.426,0.495
2025-02-10,0.204,3.6,5.2,1.0,weekday,14.5,32.8,0,0.43,0.378,0.269,0.63,0.263,0.0,0.296
2025-02-11,0.115,5.0,3.1,0.0,weekday,14.0,31.0,0,0.413,0.04,0.033,0.633,0.0,0.047,0.0
2025-02-12,0.036,7.7,1.4,0.0,weekday,14.4,29.4,0,,0.054,0.03,0.721,0.059,0.0,0.028
2025-02-13,0.205,3.9,5.0,0.0,weekday,13.8,32.6,0,0.458,0.0,0.029,0.646,0.088,,0.057
2025-02-14,0.105,3.1,4.7,0.0,weekday,13.6,32.1,0,0.37,0.0,0.035,0.727,0.01,0.064,0.0
2025-02-15,0.103,3.3,3.3,0.0,holiday,13.2,32.5,0,0.708,0.359,0.519,,0.531,0.551,0.512
2025-02-16,0.119,2.2,3.6,,holiday,12.0,35.0,0,0.687,0.382,0.578,0.191,0.443,0.473,0.53
2025-02-17,0.152,6.5,5.4,0.0,weekday,13.2,34.1,0,0.557,0.069,0.106,0.692,0.013,0.0,0.03
2025-02-18,0.158,2.6,5.1,1.0,weekday,12.2,34.6,0,0.32,0.167,0.277,0.744,0.185,0.046,0.26
2025-02-19,0.131,5.3,3.9,0.0,weekday,13.8,35.0,0,0.481,0.0,0.022,0.695,0.061,0.0,0.0
2025-02-20,0.199,3.2,6.9,0.0,weekday,12.4,33.7,0,0.448,0.076,0.03,0.638,0.017,,0.053
2025-02-21,0.16,2.2,4.3,0.0,weekday,12.8,35.0,0,0.492,0.005,0.0,0.735,0.083,0.0,0.006
2025-02-22,0.13,6.4,2.3,0.0,holiday,10.8,35.0,0,0.697,0.323,0.645,0.163,0.567,0.417,0.528
2025-02-23,0.11,4.3,3.6,0.0,holiday,11.8,34.6,0,0.749,0.312,0.569,0.098,0.536,0.326,0.492
2025-02-24,0.153,6.0,4.1,0.0,weekday,12.1,35.0,0,0.427,0.0,0.0,0.64,0.046,0.082,0.0
2025-02-25,0.224,8.8,4.8,0.0,weekday,9.7,35.0,0,0.285,0.0,0.057,0.624,0.019,0.206,0.0
2025-02-26,0.216,0.9,8.4,0.0,weekday,11.7,35.0,0,0.494,0.048,0.002,0.702,,0.178,0.0
2025-02-27,0.144,5.1,4.9,0.0,weekday,10.7,33.6,0,0.462,0.0,0.0,0.615,0.053,0.122,0.006
2025-02-28,0.014,1.9,0.8,0.0,weekday,9.4,34.5,0,0.403,0.0,0.044,0.67,0.013,0.17,0.008
2025-03-01,0.18,1.4,4.2,0.0,holiday,9.7,35.0,0,0.601,0.386,0.647,0.09,0.523,0.362,0.478
2025-03-02,,0.7,4.2,0.0,holiday,10.4,35.0,0,0.729,0.427,0.61,0.156,0.468,0.557,0.5
2025-03-03,0.132,6.6,3.7,1.0,weekday,9.8,35.0,0,0.42,,0.238,0.659,0.237,0.05,0.229
2025-03-04,0.097,0.1,2.6,0.0,weekday,9.9,33.6,0,0.556,0.0,0.0,0.748,0.021,0.012,0.0
2025-03-05,0.096,3.0,3.3,0.0,weekday,8.8,35.0,0,0.449,0.0,0.076,0.66,0.0,0.114,0.0
2025-03-06,0.032,1.1,1.8,0.0,weekday,8.7,33.1,0,0.563,0.042,0.002,0.663,0.12,0.048,0.02
2025-03-07,0.131,1.7,3.5,0.0,weekday,10.0,34.7,0,0.426,0.0,0.0,0.649,0.052,0.091,0.0
2025-03-08,0.141,1.8,4.1,0.0,holiday,10.0,34.8,0,0.685,0.499,0.688,0.106,0.503,0.417,0.551
2025-03-09,0.12,0.9,3.7,1.0,holiday,7.5,35.0,0,0.631,0.738,0.814,0.168,0.754,0.457,0.815
2025-03-10,0.212,3.9,5.2,0.0,weekday,7.9,35.0,0,0.384,0.0,0.004,0.63,0.0,,0.01
2025-03-11,0.189,3.1,5.2,0.0,weekday,7.1,35.0,0,0.413,0.001,0.042,0.672,0.058,0.016,0.024
2025-03-12,0.234,7.7,6.1,0.0,weekday,8.0,35.0,0,0.355,0.006,0.0,0.614,0.011,0.14,0.0
2025-03-13,0.078,0.5,1.7,1.0,weekday,7.6,35.0,0,0.504,0.326,0.379,0.655,0.24,0.097,0.341
2025-03-14,0.166,3.7,3.8,0.0,weekday,8.1,34.5,0,0.512,0.011,0.0,0.637,0.021,0.127,0.046
2025-03-15,,4.2,4.8,0.0,holiday,7.2,35.0,0,0.689,0.214,0.485,,0.516,0.405,0.426
2025-03-16,0.145,1.2,4.7,0.0,holiday,7.7,33.7,0,0.773,0.421,0.589,0.096,0.504,0.462,0.482
2025-03-17,0.16,2.1,4.9,0.0,weekday,5.9,35.0,0,0.53,0.07,0.0,0.786,0.051,0.124,0.017
2025-03-18,0.132,4.0,3.7,1.0,weekday,7.6,30.9,0,0.625,0.351,0.263,0.703,0.102,0.125,0.293
2025-03-19,0.164,8.6,4.9,1.0,weekday,6.3,35.0,0,0.38,0.209,0.18,0.546,0.194,0.06,0.287
2025-03-20,0.097,3.2,2.9,1.0,weekday,6.7,35.0,0,0.574,0.245,0.192,0.778,0.199,0.123,0.291
2025-03-21,0.15,5.5,4.1,0.0,weekday,7.0,32.2,0,0.489,0.051,0.0,0.61,0.041,0.058,0.012
2025-03-22,,2.1,4.9,0.0,holiday,7.3,35.0,0,0.726,0.445,0.583,0.152,0.575,0.434,0.529
2025-03-23,0.187,2.9,6.4,0.0,holiday,6.0,35.0,0,0.702,0.472,0.616,0.154,0.542,0.455,0.552
2025-03-24,0.127,4.4,3.0,0.0,weekday,6.3,35.0,0,0.433,0.018,0.0,,0.042,0.072,0.0
2025-03-25,0.193,8.2,3.9,0.0,weekday,5.6,33.5,0,0.339,0.034,0.0,0.637,0.022,0.123,0.0
2025-03-26,0.078,3.1,3.4,0.0,weekday,6.2,34.3,0,0.424,0.074,0.013,0.698,0.0,0.154,0.0
2025-03-27,0.138,2.3,3.9,0.0,weekday,7.2,34.4,0,0.499,0.0,0.0,0.683,0.075,0.068,0.035
2025-03-28,0.211,2.5,5.8,0.0,weekday,6.4,35.0,0,0.396,0.04,0.0,0.649,0.0,0.181,0.033
2025-03-29,0.076,2.0,2.5,,holiday,5.4,35.0,0,0.604,0.335,0.546,0.1,0.501,0.523,0.463
2025-03-30,0.108,2.6,4.0,0.0,holiday,7.6,34.1,0,0.879,0.45,0.546,0.147,0.555,0.473,0.476
2025-03-31,0.113,2.0,2.8,0.0,weekday,4.8,35.0,0,0.448,0.051,0.0,0.601,0.059,0.189,0.028
2025-04-01,0.179,4.9,3.9,,weekday,5.8,0.7,0,0.448,,0.014,0.526,0.016,0.086,0.0
2025-04-02,0.22,2.7,4.2,0.0,weekday,4.7,1.0,0,0.404,0.0,0.0,0.636,0.0,0.129,0.037
2025-04-03,0.145,4.0,4.6,0.0,weekday,4.4,0.8,0,0.468,,0.009,0.678,0.056,0.071,0.0
2025-04-04,0.124,4.3,3.8,0.0,weekday,5.0,0.0,0,0.447,0.0,0.0,,0.0,0.084,0.0
2025-04-05,0.209,3.1,3.8,,holiday,4.2,4.1,0,0.766,0.376,,0.163,0.477,0.419,0.448
2025-04-06,0.223,0.5,6.3,0.0,holiday,4.5,0.9,0,0.754,0.373,0.577,0.08,0.486,0.444,0.516
2025-04-07,0.111,5.5,3.0,0.0,weekday,3.8,0.0,0,0.496,0.0,0.03,0.692,0.005,0.06,0.026
2025-04-08,0.103,1.2,3.8,0.0,weekday,4.4,0.0,0,0.526,0.024,0.066,0.69,0.006,0.114,0.007
2025-04-09,0.112,4.6,4.0,0.0,weekday,3.3,0.0,0,0.323,0.097,0.0,0.618,0.001,0.065,0.001
2025-04-10,0.142,4.3,5.4,0.0,weekday,2.9,0.5,0,0.481,0.0,0.0,0.708,0.098,0.191,0.0
2025-04-11,0.157,2.2,4.8,0.0,weekday,3.1,0.1,0,0.489,0.0,0.037,0.619,0.0,0.158,0.0
2025-04-12,0.07,3.7,1.9,1.0,holiday,4.5,0.2,0,0.708,0.663,0.789,0.174,0.735,0.413,0.81
2025-04-13,0.074,1.1,2.4,0.0,holiday,4.2,0.0,0,0.731,0.384,,0.167,0.484,0.487,0.489
2025-04-14,0.167,3.3,4.6,0.0,weekday,5.4,0.8,0,0.488,0.015,0.0,0.663,0.009,0.182,0.0
2025-04-15,0.12,2.9,4.3,0.0,weekday,3.2,1.9,0,0.466,0.089,0.0,0.645,0.05,0.143,0.0
2025-04-16,0.454,1.6,2.8,0.0,weekday,2.6,0.3,1,0.523,0.0,0.0,0.607,0.014,0.177,0.0
2025-04-17,0.087,1.6,3.8,0.0,weekday,3.5,0.9,0,0.467,0.07,0.0,0.694,0.035,0.065,0.004
2025-04-18,0.212,6.9,6.0,0.0,weekday,3.1,0.0,0,0.424,0.0,0.0,0.699,,0.017,0.0
2025-04-19,0.05,3.1,1.1,0.0,holiday,3.8,0.0,0,0.71,0.292,0.584,0.133,0.463,0.519,0.41
2025-04-20,0.122,3.3,3.1,0.0,holiday,4.4,0.0,0,0.699,0.405,0.588,0.155,0.519,0.362,0.466
2025-04-21,0.099,4.8,2.3,0.0,weekday,2.7,3.1,0,0.352,0.102,0.0,0.601,0.041,0.085,0.006
2025-04-22,0.12,0.7,3.6,0.0,weekday,3.4,1.4,0,0.61,0.0,0.044,0.693,0.0,0.133,0.03
2025-04-23,0.055,5.0,1.7,0.0,weekday,4.2,0.0,0,0.342,0.0,0.0,0.693,,0.087,0.0
2025-04-24,0.082,1.1,2.7,0.0,weekday,2.6,0.0,0,0.585,0.101,0.0,0.683,0.008,0.067,0.032
2025-04-25,0.052,2.2,2.7,1.0,weekday,3.0,1.5,0,0.308,0.302,0.241,0.657,0.156,0.1,0.263
2025-04-26,0.174,1.4,4.4,0.0,holiday,3.1,0.0,0,0.742,0.463,0.55,0.11,0.619,0.44,0.473
2025-04-27,0.0,4.8,0.2,0.0,holiday,3.0,0.0,0,0.81,0.18,0.523,0.163,0.519,0.512,0.42
2025-04-28,0.142,6.3,3.3,1.0,weekday,3.0,4.0,0,0.363,0.265,0.326,0.674,0.162,0.145,0.249
2025-04-29,0.108,5.2,4.1,0.0,weekday,1.2,0.0,0,0.468,0.0,0.0,0.681,0.0,0.18,0.062
2025-04-30,0.089,10.0,2.6,0.0,weekday,2.0,0.0,0,0.442,0.125,0.029,0.607,0.04,0.114,0.056
2025-05-01,0.027,,2.8,,holiday,1.7,0.6,0,0.543,0.095,0.261,0.031,0.185,0.24,0.341
2025-05-02,0.147,5.9,3.9,0.0,holiday,3.2,0.0,0,0.755,0.079,0.269,0.11,0.216,0.3,0.36
2025-05-03,0.176,2.5,5.2,0.0,holiday,1.9,0.0,0,0.611,0.355,0.606,0.044,0.477,0.475,0.459
2025-05-04,,3.9,5.4,0.0,holiday,1.7,0.0,0,,0.436,0.507,0.168,0.509,0.455,0.489
2025-05-05,0.174,,5.9,0.0,holiday,3.3,0.0,0,0.44,0.243,0.329,0.023,0.2,0.346,0.421
2025-05-06,0.156,4.0,3.6,0.0,holiday,2.2,0.0,0,0.634,,0.255,0.092,0.254,0.312,0.391
2025-05-07,0.122,2.4,4.6,0.0,holiday,1.2,0.0,0,0.534,0.258,0.182,0.0,,0.331,0.408
2025-05-08,0.187,6.0,4.7,0.0,holiday,3.6,0.0,0,0.452,0.096,0.303,0.09,,0.407,0.372
2025-05-09,0.092,3.1,2.9,0.0,holiday,2.4,0.0,0,0.481,0.269,0.248,0.001,0.245,0.375,0.369
2025-05-10,0.212,0.9,5.7,1.0,holiday,2.9,0.0,0,0.688,0.593,0.861,0.0,0.735,0.439,0.727
2025-05-11,0.023,2.0,1.4,1.0,holiday,1.5,1.6,0,0.726,0.66,0.89,0.11,0.745,0.48,0.77
2025-05-12,0.091,3.3,3.6,0.0,holiday,4.2,0.0,0,0.628,0.074,0.263,0.127,0.135,0.296,0.369
2025-05-13,0.071,1.0,1.7,0.0,holiday,2.4,0.0,0,0.492,0.138,0.248,0.013,0.319,0.343,0.423
2025-05-14,0.067,5.0,1.6,0.0,holiday,1.6,0.1,0,0.481,0.327,0.3,0.026,0.231,0.321,0.418
2025-05-15,0.073,2.0,2.3,0.0,holiday,2.7,0.0,0,0.567,0.14,0.224,0.131,0.193,,0.375
2025-05-16,0.077,1.4,1.9,1.0,,2.4,0.7,0,0.68,0.388,0.522,0.116,0.536,0.326,0.638
2025-05-17,0.094,1.5,3.1,0.0,holiday,2.8,0.0,0,0.67,0.32,0.582,0.146,0.485,0.417,0.517
2025-05-18,0.111,1.1,4.9,0.0,holiday,2.1,0.4,0,0.668,0.428,0.549,0.085,0.513,0.468,0.447
2025-05-19,0.145,2.3,3.7,0.0,holiday,3.1,3.6,0,0.564,0.347,0.2,0.091,0.253,0.275,0.464
2025-05-20,0.113,,4.8,0.0,holiday,1.5,0.4,0,0.571,0.25,0.275,0.063,0.205,0.312,0.387
2025-05-21,0.103,0.9,4.1,0.0,holiday,2.6,0.0,0,0.588,0.303,0.222,0.096,0.321,0.329,0.422
2025-05-22,0.183,7.3,5.2,0.0,holiday,4.2,0.3,0,0.487,0.098,0.293,0.014,0.163,0.311,0.415
2025-05-23,0.14,1.6,4.6,0.0,holiday,2.2,0.2,0,0.528,0.125,0.319,0.054,0.284,,0.45
2025-05-24,0.303,0.7,8.8,0.0,holiday,3.7,2.1,0,0.701,0.514,0.589,0.14,0.382,0.477,0.51
2025-05-25,0.052,6.3,2.2,0.0,holiday,2.8,2.1,0,0.66,0.442,,0.054,0.451,0.437,0.503
2025-05-26,0.15,1.2,4.7,0.0,,2.1,1.0,0,0.578,0.236,0.315,0.096,0.284,0.293,0.418
2025-05-27,0.141,2.8,3.8,0.0,holiday,2.5,0.0,0,0.579,0.146,0.175,0.098,0.211,0.344,0.4
2025-05-28,0.058,1.1,2.7,0.0,holiday,2.3,0.0,0,0.487,0.295,0.292,0.135,,0.308,0.456
2025-05-29,0.014,4.9,1.3,0.0,holiday,2.8,0.0,0,0.427,0.303,0.321,0.084,0.267,0.287,0.384
2025-05-30,0.141,3.2,3.7,0.0,holiday,2.7,1.1,0,0.636,,0.323,0.082,0.261,0.314,0.401
2025-05-31,0.065,6.3,1.2,0.0,holiday,3.7,0.0,0,0.659,0.447,0.579,0.093,0.505,0.475,0.489
2025-06-01,0.066,2.1,1.8,0.0,holiday,4.1,1.5,0,0.679,0.221,0.492,0.116,0.524,0.467,0.431
2025-06-02,0.119,0.5,3.4,0.0,weekday,4.1,0.0,0,0.496,0.096,0.0,0.668,0.0,0.107,0.014
2025-06-03,0.13,4.3,4.1,1.0,weekday,4.3,0.0,0,0.394,0.305,0.245,0.626,0.302,0.103,0.259
2025-06-04,0.119,3.3,4.0,0.0,weekday,2.7,0.0,0,0.396,0.09,0.054,0.58,0.067,0.156,0.022
2025-06-05,0.15,4.9,3.0,0.0,weekday,4.1,0.0,0,0.436,0.015,0.09,0.645,0.02,,0.0
2025-06-06,0.077,2.5,2.6,0.0,weekday,5.1,0.0,0,0.46,0.0,0.063,0.734,0.029,0.041,0.011
2025-06-07,0.112,1.6,3.6,0.0,holiday,4.6,0.8,0,0.707,0.392,0.577,,0.516,0.477,0.51
2025-06-08,,19.6,5.3,0.0,holiday,3.7,0.0,0,0.602,0.189,0.53,0.011,0.54,0.375,0.393
2025-06-09,0.189,21.4,2.6,0.0,weekday,3.9,2.9,0,0.401,0.0,0.13,0.623,0.003,0.098,0.0
2025-06-10,,20.7,2.3,,weekday,6.2,0.8,0,0.472,0.0,0.0,0.583,0.0,0.131,0.0
2025-06-11,0.145,21.4,3.1,0.0,weekday,3.6,0.0,0,0.378,0.0,0.0,0.563,0.017,0.174,0.0
2025-06-12,0.165,25.3,3.4,0.0,weekday,4.8,0.0,0,0.506,,0.0,0.622,0.015,0.08,0.0
2025-06-13,0.256,20.7,6.2,0.0,weekday,4.3,0.8,0,0.486,0.0,0.076,0.619,0.0,0.166,0.0
2025-06-14,0.178,19.9,4.4,0.0,holiday,5.2,0.0,0,0.579,0.303,0.466,0.033,0.616,0.432,0.455
2025-06-15,0.178,19.6,2.6,0.0,holiday,5.2,0.9,0,0.723,0.21,0.535,0.099,0.549,0.545,0.413
2025-06-16,0.19,21.3,4.0,0.0,weekday,6.1,0.0,0,0.413,0.0,0.012,0.602,0.0,0.107,0.012
2025-06-17,0.272,,4.4,0.0,weekday,4.4,0.4,0,0.533,0.0,0.014,0.628,0.042,0.06,0.0
2025-06-18,0.288,20.5,6.1,0.0,weekday,6.0,0.0,0,0.313,0.0,,0.637,0.035,0.062,0.0
2025-06-19,0.19,21.0,4.0,0.0,weekday,5.5,3.5,0,0.411,0.0,0.03,0.647,0.0,,0.0
2025-06-20,0.172,25.4,2.9,0.0,weekday,6.2,0.0,0,0.37,0.0,0.044,0.639,0.013,0.075,0.0
2025-06-21,0.117,,1.1,0.0,holiday,5.7,0.0,0,0.666,0.363,0.535,0.1,0.471,0.482,0.373
2025-06-22,0.111,18.9,1.6,0.0,holiday,6.4,0.7,0,0.518,0.423,0.649,0.035,0.495,0.444,0.472
2025-06-23,0.175,21.5,4.3,0.0,weekday,7.0,0.0,0,0.416,0.0,0.036,0.74,0.0,0.093,0.0
2025-06-24,0.299,21.9,6.9,0.0,weekday,8.6,0.9,0,0.398,0.0,0.014,0.606,0.018,0.113,0.0
2025-06-25,0.141,19.8,2.1,0.0,weekday,7.8,0.2,0,0.441,0.0,0.085,0.592,0.029,0.027,0.0
2025-06-26,0.159,22.1,4.0,0.0,weekday,6.4,0.0,0,0.366,,0.041,,0.0,0.106,0.0
2025-06-27,0.149,18.2,4.4,0.0,weekday,5.8,0.0,0,0.299,0.0,0.0,0.663,0.018,0.174,0.0
2025-06-28,0.275,23.2,4.8,0.0,holiday,5.5,0.0,0,0.632,0.361,0.624,0.11,0.556,0.532,0.436
2025-06-29,,21.9,3.1,0.0,holiday,8.2,1.2,0,0.817,0.448,0.694,,0.468,0.452,0.506
2025-06-30,0.205,24.3,4.8,0.0,weekday,8.5,0.0,0,0.546,0.0,0.037,0.603,0.0,0.041,0.0
2025-07-01,0.184,19.0,4.4,0.0,weekday,7.3,0.0,0,0.391,0.0,0.137,0.55,0.032,0.019,0.0
2025-07-02,0.201,21.5,5.6,0.0,weekday,6.7,0.0,0,0.486,0.0,0.014,0.591,0.08,0.152,0.0
2025-07-03,0.183,20.3,3.8,0.0,weekday,8.0,0.5,0,0.4,0.0,0.078,0.678,0.011,0.127,0.0
2025-07-04,0.174,20.2,3.8,0.0,weekday,6.0,0.2,0,0.329,0.111,0.0,0.629,0.066,0.196,0.0
2025-07-05,0.153,23.0,2.6,,holiday,9.2,0.0,0,0.651,0.356,0.636,0.024,0.58,0.446,0.419
2025-07-06,0.108,19.5,2.9,0.0,holiday,9.7,1.1,0,0.734,0.321,0.583,0.127,0.532,0.423,0.43
2025-07-07,0.19,20.7,3.7,0.0,weekday,9.3,0.0,0,0.421,0.0,0.0,0.603,0.0,0.137,0.0
2025-07-08,0.205,18.6,5.1,0.0,weekday,8.6,0.1,0,0.422,0.0,0.0,0.582,0.0,0.108,0.021
2025-07-09,0.178,22.1,3.7,0.0,weekday,9.0,0.4,0,0.498,,0.0,0.747,0.0,0.088,0.028
2025-07-10,0.187,20.4,4.4,0.0,weekday,8.4,1.5,0,0.464,0.0,0.098,0.559,0.059,0.081,0.0
2025-07-11,0.168,22.3,2.5,1.0,weekday,7.6,0.2,0,0.447,0.146,0.296,0.602,0.241,0.117,0.232
2025-07-12,,20.8,4.8,0.0,holiday,10.0,0.0,0,0.684,0.271,0.624,0.0,,0.361,0.413
2025-07-13,0.204,21.0,5.2,0.0,holiday,10.7,0.1,0,0.58,0.44,0.62,0.102,0.532,0.392,0.468
2025-07-14,,20.6,4.3,0.0,weekday,10.5,1.7,0,0.353,0.044,0.022,0.681,0.0,0.044,0.016
2025-07-15,0.243,22.0,4.9,0.0,weekday,10.8,1.1,0,0.434,0.0,0.013,0.669,0.069,0.171,0.0
2025-07-16,0.178,20.3,3.3,0.0,weekday,12.0,0.0,0,0.236,0.0,0.015,0.557,0.043,0.192,0.0
2025-07-17,0.275,22.3,5.0,0.0,weekday,10.5,0.8,0,,0.0,0.049,0.697,0.063,0.086,0.0
2025-07-18,,22.1,1.6,,weekday,11.1,0.6,0,0.473,0.0,0.0,0.676,0.033,0.027,0.002
2025-07-19,0.166,3.7,6.1,0.0,holiday,10.2,0.0,0,0.638,0.501,0.636,0.112,0.504,,0.511
2025-07-20,0.196,0.3,5.5,0.0,holiday,10.8,3.2,0,0.727,0.352,,0.082,0.541,0.393,0.485
2025-07-21,0.255,2.8,7.5,0.0,weekday,11.3,2.2,0,0.292,0.0,0.0,0.522,0.082,0.029,0.027
2025-07-22,0.079,0.7,2.9,0.0,weekday,10.1,3.3,0,0.515,0.067,0.039,0.658,0.0,0.149,0.033
2025-07-23,0.132,1.7,4.4,0.0,weekday,12.5,2.8,0,0.376,0.06,0.087,0.599,,0.116,0.0
2025-07-24,0.052,3.1,2.5,0.0,weekday,11.8,1.2,0,0.479,0.078,0.132,0.766,0.029,0.105,0.029
2025-07-25,0.497,5.3,4.8,0.0,weekday,12.3,0.2,1,0.498,0.0,0.03,,0.074,0.082,0.0
2025-07-26,0.178,6.4,2.9,0.0,holiday,11.5,1.4,0,0.746,0.545,0.634,0.102,0.452,0.355,0.506
2025-07-27,0.298,5.9,6.8,0.0,holiday,13.1,3.6,0,0.692,0.387,0.56,0.075,0.544,0.465,0.419
2025-07-28,0.135,2.8,3.3,0.0,weekday,12.6,0.0,0,0.531,0.0,0.0,0.688,0.184,0.036,0.0
2025-07-29,0.111,6.1,4.8,0.0,weekday,12.4,0.3,0,,0.0,0.0,0.711,0.005,0.046,0.031
2025-07-30,0.228,4.1,7.2,0.0,weekday,13.4,0.0,0,0.378,0.06,0.0,0.635,0.029,0.121,0.004
2025-07-31,0.158,3.3,3.0,0.0,weekday,14.8,0.0,0,0.324,0.0,0.0,0.58,0.088,0.014,0.009
2025-08-01,0.311,13.3,7.3,0.0,holiday,15.8,0.0,0,0.445,0.243,0.294,0.028,0.242,0.221,0.405
2025-08-02,0.181,10.5,6.2,0.0,holiday,15.2,0.8,0,0.838,0.37,0.546,0.041,0.458,0.417,0.533
2025-08-03,0.178,10.1,5.3,0.0,holiday,14.9,2.8,0,0.673,0.457,0.597,0.243,0.522,0.359,0.476
2025-08-04,0.264,,6.5,0.0,holiday,14.7,0.0,0,,0.18,0.231,0.113,0.261,0.148,0.419
2025-08-05,0.273,9.9,7.7,0.0,holiday,14.2,1.6,0,0.742,0.113,0.364,0.143,0.241,0.206,0.435
2025-08-06,0.212,10.2,6.8,0.0,holiday,15.6,1.7,0,0.61,0.176,0.249,0.094,0.286,,0.436
2025-08-07,0.343,12.0,9.1,0.0,holiday,15.4,2.6,0,0.493,0.261,0.33,0.08,0.38,0.27,0.414
2025-08-08,0.639,10.9,7.9,0.0,holiday,15.2,1.6,1,,0.341,0.286,0.049,0.287,0.208,0.459
2025-08-09,0.302,15.1,8.0,0.0,holiday,15.8,3.1,0,0.553,0.249,0.511,0.04,0.531,0.347,0.448
2025-08-10,0.248,12.9,7.2,,holiday,14.5,0.6,0,0.675,0.549,0.609,0.102,0.613,0.351,0.49
2025-08-11,0.25,16.1,6.7,0.0,holiday,16.0,0.0,0,0.59,0.392,0.299,,0.348,0.21,0.437
2025-08-12,0.219,11.3,6.0,0.0,holiday,17.0,0.0,0,0.579,0.162,0.234,0.022,0.281,0.249,0.366
2025-08-13,0.331,11.1,9.4,0.0,holiday,16.0,0.0,0,0.568,0.148,0.157,0.082,0.285,0.256,0.41
2025-08-14,0.246,13.0,6.8,0.0,holiday,17.3,0.9,0,0.552,0.246,0.283,0.084,0.276,0.24,0.421
2025-08-15,0.191,11.5,6.3,0.0,holiday,18.0,0.9,0,0.586,0.243,0.235,0.091,0.233,0.14,0.441
2025-08-16,0.209,9.0,6.3,0.0,holiday,17.9,1.8,0,0.711,0.605,0.672,0.09,0.568,0.336,0.575
2025-08-17,0.299,11.4,7.1,1.0,holiday,15.7,1.2,0,0.579,0.713,0.811,0.03,0.716,0.374,0.802
2025-08-18,,11.8,7.8,0.0,holiday,17.6,2.0,0,0.736,0.263,0.286,0.084,,0.126,0.429
2025-08-19,0.272,11.9,6.5,0.0,holiday,17.2,0.3,0,0.534,0.25,0.308,0.132,0.205,0.2,0.451
2025-08-20,0.195,10.6,7.0,0.0,holiday,19.1,0.0,0,0.461,0.136,0.269,0.062,0.305,0.245,0.477
2025-08-21,0.304,13.3,8.5,0.0,holiday,20.7,0.0,0,0.641,0.266,0.209,0.061,0.378,0.086,0.429
2025-08-22,0.299,11.5,6.1,0.0,holiday,18.6,0.0,0,0.573,,0.256,0.005,0.268,0.256,0.362
2025-08-23,,11.1,8.0,0.0,holiday,18.4,0.0,0,0.437,0.506,0.66,0.035,0.492,0.421,0.523
2025-08-24,0.276,11.1,7.1,0.0,holiday,20.1,0.0,0,0.873,0.291,0.574,0.132,0.549,0.312,0.516
2025-08-25,0.232,17.1,6.3,0.0,holiday,17.1,0.1,0,0.495,0.3,0.405,0.084,,0.263,0.438
2025-08-26,0.33,10.2,8.3,0.0,holiday,19.7,0.0,0,0.548,0.298,0.268,0.116,0.37,0.203,0.472
2025-08-27,0.244,9.0,7.0,0.0,holiday,20.4,0.0,0,0.474,0.286,0.246,0.027,0.272,0.202,0.443
2025-08-28,0.241,12.5,6.8,0.0,holiday,18.6,0.0,0,0.468,0.227,0.333,0.0,0.287,0.179,0.414
2025-08-29,0.251,14.1,7.8,1.0,holiday,20.5,1.8,0,0.716,0.494,0.535,,0.58,0.272,0.736
2025-08-30,0.657,12.9,8.9,0.0,holiday,21.1,0.0,1,0.52,0.489,0.633,0.011,0.589,0.357,0.584
2025-08-31,0.302,,9.2,0.0,holiday,20.0,0.0,0,0.657,0.41,0.493,0.0,0.663,0.442,0.474
2025-09-01,0.216,11.0,5.8,0.0,weekday,21.6,2.2,0,0.331,0.038,0.069,0.576,0.126,0.015,0.026
2025-09-02,0.09,10.3,4.1,0.0,weekday,21.7,0.0,0,0.493,0.0,0.0,0.684,0.188,0.029,0.04
2025-09-03,0.204,8.8,6.1,0.0,weekday,22.8,0.0,0,0.557,0.0,0.059,0.708,,0.0,0.033
2025-09-04,0.167,9.3,6.8,0.0,weekday,19.8,0.0,0,0.379,0.078,0.0,0.609,0.111,0.0,0.016
2025-09-05,0.235,11.6,6.8,0.0,weekday,22.4,2.0,0,0.323,0.043,0.039,0.562,0.106,0.069,0.0
2025-09-06,0.189,11.4,5.9,0.0,holiday,23.1,1.8,0,0.727,0.49,0.544,0.124,0.594,0.299,0.483
2025-09-07,0.208,10.6,5.2,0.0,holiday,22.0,1.4,0,0.655,0.467,0.641,0.037,0.425,0.331,0.529
2025-09-08,0.214,9.8,6.7,0.0,weekday,21.9,0.2,0,0.393,0.0,0.144,0.56,0.099,0.0,0.011
2025-09-09,0.258,10.1,7.3,0.0,,22.4,0.0,0,0.446,0.079,0.042,0.654,0.046,0.057,0.05
2025-09-10,0.24,13.4,6.2,0.0,weekday,21.8,0.0,0,0.454,0.0,0.0,0.598,0.114,0.009,0.033
2025-09-11,0.274,12.5,6.2,0.0,weekday,23.2,3.2,0,0.407,0.0,0.043,0.704,0.079,0.027,0.0
