date,wind_speed_mps,flight_delay_count,rainfall_mm,typhoon_alert_flag,holiday,temperature_c,snowfall_cm,event_local_flag,mobility_inflow_index,tourist_inflow_count,lodging_occupancy_ratio,rail_ridership,temple_shrine_visits,onsen_visitors_count,y
2023-09-13,7.2,0.277,10.4,0,weekday,22.5,0.0,0.0,0.528,0.0,0.066,0.715,0.131,0.112,0.235
2023-09-14,7.5,0.215,14.0,0,weekday,24.4,0.7,0.0,0.517,0.171,0.002,0.616,,0.0,0.197
2023-09-15,10.8,,9.7,0,weekday,23.9,3.3,0.0,0.559,0.0,0.197,0.734,0.051,0.0,0.208
2023-09-16,9.6,0.289,10.3,0,holiday,24.6,3.6,0.0,0.565,0.541,0.589,0.108,,0.364,0.335
2023-09-17,7.9,0.226,16.9,0,holiday,23.5,0.0,0.0,0.745,0.483,0.56,0.026,0.512,0.329,0.404
2023-09-18,8.2,0.241,12.8,0,weekday,24.3,0.0,0.0,,0.0,0.0,0.597,0.08,0.0,0.27
2023-09-19,9.2,0.285,14.6,0,weekday,25.3,3.5,1.0,0.376,0.422,0.263,0.663,0.206,0.0,0.213
2023-09-20,7.8,0.191,11.3,0,weekday,25.4,1.0,0.0,0.433,0.06,0.0,0.677,0.04,0.0,0.257
2023-09-21,8.2,0.24,10.9,0,weekday,25.1,1.7,0.0,0.45,0.001,0.017,0.678,0.101,0.027,0.221
2023-09-22,7.9,0.244,10.0,0,weekday,23.8,1.0,0.0,0.505,,0.037,0.616,,0.0,0.245
2023-09-23,6.4,0.147,11.5,0,holiday,24.1,0.0,0.0,0.582,0.549,0.57,0.171,0.56,0.344,0.417
2023-09-24,8.2,0.223,,0,holiday,25.0,0.0,1.0,0.669,0.656,0.766,0.13,0.795,0.391,0.313
2023-09-25,7.8,0.173,8.7,0,weekday,24.7,0.6,0.0,0.408,0.187,,0.718,0.034,,0.271
2023-09-26,7.2,0.192,8.4,0,weekday,26.1,1.6,0.0,0.472,0.115,0.044,0.652,0.095,0.0,0.327
2023-09-27,9.4,0.261,9.7,0,weekday,25.0,0.3,0.0,0.496,0.002,0.0,0.589,0.148,0.0,0.258
2023-09-28,7.1,0.228,9.2,0,weekday,24.7,0.0,0.0,0.285,0.044,0.008,0.603,0.112,0.013,0.248
2023-09-29,8.7,,14.1,0,weekday,25.2,0.0,0.0,0.536,0.042,0.0,0.671,0.151,0.022,0.26
2023-09-30,9.3,0.243,12.1,0,holiday,25.9,0.6,1.0,0.746,0.619,0.889,0.113,0.753,0.326,0.373
2023-10-01,4.3,0.108,3.2,0,holiday,25.0,0.0,1.0,,0.925,0.857,0.174,0.816,0.336,0.503
2023-10-02,7.2,0.2,4.0,0,weekday,26.3,0.1,0.0,0.494,0.154,0.004,0.621,0.09,0.0,0.339
2023-10-03,6.1,0.179,1.4,0,weekday,26.9,0.0,0.0,0.358,0.0,0.011,0.655,0.13,0.0,0.375
2023-10-04,5.8,0.162,1.6,0,weekday,26.8,1.8,1.0,0.52,0.329,0.232,0.738,0.294,0.0,0.328
2023-10-05,6.0,0.147,2.1,0,weekday,25.5,1.2,0.0,,0.14,0.1,0.587,0.105,0.042,0.327
2023-10-06,6.5,0.202,5.7,0,weekday,26.8,2.1,0.0,0.499,0.046,0.071,,0.109,0.008,0.307
2023-10-07,4.4,0.195,11.9,0,holiday,27.1,1.8,0.0,0.637,0.528,0.596,0.134,0.56,0.354,0.493
2023-10-08,5.1,0.124,3.7,0,holiday,27.0,2.2,0.0,0.637,0.525,0.628,0.09,0.674,0.28,0.469
2023-10-09,5.2,0.167,2.7,0,weekday,27.9,0.0,0.0,0.511,0.098,0.0,0.683,0.081,0.058,0.35
2023-10-10,5.8,0.152,1.5,0,weekday,26.9,0.0,0.0,0.303,0.155,0.0,0.673,0.06,0.034,0.329
2023-10-11,5.2,0.161,1.6,0,weekday,26.4,2.6,0.0,0.449,0.095,0.008,0.699,0.075,0.122,0.293
2023-10-12,6.1,0.124,2.3,0,weekday,27.3,0.0,0.0,0.349,0.166,0.0,0.557,0.103,0.0,0.281
2023-10-13,3.4,0.092,6.4,0,weekday,27.8,0.2,0.0,0.412,0.058,0.104,0.599,0.003,0.008,0.348
2023-10-14,5.5,0.163,5.5,0,holiday,26.0,1.4,,0.696,0.589,0.668,0.098,0.619,0.344,0.395
2023-10-15,7.1,0.176,3.4,0,holiday,27.9,0.7,0.0,0.646,0.431,0.604,0.156,0.55,0.257,0.496
2023-10-16,5.1,0.127,6.9,0,weekday,29.3,0.0,0.0,0.555,0.02,0.049,0.769,0.139,0.035,0.36
2023-10-17,5.2,0.169,8.2,0,weekday,28.4,0.0,,0.458,0.286,0.067,0.657,0.116,,0.358
2023-10-18,4.7,0.105,1.0,0,weekday,26.2,0.2,0.0,0.464,0.211,0.0,,0.022,0.06,0.311
2023-10-19,6.3,0.157,10.2,0,weekday,27.3,0.0,0.0,0.535,,0.067,0.663,0.089,0.0,0.315
2023-10-20,4.5,0.118,4.6,0,weekday,28.9,2.5,0.0,0.47,0.171,0.01,0.636,0.072,0.0,0.311
2023-10-21,5.1,0.144,4.1,0,holiday,27.3,0.0,0.0,0.61,0.5,0.672,0.194,0.625,0.391,0.513
2023-10-22,5.7,0.17,3.3,0,holiday,27.7,1.9,0.0,0.679,0.61,0.586,0.16,0.592,0.429,0.49
2023-10-23,6.8,0.182,3.2,0,weekday,28.9,0.3,0.0,0.442,0.142,0.0,0.588,0.135,0.0,0.368
2023-10-24,3.6,0.164,7.7,0,weekday,28.6,0.0,0.0,0.533,0.126,0.001,0.637,0.17,0.0,0.444
2023-10-25,4.4,0.092,3.6,0,weekday,29.0,0.0,0.0,0.366,,0.078,0.631,0.038,0.001,0.439
2023-10-26,7.5,0.177,3.4,0,weekday,29.4,0.0,0.0,0.461,0.202,0.0,0.689,0.0,0.042,0.409
2023-10-27,6.0,0.151,5.7,0,weekday,28.1,3.9,0.0,0.416,0.053,0.005,0.714,0.096,0.0,0.305
2023-10-28,5.3,0.069,1.7,0,holiday,29.3,0.4,0.0,0.677,0.534,0.566,0.121,0.623,0.309,0.481
2023-10-29,5.2,0.075,1.9,0,holiday,29.3,1.0,0.0,0.664,0.627,0.683,0.044,0.581,0.365,0.529
2023-10-30,5.4,0.088,1.9,0,weekday,29.9,0.0,0.0,0.358,0.148,0.0,0.684,0.003,0.005,0.443
2023-10-31,4.7,0.074,3.4,0,weekday,28.3,0.8,0.0,0.429,0.172,0.039,0.682,0.127,0.0,0.367
2023-11-01,7.5,0.152,3.6,0,weekday,26.8,2.1,0.0,0.296,0.126,0.0,0.693,,0.09,0.25
2023-11-02,6.3,0.147,2.1,0,weekday,27.0,0.0,0.0,0.541,0.198,0.01,0.689,0.061,0.031,0.271
2023-11-03,3.3,0.112,8.6,0,weekday,27.9,0.0,0.0,0.404,0.07,0.0,0.612,0.044,0.0,0.377
2023-11-04,7.0,0.182,4.0,0,holiday,28.2,0.5,0.0,0.617,0.472,0.603,0.037,,0.389,0.456
2023-11-05,8.2,0.199,1.7,0,holiday,27.7,2.7,0.0,0.738,0.366,0.579,0.085,0.637,0.35,0.444
2023-11-06,3.3,0.111,3.0,0,weekday,29.6,2.5,0.0,0.415,0.215,0.025,0.746,0.161,0.057,0.45
2023-11-07,5.0,0.146,4.6,0,weekday,27.6,0.0,0.0,0.365,0.0,0.0,0.569,0.076,,0.254
2023-11-08,5.5,0.191,5.4,0,weekday,29.3,0.0,0.0,0.492,0.188,0.0,0.705,0.108,0.067,0.318
2023-11-09,5.2,0.157,3.9,0,weekday,27.7,0.0,0.0,,0.096,0.03,0.649,0.121,0.019,0.389
2023-11-10,5.0,0.07,2.5,0,weekday,29.1,0.0,0.0,0.427,0.081,0.045,0.678,0.178,,0.41
2023-11-11,5.9,0.137,5.8,0,holiday,27.9,1.1,0.0,0.573,0.604,0.719,0.066,0.535,0.38,0.419
2023-11-12,3.4,0.124,5.6,0,holiday,29.8,1.1,0.0,0.628,0.525,0.586,0.031,0.51,0.345,0.584
2023-11-13,6.9,0.211,6.4,0,weekday,28.6,0.0,1.0,0.509,0.3,0.232,0.647,0.246,0.03,0.309
2023-11-14,7.9,0.192,2.1,0,weekday,29.4,0.0,0.0,0.423,0.182,0.0,0.688,0.151,,0.359
2023-11-15,5.6,0.2,4.0,0,weekday,27.5,6.2,0.0,0.465,0.229,0.093,0.58,0.131,0.015,0.34
2023-11-16,6.2,0.165,5.9,0,weekday,28.3,0.0,0.0,0.391,0.098,0.064,0.56,0.072,0.0,0.276
2023-11-17,5.8,0.165,8.1,0,weekday,27.0,1.2,0.0,0.457,0.161,0.0,0.671,0.192,0.0,0.366
2023-11-18,6.2,0.153,2.1,0,holiday,27.6,3.9,0.0,0.741,0.524,0.627,0.147,0.613,,0.51
2023-11-19,5.8,0.129,2.5,0,holiday,28.3,0.0,0.0,0.705,0.475,0.598,0.031,0.572,0.314,0.532
2023-11-20,7.5,0.129,1.2,0,weekday,26.6,0.0,0.0,0.349,0.029,0.0,0.75,0.179,0.073,0.386
2023-11-21,4.9,0.074,2.1,0,weekday,27.2,0.0,0.0,0.502,0.135,0.0,0.619,0.175,0.0,0.346
2023-11-22,5.8,0.175,10.8,0,weekday,28.2,0.0,0.0,0.365,0.157,0.0,0.73,0.0,0.0,0.409
2023-11-23,4.9,0.092,1.9,0,weekday,28.1,0.0,0.0,0.56,0.106,0.0,0.71,0.117,0.0,0.411
2023-11-24,6.7,0.12,2.9,0,weekday,28.0,0.7,0.0,0.423,0.154,0.04,0.69,0.0,,0.31
2023-11-25,5.5,0.058,0.8,0,holiday,27.5,0.0,0.0,0.604,0.58,0.554,0.082,0.626,,0.511
2023-11-26,6.7,0.195,0.5,0,holiday,27.6,2.7,0.0,0.713,0.486,0.553,0.061,0.577,0.341,0.433
2023-11-27,6.6,0.164,5.6,0,weekday,26.6,1.6,0.0,0.358,0.0,0.024,0.604,,0.102,0.353
2023-11-28,6.1,0.135,6.3,0,weekday,28.6,0.0,0.0,0.514,0.175,0.0,0.7,0.089,0.0,0.34
2023-11-29,3.8,0.13,2.8,0,weekday,27.4,0.0,0.0,0.356,0.227,0.061,0.623,0.17,0.0,0.314
2023-11-30,6.9,0.153,,0,weekday,28.2,0.4,0.0,0.482,0.21,0.042,0.611,0.111,0.12,0.387
2023-12-01,4.9,0.154,3.2,0,holiday,27.5,4.5,1.0,0.533,0.534,0.554,0.03,0.592,0.143,0.438
2023-12-02,4.5,0.114,0.5,0,holiday,28.3,6.6,0.0,0.879,0.647,0.657,0.199,0.695,0.32,0.532
2023-12-03,5.4,0.085,1.4,0,holiday,27.6,5.3,0.0,0.758,0.524,,0.019,0.604,0.284,0.411
2023-12-04,5.7,0.128,3.1,0,holiday,27.5,3.6,1.0,0.544,0.59,0.513,0.094,0.582,0.221,0.589
2023-12-05,4.1,0.088,1.3,0,holiday,26.9,7.9,0.0,0.656,0.451,0.276,0.205,0.367,0.21,0.575
2023-12-06,4.3,0.089,3.1,0,holiday,26.1,9.8,0.0,0.582,0.435,0.291,0.069,0.354,0.196,0.528
2023-12-07,4.0,0.16,3.6,0,holiday,26.4,8.0,0.0,0.541,0.364,0.319,0.082,0.277,0.176,0.498
2023-12-08,5.1,0.392,3.4,1,holiday,27.0,5.1,0.0,0.573,0.414,0.289,0.0,0.432,0.198,0.476
2023-12-09,5.4,0.15,3.7,0,holiday,26.7,10.3,0.0,0.542,0.557,0.613,,0.649,0.359,0.435
2023-12-10,6.2,0.115,2.6,0,holiday,26.0,12.2,,0.634,0.552,0.49,0.093,,0.32,0.42
2023-12-11,4.5,0.414,4.3,1,holiday,24.7,11.8,0.0,0.694,0.26,0.361,,0.443,0.176,0.428
2023-12-12,4.8,0.14,3.2,0,holiday,26.2,10.8,0.0,0.457,0.191,0.235,0.075,0.43,0.138,0.458
2023-12-13,6.0,0.184,5.0,0,holiday,26.3,5.7,0.0,0.684,0.26,0.286,0.136,0.344,0.276,0.566
2023-12-14,7.2,0.17,1.9,0,holiday,26.3,8.8,0.0,0.465,0.263,0.429,0.095,0.277,0.128,0.469
2023-12-15,5.0,0.116,2.9,0,holiday,25.4,10.9,0.0,0.471,0.406,0.38,0.034,0.365,0.215,0.418
2023-12-16,2.6,0.099,2.7,0,holiday,25.7,8.2,0.0,0.661,0.619,0.568,0.157,0.635,0.424,0.431
2023-12-17,6.2,0.177,5.9,0,holiday,25.9,5.6,0.0,0.637,0.618,0.587,,0.594,0.427,0.449
2023-12-18,6.0,0.186,6.8,0,holiday,24.9,8.5,0.0,0.503,0.368,0.323,0.019,0.322,0.224,0.426
2023-12-19,5.7,0.096,2.0,0,holiday,23.2,14.3,0.0,0.45,0.327,0.409,0.061,0.362,0.192,0.354
2023-12-20,3.5,0.094,4.9,0,holiday,25.9,10.3,0.0,0.541,0.184,0.304,0.059,0.266,0.193,0.569
2023-12-21,4.2,0.111,0.4,0,holiday,24.8,12.5,0.0,0.501,0.245,0.301,0.014,0.291,0.086,0.464
2023-12-22,5.3,0.145,1.6,0,holiday,23.2,13.2,0.0,0.65,0.381,0.372,0.263,0.285,0.146,0.443
2023-12-23,4.9,0.162,3.3,0,holiday,24.5,10.9,0.0,0.593,,0.719,0.034,0.631,0.422,0.385
2023-12-24,4.3,0.171,9.5,0,holiday,23.6,13.6,0.0,0.545,0.605,0.606,0.092,0.657,0.327,0.378
2023-12-25,3.3,0.087,4.7,0,holiday,25.8,7.5,0.0,0.467,0.318,0.325,0.061,0.379,0.091,0.572
2023-12-26,5.7,0.123,1.6,0,holiday,23.5,14.9,,0.613,0.244,0.276,0.157,0.262,0.182,0.44
2023-12-27,5.3,0.121,1.8,0,holiday,23.8,12.4,0.0,0.578,0.325,0.339,0.142,0.195,0.245,0.367
2023-12-28,3.8,0.049,4.8,0,holiday,23.0,16.6,0.0,0.622,,0.349,0.05,0.307,,0.47
2023-12-29,6.5,0.187,1.3,0,holiday,24.2,16.4,0.0,0.635,0.332,0.239,0.151,0.331,0.18,0.43
2023-12-30,7.3,0.169,4.0,0,holiday,23.4,15.7,0.0,0.644,0.587,0.639,0.098,0.589,0.355,0.372
2023-12-31,4.9,0.15,2.0,0,holiday,23.4,12.8,0.0,0.707,0.492,,0.057,0.652,0.411,0.495
2024-01-01,6.8,0.11,0.5,0,holiday,22.7,14.3,1.0,0.574,0.557,0.648,0.093,0.503,,0.377
2024-01-02,3.3,0.082,4.8,0,holiday,23.1,12.9,0.0,0.689,0.312,0.373,0.023,,0.181,0.401
2024-01-03,6.8,,0.7,0,holiday,22.8,13.8,0.0,0.628,0.365,0.237,0.121,0.341,0.284,0.384
2024-01-04,7.5,0.17,2.2,0,holiday,23.6,15.2,0.0,0.486,0.203,0.224,0.117,0.334,0.204,0.458
2024-01-05,5.9,0.187,4.6,0,holiday,22.2,18.0,1.0,0.678,0.478,0.467,0.072,0.543,0.133,0.398
2024-01-06,4.9,0.136,2.5,0,holiday,21.5,18.4,0.0,0.669,0.485,0.625,0.07,0.642,0.345,0.438
2024-01-07,4.5,0.04,1.1,0,holiday,22.1,18.8,0.0,0.749,0.523,0.549,0.112,0.573,0.39,0.381
2024-01-08,6.4,0.171,1.6,0,holiday,20.5,17.5,,0.51,0.164,0.276,0.08,0.358,0.171,0.376
2024-01-09,6.4,0.192,,0,holiday,20.9,20.0,0.0,0.584,0.317,0.287,0.042,0.385,0.217,0.382
2024-01-10,4.4,0.085,1.5,0,holiday,20.7,18.1,1.0,0.551,0.503,0.546,0.125,0.482,0.214,0.343
2024-01-11,4.1,0.086,1.8,0,holiday,20.2,19.5,0.0,0.493,0.306,,0.083,0.465,0.161,0.437
2024-01-12,6.6,0.153,2.7,0,holiday,21.5,17.6,,0.53,0.434,0.405,0.139,0.355,0.149,0.366
2024-01-13,5.1,0.173,2.8,0,holiday,20.6,17.7,1.0,0.526,0.722,0.844,0.0,0.796,0.363,0.429
2024-01-14,8.1,0.216,2.9,0,holiday,18.7,23.7,0.0,0.736,0.466,0.522,0.116,0.638,0.317,0.379
2024-01-15,5.2,0.076,1.2,0,holiday,20.0,21.3,0.0,0.656,0.317,0.274,0.163,0.188,0.135,0.41
2024-01-16,4.2,0.123,2.5,0,holiday,19.5,19.3,1.0,0.537,0.54,0.624,0.0,0.541,0.205,0.418
2024-01-17,5.2,0.161,,0,holiday,19.5,24.1,0.0,0.548,0.277,0.257,0.014,0.328,0.241,0.365
2024-01-18,3.8,0.085,5.1,0,holiday,19.0,25.3,0.0,0.505,0.347,0.34,0.018,0.335,0.144,0.322
2024-01-19,6.7,0.204,4.2,0,holiday,20.9,19.0,0.0,0.471,0.133,0.242,0.054,0.207,0.193,0.355
2024-01-20,4.9,0.109,5.9,0,holiday,19.0,25.9,0.0,0.702,0.705,0.583,0.106,0.649,0.315,0.364
2024-01-21,3.9,0.085,2.1,0,holiday,18.9,19.4,0.0,0.611,0.538,0.648,0.177,0.535,0.369,0.388
2024-01-22,6.4,0.123,1.5,0,holiday,18.7,22.1,1.0,0.594,0.517,0.571,0.17,0.481,0.241,0.386
2024-01-23,6.7,0.122,0.5,0,holiday,17.7,28.0,0.0,0.635,0.288,0.307,0.114,0.364,0.241,0.325
2024-01-24,5.8,0.069,2.3,0,holiday,17.9,23.1,0.0,0.495,0.238,0.31,0.064,0.333,0.203,0.368
2024-01-25,6.3,0.129,3.3,0,holiday,17.1,26.7,0.0,0.479,0.204,0.264,0.06,0.26,,0.255
2024-01-26,4.9,0.125,2.5,0,holiday,17.6,25.4,1.0,0.602,0.504,0.552,0.02,0.407,0.112,0.321
2024-01-27,4.7,0.141,2.9,0,holiday,16.9,28.5,0.0,0.626,0.441,0.469,0.01,0.643,0.373,0.382
2024-01-28,4.8,0.129,1.2,0,holiday,17.0,26.3,0.0,0.687,0.542,0.608,0.005,0.518,0.271,0.336
2024-01-29,2.8,0.065,1.1,0,holiday,18.4,18.3,0.0,0.482,0.205,0.278,0.101,0.327,0.147,0.34
2024-01-30,5.6,0.154,5.5,0,holiday,16.9,24.2,0.0,0.529,0.219,0.258,0.034,0.249,0.193,0.326
2024-01-31,2.6,0.083,6.8,0,holiday,16.6,27.0,0.0,0.562,0.259,0.264,,0.307,0.269,0.326
2024-02-01,6.6,0.206,7.3,0,weekday,17.2,25.1,0.0,0.677,0.0,0.0,0.727,0.04,0.0,0.118
2024-02-02,5.3,0.139,2.7,0,weekday,16.8,27.6,1.0,0.422,0.42,0.377,0.781,0.15,0.024,0.185
2024-02-03,7.9,0.17,1.2,0,holiday,15.6,28.7,0.0,0.584,0.549,0.622,0.157,0.567,0.314,0.293
2024-02-04,5.3,0.156,4.1,0,holiday,15.9,30.5,0.0,0.663,0.453,0.603,0.017,0.585,0.349,0.269
2024-02-05,4.8,0.057,2.8,0,weekday,15.9,27.8,0.0,0.488,0.0,0.0,0.699,,0.062,0.093
2024-02-06,7.5,0.257,10.1,0,weekday,14.8,27.1,0.0,0.527,0.0,0.0,0.733,0.0,0.0,0.088
2024-02-07,5.5,,1.4,0,weekday,14.4,31.8,0.0,0.47,0.175,0.048,0.75,0.094,0.076,0.152
2024-02-08,4.0,0.119,5.3,0,weekday,14.5,29.6,0.0,0.479,0.0,,0.674,0.033,0.08,0.163
2024-02-09,5.7,,2.3,0,weekday,14.9,29.3,0.0,0.365,0.0,0.0,0.671,0.128,0.033,0.172
2024-02-10,6.4,0.118,2.1,0,holiday,14.6,32.4,,0.715,0.579,0.534,0.145,0.424,0.336,0.31
2024-02-11,3.7,,2.0,0,holiday,13.4,30.2,0.0,0.678,0.355,0.577,0.182,0.544,0.403,0.322
2024-02-12,7.5,0.22,5.2,0,weekday,13.4,35.0,0.0,0.284,0.022,0.0,0.654,0.103,0.06,0.059
2024-02-13,4.4,0.151,6.6,0,weekday,14.8,29.6,0.0,0.502,0.029,0.025,0.675,,0.018,0.09
2024-02-14,5.1,0.094,0.3,0,weekday,13.2,33.2,0.0,0.397,0.035,0.03,0.698,0.026,0.041,0.08
2024-02-15,4.5,0.152,5.9,0,weekday,13.2,33.8,1.0,0.534,0.228,0.195,,0.358,0.094,0.132
2024-02-16,3.2,0.078,3.6,0,weekday,12.8,31.5,0.0,0.466,,0.0,0.642,0.141,0.052,0.116
2024-02-17,5.5,0.209,8.1,0,holiday,12.4,35.0,0.0,0.593,0.445,0.614,0.109,,0.346,0.193
2024-02-18,5.0,0.145,2.1,0,holiday,13.1,33.4,0.0,0.541,0.464,0.689,0.031,0.576,0.232,0.312
2024-02-19,5.4,0.211,4.0,0,weekday,12.7,32.6,1.0,0.337,0.069,0.246,,0.161,0.076,0.193
2024-02-20,4.7,,7.6,0,weekday,12.1,35.0,0.0,0.36,0.0,0.0,0.661,0.0,0.062,0.173
2024-02-21,7.6,0.158,3.3,0,weekday,13.1,32.1,0.0,0.405,0.0,0.01,0.639,0.027,0.043,0.063
2024-02-22,4.1,0.117,5.8,0,weekday,11.3,35.0,0.0,0.42,0.054,,0.625,0.083,0.105,0.057
2024-02-23,6.7,0.164,2.3,0,weekday,11.6,35.0,0.0,0.426,0.0,,0.694,0.0,0.066,0.112
2024-02-24,6.1,0.128,5.4,0,holiday,10.9,35.0,0.0,0.699,0.493,,0.084,0.476,0.479,0.175
2024-02-25,6.8,0.154,3.4,0,holiday,11.3,35.0,0.0,0.671,0.422,0.558,0.145,0.518,0.449,0.227
2024-02-26,4.5,0.131,2.4,0,weekday,12.0,35.0,0.0,,0.0,0.069,0.697,0.046,0.009,0.157
2024-02-27,4.0,0.094,2.0,0,weekday,11.9,35.0,0.0,0.476,0.135,0.0,0.717,0.061,0.058,0.151
2024-02-28,3.7,0.395,2.1,1,weekday,8.7,33.9,0.0,0.413,0.021,0.0,0.7,0.053,,0.09
2024-02-29,6.9,0.128,0.8,0,weekday,8.0,35.0,0.0,0.31,0.079,0.053,0.628,0.024,0.08,0.028
2024-03-01,5.8,0.171,9.4,0,weekday,10.7,35.0,0.0,0.305,,0.053,0.577,0.085,0.0,0.073
2024-03-02,2.8,0.133,5.1,0,holiday,9.4,32.6,0.0,0.751,0.252,0.511,0.075,0.569,0.387,0.214
2024-03-03,4.8,0.149,3.2,0,holiday,10.1,35.0,0.0,0.663,0.298,0.545,0.08,0.505,0.399,0.212
2024-03-04,5.7,0.103,0.7,0,weekday,10.8,35.0,0.0,0.523,0.0,0.042,0.621,0.005,0.007,0.067
2024-03-05,3.9,0.092,4.8,0,weekday,9.7,35.0,0.0,0.554,0.031,0.008,0.67,,0.189,0.054
2024-03-06,6.4,0.151,5.0,0,weekday,8.1,32.2,0.0,0.362,0.0,0.0,0.627,0.0,0.067,0.003
2024-03-07,5.6,0.134,4.1,0,,9.5,35.0,0.0,0.583,0.008,0.039,0.718,0.0,0.027,0.025
2024-03-08,7.3,0.136,4.9,0,weekday,8.9,35.0,0.0,0.457,0.0,0.0,0.715,0.0,0.158,0.031
2024-03-09,8.1,0.182,3.8,0,holiday,7.7,33.1,0.0,0.68,0.546,0.667,0.055,0.496,0.467,0.113
2024-03-10,6.5,0.137,2.7,0,holiday,9.8,35.0,0.0,0.648,0.414,0.573,0.105,0.435,0.399,0.203
2024-03-11,3.8,0.047,2.3,0,weekday,8.0,35.0,0.0,0.459,0.078,0.014,,0.031,0.122,0.117
2024-03-12,7.3,0.169,1.2,0,weekday,8.4,33.0,0.0,0.376,0.082,0.0,0.731,0.0,0.145,0.0
2024-03-13,2.7,0.051,1.3,0,weekday,7.9,35.0,0.0,0.399,0.034,0.0,0.64,0.033,0.0,0.07
2024-03-14,3.3,0.098,5.0,0,weekday,7.5,35.0,0.0,0.389,0.068,0.046,0.604,0.087,,0.037
2024-03-15,5.4,0.153,4.8,0,weekday,6.6,33.6,0.0,0.613,0.0,0.056,0.631,,0.133,0.0
2024-03-16,5.6,0.139,5.6,0,holiday,7.0,32.7,0.0,0.69,0.326,0.516,0.091,0.621,0.442,0.151
2024-03-17,7.2,0.147,1.0,0,holiday,7.1,34.4,0.0,0.75,0.348,0.514,0.119,0.511,0.478,0.158
2024-03-18,3.9,0.044,2.7,0,weekday,4.7,35.0,0.0,0.227,0.0,0.0,0.682,0.0,0.083,0.034
2024-03-19,5.2,0.19,4.2,0,weekday,8.0,33.8,0.0,0.394,0.0,0.005,,0.021,0.063,0.0
2024-03-20,6.8,,3.4,0,weekday,7.0,34.0,0.0,0.437,0.058,0.0,0.688,0.059,0.056,0.0
2024-03-21,5.6,0.125,1.9,0,weekday,6.7,34.8,0.0,0.268,0.0,0.024,0.638,0.074,0.082,0.0
2024-03-22,4.1,0.085,3.3,0,weekday,6.9,35.0,0.0,0.407,0.134,0.0,0.693,0.0,0.057,0.048
2024-03-23,3.8,0.054,,0,holiday,5.4,34.3,0.0,0.674,,0.596,0.088,0.543,0.461,0.108
2024-03-24,6.5,0.203,9.4,0,holiday,6.5,35.0,0.0,0.671,0.271,0.502,0.098,0.503,0.458,0.097
2024-03-25,2.8,0.113,1.8,0,weekday,5.8,34.5,0.0,0.234,0.0,0.0,0.619,0.0,0.123,0.014
2024-03-26,6.6,0.187,6.5,0,weekday,4.1,35.0,0.0,0.326,0.0,0.041,0.578,,0.12,0.0
2024-03-27,6.8,0.157,0.7,0,weekday,5.5,35.0,0.0,0.397,0.03,0.095,0.652,0.002,0.114,0.061
2024-03-28,5.3,0.176,7.0,0,weekday,5.9,35.0,1.0,0.44,0.18,0.208,0.711,0.252,0.061,0.0
2024-03-29,5.3,0.152,3.3,0,weekday,5.8,35.0,0.0,0.414,0.044,0.02,0.589,0.0,0.054,0.0
2024-03-30,4.7,0.115,0.6,0,holiday,5.2,33.3,0.0,0.629,0.397,0.582,,0.518,0.401,0.135
2024-03-31,4.7,0.103,0.5,0,holiday,3.2,32.7,0.0,0.634,0.451,0.574,0.186,0.498,0.483,0.153
2024-04-01,4.3,0.1,1.4,0,weekday,3.3,1.7,0.0,,0.0,0.017,0.66,0.063,0.157,0.047
2024-04-02,7.1,0.168,5.2,0,weekday,3.2,2.3,0.0,0.368,0.0,0.0,0.671,0.034,0.212,0.0
2024-04-03,4.9,0.116,0.8,0,weekday,5.6,1.7,0.0,0.389,0.0,0.013,0.582,0.002,0.093,0.0
2024-04-04,5.2,0.149,5.9,0,weekday,4.7,0.4,0.0,0.308,0.0,0.0,0.687,0.022,0.077,0.0
2024-04-05,5.3,0.183,10.6,0,weekday,4.2,0.0,1.0,0.467,0.219,0.352,0.599,0.123,0.131,0.0
2024-04-06,5.7,0.154,3.2,0,holiday,4.9,1.8,0.0,0.631,0.336,0.528,0.083,0.388,0.418,0.134
2024-04-07,7.1,0.183,2.7,0,holiday,5.3,1.1,0.0,0.717,0.466,,0.113,0.525,0.51,0.124
2024-04-08,6.7,0.199,,0,weekday,4.7,0.0,0.0,0.413,0.089,0.018,0.547,0.016,0.168,0.0
2024-04-09,2.6,0.051,6.8,0,weekday,4.7,2.1,0.0,0.536,0.0,0.009,0.693,0.067,0.21,0.0
2024-04-10,5.6,0.171,8.9,0,weekday,3.4,0.0,1.0,0.434,0.29,0.224,0.696,0.298,0.024,0.0
2024-04-11,2.4,0.075,5.9,0,weekday,4.7,0.0,0.0,0.441,0.0,0.0,0.614,0.033,0.09,0.001
2024-04-12,4.5,0.136,1.2,0,weekday,4.7,0.0,0.0,0.453,0.0,0.0,0.685,,0.108,0.013
2024-04-13,7.5,0.201,2.7,0,holiday,1.7,0.0,0.0,0.546,0.349,0.483,0.084,0.524,0.5,0.079
2024-04-14,6.3,0.192,2.4,0,holiday,3.9,0.0,0.0,0.83,0.401,0.577,0.158,0.551,0.422,0.115
2024-04-15,4.4,0.119,2.6,0,weekday,4.4,0.0,0.0,0.366,0.0,0.062,0.682,0.0,0.142,0.065
2024-04-16,7.1,0.156,0.4,0,weekday,3.5,0.0,1.0,0.459,0.287,0.185,0.619,0.201,0.178,0.0
2024-04-17,6.5,0.172,2.4,0,weekday,4.5,0.0,0.0,0.404,0.037,0.002,0.687,0.0,0.064,0.0
2024-04-18,5.8,,5.0,0,weekday,2.5,2.0,0.0,0.316,0.0,,0.643,0.0,0.121,0.0
2024-04-19,4.6,,6.1,0,weekday,2.4,0.3,0.0,0.381,0.0,0.031,0.622,0.063,0.191,0.0
2024-04-20,5.1,0.149,,0,holiday,2.9,1.2,0.0,0.511,0.45,0.556,0.037,0.522,0.46,0.122
2024-04-21,5.1,0.122,3.6,0,holiday,2.6,0.0,0.0,0.494,0.45,0.637,,0.603,0.511,0.098
2024-04-22,3.2,0.081,3.2,0,weekday,3.2,0.9,0.0,0.451,0.026,0.0,0.634,0.0,0.153,0.031
2024-04-23,7.6,0.168,5.0,0,weekday,4.0,2.0,0.0,0.404,0.0,0.022,0.661,0.062,0.124,0.0
2024-04-24,4.3,0.093,2.2,0,weekday,3.2,0.0,0.0,0.403,0.1,0.0,0.704,0.0,0.169,0.002
2024-04-25,5.7,0.13,1.2,0,weekday,2.9,0.0,0.0,0.329,0.11,0.0,0.63,0.0,0.125,0.033
2024-04-26,8.0,0.121,1.1,0,weekday,1.4,0.0,0.0,0.365,0.0,0.0,0.596,0.009,0.177,0.0
2024-04-27,5.0,0.139,2.6,0,holiday,2.7,0.0,0.0,0.725,0.413,0.493,0.057,0.532,0.463,0.171
2024-04-28,3.5,0.046,6.0,0,holiday,2.7,0.0,0.0,0.646,0.28,0.496,0.041,0.517,0.527,0.147
2024-04-29,6.9,0.211,1.9,0,weekday,2.5,0.1,0.0,0.534,0.028,0.0,0.635,0.0,0.072,0.018
2024-04-30,6.8,0.146,1.9,0,weekday,1.8,0.0,0.0,0.576,0.0,0.018,0.748,0.0,0.158,0.026
2024-05-01,2.5,0.065,3.1,0,holiday,2.3,0.0,0.0,0.332,0.188,0.309,0.018,0.213,0.246,0.215
2024-05-02,5.3,0.175,6.3,0,holiday,2.6,0.0,0.0,0.511,0.253,0.278,0.098,0.197,0.249,0.131
2024-05-03,5.4,,2.5,0,holiday,1.9,0.0,0.0,,0.154,0.224,0.079,0.253,0.208,0.112
2024-05-04,3.1,0.0,0.9,0,holiday,2.6,0.0,0.0,,,0.53,0.214,0.467,0.506,0.176
2024-05-05,4.4,0.168,2.9,0,holiday,2.3,0.0,0.0,0.569,0.462,0.587,0.044,0.432,0.466,0.128
2024-05-06,5.9,0.153,1.2,0,holiday,3.3,1.4,0.0,0.543,0.177,,0.0,0.269,0.3,0.088
2024-05-07,6.9,0.225,3.6,0,holiday,2.2,1.1,0.0,0.649,0.106,0.313,0.137,0.245,0.22,0.133
2024-05-08,6.1,0.158,2.5,0,holiday,2.5,1.1,0.0,0.395,0.09,0.226,0.033,0.239,0.275,0.156
2024-05-09,5.3,0.157,3.9,0,holiday,3.0,0.0,0.0,0.52,0.137,0.337,0.117,0.335,0.223,0.171
2024-05-10,2.8,0.104,2.8,0,holiday,1.7,1.4,0.0,0.59,0.275,0.248,0.073,,,0.176
2024-05-11,6.1,0.189,6.2,0,holiday,3.5,0.9,0.0,0.639,0.511,0.585,0.109,0.558,0.501,0.194
2024-05-12,5.7,0.141,2.0,0,holiday,0.7,2.5,0.0,0.673,0.523,0.571,0.065,0.534,0.489,0.106
2024-05-13,4.0,0.143,8.0,0,holiday,0.9,1.5,0.0,0.645,0.241,0.303,0.026,0.268,0.326,0.133
2024-05-14,3.5,0.148,4.1,0,holiday,2.4,0.0,0.0,0.635,0.171,0.283,0.106,0.296,0.33,0.206
2024-05-15,4.9,0.149,6.8,0,holiday,2.2,0.0,0.0,0.556,0.283,0.391,0.006,0.229,0.337,0.058
2024-05-16,5.6,0.128,3.7,0,holiday,3.0,2.2,0.0,0.453,0.072,0.253,0.131,0.245,0.446,0.114
2024-05-17,5.7,0.197,,0,holiday,2.5,2.4,0.0,0.708,0.113,0.33,0.099,0.257,0.263,0.098
2024-05-18,9.1,0.24,2.8,0,holiday,2.2,0.4,0.0,0.603,0.36,0.644,0.056,0.491,0.525,0.058
2024-05-19,4.0,,3.2,0,holiday,4.2,0.0,0.0,0.695,0.487,0.704,0.06,0.432,0.499,0.254
2024-05-20,5.7,0.119,7.5,0,holiday,3.6,1.8,0.0,0.556,0.154,0.25,0.086,0.19,0.239,0.133
2024-05-21,6.3,0.133,1.9,0,holiday,3.1,1.1,0.0,0.63,0.317,0.286,0.088,0.207,0.31,0.038
2024-05-22,2.8,0.079,3.9,0,holiday,2.5,0.0,0.0,0.562,0.087,0.241,0.112,0.247,0.302,0.154
2024-05-23,4.4,0.112,2.6,0,holiday,2.9,0.0,1.0,0.532,0.25,0.428,0.0,0.589,0.347,0.038
2024-05-24,5.9,0.1,6.3,0,holiday,3.5,0.0,0.0,0.61,,0.347,0.052,0.308,0.325,0.043
2024-05-25,6.3,0.143,2.5,0,holiday,2.1,0.0,0.0,0.742,0.366,0.602,0.081,0.444,0.452,0.09
2024-05-26,6.2,0.192,7.2,0,holiday,3.8,0.0,0.0,0.685,0.463,0.644,0.107,0.479,0.501,0.063
2024-05-27,4.4,0.061,2.2,0,holiday,2.2,1.6,0.0,0.59,0.276,0.334,0.098,0.288,0.316,0.189
2024-05-28,5.9,0.162,4.0,0,holiday,3.2,0.1,0.0,0.577,0.18,0.298,0.078,0.13,0.22,0.112
2024-05-29,4.8,0.109,3.0,0,holiday,3.9,0.0,0.0,0.567,0.289,0.244,,0.274,0.356,0.176
2024-05-30,6.5,0.157,9.9,0,,3.4,0.0,1.0,0.468,0.256,0.552,0.058,0.451,0.281,0.13
2024-05-31,5.3,0.179,6.0,0,holiday,3.7,1.4,0.0,0.465,0.061,0.206,0.122,0.272,0.319,0.207
2024-06-01,6.6,0.156,0.7,0,holiday,5.2,0.0,0.0,0.673,0.598,0.613,0.075,0.511,0.445,0.128
2024-06-02,7.1,0.209,1.5,0,holiday,3.9,0.0,0.0,0.664,0.366,0.621,0.156,0.374,0.416,0.107
2024-06-03,1.7,0.029,,0,weekday,4.9,0.0,0.0,0.399,0.188,0.037,0.695,0.0,0.088,0.038
2024-06-04,4.3,0.114,1.6,0,weekday,1.8,0.6,0.0,0.421,0.0,0.0,0.688,0.076,0.144,0.012
2024-06-05,4.0,0.075,6.0,0,weekday,5.1,0.0,0.0,0.361,0.0,0.0,0.629,0.0,0.068,0.032
2024-06-06,6.3,0.1,1.5,0,weekday,3.2,1.1,0.0,0.383,0.075,0.026,0.685,0.0,0.106,0.022
2024-06-07,3.3,0.092,2.5,0,weekday,4.2,0.0,0.0,0.405,0.0,0.0,0.667,0.0,0.201,0.0
2024-06-08,2.0,0.174,19.6,0,holiday,6.1,0.0,0.0,0.698,0.427,0.68,0.088,0.453,0.493,0.103
2024-06-09,7.9,0.389,24.7,0,holiday,4.5,0.0,0.0,0.626,0.238,0.517,0.035,0.471,0.538,0.099
2024-06-10,4.7,0.284,23.4,0,weekday,4.1,0.0,,0.435,0.0,0.0,0.585,0.011,0.14,0.0
2024-06-11,5.9,,23.2,0,weekday,4.7,0.6,1.0,0.415,0.194,0.317,0.677,0.255,0.061,0.0
2024-06-12,2.5,0.121,20.9,0,weekday,5.1,2.5,0.0,0.468,0.107,0.0,0.715,0.0,0.09,0.0
2024-06-13,5.9,0.288,21.4,0,weekday,6.0,0.0,0.0,0.518,0.0,0.0,0.645,0.081,,0.0
2024-06-14,6.4,0.226,19.2,0,weekday,5.6,0.0,0.0,0.32,0.0,0.051,0.565,0.0,0.053,0.0
2024-06-15,6.2,0.247,22.9,0,holiday,4.1,2.6,0.0,,0.128,0.484,0.023,0.523,0.403,0.087
2024-06-16,5.6,0.236,20.7,0,holiday,6.2,0.0,0.0,0.638,0.171,0.515,0.098,0.492,0.503,0.065
2024-06-17,7.0,0.242,18.7,0,weekday,6.3,0.2,0.0,0.342,0.0,0.097,0.544,0.032,0.02,0.0
2024-06-18,5.0,0.226,24.7,0,weekday,4.8,1.4,0.0,0.34,0.0,0.0,0.547,0.012,0.017,0.0
2024-06-19,6.2,,26.6,0,weekday,6.6,3.4,0.0,0.419,0.04,0.0,0.554,0.0,0.182,0.0
2024-06-20,2.0,0.142,20.8,0,weekday,6.7,0.0,0.0,0.262,0.0,,,0.028,0.156,0.011
2024-06-21,7.0,0.245,20.7,0,weekday,6.7,0.0,0.0,0.514,0.0,0.0,,0.018,0.06,0.0
2024-06-22,5.6,0.265,22.3,0,holiday,7.3,0.4,0.0,0.656,0.298,0.554,0.105,0.548,0.475,0.079
2024-06-23,4.2,0.158,23.0,0,holiday,8.0,2.5,0.0,0.811,0.29,0.509,0.121,0.594,0.532,0.087
2024-06-24,5.0,,,0,weekday,6.5,0.9,0.0,0.506,0.0,0.086,0.55,0.0,0.212,0.0
2024-06-25,5.5,0.295,19.4,0,weekday,7.6,0.0,0.0,0.313,0.006,0.0,0.52,0.0,0.076,0.0
2024-06-26,4.0,0.2,19.6,0,weekday,7.6,0.4,0.0,0.563,0.0,0.044,0.659,0.0,0.103,0.006
2024-06-27,6.0,0.225,21.3,0,weekday,7.1,0.0,0.0,0.522,0.0,0.034,0.645,0.004,0.13,0.0
2024-06-28,5.8,0.25,24.4,0,weekday,6.4,0.0,0.0,0.534,0.0,0.0,0.676,0.0,0.095,0.0
2024-06-29,4.3,0.222,22.9,0,holiday,7.2,0.6,0.0,0.723,0.344,0.558,0.029,0.472,0.521,0.051
2024-06-30,6.0,0.248,23.9,0,holiday,8.4,0.0,0.0,0.745,0.396,0.56,0.045,0.501,0.54,0.118
2024-07-01,7.7,0.322,23.6,0,weekday,8.8,2.1,,0.52,0.0,0.013,0.684,0.0,0.141,0.0
2024-07-02,4.6,0.222,22.7,0,weekday,8.4,0.0,0.0,0.553,0.0,0.0,0.628,0.079,0.105,0.042
2024-07-03,3.4,,21.5,0,weekday,9.3,0.1,0.0,0.273,0.0,0.077,,0.102,0.043,0.055
2024-07-04,4.8,0.226,22.0,0,weekday,6.8,3.2,0.0,0.356,0.0,0.007,0.584,0.0,0.043,0.0
2024-07-05,6.4,0.307,22.8,0,weekday,8.0,0.0,0.0,0.295,0.0,0.0,0.733,0.079,0.213,0.0
2024-07-06,5.3,0.264,23.0,0,holiday,8.5,0.0,0.0,0.743,0.265,0.575,0.056,0.526,0.341,0.096
2024-07-07,4.3,0.185,23.7,0,holiday,8.5,1.3,0.0,0.775,0.355,0.539,0.113,0.588,,0.125
2024-07-08,5.6,0.235,19.2,0,weekday,9.7,0.3,0.0,0.423,0.067,0.0,,0.0,0.142,0.0
2024-07-09,5.2,0.176,22.3,0,weekday,10.1,0.9,0.0,0.517,0.0,0.039,0.605,0.054,0.168,0.056
2024-07-10,7.6,0.28,22.5,0,weekday,10.3,0.0,1.0,0.505,0.197,0.26,0.759,0.217,0.14,0.025
2024-07-11,6.4,0.199,21.6,0,weekday,9.5,0.0,0.0,0.432,0.013,0.0,0.579,0.081,0.204,0.0
2024-07-12,8.4,0.309,,0,weekday,10.6,1.0,0.0,0.395,0.0,0.0,0.642,0.0,0.077,0.0
2024-07-13,5.6,,18.5,0,holiday,9.5,0.0,0.0,0.65,0.203,0.569,0.0,0.546,0.413,0.086
2024-07-14,6.3,0.236,20.1,0,holiday,10.2,0.0,0.0,0.668,0.371,0.576,0.033,0.473,0.506,0.146
2024-07-15,3.9,0.273,24.1,0,weekday,9.9,0.8,0.0,0.519,0.0,0.071,0.682,0.07,0.105,0.026
2024-07-16,6.6,0.231,20.7,0,weekday,10.8,0.0,0.0,0.54,0.0,0.0,0.621,0.045,0.006,0.0
2024-07-17,5.7,0.261,24.9,0,weekday,11.6,0.3,0.0,0.409,0.025,0.0,0.549,0.043,0.045,0.0
2024-07-18,3.2,0.157,20.5,0,weekday,10.8,0.7,0.0,0.496,0.0,0.089,0.575,0.067,0.082,0.0
2024-07-19,5.0,,3.6,0,weekday,12.1,0.0,1.0,0.495,,0.22,0.674,0.228,0.11,0.112
2024-07-20,5.6,0.179,5.3,0,holiday,11.3,0.0,0.0,0.51,0.356,0.563,0.065,0.59,0.409,0.195
2024-07-21,4.0,0.053,3.0,0,holiday,11.5,0.0,0.0,,0.433,0.581,0.167,0.608,0.362,0.205
2024-07-22,5.8,0.101,1.4,0,weekday,13.1,0.0,1.0,0.473,0.206,0.253,0.761,0.236,0.059,0.146
2024-07-23,5.7,0.134,3.5,0,weekday,12.0,0.0,0.0,0.399,0.0,0.074,0.706,0.026,0.03,0.077
2024-07-24,4.9,0.133,3.6,0,weekday,11.6,1.6,1.0,0.327,0.421,0.292,0.667,0.217,0.083,0.191
2024-07-25,5.0,0.148,3.5,0,,13.5,0.0,0.0,0.492,0.0,0.0,0.823,0.074,0.0,0.193
2024-07-26,6.2,0.16,3.8,0,weekday,12.6,0.0,0.0,0.354,0.0,0.0,0.678,0.0,0.057,0.081
2024-07-27,4.8,0.154,2.4,0,holiday,12.0,0.8,0.0,0.633,0.516,0.547,0.063,0.573,0.44,0.198
2024-07-28,5.1,0.165,4.7,0,holiday,12.7,1.5,0.0,0.725,0.441,0.615,0.03,0.522,0.404,0.166
2024-07-29,5.0,0.178,4.0,0,weekday,12.2,4.7,0.0,0.489,0.0,0.007,0.636,0.092,0.0,0.101
2024-07-30,4.7,0.155,3.2,0,weekday,14.5,0.0,0.0,,0.0,0.0,,0.102,0.0,0.166
2024-07-31,4.4,,6.9,0,weekday,13.6,0.0,0.0,0.384,0.061,0.0,0.644,0.105,0.081,0.143
2024-08-01,8.5,0.298,10.7,0,holiday,15.2,1.8,1.0,0.566,0.369,0.51,0.0,,0.135,0.237
2024-08-02,8.3,0.289,13.9,0,holiday,13.0,1.1,0.0,0.549,0.24,0.271,0.062,0.314,0.238,0.247
2024-08-03,7.6,0.221,12.8,0,holiday,15.7,0.0,0.0,0.524,0.409,0.555,0.061,0.599,0.357,0.238
2024-08-04,7.8,0.241,9.3,0,holiday,14.6,1.4,0.0,0.608,0.415,0.584,0.094,0.524,0.389,0.186
2024-08-05,8.9,0.258,12.8,0,holiday,15.5,0.0,0.0,0.631,0.207,0.335,0.0,0.28,0.198,0.184
2024-08-06,7.7,0.229,11.8,0,holiday,14.7,0.0,0.0,0.607,0.084,,0.005,0.351,0.29,0.24
2024-08-07,7.7,0.246,10.4,0,holiday,13.8,3.4,0.0,0.479,0.091,0.29,0.053,0.332,0.149,0.125
2024-08-08,7.4,0.231,13.4,0,holiday,17.5,0.0,0.0,0.532,0.172,0.275,0.018,0.366,0.149,0.229
2024-08-09,5.8,0.152,12.4,0,holiday,15.6,2.2,,0.596,0.115,0.213,0.06,0.33,0.168,0.301
2024-08-10,9.4,0.227,8.7,0,holiday,16.4,0.0,0.0,0.622,0.474,0.528,0.059,0.58,0.393,0.26
2024-08-11,7.5,0.262,13.1,0,holiday,16.7,0.4,0.0,0.682,0.468,0.628,0.048,0.598,0.305,0.269
2024-08-12,9.5,0.283,12.6,0,holiday,17.0,2.4,0.0,0.551,0.103,0.204,0.068,0.316,0.141,0.26
2024-08-13,8.9,0.222,12.6,0,holiday,15.4,0.0,0.0,0.575,0.238,0.235,0.091,0.268,0.338,0.258
2024-08-14,6.7,0.239,13.5,0,holiday,18.1,4.3,0.0,0.57,0.114,0.221,0.05,0.298,0.232,0.226
2024-08-15,7.9,0.218,9.0,0,holiday,17.1,0.0,1.0,0.424,0.449,0.545,0.018,0.466,0.143,0.279
2024-08-16,6.7,0.205,9.5,0,holiday,17.3,2.4,0.0,,0.297,0.314,0.114,0.217,0.18,0.296
2024-08-17,10.1,0.307,14.4,0,holiday,17.9,2.1,0.0,0.707,0.54,0.696,,0.565,0.342,0.248
2024-08-18,6.7,0.22,13.5,0,holiday,17.4,0.4,0.0,0.668,0.546,0.626,0.102,0.649,0.261,0.298
2024-08-19,10.8,,10.3,1,holiday,17.6,0.3,0.0,0.675,0.28,0.307,0.029,0.345,0.246,0.201
2024-08-20,8.7,0.267,10.6,0,holiday,19.2,0.6,0.0,0.548,0.19,0.296,0.115,0.373,0.225,0.293
2024-08-21,5.8,0.19,9.3,0,holiday,19.4,0.0,0.0,0.592,0.167,0.331,0.087,0.4,0.208,0.359
2024-08-22,10.5,0.585,14.1,1,holiday,20.4,0.8,,0.655,0.176,0.329,0.068,0.254,0.21,0.314
2024-08-23,9.9,0.252,8.5,0,holiday,20.4,0.0,0.0,0.633,0.214,0.294,0.162,0.304,0.112,0.327
2024-08-24,8.1,0.226,10.9,0,holiday,19.0,0.0,0.0,0.79,0.426,0.54,0.172,0.602,0.383,0.238
2024-08-25,7.9,0.195,10.5,0,holiday,19.6,1.4,0.0,0.703,0.311,0.515,0.172,0.602,0.307,0.27
2024-08-26,8.6,0.303,10.7,0,holiday,19.6,0.7,0.0,0.697,,0.228,0.107,0.274,0.209,0.356
2024-08-27,9.7,0.274,13.7,0,holiday,20.8,1.1,1.0,,0.5,0.668,0.115,0.55,0.238,0.268
2024-08-28,8.1,0.246,15.2,0,holiday,20.5,1.8,0.0,0.498,0.373,0.327,0.132,0.29,0.18,0.322
2024-08-29,8.1,0.236,14.4,0,holiday,20.4,0.0,0.0,0.503,0.173,0.243,0.118,0.332,0.168,0.339
2024-08-30,9.1,0.242,10.6,0,holiday,21.7,0.0,0.0,0.508,0.242,0.263,0.038,0.348,0.202,0.315
2024-08-31,10.1,0.293,15.3,0,holiday,19.5,1.4,0.0,0.756,0.454,0.644,0.016,0.557,,0.273
2024-09-01,6.7,0.21,12.6,0,holiday,21.9,0.0,1.0,0.635,0.643,0.765,0.083,0.793,0.367,0.377
2024-09-02,8.2,0.239,12.4,0,weekday,23.1,0.0,0.0,0.386,0.03,0.0,0.665,0.017,0.077,0.198
2024-09-03,6.2,0.223,12.2,0,weekday,21.6,0.7,0.0,0.402,0.035,0.0,0.667,0.107,0.016,0.235
2024-09-04,7.4,0.189,9.8,0,weekday,20.9,0.0,0.0,0.378,0.096,0.005,0.707,0.078,0.035,0.191
2024-09-05,7.4,0.192,11.4,0,weekday,23.2,1.4,0.0,0.5,0.033,0.018,0.704,0.159,0.0,0.221
2024-09-06,8.3,0.195,10.3,0,weekday,21.7,0.0,0.0,0.456,0.158,0.039,0.682,0.0,0.006,0.178
2024-09-07,9.1,0.522,9.5,1,holiday,22.4,0.0,0.0,0.678,0.423,0.592,0.125,0.628,0.324,0.267
2024-09-08,9.3,0.327,13.5,0,holiday,22.8,0.0,0.0,0.607,0.41,0.617,0.11,0.575,0.443,0.293
2024-09-09,7.2,0.195,13.5,0,weekday,23.0,0.9,0.0,0.469,0.034,0.017,0.643,0.148,0.057,0.175
2024-09-10,7.9,0.231,13.5,0,weekday,21.8,1.6,1.0,0.434,0.205,0.157,0.648,0.345,0.0,0.142
2024-09-11,7.2,0.186,8.3,0,weekday,23.4,1.0,0.0,0.251,0.022,0.0,0.659,0.052,0.0,0.264
2024-09-12,5.6,0.142,10.7,0,weekday,24.5,0.8,1.0,0.385,0.452,0.381,0.644,0.19,0.0,0.27
2024-09-13,7.1,0.26,13.2,0,weekday,23.5,1.1,0.0,0.337,0.209,0.044,0.523,0.0,0.067,0.294
2024-09-14,8.8,0.22,9.4,0,holiday,23.8,0.0,0.0,0.627,0.434,0.583,0.091,0.448,0.435,0.423
2024-09-15,7.1,0.246,14.7,0,holiday,22.3,1.2,0.0,0.564,0.5,0.664,0.016,0.652,0.448,0.365
2024-09-16,8.6,0.215,11.1,0,weekday,23.6,0.0,0.0,0.449,0.0,0.047,0.545,0.076,0.029,0.189
2024-09-17,5.6,0.18,11.7,0,weekday,25.3,0.0,0.0,0.487,0.03,0.0,0.681,0.115,0.0,0.331
2024-09-18,10.5,0.29,10.1,0,weekday,22.6,0.6,0.0,0.429,0.0,0.0,0.623,0.118,0.032,0.143
2024-09-19,6.7,,10.5,0,weekday,23.0,0.0,0.0,0.444,0.063,0.062,0.706,0.065,0.0,0.282
2024-09-20,9.4,0.276,13.4,0,weekday,23.1,0.0,0.0,0.356,0.0,0.0,0.691,0.114,0.0,0.112
2024-09-21,9.3,0.219,10.1,0,holiday,24.7,0.0,0.0,0.718,0.582,0.596,0.131,0.56,0.387,0.407
2024-09-22,9.1,0.162,10.6,0,holiday,26.4,0.9,0.0,0.673,0.52,0.534,0.092,0.63,0.248,0.427
2024-09-23,10.0,0.256,8.5,0,weekday,26.5,0.3,0.0,0.254,0.0,0.0,0.562,0.146,0.062,0.203
2024-09-24,8.8,0.569,8.8,1,weekday,25.2,0.0,0.0,0.498,0.269,0.011,0.661,0.076,0.017,0.242
2024-09-25,8.9,0.257,10.9,0,weekday,24.7,0.8,0.0,0.463,0.053,0.0,0.643,0.072,0.138,0.231
2024-09-26,8.3,0.251,10.8,0,weekday,25.2,0.0,0.0,0.347,0.038,0.017,0.61,0.134,0.0,0.318
2024-09-27,9.5,0.255,13.2,0,weekday,25.0,0.5,1.0,0.358,0.272,0.22,0.684,0.335,0.0,0.216
2024-09-28,7.8,0.251,10.5,0,holiday,26.2,0.0,0.0,0.623,0.473,,0.028,0.536,0.385,0.376
2024-09-29,6.4,0.164,9.1,0,holiday,25.3,1.9,0.0,0.655,0.491,0.643,0.06,0.625,0.301,0.417
2024-09-30,8.3,0.27,11.7,0,weekday,24.7,0.0,0.0,0.457,0.063,0.015,0.681,,0.084,0.203
2024-10-01,6.3,0.204,3.4,0,weekday,24.7,0.0,0.0,0.475,0.043,0.0,0.624,0.131,0.0,0.243
2024-10-02,7.5,0.151,2.4,0,weekday,27.2,1.4,0.0,0.322,0.162,0.0,0.738,0.178,0.031,0.304
2024-10-03,5.1,0.109,3.7,0,weekday,27.4,0.0,0.0,,0.191,0.017,0.674,0.093,0.035,0.36
2024-10-04,4.5,0.097,,0,weekday,27.1,0.0,0.0,0.355,0.032,0.008,0.674,0.023,0.092,0.411
2024-10-05,5.8,0.099,7.7,0,holiday,27.1,0.9,1.0,0.738,0.778,,0.053,0.853,0.361,0.486
2024-10-06,6.6,0.201,2.2,0,holiday,26.5,0.4,0.0,0.599,0.451,,0.066,0.655,0.367,0.386
2024-10-07,4.6,0.094,3.0,0,weekday,26.6,0.0,0.0,0.339,0.167,0.098,0.631,0.062,0.0,0.398
2024-10-08,5.6,0.121,3.9,0,weekday,26.4,0.0,0.0,0.365,,0.098,0.682,,0.108,0.241
2024-10-09,5.0,0.119,2.3,0,weekday,26.1,0.0,0.0,0.386,0.0,0.072,0.659,0.195,0.039,0.386
2024-10-10,3.5,0.129,6.3,0,weekday,27.5,0.0,0.0,0.362,0.347,0.072,0.726,0.051,0.102,0.397
2024-10-11,9.0,0.218,1.7,0,weekday,26.5,0.0,0.0,0.413,0.0,0.0,0.686,0.081,0.0,0.294
2024-10-12,5.0,0.107,5.4,0,holiday,27.4,0.0,0.0,,0.511,0.549,0.104,0.647,0.35,0.554
2024-10-13,2.9,0.048,2.9,0,holiday,26.8,0.4,0.0,0.642,0.521,0.544,0.083,0.529,0.339,0.508
2024-10-14,7.1,0.22,5.2,0,weekday,27.9,0.0,0.0,,0.215,0.122,0.678,0.113,0.017,0.344
2024-10-15,6.5,0.144,1.3,0,weekday,29.4,0.0,0.0,0.476,0.012,,0.703,0.069,0.0,0.375
2024-10-16,4.9,0.175,9.2,0,weekday,27.3,0.0,0.0,0.396,0.148,0.069,0.622,0.055,0.0,0.261
2024-10-17,5.5,0.08,1.4,0,weekday,27.4,0.3,0.0,0.491,0.112,0.092,0.635,0.028,0.0,0.356
2024-10-18,5.3,0.122,1.8,0,weekday,28.6,0.0,0.0,0.452,0.255,,0.564,0.13,0.0,0.31
2024-10-19,4.7,0.116,1.2,0,holiday,28.4,0.0,1.0,0.673,0.954,0.902,0.022,0.773,0.367,0.501
2024-10-20,6.4,,2.8,0,holiday,27.4,0.0,1.0,0.574,0.866,0.857,0.101,0.788,0.375,0.371
2024-10-21,6.7,0.149,4.1,0,weekday,27.3,1.7,0.0,0.409,0.092,0.0,0.713,,0.0,0.302
2024-10-22,5.4,0.155,0.2,0,weekday,28.3,1.3,0.0,0.373,0.18,0.017,0.73,0.105,0.082,0.356
2024-10-23,5.9,0.126,9.9,0,weekday,26.8,0.0,0.0,0.345,0.138,0.045,0.599,0.162,0.0,0.309
2024-10-24,4.2,0.072,2.0,0,weekday,29.0,0.0,0.0,0.487,0.019,0.015,0.678,0.108,0.0,0.376
2024-10-25,6.2,0.171,3.1,0,weekday,28.3,0.0,0.0,0.443,0.162,0.0,0.688,0.061,0.0,0.32
2024-10-26,5.1,0.119,2.7,0,holiday,28.0,0.9,,0.667,,0.607,0.105,0.665,0.334,0.518
2024-10-27,6.5,0.196,1.3,0,holiday,26.7,0.0,1.0,0.514,0.68,0.817,0.063,0.806,0.288,0.475
2024-10-28,4.2,0.145,2.1,0,weekday,27.9,0.5,0.0,0.493,0.096,0.0,0.712,0.0,0.0,0.387
2024-10-29,7.5,0.2,7.5,0,weekday,28.8,0.0,0.0,0.512,0.255,,0.665,0.134,0.028,0.228
2024-10-30,4.9,0.13,,0,weekday,28.5,0.0,0.0,,0.032,0.046,0.655,0.055,0.031,0.347
2024-10-31,4.6,0.117,3.5,0,weekday,28.6,3.7,0.0,0.378,0.165,0.0,0.638,0.069,0.0,0.385
2024-11-01,5.7,0.141,3.9,0,weekday,27.8,2.0,0.0,0.449,0.137,0.059,0.704,0.109,0.0,0.401
2024-11-02,5.7,0.195,0.2,0,holiday,29.6,0.0,0.0,0.643,0.553,0.64,,0.629,0.282,0.54
2024-11-03,5.8,0.15,2.4,0,holiday,28.4,1.9,0.0,0.557,0.515,0.698,0.083,0.639,0.385,0.527
2024-11-04,2.9,0.108,2.3,0,weekday,27.8,0.0,0.0,0.411,0.135,0.0,0.63,0.084,0.0,0.365
2024-11-05,5.1,0.132,2.2,0,weekday,27.7,0.0,0.0,0.372,,0.077,0.682,0.16,0.0,0.41
2024-11-06,5.4,0.138,,0,weekday,29.4,0.0,,0.408,0.097,0.023,,0.191,0.069,0.346
2024-11-07,5.6,0.142,2.7,0,weekday,27.7,1.7,0.0,0.445,0.082,0.039,0.679,0.071,0.074,0.387
2024-11-08,5.4,0.082,3.5,0,weekday,29.2,1.4,0.0,0.357,0.221,0.042,0.665,0.029,0.019,0.388
2024-11-09,6.3,0.171,1.6,0,holiday,29.1,0.0,1.0,0.763,0.739,0.875,0.202,0.822,0.291,0.529
2024-11-10,4.4,0.107,0.5,0,holiday,29.0,0.0,0.0,0.573,0.411,0.583,0.078,0.603,0.338,0.556
2024-11-11,5.6,0.123,2.8,0,weekday,27.5,0.6,0.0,0.372,0.185,0.083,0.694,0.033,0.106,0.348
2024-11-12,7.4,0.143,1.6,0,weekday,28.9,0.0,0.0,0.34,0.323,0.0,0.642,0.0,0.0,0.396
2024-11-13,5.1,,5.3,0,weekday,28.3,0.0,0.0,,0.121,0.109,0.631,0.157,,0.342
2024-11-14,6.3,0.205,2.9,0,weekday,29.3,1.2,1.0,0.511,0.498,0.27,0.68,0.343,0.006,0.325
2024-11-15,6.2,0.134,2.4,0,weekday,28.5,0.0,0.0,0.438,0.11,0.009,0.675,0.099,0.024,0.332
2024-11-16,7.4,,3.0,0,holiday,27.9,0.0,0.0,0.769,0.555,0.632,0.081,0.597,0.332,0.508
2024-11-17,4.3,0.09,3.4,0,holiday,28.4,0.6,0.0,0.685,0.494,0.642,0.091,0.521,0.358,0.487
2024-11-18,4.2,0.09,1.0,0,weekday,30.9,0.0,0.0,0.574,0.171,0.04,0.689,0.156,0.0,0.432
2024-11-19,4.9,0.157,,0,weekday,27.3,0.0,0.0,0.538,0.139,0.0,0.607,0.049,0.0,0.322
2024-11-20,4.5,0.114,1.2,0,weekday,27.7,0.0,0.0,0.208,0.114,0.079,0.606,0.107,0.0,0.34
2024-11-21,5.9,0.191,0.9,0,weekday,29.2,2.5,0.0,0.305,0.191,0.069,0.67,0.051,0.062,0.418
2024-11-22,5.4,0.169,4.6,0,weekday,28.8,0.0,0.0,,0.169,0.0,0.605,0.09,0.034,0.447
2024-11-23,4.0,0.156,5.7,0,holiday,28.1,0.0,0.0,0.792,0.47,0.602,0.116,0.579,0.33,0.585
2024-11-24,3.8,0.094,3.5,0,holiday,28.7,0.7,0.0,0.7,0.522,0.551,0.206,0.605,0.342,0.606
2024-11-25,3.0,0.066,1.4,0,weekday,26.6,1.6,0.0,0.32,0.119,0.102,0.675,0.153,0.0,0.428
2024-11-26,4.2,0.081,4.7,0,weekday,27.3,0.0,0.0,0.542,0.0,0.0,0.632,0.127,0.042,0.322
2024-11-27,4.8,0.127,4.2,0,weekday,27.8,1.1,1.0,0.558,,0.252,0.738,0.281,0.0,0.342
2024-11-28,7.8,0.216,2.7,0,weekday,26.3,0.0,0.0,0.272,0.102,0.111,0.57,0.044,,0.229
2024-11-29,6.3,0.15,1.3,0,weekday,26.2,0.5,0.0,0.651,0.0,0.044,0.737,0.105,0.0,0.35
2024-11-30,5.7,0.146,2.4,0,holiday,28.4,0.0,0.0,0.63,0.503,0.527,0.04,0.719,0.313,0.5
2024-12-01,4.4,0.104,1.5,0,holiday,26.2,10.0,0.0,0.594,0.481,0.554,0.043,0.66,0.263,0.531
2024-12-02,5.6,0.122,4.4,0,holiday,29.2,2.8,0.0,0.446,0.278,0.345,0.001,0.363,0.106,0.535
2024-12-03,6.8,0.122,4.2,0,holiday,26.3,7.3,0.0,0.584,0.385,0.294,0.169,0.429,0.113,0.532
2024-12-04,7.6,0.154,6.0,0,holiday,26.5,5.8,0.0,0.614,0.259,0.362,0.135,0.308,0.195,0.436
2024-12-05,5.8,0.11,3.7,0,holiday,25.8,12.5,0.0,0.381,0.316,0.285,0.052,0.275,0.139,0.471
2024-12-06,4.8,0.095,3.7,0,holiday,26.4,9.5,0.0,0.515,0.454,0.406,0.09,0.389,,0.455
2024-12-07,4.4,0.18,5.7,0,holiday,26.2,8.9,0.0,0.736,0.567,0.577,0.079,0.757,0.29,0.468
2024-12-08,5.4,0.098,3.1,0,holiday,24.6,9.4,0.0,0.666,0.454,0.585,0.034,0.531,0.386,0.44
2024-12-09,4.2,0.134,3.1,0,holiday,26.1,7.2,0.0,0.371,,0.337,0.017,0.304,0.185,0.537
2024-12-10,5.2,0.105,3.0,0,holiday,26.0,5.3,0.0,0.535,0.421,0.247,0.0,0.385,0.163,0.486
2024-12-11,4.4,0.056,3.1,0,,27.2,6.4,0.0,0.498,0.384,0.269,0.097,0.234,0.231,0.527
2024-12-12,6.0,0.153,2.0,0,holiday,25.9,8.8,0.0,0.624,0.282,0.267,0.02,0.341,0.161,0.47
2024-12-13,3.4,0.106,6.4,0,holiday,25.7,7.5,0.0,0.566,0.316,0.359,0.029,0.337,0.202,0.485
2024-12-14,6.1,,5.5,0,holiday,24.7,11.1,0.0,0.727,0.503,0.654,0.084,0.568,0.442,0.42
2024-12-15,7.3,0.142,4.3,0,holiday,26.7,5.1,0.0,0.664,0.538,,0.007,0.627,0.316,0.419
2024-12-16,7.5,0.256,3.3,0,holiday,25.4,12.6,0.0,0.435,0.227,0.248,0.0,0.367,0.146,0.384
2024-12-17,3.9,0.021,0.1,0,holiday,26.2,8.4,0.0,0.578,0.527,,0.081,0.34,0.24,0.423
2024-12-18,4.4,0.124,4.0,0,holiday,24.7,11.2,0.0,0.756,0.268,0.316,0.055,0.33,0.142,0.48
2024-12-19,4.1,0.102,7.0,0,,25.4,11.2,0.0,0.629,0.356,0.35,0.037,0.351,0.166,0.489
2024-12-20,7.0,0.114,2.1,0,holiday,24.1,14.2,0.0,0.639,0.161,0.225,0.101,0.31,,0.407
2024-12-21,5.6,0.142,5.5,0,holiday,25.0,9.5,0.0,0.619,0.557,,0.068,0.554,0.409,0.463
2024-12-22,2.5,0.064,1.9,0,holiday,25.1,10.3,0.0,0.659,0.436,0.589,0.092,0.616,0.384,0.477
2024-12-23,5.4,0.125,1.7,0,holiday,25.4,9.1,0.0,0.667,0.286,0.31,0.199,0.32,0.196,0.42
2024-12-24,3.5,,6.1,0,holiday,24.3,12.7,0.0,0.644,0.323,0.19,0.165,0.432,0.143,0.445
2024-12-25,2.8,0.086,1.1,0,holiday,23.7,11.1,0.0,0.642,0.335,0.252,,0.336,0.148,0.472
2024-12-26,4.6,0.14,2.7,0,holiday,23.6,13.2,0.0,,0.31,0.437,0.135,0.336,0.141,0.518
2024-12-27,5.4,0.113,1.6,0,holiday,25.2,11.3,0.0,0.628,0.207,0.196,0.154,0.359,0.162,0.4
2024-12-28,6.3,0.116,1.8,0,holiday,23.3,14.6,0.0,0.598,0.423,0.519,0.068,0.631,0.324,0.406
2024-12-29,5.2,0.181,7.2,0,holiday,22.8,14.9,0.0,0.93,0.484,0.579,0.148,0.529,0.338,0.449
2024-12-30,4.6,0.135,4.5,0,holiday,23.4,14.9,0.0,0.607,0.214,0.316,0.057,0.393,0.183,0.471
2024-12-31,5.6,0.118,2.6,0,holiday,23.2,15.0,0.0,0.702,0.326,0.262,0.085,0.348,0.115,0.395
2025-01-01,6.4,0.189,,0,holiday,24.1,12.0,0.0,0.619,,0.22,0.069,0.254,0.179,0.418
2025-01-02,5.0,0.091,0.7,0,holiday,22.6,16.8,0.0,0.499,0.517,0.347,0.155,0.397,0.282,0.443
2025-01-03,6.6,0.2,2.6,0,holiday,22.9,14.6,0.0,0.679,0.379,0.34,0.151,0.399,0.151,0.417
2025-01-04,5.7,0.15,5.3,0,holiday,22.9,15.2,0.0,0.737,0.429,0.547,0.093,0.608,0.316,0.42
2025-01-05,6.7,0.162,5.8,0,holiday,23.2,14.1,0.0,0.734,0.545,0.636,0.036,0.564,0.37,0.375
2025-01-06,5.6,0.127,3.7,0,holiday,21.1,18.9,0.0,0.672,0.296,0.309,0.11,0.332,0.195,0.378
2025-01-07,5.8,0.146,2.8,0,holiday,22.4,15.8,0.0,,0.249,0.309,0.024,0.327,0.238,0.354
2025-01-08,5.2,0.141,1.1,0,holiday,22.1,19.3,0.0,0.675,0.279,0.368,0.139,0.353,0.092,0.479
2025-01-09,4.5,0.098,4.8,0,holiday,20.0,19.4,0.0,0.444,0.323,0.339,0.006,0.237,0.104,0.383
2025-01-10,6.7,0.118,2.7,0,holiday,22.3,14.2,0.0,0.556,0.362,0.379,0.079,0.322,0.2,0.357
2025-01-11,6.3,0.166,6.1,0,holiday,22.4,15.3,0.0,0.742,0.36,0.635,0.107,0.541,0.319,0.397
2025-01-12,6.6,0.18,3.0,0,holiday,20.1,21.4,0.0,0.77,0.431,0.553,0.071,0.494,0.467,0.269
2025-01-13,6.0,0.165,6.1,0,holiday,20.9,16.5,0.0,0.49,0.218,0.328,0.147,0.4,0.237,0.361
2025-01-14,4.5,0.13,2.2,0,holiday,19.6,23.5,0.0,0.616,0.316,0.3,0.027,0.35,0.163,0.35
2025-01-15,4.4,0.112,4.2,0,holiday,20.0,20.3,0.0,0.559,0.333,0.241,0.018,0.392,0.213,0.367
2025-01-16,6.8,0.155,6.7,0,holiday,19.7,18.2,0.0,0.527,,0.345,0.0,0.392,0.203,0.317
2025-01-17,4.3,0.131,2.3,0,holiday,19.0,18.0,0.0,0.611,0.297,0.371,0.178,0.318,0.157,0.346
2025-01-18,6.2,0.123,5.2,0,holiday,19.5,18.4,0.0,0.652,0.507,0.667,0.099,0.492,0.357,0.328
2025-01-19,4.7,0.109,1.6,0,holiday,19.3,21.1,0.0,0.658,0.501,0.733,0.198,0.625,0.329,0.368
2025-01-20,3.9,0.083,1.5,0,holiday,18.8,18.0,0.0,0.564,0.15,0.384,0.06,0.271,0.133,0.43
2025-01-21,6.3,,2.4,0,holiday,17.7,25.5,0.0,0.502,0.319,0.256,0.124,,0.258,0.303
2025-01-22,7.0,0.156,3.1,0,holiday,17.5,25.8,0.0,0.571,0.204,0.309,0.0,0.301,0.227,0.44
2025-01-23,4.4,0.094,2.2,0,holiday,19.8,18.4,0.0,0.606,0.341,0.4,0.026,0.269,0.197,0.34
2025-01-24,3.8,0.151,8.4,0,holiday,18.2,24.8,0.0,0.462,0.234,0.301,0.045,0.273,0.187,0.301
2025-01-25,6.3,0.148,1.0,0,,17.2,25.4,0.0,0.681,0.539,0.562,0.119,0.541,0.35,0.283
2025-01-26,5.5,0.156,3.5,0,holiday,16.0,25.5,0.0,0.589,0.515,0.685,,0.529,0.386,0.336
2025-01-27,6.3,0.176,,0,holiday,16.3,30.5,0.0,0.513,0.299,0.334,0.115,0.323,0.183,0.311
2025-01-28,3.0,0.02,3.6,0,holiday,16.7,26.6,0.0,0.597,0.321,0.356,0.095,0.298,0.135,0.359
2025-01-29,3.6,0.025,2.3,0,holiday,18.2,23.9,0.0,0.638,0.269,,0.065,0.271,0.127,0.393
2025-01-30,5.8,0.152,4.2,0,holiday,16.8,26.0,0.0,0.44,0.196,0.395,0.0,0.274,0.201,0.282
2025-01-31,5.2,0.079,1.9,0,holiday,16.6,24.7,0.0,0.533,0.369,0.315,0.082,0.38,0.283,0.378
2025-02-01,7.3,0.161,3.5,0,holiday,17.4,25.3,0.0,0.601,0.288,0.464,0.056,0.52,0.285,0.298
2025-02-02,6.8,0.18,1.2,0,holiday,14.9,31.2,,0.723,0.393,0.469,0.118,0.474,0.358,0.196
2025-02-03,3.0,0.038,3.1,0,weekday,16.4,28.1,0.0,0.423,0.0,0.048,0.599,0.0,0.059,0.144
2025-02-04,5.0,0.12,3.9,0,weekday,16.3,31.5,0.0,0.444,0.016,0.0,0.663,0.079,0.0,0.111
2025-02-05,5.7,0.094,3.3,0,weekday,16.1,32.4,0.0,0.395,0.235,0.023,0.692,0.109,0.034,0.2
2025-02-06,6.7,0.109,2.5,0,weekday,15.9,29.1,1.0,0.408,,0.329,0.642,0.199,0.0,0.082
2025-02-07,6.3,,2.7,0,weekday,15.0,30.3,0.0,0.409,0.0,0.0,0.616,0.074,0.039,0.132
2025-02-08,5.0,0.131,4.0,0,holiday,15.0,28.4,0.0,0.587,0.411,0.529,0.207,0.506,,0.367
2025-02-09,5.6,0.143,3.5,0,holiday,15.6,27.1,0.0,0.728,0.474,0.501,0.178,,0.404,0.306
2025-02-10,5.8,0.176,0.9,0,weekday,14.0,32.3,0.0,0.384,0.0,0.018,0.606,0.0,0.099,0.157
2025-02-11,6.9,0.142,4.8,0,weekday,15.6,29.1,0.0,0.405,0.0,0.06,0.631,0.067,0.0,0.089
2025-02-12,6.4,0.183,7.1,0,weekday,16.0,29.4,0.0,0.557,0.0,0.0,0.733,0.03,0.024,0.191
2025-02-13,5.1,0.091,2.7,0,weekday,13.7,31.5,0.0,0.369,0.071,0.047,0.718,0.0,0.0,0.068
2025-02-14,5.2,0.133,2.0,0,weekday,13.5,34.1,0.0,0.543,0.0,0.0,0.584,0.08,0.095,0.105
2025-02-15,5.1,0.149,2.0,0,holiday,12.5,33.9,0.0,0.57,0.307,0.592,0.0,0.538,0.379,0.297
2025-02-16,6.1,0.12,5.9,0,holiday,14.1,32.5,0.0,0.718,0.508,,,0.562,0.483,0.281
2025-02-17,4.3,0.052,2.5,0,weekday,12.3,32.3,0.0,0.406,0.0,0.063,0.638,0.154,0.067,0.089
2025-02-18,6.4,0.123,0.6,0,weekday,13.4,33.7,0.0,0.525,0.008,0.0,0.649,0.08,0.03,0.041
2025-02-19,4.4,0.119,2.7,0,weekday,11.4,35.0,0.0,0.342,,0.062,0.634,0.022,0.055,0.183
2025-02-20,7.8,0.232,5.2,0,weekday,12.5,30.7,0.0,0.515,0.091,0.096,0.729,0.033,0.057,0.081
2025-02-21,5.8,0.106,1.9,0,weekday,11.5,31.8,0.0,0.515,0.043,0.036,,0.012,0.08,0.114
2025-02-22,5.0,,0.9,0,holiday,10.6,34.5,0.0,0.811,0.367,0.58,0.092,0.488,0.366,0.271
2025-02-23,7.6,0.159,1.9,0,holiday,11.3,35.0,0.0,0.751,0.442,0.535,0.05,0.507,0.467,0.149
2025-02-24,5.1,0.13,1.4,0,weekday,11.1,34.5,0.0,0.441,0.0,0.064,0.685,0.071,0.075,0.094
2025-02-25,4.6,0.077,4.9,0,weekday,10.6,35.0,0.0,0.37,0.0,0.102,0.668,0.0,0.039,0.057
2025-02-26,6.9,0.173,3.2,0,weekday,11.5,35.0,0.0,0.402,0.072,0.087,0.699,0.003,0.025,0.1
2025-02-27,3.1,0.033,,0,weekday,12.6,31.4,0.0,0.443,0.118,0.048,0.677,0.0,0.0,0.219
2025-02-28,4.5,,1.6,0,weekday,10.8,35.0,0.0,0.492,0.0,0.0,0.64,0.049,0.066,0.182
2025-03-01,6.3,0.196,6.3,0,holiday,9.5,35.0,0.0,0.693,0.579,0.681,0.057,0.597,0.425,0.2
2025-03-02,4.2,0.156,3.9,0,holiday,10.4,34.0,0.0,0.598,,0.588,0.135,0.472,0.443,0.235
2025-03-03,1.2,0.038,1.8,0,weekday,9.6,35.0,0.0,0.422,0.069,0.0,0.591,0.042,0.162,0.153
2025-03-04,6.9,0.239,6.3,0,weekday,11.8,35.0,0.0,0.418,0.0,0.012,0.68,0.116,0.0,0.05
2025-03-05,5.3,0.173,1.9,0,weekday,10.1,35.0,0.0,0.433,0.0,0.0,0.693,0.0,0.074,0.061
2025-03-06,6.3,0.175,4.0,0,weekday,10.5,33.0,0.0,0.354,0.0,0.003,,0.0,0.085,0.057
2025-03-07,8.3,0.176,5.2,0,weekday,9.9,34.8,0.0,0.517,0.104,0.0,0.697,0.025,0.095,0.0
2025-03-08,6.1,0.097,0.8,0,holiday,7.9,35.0,0.0,0.673,0.493,0.655,0.119,0.518,0.351,0.152
2025-03-09,4.4,0.129,1.5,0,holiday,9.1,30.0,0.0,0.814,0.5,,0.105,0.567,0.399,0.15
2025-03-10,6.6,0.137,2.2,0,weekday,10.7,35.0,0.0,0.481,0.0,0.02,0.657,0.042,0.042,0.087
2025-03-11,5.8,0.162,,0,weekday,8.8,35.0,0.0,,0.0,0.0,0.699,0.063,0.131,0.045
2025-03-12,6.3,0.167,1.0,0,weekday,8.3,35.0,1.0,,0.106,0.24,0.692,0.249,0.125,0.031
2025-03-13,5.4,0.123,4.7,0,weekday,9.1,35.0,0.0,0.456,0.004,0.041,0.723,0.017,0.106,0.065
2025-03-14,4.1,0.165,7.1,0,weekday,7.4,34.9,0.0,0.36,0.019,0.064,,0.0,0.052,0.0
2025-03-15,3.6,0.128,5.0,0,holiday,8.9,33.4,0.0,0.719,0.292,0.538,0.076,0.516,0.53,0.224
2025-03-16,5.3,0.132,4.2,0,holiday,7.6,30.6,0.0,0.662,0.368,0.575,0.129,0.508,0.401,0.199
2025-03-17,5.6,0.143,4.5,0,weekday,8.2,31.7,0.0,0.314,0.0,0.0,0.631,0.015,0.074,0.037
2025-03-18,4.4,0.109,2.9,0,,6.7,34.9,0.0,,0.0,0.0,0.58,0.051,0.079,0.035
2025-03-19,5.4,0.179,6.4,0,weekday,7.2,33.7,0.0,0.464,0.0,0.023,0.672,0.026,0.089,0.056
2025-03-20,2.5,,5.8,0,weekday,7.0,33.7,0.0,0.537,0.0,0.054,0.662,0.0,0.077,0.041
2025-03-21,2.7,0.106,4.6,0,weekday,6.7,35.0,0.0,0.45,0.016,0.016,,0.0,0.121,0.094
2025-03-22,5.6,0.134,,0,holiday,4.8,35.0,0.0,0.702,0.379,0.647,0.049,0.39,0.443,0.095
2025-03-23,7.2,,6.3,0,holiday,6.6,35.0,0.0,0.698,0.311,0.546,0.062,0.542,0.528,0.082
2025-03-24,4.9,0.15,1.8,0,weekday,6.8,35.0,0.0,0.396,0.0,0.001,0.647,0.019,0.082,0.062
2025-03-25,6.5,0.216,5.4,0,weekday,6.3,35.0,0.0,0.29,0.0,0.069,0.667,,0.164,0.069
2025-03-26,5.0,0.136,1.4,0,weekday,7.9,33.8,0.0,0.397,0.059,0.035,0.717,0.0,0.148,0.143
2025-03-27,7.8,0.22,,0,weekday,5.6,35.0,0.0,0.394,0.0,0.017,,0.011,0.057,0.0
2025-03-28,5.2,0.137,1.5,0,weekday,5.0,33.9,0.0,0.282,,0.0,0.551,0.158,0.122,0.0
2025-03-29,6.0,0.19,3.5,0,holiday,4.9,35.0,0.0,0.672,0.29,0.506,0.016,0.605,0.51,0.187
2025-03-30,4.7,0.172,8.6,0,holiday,5.9,35.0,0.0,0.622,0.325,0.622,0.125,0.414,0.484,0.179
2025-03-31,5.2,0.13,,0,weekday,4.4,33.7,0.0,,0.017,0.02,0.549,0.0,0.104,0.0
2025-04-01,4.0,0.099,2.5,0,weekday,3.5,1.6,0.0,0.527,0.156,,,0.053,0.106,0.0
2025-04-02,5.7,0.124,1.5,0,weekday,6.1,0.0,0.0,0.471,0.001,,0.684,0.048,0.027,0.0
2025-04-03,5.8,0.153,3.0,0,weekday,4.9,0.9,0.0,0.366,0.0,0.049,0.676,0.0,0.173,0.0
2025-04-04,7.7,0.201,8.6,0,weekday,3.0,0.9,0.0,0.513,0.0,0.01,0.738,0.033,0.082,0.0
2025-04-05,5.1,0.12,2.8,0,holiday,5.0,0.3,,0.653,0.382,0.531,0.12,0.439,0.482,0.247
2025-04-06,7.3,0.174,4.0,0,holiday,3.8,1.0,0.0,0.886,0.503,0.604,0.187,0.417,0.421,0.149
2025-04-07,3.3,0.112,5.8,0,weekday,4.7,2.7,0.0,0.373,,0.0,0.672,0.0,0.216,0.0
2025-04-08,4.6,0.185,9.5,0,weekday,4.7,0.0,0.0,,0.0,0.0,,0.0,0.136,0.0
2025-04-09,4.9,0.091,1.2,0,weekday,4.2,0.0,0.0,,0.0,0.0,0.722,0.035,0.139,0.127
2025-04-10,6.6,0.173,1.1,0,weekday,4.1,1.0,0.0,0.428,0.0,0.056,0.668,0.0,0.126,0.015
2025-04-11,4.5,0.121,2.9,0,weekday,4.0,0.5,0.0,0.521,0.039,0.0,0.675,0.0,0.083,0.0
2025-04-12,6.5,0.468,4.1,1,holiday,3.2,0.6,0.0,0.639,0.26,0.527,0.098,0.548,0.408,0.147
2025-04-13,5.2,0.178,5.3,0,holiday,3.7,0.0,0.0,0.752,0.288,0.508,0.096,0.455,0.51,0.131
2025-04-14,5.2,0.104,1.4,0,weekday,3.3,1.4,0.0,0.287,0.127,0.006,0.641,0.0,0.062,0.0
2025-04-15,4.1,0.09,,0,weekday,3.1,0.0,0.0,0.495,0.088,0.019,0.66,0.0,0.155,0.0
2025-04-16,4.1,0.07,5.6,0,weekday,5.0,0.7,,0.366,0.0,0.0,0.598,0.0,0.001,0.0
2025-04-17,4.5,0.111,5.9,0,weekday,4.6,0.8,0.0,0.493,0.018,0.001,0.672,0.03,0.14,0.0
2025-04-18,6.0,0.223,8.4,0,weekday,4.6,0.0,0.0,0.408,0.0,0.009,0.627,0.0,0.156,0.0
2025-04-19,5.3,0.197,5.6,0,holiday,3.0,0.7,0.0,0.546,0.404,0.547,0.129,0.531,0.452,0.205
2025-04-20,4.8,0.128,4.8,0,holiday,3.1,0.2,0.0,0.73,0.396,0.607,0.149,0.464,0.498,0.133
2025-04-21,6.0,0.181,0.4,0,weekday,2.4,0.0,0.0,0.512,0.069,0.0,0.67,0.0,0.133,0.0
2025-04-22,7.2,0.17,0.9,0,weekday,2.6,0.0,0.0,0.448,0.0,0.028,0.688,0.0,0.155,0.0
2025-04-23,4.4,0.121,2.7,0,weekday,2.0,1.5,0.0,0.527,0.0,0.0,0.651,0.029,0.122,0.052
2025-04-24,6.3,0.179,4.4,0,weekday,3.7,0.0,1.0,0.491,0.211,0.296,0.722,0.19,0.098,0.024
2025-04-25,3.1,0.12,4.4,0,weekday,3.6,0.0,0.0,0.526,0.036,,0.695,0.04,0.131,0.001
2025-04-26,6.5,0.125,1.9,0,holiday,2.6,1.2,0.0,0.682,0.561,0.575,0.085,0.482,0.471,0.157
2025-04-27,6.0,0.154,4.3,0,holiday,3.1,2.0,0.0,0.72,0.279,0.429,0.061,0.514,0.454,0.087
2025-04-28,5.7,0.188,1.0,0,weekday,3.1,0.0,0.0,0.334,0.0,0.0,0.668,0.041,0.083,0.018
2025-04-29,4.0,0.144,0.3,0,weekday,1.8,2.3,0.0,0.579,0.0,0.095,0.732,0.0,0.144,0.04
2025-04-30,6.3,0.171,3.1,0,weekday,1.6,0.0,0.0,0.433,0.0,0.0,0.588,,0.067,0.0
2025-05-01,6.2,0.072,1.3,0,holiday,2.8,0.6,0.0,0.736,0.292,0.366,0.124,0.285,0.353,0.195
2025-05-02,4.6,0.113,3.1,0,holiday,3.0,0.6,0.0,0.403,0.233,0.183,0.0,0.261,0.234,0.075
2025-05-03,5.5,0.123,0.5,0,holiday,3.7,0.8,0.0,0.693,0.472,0.616,0.066,0.539,0.379,0.127
2025-05-04,5.0,0.124,3.1,0,holiday,2.2,0.0,1.0,0.662,0.611,0.844,0.089,0.716,0.576,0.089
2025-05-05,7.5,0.214,4.9,0,holiday,1.7,0.9,0.0,0.603,0.168,0.323,0.068,0.224,0.373,0.104
2025-05-06,5.7,0.108,1.6,0,holiday,3.5,0.0,0.0,0.465,0.295,0.292,0.008,0.269,0.288,0.056
2025-05-07,3.2,0.081,1.2,0,holiday,3.1,0.1,0.0,0.641,0.158,0.375,0.122,0.244,0.248,0.165
2025-05-08,3.7,0.097,2.8,0,holiday,2.0,0.0,0.0,0.42,0.13,0.334,0.052,0.213,0.233,0.111
2025-05-09,5.3,,3.3,0,holiday,2.3,0.0,0.0,0.462,0.253,0.424,0.035,0.225,0.309,0.07
2025-05-10,4.6,0.121,5.0,0,holiday,0.9,0.8,0.0,0.684,0.274,0.579,0.106,0.415,,0.18
2025-05-11,4.3,0.099,5.5,0,holiday,2.3,0.6,0.0,0.62,0.448,0.595,0.047,0.517,0.467,0.152
2025-05-12,5.5,0.208,1.7,0,holiday,4.3,0.0,0.0,0.622,0.249,,0.206,0.23,0.296,0.109
2025-05-13,6.0,0.119,4.3,0,holiday,2.6,0.0,0.0,0.572,0.229,0.362,0.102,0.292,0.305,0.145
2025-05-14,3.9,0.092,3.5,0,holiday,3.2,0.0,0.0,0.506,0.204,0.339,0.08,0.293,0.258,0.094
2025-05-15,4.7,0.206,9.7,0,holiday,2.0,0.0,0.0,0.684,0.102,0.18,0.021,0.254,0.163,0.137
2025-05-16,6.7,0.13,4.6,0,holiday,4.3,0.0,0.0,0.514,,0.409,0.084,0.135,0.254,0.115
2025-05-17,4.9,0.123,0.6,0,holiday,3.3,0.0,0.0,0.67,,0.507,0.062,0.556,0.416,0.247
2025-05-18,6.0,0.182,5.8,0,holiday,2.6,1.0,0.0,0.677,0.265,0.481,0.125,0.564,0.55,0.172
2025-05-19,6.5,0.206,7.4,0,holiday,2.0,0.0,0.0,0.582,0.192,0.306,0.184,0.211,0.297,0.2
2025-05-20,6.4,0.13,3.4,0,holiday,2.6,3.0,0.0,0.581,0.272,0.269,0.065,0.313,0.358,0.125
2025-05-21,4.8,0.173,3.1,0,holiday,3.0,0.0,,0.529,0.251,0.349,0.152,0.204,0.292,0.085
2025-05-22,6.6,0.178,5.7,0,holiday,2.7,0.0,0.0,0.65,0.183,0.349,0.12,0.24,0.339,0.114
2025-05-23,3.0,0.069,2.4,0,holiday,3.6,0.0,0.0,0.557,0.0,0.365,0.053,0.216,0.347,0.142
2025-05-24,5.1,0.069,2.7,0,holiday,4.2,3.7,0.0,0.614,0.472,0.662,0.094,0.445,0.422,0.089
2025-05-25,7.8,0.267,4.7,0,holiday,2.1,0.0,,0.799,0.504,0.634,0.173,0.561,0.42,0.076
2025-05-26,4.5,0.132,3.8,0,holiday,3.7,0.0,0.0,0.574,0.0,0.277,0.068,0.254,,0.141
2025-05-27,3.6,0.114,2.9,0,holiday,3.3,0.0,0.0,0.623,0.075,0.262,0.012,0.305,0.278,0.188
2025-05-28,5.6,0.154,2.8,0,holiday,3.4,0.0,0.0,0.598,0.23,0.346,0.104,0.253,0.308,0.182
2025-05-29,3.3,0.135,10.0,0,holiday,2.8,0.0,1.0,0.596,0.455,0.641,0.0,0.466,0.359,0.092
2025-05-30,5.2,0.149,2.6,0,holiday,3.6,1.1,0.0,0.502,0.182,0.225,0.066,0.285,0.288,0.103
2025-05-31,5.4,0.138,2.1,0,holiday,4.3,0.0,0.0,0.653,0.513,,0.027,0.49,0.554,0.064
2025-06-01,6.0,0.159,0.8,0,holiday,3.4,1.5,0.0,0.668,0.399,0.608,,0.521,0.539,0.11
2025-06-02,7.6,0.234,,0,weekday,4.7,0.3,0.0,0.441,,0.0,0.716,0.049,0.159,0.0
2025-06-03,4.8,0.107,3.6,0,weekday,3.6,0.0,0.0,0.36,0.03,0.033,0.71,0.093,0.074,0.0
2025-06-04,7.7,0.224,9.4,0,weekday,3.1,3.1,0.0,0.263,0.0,0.015,0.673,0.0,0.135,0.0
2025-06-05,5.2,0.087,4.2,0,weekday,4.9,2.2,0.0,0.491,0.154,0.039,0.712,0.0,0.139,0.0
2025-06-06,6.8,0.176,1.1,0,weekday,4.6,0.6,0.0,0.374,0.048,0.08,0.539,0.074,0.08,0.0
2025-06-07,4.9,0.189,3.9,0,holiday,5.5,0.0,0.0,0.661,0.293,0.622,0.112,0.602,0.384,0.095
2025-06-08,4.7,0.245,20.0,0,holiday,4.1,0.0,0.0,0.734,0.336,0.524,0.098,0.559,0.464,0.052
2025-06-09,6.2,0.286,26.5,0,weekday,4.8,0.0,,0.461,0.0,,0.682,0.16,0.106,0.0
2025-06-10,6.2,0.238,19.3,0,weekday,3.6,0.0,0.0,0.387,0.0,0.0,0.666,0.0,0.137,0.01
2025-06-11,3.7,0.261,25.9,0,weekday,5.9,0.4,0.0,0.424,0.0,0.0,0.657,0.004,0.146,0.0
2025-06-12,5.2,0.207,23.6,0,weekday,5.1,0.0,0.0,0.401,0.0,0.0,0.641,0.0,,0.0
2025-06-13,3.6,0.195,27.9,0,weekday,4.5,2.7,0.0,0.409,0.0,0.0,0.587,0.042,0.1,0.0
2025-06-14,4.5,0.217,21.1,0,holiday,5.3,0.0,0.0,0.625,0.244,0.58,0.074,0.505,0.463,0.029
2025-06-15,2.9,0.168,,0,holiday,5.2,0.0,0.0,0.638,0.463,0.608,0.072,0.572,0.513,0.135
2025-06-16,6.7,0.267,21.6,0,weekday,4.5,0.0,0.0,0.438,0.0,0.0,0.636,0.0,0.0,0.0
2025-06-17,7.5,0.241,18.8,0,weekday,4.7,0.0,0.0,0.377,0.0,0.019,0.595,0.005,0.197,0.0
2025-06-18,4.9,0.237,21.6,0,weekday,6.7,1.4,0.0,0.387,0.0,0.024,0.618,0.055,0.114,0.0
2025-06-19,4.0,0.239,22.0,0,weekday,6.3,0.0,0.0,0.246,0.0,0.0,0.628,0.093,,0.0
2025-06-20,4.2,0.22,25.3,0,weekday,5.8,0.0,0.0,0.404,0.0,0.0,0.681,0.02,0.174,0.0
2025-06-21,3.3,0.217,22.8,0,holiday,6.9,0.5,0.0,0.606,0.332,0.498,0.003,0.394,0.463,0.094
2025-06-22,3.4,0.17,22.6,0,holiday,7.1,3.4,0.0,0.702,0.319,0.492,0.032,0.604,,0.134
2025-06-23,4.4,0.215,20.8,0,weekday,5.9,0.7,0.0,0.228,0.0,0.0,0.672,,0.048,0.0
2025-06-24,4.6,0.207,19.7,0,weekday,7.7,2.4,0.0,0.445,0.115,0.057,0.587,0.0,0.174,0.0
2025-06-25,4.6,0.154,19.8,0,weekday,7.1,0.9,1.0,0.523,,0.304,0.567,0.164,0.085,0.006
2025-06-26,5.7,0.21,,0,weekday,7.0,0.2,0.0,0.544,0.061,0.068,0.708,0.0,0.138,0.0
2025-06-27,6.3,0.287,24.1,0,weekday,6.3,2.1,0.0,0.506,0.0,0.0,0.611,0.0,0.154,0.0
2025-06-28,5.9,0.28,20.5,0,holiday,7.7,0.4,0.0,0.557,0.355,0.591,0.08,0.533,0.475,0.075
2025-06-29,4.0,0.281,24.5,0,holiday,7.4,0.0,0.0,0.761,0.29,0.551,0.046,0.565,0.421,0.082
2025-06-30,6.9,0.291,25.1,0,weekday,5.7,0.0,0.0,0.518,0.0,0.048,0.659,0.031,0.179,0.0
2025-07-01,5.7,0.163,20.2,0,weekday,7.8,0.0,0.0,0.385,0.075,0.0,0.682,0.026,0.169,0.0
2025-07-02,6.2,0.31,25.2,0,weekday,8.4,0.1,0.0,0.565,0.0,0.0,0.681,0.063,0.094,0.065
2025-07-03,3.6,0.173,20.3,0,weekday,9.3,1.2,0.0,0.551,,0.038,0.601,0.009,0.198,0.015
2025-07-04,5.5,0.238,21.9,0,weekday,7.5,0.0,0.0,0.378,0.079,0.0,,0.0,0.0,0.0
2025-07-05,4.1,0.228,21.6,0,holiday,8.1,0.8,0.0,0.63,0.313,0.556,0.009,0.584,0.44,0.156
2025-07-06,6.3,0.226,19.3,0,holiday,7.5,3.5,1.0,0.683,0.55,0.87,0.0,0.737,0.421,0.124
2025-07-07,5.8,0.222,26.1,0,weekday,8.0,1.1,0.0,0.342,0.0,0.0,0.61,0.027,0.076,0.0
2025-07-08,6.4,0.242,23.4,0,weekday,8.1,0.9,0.0,0.477,0.107,0.0,0.631,0.032,0.042,0.0
2025-07-09,5.7,0.278,21.2,0,weekday,9.0,0.2,0.0,0.374,0.0,0.0,0.562,0.005,0.093,0.0
2025-07-10,3.7,0.157,19.8,0,weekday,9.0,0.0,0.0,0.321,0.0,0.02,0.588,0.043,0.101,0.0
2025-07-11,7.0,0.303,28.1,0,weekday,9.5,0.0,0.0,0.481,0.0,0.0,0.612,0.05,,0.0
2025-07-12,3.4,,22.9,0,holiday,10.9,0.8,0.0,0.608,0.359,0.544,0.021,0.501,0.481,0.211
2025-07-13,6.4,0.258,18.8,0,holiday,10.1,0.0,0.0,,,0.6,0.0,0.571,0.424,0.151
2025-07-14,6.6,0.271,18.6,0,weekday,10.1,2.3,0.0,0.394,0.0,0.0,0.579,0.044,0.086,0.0
2025-07-15,5.4,0.293,21.3,0,weekday,11.2,0.0,0.0,0.432,,0.0,0.587,0.0,0.089,0.005
2025-07-16,6.2,,21.5,0,weekday,10.2,0.8,0.0,0.307,0.008,0.0,0.683,0.0,0.007,0.0
2025-07-17,3.0,0.2,24.5,0,weekday,10.7,1.2,0.0,0.461,0.0,0.026,0.533,0.0,0.11,0.153
2025-07-18,4.6,0.251,20.5,0,weekday,11.9,0.0,1.0,0.551,0.053,0.142,0.716,0.237,0.109,0.042
2025-07-19,5.2,0.447,1.9,1,holiday,10.6,0.0,0.0,0.611,0.412,0.491,0.117,0.542,0.402,0.214
2025-07-20,5.6,0.145,4.3,0,holiday,11.9,0.0,0.0,0.787,0.367,0.606,0.13,0.504,0.42,0.262
2025-07-21,6.8,0.127,2.2,0,weekday,11.8,0.0,0.0,0.364,,0.01,0.648,,0.134,0.063
2025-07-22,6.4,0.158,3.6,0,weekday,11.7,0.0,0.0,0.483,0.135,0.033,0.665,0.041,0.091,0.125
2025-07-23,2.4,0.074,0.5,0,weekday,12.2,1.6,0.0,0.468,0.018,,0.751,0.016,0.084,0.1
2025-07-24,7.0,0.233,5.6,0,weekday,12.5,0.0,0.0,0.392,0.027,0.0,,0.0,,0.117
2025-07-25,5.1,0.131,6.3,0,weekday,12.4,0.0,0.0,0.448,0.156,0.013,0.581,0.037,0.0,0.037
2025-07-26,4.8,0.124,6.3,0,holiday,11.6,0.0,0.0,0.679,0.34,0.641,0.065,0.585,0.424,0.202
2025-07-27,4.4,0.069,1.0,0,holiday,12.9,0.0,0.0,0.658,0.558,0.596,0.1,0.504,0.342,0.289
2025-07-28,5.2,0.13,4.7,0,weekday,13.3,0.0,0.0,0.446,0.0,0.046,0.618,0.011,0.068,0.111
2025-07-29,3.5,0.151,3.7,0,weekday,14.3,0.0,0.0,0.407,0.0,0.0,0.672,0.048,0.054,0.152
2025-07-30,6.8,0.143,6.9,0,weekday,12.8,0.0,,0.41,0.056,0.0,0.664,0.131,0.0,0.046
2025-07-31,4.3,0.128,5.4,0,weekday,13.4,0.0,0.0,,0.022,0.0,0.69,0.057,0.069,0.135
2025-08-01,8.2,0.215,14.3,0,holiday,14.4,1.2,0.0,0.598,0.128,,0.099,0.353,0.279,0.27
2025-08-02,9.0,0.224,8.5,0,holiday,14.1,0.0,0.0,0.678,0.396,0.56,0.117,0.593,0.391,0.143
2025-08-03,6.3,0.517,11.4,1,holiday,16.3,0.0,0.0,0.749,0.41,0.587,0.103,0.576,0.388,0.262
2025-08-04,7.8,0.209,10.6,0,holiday,15.5,0.0,0.0,0.675,0.249,0.306,0.067,0.198,0.331,0.221
2025-08-05,7.7,0.247,10.1,0,holiday,14.5,1.5,0.0,0.615,0.172,0.289,0.117,0.316,0.356,0.229
2025-08-06,8.9,,10.6,0,holiday,16.2,0.1,0.0,0.653,0.269,0.327,0.099,0.267,0.221,0.198
2025-08-07,7.0,0.218,12.6,0,holiday,14.4,3.0,1.0,0.482,0.462,0.517,0.14,0.528,0.169,0.201
2025-08-08,9.0,0.258,14.3,0,holiday,13.6,0.0,,0.613,0.147,0.385,0.063,0.294,0.262,0.244
2025-08-09,8.5,0.261,12.9,0,holiday,17.5,0.0,0.0,0.795,0.364,0.534,0.199,0.605,0.444,0.214
2025-08-10,8.3,0.278,15.0,0,holiday,17.0,0.0,0.0,0.716,0.347,0.549,0.03,,0.423,0.212
2025-08-11,8.0,0.593,14.0,1,holiday,16.5,0.5,0.0,0.386,0.194,,0.032,0.246,0.244,0.223
2025-08-12,8.9,0.27,,0,holiday,16.4,0.0,0.0,0.667,0.299,0.396,0.129,0.252,0.211,0.289
2025-08-13,8.0,0.219,,0,holiday,14.5,0.0,0.0,0.551,0.032,0.223,0.017,0.319,0.331,0.261
2025-08-14,8.7,0.233,11.5,0,holiday,17.9,0.0,0.0,0.422,0.113,0.269,0.062,0.297,0.207,0.295
2025-08-15,7.8,0.255,12.2,0,holiday,16.7,0.0,1.0,0.502,,0.579,,0.498,0.155,0.276
2025-08-16,9.7,0.229,8.9,0,holiday,16.5,0.9,0.0,0.762,0.685,0.634,0.255,0.548,0.36,0.279
2025-08-17,9.2,0.265,10.1,0,holiday,17.6,1.2,0.0,0.814,0.418,0.589,0.122,0.553,0.329,0.321
2025-08-18,8.5,0.277,8.6,0,holiday,18.5,0.0,0.0,0.432,0.267,,0.0,0.256,0.245,0.247
2025-08-19,7.3,0.192,12.9,0,holiday,18.7,0.0,0.0,0.548,0.24,0.332,0.003,0.336,0.136,0.292
2025-08-20,7.8,0.272,13.0,0,holiday,18.2,0.0,0.0,0.397,0.263,0.285,0.0,0.302,0.168,0.296
2025-08-21,7.3,0.242,10.5,0,holiday,19.4,0.0,0.0,0.705,0.161,0.287,0.048,0.289,0.203,0.38
2025-08-22,8.3,0.233,12.8,0,holiday,18.8,2.0,0.0,0.566,0.143,0.261,0.059,0.259,0.198,0.222
2025-08-23,11.6,0.629,10.9,1,holiday,19.9,0.0,0.0,0.651,,0.603,0.081,0.567,0.396,0.291
2025-08-24,7.3,0.203,10.8,0,holiday,20.0,0.0,0.0,0.684,0.385,0.546,0.002,0.503,0.442,0.227
2025-08-25,9.1,0.252,12.1,0,holiday,19.2,0.0,0.0,0.527,0.191,0.282,0.0,0.311,0.139,0.327
2025-08-26,7.6,0.193,10.2,0,holiday,19.6,0.0,0.0,0.602,,0.385,0.054,0.388,0.22,0.321
2025-08-27,4.5,0.098,11.8,0,holiday,20.0,1.0,0.0,0.582,0.375,0.322,,0.376,0.149,0.362
2025-08-28,9.5,0.266,10.6,0,holiday,19.5,1.0,0.0,0.601,0.287,0.322,0.128,0.313,0.189,0.226
2025-08-29,10.4,0.312,12.8,0,holiday,20.4,0.0,0.0,0.475,0.2,0.286,0.0,0.28,0.153,0.301
2025-08-30,7.9,0.26,10.1,0,holiday,20.0,0.0,0.0,0.728,0.463,0.61,0.109,0.57,0.353,0.345
2025-08-31,8.3,0.31,13.5,0,holiday,20.7,3.9,0.0,0.684,0.425,0.691,0.105,0.671,0.357,0.275
2025-09-01,8.4,0.255,10.3,0,weekday,21.8,0.0,0.0,0.449,0.09,0.032,0.674,0.111,0.021,0.184
2025-09-02,10.0,0.26,11.0,0,weekday,21.1,0.0,0.0,0.508,0.043,0.003,0.655,0.142,0.0,0.15
2025-09-03,9.2,0.224,8.8,0,weekday,21.0,0.0,0.0,0.323,0.0,0.126,0.63,0.101,0.052,0.225
2025-09-04,8.9,0.258,12.2,0,weekday,20.3,2.4,0.0,0.274,0.108,0.113,0.692,0.068,0.067,0.211
2025-09-05,5.6,0.181,11.6,0,weekday,21.9,0.0,0.0,0.412,,0.051,0.634,,0.093,0.284
2025-09-06,10.4,0.295,15.4,0,holiday,20.5,0.0,0.0,0.589,0.51,0.576,0.065,0.529,0.336,0.244
2025-09-07,8.8,0.25,8.5,0,holiday,23.4,0.2,0.0,0.572,0.572,0.563,0.135,0.643,0.336,0.449
2025-09-08,8.5,0.246,10.2,0,weekday,21.3,0.5,0.0,0.345,0.0,0.001,0.62,0.088,0.0,0.283
2025-09-09,6.8,0.271,14.3,0,weekday,23.4,0.8,0.0,0.359,0.034,0.045,0.72,,0.0,0.175
2025-09-10,6.4,0.177,11.1,0,weekday,23.2,2.3,0.0,0.471,0.176,0.0,0.542,0.099,0.021,0.177
2025-09-11,6.5,0.201,,0,weekday,22.5,0.0,0.0,0.503,0.042,,0.749,0.128,0.0,0.297
