date,rail_ridership,mobility_inflow_index,tourist_inflow_count,event_local_flag,holiday,temperature_c,rainfall_mm,wind_speed_mps,snowfall_cm,typhoon_alert_flag,lodging_occupancy_ratio,temple_shrine_visits,onsen_visitors_count,beach_crowd_index,snow_quality_index,ski_resort_visitors,ferry_cancel_count,flight_delay_count,y
2023-09-13,0.649,0.392,0.0,0.0,weekday,22.5,12.3,8.9,1.1,0,0.111,0.103,0.0,0.0,0.167,0.171,0.345,0.291,0.3
2023-09-14,0.689,0.425,0.123,0.0,weekday,23.8,6.7,4.2,0.0,0,0.151,0.062,0.0,0.049,0.41886311239193086,0.0,0.136,0.087,0.438
2023-09-15,0.607,0.393,0.148,0.0,weekday,23.6,5.8,7.7,0.2,0,0.059,0.116,0.0,0.072,0.018,0.011,0.278,0.205,0.4
2023-09-16,0.115,0.5268616262482169,0.481,0.0,holiday,22.2,9.4,7.0,0.0,0,0.582,0.539,0.351,0.199,0.0,0.121,0.202,0.168,0.401
2023-09-17,0.073,0.538,0.523,0.0,holiday,23.2,8.3,7.9,0.2,0,0.599,0.629,0.21226248216833093,0.248,0.121,0.236,0.283,0.196,0.309
2023-09-18,0.598,0.334,0.437,1.0,weekday,22.7,7.4,5.3,0.0,0,0.338,0.311,0.001,0.089,0.41886311239193086,0.08,0.152,0.124,0.372
2023-09-19,0.746,0.405,0.142,0.0,weekday,24.6,7.7,7.2,0.0,0,0.045,0.135,0.008,0.175,0.0,0.004,0.259,0.168,0.403
2023-09-20,0.585,0.418,0.304,1.0,weekday,23.6,9.7,7.7,0.0,0,0.306,0.315,0.065,0.0,0.001,0.0,0.309,0.16024639769452448,0.404
2023-09-21,0.729,0.439,0.083,0.0,weekday,23.7,11.5,7.1,0.0,0,0.059,0.157,0.017,0.036,0.0,0.0,0.272,0.181,0.415
2023-09-22,0.63,0.423,0.0,0.0,weekday,25.1,7.6,7.4,0.0,0,0.0,0.029,0.21226248216833093,0.09358501440922191,0.0,0.0,0.247,0.261,0.405
2023-09-23,0.063,0.492,0.342,0.0,holiday,24.2,6.9,6.3,0.0,1,0.492,0.541,0.355,0.321,0.067,0.2,0.572,0.496,0.279
2023-09-24,0.054,0.715,0.403,0.0,holiday,24.2,9.2,7.2,2.1,0,0.604,0.532,0.36,0.397,0.034,0.171,0.259,0.205,0.388
2023-09-25,0.652,0.42,0.422,1.0,weekday,24.6,15.2,7.5,0.0,0,0.253,0.306,0.0,0.03,0.41886311239193086,0.0,0.254,0.254,0.406
2023-09-26,0.691,0.449,0.0,0.0,weekday,24.8,8.9,5.5,2.6,0,0.026,0.105,0.0,0.232,0.41886311239193086,0.031,0.184,0.182,0.375
2023-09-27,0.715,0.465,0.073,0.0,weekday,26.4,10.4,6.6,3.3,0,0.07,0.174,0.0,0.107,0.41886311239193086,0.066,0.271,0.207,0.411
2023-09-28,0.65,0.384,0.13,0.0,weekday,25.7,7.9,8.1,0.0,0,0.2730432276657061,0.036,0.008,0.09358501440922191,0.0,0.0,0.315,0.197,0.354
2023-09-29,0.602,0.442,0.258,0.0,weekday,26.3,11.3,7.7,0.2,0,0.045,0.057,0.0,0.201,0.0,0.0,0.297,0.201,0.357
2023-09-30,0.059,0.707,0.453,0.0,holiday,24.9,6.3,5.7,0.0,0,0.574,0.487,0.364,0.423,0.076,0.234,0.21,0.178,0.344
2023-10-01,0.094,0.666,0.584,0.0,holiday,25.3,2.1,5.1,0.8,0,0.621,0.622,0.346,0.09358501440922191,0.039,0.206,0.184,0.136,0.39
2023-10-02,0.657,0.447,0.172,0.0,weekday,25.9,3.9,4.4,0.0,0,0.012,0.141,0.101,0.224,0.0,0.028,0.175,0.123,0.405
2023-10-03,0.578,0.29,0.326,0.0,weekday,27.0,4.2,4.6,0.0,0,0.074,0.132,0.033,0.09358501440922191,0.0,0.0,0.148,0.12,0.329
2023-10-04,0.704,0.462,0.127,0.0,weekday,24.7,4.0,4.4,1.5,0,0.065,0.066,0.0,0.38,0.053,0.0,0.183,0.097,0.423
2023-10-05,0.692,0.543,0.0,0.0,weekday,25.3,1.5,6.4,1.9,0,0.0,0.241,0.063,0.284,0.006,0.0,0.252,0.173,0.505
2023-10-06,0.7,0.378,0.04,0.0,weekday,25.5,6.3,4.5,0.0,0,0.037,0.178,0.21226248216833093,0.319,0.0,0.011,0.182,0.145,0.431
2023-10-07,0.063,0.672,0.514,0.0,holiday,25.0,2.0,3.1,1.6,0,0.585,0.62,0.334,0.411,0.0,0.152,0.111,0.123,0.348
2023-10-08,0.3486916426512969,0.807,0.486,0.0,holiday,26.1,8.6,4.1,0.0,0,0.627,0.53,0.332,0.09358501440922191,0.0,0.29562103746397694,0.153,0.184,0.296
2023-10-09,0.647,0.432,0.215,0.0,weekday,26.2,9.4,4.7,0.0,0,0.002,0.062,0.0,0.259,0.0,0.0,0.204,0.159,0.431
2023-10-10,0.629,0.557,0.22105043227665705,0.08039492242595205,weekday,24.5,4.5,6.8,0.0,0,0.0,0.13,0.0,0.337,0.033,0.019,0.239,0.158,0.419
2023-10-11,0.653,0.463,0.085,0.0,weekday,26.6,3.8,7.0,0.0,0,0.049,0.139,0.0,0.285,0.016,0.022,0.19949567723342937,0.176,0.355
2023-10-12,0.638,0.321,0.136,0.0,weekday,26.5,1.7,3.1,2.2,0,0.059,0.002,0.0,0.213,0.0,0.0,0.122,0.069,0.334
2023-10-13,0.758,0.473,0.429,1.0,weekday,26.3,6.476319543509273,5.8,0.0,0,0.288,0.307,0.0,0.164,0.0,0.0,0.16,0.102,0.49
2023-10-14,0.111,0.68,0.477,0.0,holiday,25.9,1.9,5.9,0.9,0,0.576,0.636,0.21226248216833093,0.384,0.058,0.202,0.233,0.117,0.367
2023-10-15,0.007,0.85,0.477,0.0,holiday,25.9,1.5,5.8,1.2,0,0.576,0.649,0.349,0.483,0.019,0.178,0.175,0.215,0.304
2023-10-16,0.713,0.424,0.111,0.0,weekday,26.5,2.0,2.7,0.5,0,0.042,0.26705848787446507,0.0,0.294,0.035,0.0,0.074,0.096,0.419
2023-10-17,0.664,0.435,0.0,0.0,weekday,27.4,6.476319543509273,5.8,0.2,0,0.2730432276657061,0.26705848787446507,0.0,0.412,0.0,0.0,0.19949567723342937,0.164,0.419
2023-10-18,0.3486916426512969,0.447,0.141,0.08039492242595205,weekday,26.2,2.1,7.7,0.0,0,0.028,0.076,0.0,0.188,0.0,0.062,0.233,0.192,0.473
2023-10-19,0.719,0.383,0.363,1.0,weekday,26.5,3.2,5.7,1.8,0,0.251,0.28,0.047,0.325,0.0,0.0,0.201,0.131,0.424
2023-10-20,0.602,0.449,0.08,0.0,weekday,26.5,1.7,5.2,1.4,0,0.0,0.088,0.0,0.327,0.0,0.025,0.148,0.091,0.384
2023-10-21,0.108,0.734,0.416,0.0,holiday,24.9,2.3,5.0,0.0,0,0.548,0.589,0.393,0.341,0.41886311239193086,0.213,0.137,0.112,0.358
2023-10-22,0.062,0.646,0.451,0.0,holiday,23.7,2.4,3.9,1.5,0,0.642,0.568,0.29,0.426,0.011,0.179,0.116,0.088,0.337
2023-10-23,0.711,0.446,0.226,0.0,weekday,27.2,4.9,2.9,0.0,0,0.046,0.045,0.0,0.315,0.0,0.02,0.14,0.07,0.436
2023-10-24,0.681,0.5268616262482169,0.067,0.0,weekday,25.9,3.5,6.3,1.1,0,0.0,0.127,0.1,0.186,0.037,0.096,0.241,0.14,0.414
2023-10-25,0.606,0.529,0.092,0.0,weekday,24.1,6.476319543509273,4.3,0.0,0,0.2730432276657061,0.126,0.0,0.12,0.087,0.007,0.178,0.142,0.424
2023-10-26,0.667,0.296,0.129,0.0,weekday,25.2,5.4,6.2,1.3,0,0.055,0.066,0.034,0.208,0.052,0.053,0.196,0.146,0.385
2023-10-27,0.627,0.369,0.079,0.0,weekday,26.8,7.5,6.9,0.0,0,0.02,0.065,0.0,0.156,0.41886311239193086,0.018,0.239,0.157,0.353
2023-10-28,0.115,0.685,0.45,0.0,holiday,26.1,1.8,5.3,0.0,0,0.598,0.635,0.344,0.382,0.007,0.176,0.162,0.167,0.378
2023-10-29,0.086,0.796,0.259,0.0,holiday,24.8,1.9,5.7,0.0,0,0.638,0.59,0.36,0.381,0.0,0.082,0.181,0.175,0.44
2023-10-30,0.678,0.481,0.135,0.0,weekday,26.4,2.4,3.1,0.3,0,0.042,0.115,0.0,0.353,0.0,0.0,0.078,0.082,0.406
2023-10-31,0.641,0.413,0.002,0.0,weekday,25.7,4.2,5.9,1.0,0,0.051,0.115,0.071,0.088,0.013,0.0,0.166,0.134,0.345
2023-11-01,0.608,0.456,0.088,0.0,weekday,24.1,6.4,5.8,0.0,0,0.073,0.056,0.04,0.142,0.0,0.0,0.231,0.191,0.379
2023-11-02,0.666,0.377,0.22105043227665705,0.0,weekday,25.4,4.2,5.5,1.7,0,0.029,0.088,0.0,0.166,0.0,0.0,0.159,0.148,0.392
2023-11-03,0.643,0.511,0.144,0.0,weekday,25.0,5.3,3.5,1.8,0,0.064,0.091,0.0,0.128,0.052,0.0,0.115,0.093,0.427
2023-11-04,0.108,0.666,0.51,0.0,holiday,25.1,7.3,4.7,1.4,0,0.619,0.561,0.369,0.345,0.0,0.198,0.167,0.121,0.349
2023-11-05,0.3486916426512969,0.6,0.557,0.0,holiday,25.2,2.8,4.1,2.7,0,0.717,0.655,0.306,0.439,0.095,0.29,0.104,0.124,0.274
2023-11-06,0.611,0.464,0.036,0.0,weekday,25.7,8.7,4.5,0.0,0,0.0,0.064,0.0,0.237,0.0,0.0,0.169,0.111,0.385
2023-11-07,0.728,0.496,0.017,0.08039492242595205,weekday,26.3,2.8,5.1,0.0,0,0.0,0.083,0.0,0.328,0.0,0.0,0.183,0.13,0.47
2023-11-08,0.675,0.642,0.352,1.0,weekday,23.8,6.5,6.2,0.0,0,0.317,0.301,0.0,0.007,0.032,0.29562103746397694,0.246,0.148,0.462
2023-11-09,0.72,0.3,0.2,0.0,weekday,24.2,2.7,4.4,0.0,0,0.032,0.085,0.21226248216833093,0.127,0.0,0.074,0.155,0.175,0.435
2023-11-10,0.674,0.38,0.073,0.0,weekday,25.3,1.6,4.8,0.0,0,0.0,0.025,0.0,0.319,0.032,0.039,0.154,0.151,0.374
2023-11-11,0.132,0.5268616262482169,0.755,1.0,holiday,26.3,2.9,3.4,2.9,0,0.799,0.872,0.348,0.467,0.024,0.233,0.118,0.111,0.38
2023-11-12,0.068,0.609,0.455,0.0,holiday,25.0,5.5,5.4,0.7,0,0.542,0.552,0.386,0.385,0.009,0.231,0.208,0.162,0.379
2023-11-13,0.632,0.5268616262482169,0.096,0.0,weekday,24.5,6.476319543509273,3.4,0.0,0,0.2730432276657061,0.054,0.0,0.386,0.01,0.0,0.127,0.123,0.413
2023-11-14,0.632,0.435,0.156,0.0,weekday,24.5,7.8,3.6,0.8,0,0.046,0.128,0.003,0.09358501440922191,0.013,0.084,0.164,0.115,0.404
2023-11-15,0.615,0.487,0.071,0.0,weekday,25.8,4.1,3.7,3.3,0,0.06,0.084,0.0,0.269,0.058,0.02,0.141,0.142,0.419
2023-11-16,0.621,0.5268616262482169,0.218,0.0,weekday,25.9,0.6,4.0,1.5,0,0.034,0.155,0.0,0.384,0.105,0.072,0.163,0.11,0.358
2023-11-17,0.575,0.525,0.232,0.0,weekday,25.2,2.2,7.0,1.7,0,0.098,0.016,0.0,0.29,0.0,0.0,0.224,0.16,0.41
2023-11-18,0.082,0.646,0.402,0.0,holiday,23.4,2.7,5.6,0.0,0,0.513,0.505,0.311,0.38,0.099,0.289,0.199,0.103,0.354
2023-11-19,0.132,0.592,0.22105043227665705,0.0,holiday,23.6,9.5,4.6,0.0,0,0.635,0.637,0.383,0.255,0.028,0.113,0.18,0.152,0.297
2023-11-20,0.592,0.341,0.18,0.0,weekday,25.3,6.9,2.7,0.0,0,0.0,0.0,0.029,0.19,0.0,0.0,0.137,0.103,0.351
2023-11-21,0.634,0.366,0.177,0.0,weekday,23.5,1.6,5.4,2.0,0,0.012,0.173,0.0,0.145,0.0,0.061,0.183,0.093,0.359
2023-11-22,0.621,0.321,0.076,0.0,weekday,23.1,4.0,4.6,0.0,0,0.03,0.044,0.0,0.063,0.009,0.0,0.169,0.142,0.372
2023-11-23,0.579,0.376,0.237,0.0,weekday,24.0,2.2,6.6,0.6,0,0.111,0.211,0.008,0.209,0.0,0.01,0.218,0.143,0.353
2023-11-24,0.622,0.633,0.069,0.08039492242595205,weekday,22.8,1.9,6.5,0.8,0,0.082,0.013,0.0,0.165,0.076,0.021,0.202,0.158,0.466
2023-11-25,0.026,0.5268616262482169,0.501,0.0,holiday,22.0,2.7,4.9,2.9,0,0.65,0.617,0.224,0.415,0.123,0.278,0.212,0.14,0.327
2023-11-26,0.08,0.588,0.454,0.0,holiday,23.9,0.6,5.7,2.6,0,0.479,0.582,0.397,0.284,0.086,0.247,0.214,0.12,0.341
2023-11-27,0.644,0.5268616262482169,0.211,0.0,weekday,22.8,2.0,4.6,0.0,0,0.064,0.091,0.028,0.162,0.081,0.047,0.143,0.089,0.402
2023-11-28,0.3486916426512969,0.346,0.078,0.0,weekday,23.8,2.7,5.3,0.0,0,0.0,0.141,0.0,0.193,0.048,0.093,0.18,0.094,0.365
2023-11-29,0.627,0.386,0.156,0.0,weekday,23.4,2.6,3.7,2.8,0,0.065,0.06,0.067,0.288,0.107,0.111,0.173,0.111,0.358
2023-11-30,0.724,0.59,0.03,0.0,weekday,21.8,0.7,6.0,0.0,0,0.084,0.043,0.0,0.086,0.119,0.069,0.193,0.078,0.539
2023-12-01,0.1,0.651,0.346,0.0,holiday,21.8,1.1,4.2,11.2,0,0.265,0.367,0.147,0.231,0.136,0.225,0.118,0.083,0.394
2023-12-02,0.136,0.664,0.423,0.0,holiday,22.3,3.2,5.1,11.6,0,0.626,0.518,0.324,0.09358501440922191,0.105,0.329,0.183,0.101,0.356
2023-12-03,0.102,0.704,0.762,1.0,holiday,21.2,3.3,6.4,14.3,0,0.982,0.864,0.401,0.296,0.299,0.393,0.146,0.131,0.434
2023-12-04,0.025,0.454,0.167,0.0,holiday,21.7,5.6,6.6,12.0,0,0.36,0.335,0.17,0.094,0.164,0.172,0.256,0.217,0.239
2023-12-05,0.083,0.434,0.402,0.0,holiday,22.4,0.8,5.1,5.0,0,0.396,0.338,0.216,0.211,0.172,0.182,0.157,0.185,0.322
2023-12-06,0.052,0.621,0.298,0.0,holiday,20.3,3.2,2.1,15.4,0,0.321,0.318,0.144,0.144,0.283,0.261,0.068,0.062,0.362
2023-12-07,0.029,0.435,0.267,0.0,holiday,22.0,6.476319543509273,6.9,12.8,0,0.318,0.328,0.108,0.236,0.256,0.289,0.215,0.162,0.296
2023-12-08,0.095,0.536,0.22105043227665705,0.0,holiday,20.1,3.0,4.8,14.1,0,0.399,0.357,0.142,0.144,0.269,0.231,0.19949567723342937,0.106,0.298
2023-12-09,0.047,0.634,0.728,0.08039492242595205,holiday,21.7,0.3,5.0,12.1,0,0.874,0.798,0.21226248216833093,0.307,0.136,0.264,0.219,0.13,0.342
2023-12-10,0.001,0.765,0.451,0.0,holiday,20.7,5.7,6.8,11.4,0,0.5,0.705,0.335,0.219,0.128,0.228,0.226,0.198,0.35
2023-12-11,0.128,0.687,0.234,0.0,holiday,20.2,3.0,6.6,13.9,0,0.214,0.276,0.121,0.103,0.313,0.29562103746397694,0.19949567723342937,0.175,0.372
2023-12-12,0.109,0.495,0.317,0.0,holiday,22.0,4.9,3.4,12.1,0,0.365,0.343,0.144,0.212,0.169,0.106,0.19949567723342937,0.054,0.316
2023-12-13,0.149,0.613,0.149,0.0,holiday,21.4,1.9,4.0,15.5,0,0.298,0.315,0.22,0.143,0.256,0.217,0.137,0.117,0.393
2023-12-14,0.162,0.637,0.257,0.0,holiday,19.7,2.4,6.7,15.6,0,0.316,0.331,0.206,0.117,0.239,0.17,0.218,0.135,0.354
2023-12-15,0.097,0.547,0.189,0.0,holiday,20.4,5.1,4.9,11.4,0,0.167,0.209,0.191,0.108,0.192,0.192,0.155,0.084,0.285
2023-12-16,0.102,0.776,0.446,0.0,holiday,19.9,1.4,6.8,14.3,0,0.543,0.527,0.319,0.184,0.357,0.304,0.19949567723342937,0.147,0.376
2023-12-17,0.063,0.504,0.381,0.0,holiday,19.8,4.9,4.7,13.4,0,0.536,0.68,0.21226248216833093,0.346,0.227,0.36,0.182,0.167,0.299
2023-12-18,0.136,0.577,0.375,0.0,holiday,19.7,1.8,6.7,15.1,0,0.29,0.25,0.148,0.074,0.241,0.229,0.158,0.13,0.443
2023-12-19,0.066,0.478,0.24,0.0,holiday,20.0,2.7,5.5,14.4,0,0.298,0.358,0.208,0.248,0.262,0.201,0.188,0.103,0.307
2023-12-20,0.158,0.514,0.291,0.0,holiday,18.5,4.1,4.9,16.8,0,0.37,0.343,0.177,0.158,0.363,0.301,0.121,0.13,0.374
2023-12-21,0.0,0.402,0.642,1.0,holiday,17.7,3.2,4.1,19.6,0,0.55,0.46,0.256,0.028,0.293,0.282,0.136,0.124,0.348
2023-12-22,0.037,0.53,0.264,0.0,holiday,18.1,1.7,3.6,19.0,0,0.247,0.382,0.215,0.158,0.338,0.192,0.128,0.117,0.266
2023-12-23,0.077,0.798,0.564,0.0,holiday,19.7,6.476319543509273,6.0,15.5,0,0.645,0.539,0.279,0.288,0.281,0.248,0.206,0.147,0.4
2023-12-24,0.144,0.5268616262482169,0.443,0.0,holiday,18.1,1.9,7.0,16.2,0,0.523,0.548,0.374,0.15,0.247,0.391,0.183,0.211,0.352
2023-12-25,0.09,0.574,0.508,1.0,holiday,17.8,2.1,3.9,18.8,0,0.524,0.442,0.146,0.047,0.37,0.27,0.129,0.16024639769452448,0.372
2023-12-26,0.071,0.596,0.468,1.0,holiday,16.5,1.6,6.5,20.9,0,0.519,0.517,0.211,0.044,0.393,0.292,0.221,0.14,0.413
2023-12-27,0.067,0.566,0.311,0.0,holiday,16.8,7.4,5.5,19.4,0,0.2730432276657061,0.22,0.169,0.03,0.376,0.348,0.137,0.092,0.317
2023-12-28,0.071,0.628,0.254,0.0,holiday,16.9,3.0,4.8,20.1,0,0.267,0.291,0.227,0.021,0.444,0.28,0.182,0.096,0.396
2023-12-29,0.074,0.439,0.265,0.0,holiday,17.0,0.6,4.8,19.3,0,0.336,0.276,0.229,0.049,0.496,0.425,0.146,0.17,0.279
2023-12-30,0.118,0.616,0.408,0.0,holiday,17.4,4.7,3.1,16.0,0,0.52,0.26705848787446507,0.371,0.353,0.267,0.303,0.077,0.092,0.379
2023-12-31,0.3486916426512969,0.763,0.16,0.0,holiday,17.4,3.1,6.4,22.2,0,0.511,0.576,0.364,0.157,0.47,0.476,0.161,0.136,0.383
2024-01-01,0.088,0.67,0.154,0.0,holiday,15.7,6.6,4.6,19.3,0,0.402,0.34,0.253,0.0,0.451,0.325,0.155,0.179,0.401
2024-01-02,0.094,0.5268616262482169,0.569,1.0,holiday,15.3,0.1,4.4,18.7,0,0.576,0.515,0.176,0.0,0.447,0.29562103746397694,0.167,0.102,0.43
2024-01-03,0.1,0.575,0.122,0.08039492242595205,holiday,15.2,1.2,2.9,23.2,0,0.288,0.34,0.247,0.081,0.52,0.414,0.054,0.06,0.38
2024-01-04,0.038,0.592,0.279,0.0,holiday,14.6,0.3,6.0,22.9,0,0.325,0.284,0.244,0.114,0.595,0.353,0.205,0.137,0.352
2024-01-05,0.059,0.542,0.457,1.0,holiday,14.6,7.6,4.4,24.8,0,0.5,0.566,0.185,0.0,0.474,0.422,0.151,0.093,0.361
2024-01-06,0.149,0.786,0.433,0.0,holiday,15.8,4.7,4.0,20.0,0,0.546,0.508,0.392,0.087,0.383,0.447,0.134,0.072,0.453
2024-01-07,0.176,0.627,0.468,0.0,holiday,13.4,1.1,4.5,27.1,0,0.636,0.498,0.349,0.123,0.615,0.575,0.122,0.133,0.449
2024-01-08,0.074,0.604,0.324,0.0,holiday,15.2,6.2,5.7,21.1,0,0.298,0.356,0.222,0.051,0.435,0.31,0.222,0.19,0.315
2024-01-09,0.067,0.451,0.141,0.0,holiday,13.3,3.4,6.7,27.0,0,0.171,0.219,0.323,0.0,0.55,0.41,0.249,0.141,0.277
2024-01-10,0.107,0.552,0.263,0.0,holiday,13.5,6.7,5.6,26.8,0,0.311,0.251,0.196,0.0,0.669,0.29562103746397694,0.241,0.16024639769452448,0.322
2024-01-11,0.141,0.478,0.276,0.0,holiday,13.1,6.9,6.2,24.5,0,0.2730432276657061,0.341,0.202,0.0,0.519,0.361,0.227,0.161,0.307
2024-01-12,0.043,0.5268616262482169,0.205,0.0,holiday,15.8,9.3,4.0,19.7,0,0.201,0.335,0.119,0.0,0.41,0.381,0.131,0.153,0.29
2024-01-13,0.042,0.631,0.28,0.0,holiday,13.5,0.3,4.8,26.0,0,0.498,0.553,0.398,0.202,0.553,0.411,0.188,0.16024639769452448,0.394
2024-01-14,0.115,0.664,0.489,0.0,holiday,12.5,3.6,7.4,26.2,0,0.628,0.492,0.4,0.153,0.606,0.482,0.253,0.174,0.379
2024-01-15,0.053,0.724,0.22105043227665705,1.0,holiday,13.9,5.1,4.3,24.7,0,0.568,0.562,0.29,0.033,0.496,0.416,0.19949567723342937,0.097,0.358
2024-01-16,0.126,0.586,0.194,0.0,holiday,12.4,2.3,4.8,30.9,0,0.325,0.193,0.181,0.0,0.622,0.406,0.159,0.165,0.347
2024-01-17,0.038,0.563,0.28,0.0,holiday,12.0,6.9,4.3,28.8,0,0.327,0.291,0.276,0.0,0.571,0.341,0.197,0.126,0.316
2024-01-18,0.06,0.553,0.326,0.0,holiday,12.6,1.4,6.4,28.7,1,0.376,0.319,0.207,0.0,0.592,0.341,0.515,0.47,0.302
2024-01-19,0.032,0.582,0.179,0.0,holiday,11.6,2.5,4.9,27.6,0,0.291,0.251,0.245,0.108,0.621,0.393,0.189,0.099,0.325
2024-01-20,0.169,0.778,0.696,1.0,holiday,11.3,5.5,3.3,29.7,0,0.763,0.696,0.463,0.195,0.575,0.462,0.117,0.085,0.486
2024-01-21,0.008,0.744,0.272,0.0,holiday,11.4,4.2,4.7,31.1,0,0.557,0.604,0.426,0.09,0.694,0.618,0.237,0.183,0.329
2024-01-22,0.056,0.516,0.135,0.0,holiday,9.9,6.8,5.5,32.3,0,0.231,0.171,0.21226248216833093,0.091,0.676,0.479,0.203,0.16,0.262
2024-01-23,0.029,0.45,0.315,0.0,holiday,11.8,4.3,5.7,30.4,1,0.345,0.371,0.23,0.0,0.532,0.293,0.585,0.432,0.277
2024-01-24,0.067,0.546,0.213,0.0,holiday,9.8,1.2,6.6,31.5,0,0.258,0.263,0.222,0.048,0.722,0.426,0.19949567723342937,0.075,0.281
2024-01-25,0.058,0.491,0.311,0.08039492242595205,holiday,11.3,2.9,6.1,29.1,0,0.403,0.311,0.205,0.003,0.673,0.524,0.187,0.197,0.31
2024-01-26,0.11,0.441,0.028,0.0,holiday,10.3,1.2,5.2,31.6,0,0.265,0.311,0.281,0.087,0.776,0.29562103746397694,0.16,0.118,0.258
2024-01-27,0.081,0.681,0.41,0.0,holiday,10.1,2.2,4.0,35.0,0,0.547,0.564,0.436,0.298,0.744,0.577,0.139,0.125,0.368
2024-01-28,0.118,0.669,0.313,0.0,holiday,10.0,6.9,6.5,30.4,0,0.487,0.623,0.433,0.14,0.702,0.56,0.176,0.136,0.339
2024-01-29,0.037,0.507,0.121,0.0,holiday,8.8,3.8,4.1,31.2,0,0.17,0.168,0.261,0.0,0.716,0.519,0.168,0.177,0.289
2024-01-30,0.051,0.502,0.277,0.0,holiday,9.8,1.5,3.9,33.3,0,0.379,0.314,0.285,0.045,0.701,0.459,0.093,0.108,0.268
2024-01-31,0.026,0.529,0.165,0.0,holiday,9.2,0.8,5.0,34.4,0,0.249,0.29,0.24,0.0,0.762,0.29562103746397694,0.137,0.122,0.261
2024-02-01,0.753,0.448,0.02,0.0,weekday,8.6,3.0,4.1,35.0,0,0.0,0.028,0.129,0.0,0.41886311239193086,0.441,0.133,0.106,0.412
2024-02-02,0.684,0.519,0.03,0.0,weekday,7.8,2.4,5.5,35.0,0,0.0,0.012,0.043,0.0,0.748,0.322,0.177,0.105,0.42
2024-02-03,0.3486916426512969,0.709,0.348,0.0,holiday,7.0,1.2,5.1,33.2,0,0.656,0.539,0.422,0.0,0.802,0.654,0.228,0.16024639769452448,0.424
2024-02-04,0.044,0.776,0.481,0.0,holiday,8.8,4.6,4.2,33.4,0,0.685,0.526,0.442,0.063,0.647,0.601,0.121,0.123,0.33
2024-02-05,0.67,0.494,0.111,1.0,weekday,7.5,4.4,3.5,35.0,0,0.207,0.193,0.128,0.035,0.693,0.238,0.133,0.155,0.409
2024-02-06,0.54,0.482,0.0,0.0,weekday,7.0,4.6,4.0,35.0,0,0.0,0.046,0.12,0.0,0.736,0.315,0.122,0.098,0.33
2024-02-07,0.671,0.545,0.0,0.0,weekday,7.1,4.9,6.4,35.0,0,0.026,0.0,0.09,0.0,0.863,0.489,0.245,0.161,0.465
2024-02-08,0.663,0.432,0.0,0.0,weekday,7.5,1.1,4.4,35.0,0,0.0,0.11,0.157,0.0,0.878,0.45,0.167,0.088,0.428
2024-02-09,0.532,0.465,0.001,0.0,weekday,5.7,2.1,5.9,34.2,0,0.0,0.0,0.011,0.0,0.828,0.472,0.148,0.118,0.352
2024-02-10,0.079,0.702,0.325,0.0,holiday,7.1,2.5,4.6,32.9,0,0.607,0.567,0.453,0.09358501440922191,0.817,0.716,0.149,0.16024639769452448,0.295
2024-02-11,0.081,0.615,0.593,0.0,holiday,6.7,6.476319543509273,4.5,33.0,0,0.567,0.427,0.49,0.105,0.938,0.714,0.165,0.081,0.313
2024-02-12,0.3486916426512969,0.463,0.05,0.0,weekday,6.8,3.6,5.8,34.6,0,0.011,0.0,0.153,0.0,0.745,0.433,0.173,0.122,0.397
2024-02-13,0.634,0.503,0.161,0.0,weekday,6.3,1.6,9.1,35.0,0,0.026,0.0,0.106,0.0,0.73,0.359,0.19949567723342937,0.179,0.465
2024-02-14,0.674,0.381,0.211,1.0,weekday,6.1,3.5,5.3,34.7,0,0.203,0.098,0.029,0.0,0.807,0.556,0.15,0.176,0.436
2024-02-15,0.635,0.473,0.0,0.0,weekday,5.9,1.6,4.4,33.0,0,0.017,0.034,0.075,0.0,0.867,0.417,0.168,0.098,0.381
2024-02-16,0.636,0.307,0.0,0.0,weekday,5.9,6.8,5.4,35.0,0,0.028,0.073,0.152,0.0,0.898,0.547,0.189,0.158,0.33
2024-02-17,0.151,0.5268616262482169,0.439,0.0,holiday,4.7,1.1,5.9,33.8,0,0.614,0.453,0.446,0.0,0.725,0.549,0.144,0.153,0.474
2024-02-18,0.0,0.642,0.417,0.0,holiday,3.5,5.4,7.4,33.0,0,0.59,0.503,0.442,0.118,0.994,0.749,0.19949567723342937,0.163,0.27
2024-02-19,0.656,0.251,0.001,0.0,weekday,4.6,6.4,4.6,34.8,0,0.044,0.0,0.193,0.0,0.864,0.29562103746397694,0.184,0.195,0.302
2024-02-20,0.3486916426512969,0.305,0.266,1.0,weekday,6.0,3.4,4.8,34.0,0,0.315,0.186,0.048,0.0,0.93,0.416,0.152,0.148,0.463
2024-02-21,0.636,0.342,0.017,0.0,weekday,6.0,5.4,5.2,35.0,0,0.017,0.0,0.095,0.0,0.976,0.574,0.237,0.149,0.464
2024-02-22,0.661,0.446,0.188,1.0,weekday,3.5,2.8,4.1,32.7,0,0.155,0.147,0.079,0.0,0.805,0.446,0.11,0.129,0.484
2024-02-23,0.722,0.5,0.0,0.0,weekday,4.7,4.1,5.1,33.9,0,0.0,0.0,0.103,0.0,0.849,0.384,0.205,0.131,0.464
2024-02-24,0.14,0.574,0.366,0.0,holiday,3.7,2.5,4.5,35.0,0,0.507,0.593,0.483,0.0,0.891,0.65,0.108,0.114,0.378
2024-02-25,0.0,0.484,0.427,0.0,holiday,4.3,2.3,4.2,35.0,0,0.606,0.554,0.559,0.09358501440922191,0.889,0.754,0.112,0.093,0.274
2024-02-26,0.3486916426512969,0.441,0.0,0.0,weekday,4.0,1.5,7.8,35.0,0,0.0,0.033,0.188,0.0,0.41886311239193086,0.53,0.255,0.158,0.362
2024-02-27,0.697,0.5268616262482169,0.305,1.0,weekday,1.9,1.3,5.9,35.0,0,0.219,0.196,0.017,0.01,0.865,0.479,0.183,0.188,0.466
2024-02-28,0.701,0.409,0.047,0.0,weekday,3.6,5.1,5.8,35.0,0,0.0,0.027,0.14,0.0,1.0,0.54,0.17,0.127,0.425
2024-02-29,0.68,0.541,0.0,0.0,weekday,3.5,4.2,4.1,34.2,0,0.013,0.077,0.213,0.0,0.958,0.608,0.079,0.108,0.423
2024-03-01,0.741,0.607,0.34,1.0,weekday,2.8,1.2,5.2,34.0,0,0.252,0.25,0.114,0.0,0.943,0.476,0.117,0.147,0.551
2024-03-02,0.023,0.633,0.417,0.0,holiday,1.6,5.5,4.5,34.5,0,0.568,0.459,0.464,0.159,0.875,0.628,0.164,0.146,0.219
2024-03-03,0.063,0.732,0.377,0.0,holiday,2.1,3.8,4.7,34.2,0,0.552,0.542,0.392,0.0,0.891,0.689,0.184,0.114,0.311
2024-03-04,0.579,0.496,0.099,0.0,weekday,1.4,9.8,7.0,32.9,0,0.039,0.0,0.206,0.0,0.962,0.453,0.261,0.245,0.355
2024-03-05,0.691,0.486,0.0,0.0,weekday,2.9,0.6,3.5,33.8,0,0.067,0.0,0.17,0.0,0.953,0.29562103746397694,0.099,0.046,0.407
2024-03-06,0.723,0.399,0.059,0.0,weekday,3.7,0.9,9.0,34.7,0,0.0,0.007,0.145,0.0,0.906,0.396,0.274,0.16024639769452448,0.484
2024-03-07,0.709,0.425,0.0,0.0,weekday,1.9,3.5,4.8,32.8,0,0.0,0.029,0.2,0.0,0.831,0.394,0.172,0.16024639769452448,0.428
2024-03-08,0.658,0.45,0.0,0.0,weekday,1.6,2.7,5.8,30.5,0,0.0,0.065,0.258,0.0,0.41886311239193086,0.518,0.154,0.107,0.363
2024-03-09,0.022,0.626,0.22105043227665705,0.0,holiday,0.7,1.9,4.5,34.8,0,0.546,0.5,0.468,0.09358501440922191,0.991,0.663,0.142,0.093,0.348
2024-03-10,0.007,0.707,0.377,0.0,holiday,-0.2,0.3,5.7,35.0,0,0.561,0.432,0.454,0.161,1.0,0.774,0.14,0.15,0.303
2024-03-11,0.673,0.5268616262482169,0.248,1.0,weekday,0.4,5.4,5.6,35.0,0,0.146,0.207,0.115,0.0,0.991,0.52,0.204,0.165,0.435
2024-03-12,0.586,0.392,0.0,0.0,weekday,1.5,6.4,5.0,34.1,0,0.0,0.004,0.155,0.067,0.925,0.528,0.17,0.163,0.336
2024-03-13,0.629,0.484,0.054,0.0,weekday,-0.2,2.3,5.5,35.0,0,0.019,0.047,0.142,0.0,1.0,0.485,0.138,0.104,0.407
2024-03-14,0.627,0.522,0.128,0.0,weekday,2.7,9.0,6.2,35.0,0,0.0,0.016,0.21226248216833093,0.0,0.903,0.424,0.19,0.207,0.381
2024-03-15,0.679,0.42,0.113,0.0,weekday,-1.2,3.0,3.6,32.9,0,0.2730432276657061,0.075,0.247,0.12,0.983,0.517,0.08,0.097,0.43
2024-03-16,0.156,0.765,0.534,1.0,holiday,0.7,1.2,5.9,35.0,0,0.773,0.682,0.52,0.137,0.977,0.736,0.17,0.099,0.48
2024-03-17,0.014,0.594,0.25,0.0,holiday,0.6,5.9,6.6,35.0,0,0.521,0.475,0.481,0.154,0.99,0.78,0.233,0.16024639769452448,0.289
2024-03-18,0.662,0.259,0.017,0.0,weekday,0.1,1.9,5.6,35.0,0,0.0,0.04,0.129,0.09358501440922191,0.41886311239193086,0.546,0.206,0.138,0.412
2024-03-19,0.739,0.451,0.068,0.0,weekday,-0.4,2.5,5.3,35.0,0,0.01,0.041,0.108,0.0,0.41886311239193086,0.526,0.168,0.156,0.457
2024-03-20,0.529,0.216,0.0,0.0,weekday,0.8,1.2,6.8,35.0,0,0.0,0.038,0.079,0.0,0.99,0.522,0.184,0.15,0.275
2024-03-21,0.736,0.285,0.021,0.0,weekday,-1.0,4.2,5.5,35.0,0,0.2730432276657061,0.0,0.08,0.0,1.0,0.579,0.234,0.172,0.39
2024-03-22,0.633,0.384,0.029,0.0,weekday,0.8,0.8,8.0,34.9,0,0.0,0.0,0.088,0.0,0.947,0.484,0.268,0.163,0.358
2024-03-23,0.3486916426512969,0.687,0.367,0.0,holiday,1.1,4.7,4.4,33.6,0,0.585,0.501,0.545,0.085,0.983,0.739,0.179,0.116,0.269
2024-03-24,0.102,0.716,0.318,0.0,holiday,-2.2,12.8,6.7,34.8,0,0.411,0.449,0.522,0.012,0.971,0.714,0.253,0.207,0.335
2024-03-25,0.66,0.403,0.155,0.0,weekday,-1.2,4.5,5.6,32.8,0,0.0,0.09,0.151,0.0,0.905,0.468,0.229,0.169,0.381
2024-03-26,0.665,0.443,0.0,0.0,weekday,-1.2,1.3,5.1,35.0,0,0.103,0.115,0.055,0.09358501440922191,1.0,0.594,0.088,0.091,0.418
2024-03-27,0.715,0.536,0.383,1.0,weekday,0.5,2.9,6.2,35.0,0,0.2730432276657061,0.21,0.113,0.0,0.962,0.431,0.177,0.166,0.488
2024-03-28,0.603,0.5268616262482169,0.029,0.0,weekday,-2.1,3.6,4.3,35.0,0,0.0,0.0,0.21226248216833093,0.0,1.0,0.647,0.096,0.16024639769452448,0.37
2024-03-29,0.748,0.643,0.001,0.0,weekday,-0.9,1.3,5.7,34.8,0,0.047,0.017,0.21226248216833093,0.0,0.99,0.572,0.19949567723342937,0.135,0.547
2024-03-30,0.032,0.586,0.452,0.0,holiday,-2.4,3.1,5.8,35.0,0,0.673,0.549,0.5,0.063,0.97,0.712,0.2,0.126,0.289
2024-03-31,0.123,0.684,0.434,0.0,holiday,-1.3,1.4,5.8,34.7,0,0.66,0.559,0.539,0.211,1.0,0.767,0.195,0.128,0.381
2024-04-01,0.637,0.498,0.22105043227665705,0.0,weekday,-1.3,3.4,7.1,1.7,0,0.2730432276657061,0.003,0.136,0.0,0.631,0.282,0.26,0.113,0.406
2024-04-02,0.757,0.445,0.0,0.0,weekday,-0.7,0.2,7.4,3.1,0,0.127,0.061,0.079,0.0,0.662,0.341,0.212,0.185,0.436
2024-04-03,0.673,0.428,0.0,0.0,weekday,0.5,5.5,4.9,0.0,0,0.0,0.004,0.17,0.029,0.513,0.296,0.156,0.154,0.385
2024-04-04,0.732,0.5268616262482169,0.173,1.0,weekday,-1.6,6.7,5.3,2.3,0,0.18,0.224,0.146,0.09358501440922191,0.654,0.435,0.215,0.155,0.465
2024-04-05,0.69,0.44,0.0,0.0,weekday,-1.8,3.8,5.0,1.0,0,0.0,0.0,0.246,0.0,0.654,0.35,0.253,0.059,0.459
2024-04-06,0.064,0.633,0.564,0.0,holiday,-0.8,1.3,5.6,1.5,0,0.55,0.51,0.455,0.164,0.621,0.64,0.135,0.132,0.34
2024-04-07,0.12,0.54,0.197,0.0,holiday,-1.9,5.0,6.3,0.0,0,0.581,0.48,0.489,0.022,0.645,0.573,0.187,0.154,0.318
2024-04-08,0.731,0.326,0.0,0.0,weekday,-3.2,5.4,5.7,1.0,0,0.2730432276657061,0.0,0.108,0.0,0.613,0.376,0.177,0.093,0.403
2024-04-09,0.629,0.408,0.22105043227665705,0.0,weekday,-2.0,1.8,4.7,0.4,0,0.0,0.0,0.142,0.09358501440922191,0.647,0.32,0.156,0.157,0.378
2024-04-10,0.3486916426512969,0.563,0.302,1.0,weekday,-1.4,1.1,3.6,2.6,0,0.323,0.179,0.09,0.0,0.41886311239193086,0.489,0.121,0.061,0.469
2024-04-11,0.584,0.394,0.0,0.0,weekday,-1.3,6.476319543509273,5.5,0.7,0,0.065,0.0,0.138,0.0,0.587,0.27,0.187,0.134,0.343
2024-04-12,0.701,0.361,0.014,0.0,weekday,-2.6,10.3,5.6,1.1,0,0.0,0.0,0.03,0.0,0.647,0.36,0.198,0.239,0.435
2024-04-13,0.04,0.666,0.353,0.0,holiday,-1.1,1.9,6.7,0.0,0,0.563,0.532,0.467,0.061,0.663,0.546,0.229,0.187,0.366
2024-04-14,0.014,0.5268616262482169,0.382,0.0,holiday,-1.9,4.4,4.9,0.1,0,0.497,0.543,0.465,0.074,0.646,0.662,0.223,0.168,0.352
2024-04-15,0.643,0.485,0.0,0.0,weekday,-2.6,1.7,5.5,1.1,1,0.0,0.0,0.091,0.0,0.589,0.337,0.521,0.464,0.413
2024-04-16,0.794,0.47,0.033,0.0,weekday,-1.4,2.9,3.6,1.6,0,0.0,0.07,0.144,0.0,0.616,0.29562103746397694,0.14,0.115,0.494
2024-04-17,0.632,0.526,0.068,0.0,weekday,-2.5,4.6,6.5,0.0,0,0.0,0.0,0.044,0.0,0.689,0.339,0.216,0.17,0.467
2024-04-18,0.675,0.481,0.0,0.0,weekday,-2.2,2.0,4.0,0.0,0,0.005,0.035,0.13,0.0,0.646,0.365,0.143,0.114,0.379
2024-04-19,0.628,0.396,0.009,0.0,weekday,-3.1,5.4,6.8,0.8,0,0.028,0.0,0.198,0.0,0.657,0.366,0.197,0.167,0.383
2024-04-20,0.007,0.548,0.283,0.0,holiday,-2.6,3.4,3.9,0.7,0,0.47,0.5,0.416,0.151,0.636,0.667,0.089,0.119,0.285
2024-04-21,0.077,0.757,0.394,0.0,holiday,-1.6,3.1,4.9,0.6,0,0.671,0.547,0.544,0.165,0.642,0.571,0.08,0.101,0.348
2024-04-22,0.58,0.354,0.086,0.0,weekday,-2.3,1.7,5.9,0.0,0,0.005,0.092,0.167,0.0,0.599,0.313,0.19,0.106,0.343
2024-04-23,0.735,0.461,0.0,0.0,weekday,-2.7,7.0,5.8,0.0,0,0.017,0.0,0.185,0.0,0.681,0.393,0.195,0.17,0.405
2024-04-24,0.662,0.477,0.0,0.0,weekday,-1.0,12.2,4.7,0.4,0,0.0,0.071,0.11,0.0,0.645,0.309,0.175,0.168,0.361
2024-04-25,0.618,0.475,0.22105043227665705,0.0,weekday,-0.7,1.0,6.0,0.0,0,0.0,0.096,0.113,0.0,0.557,0.306,0.214,0.082,0.414
2024-04-26,0.3486916426512969,0.342,0.0,0.0,weekday,-1.9,3.5,5.2,1.9,0,0.046,0.0,0.128,0.0,0.652,0.374,0.152,0.097,0.428
2024-04-27,0.006,0.698,0.29,0.0,holiday,-3.0,4.4,7.8,2.1,0,0.55,0.462,0.497,0.132,0.688,0.565,0.215,0.197,0.334
2024-04-28,0.07,0.5268616262482169,0.323,0.0,holiday,-1.0,2.2,5.3,0.0,0,0.557,0.449,0.482,0.207,0.584,0.486,0.181,0.186,0.389
2024-04-29,0.728,0.417,0.0,0.0,weekday,-1.5,2.1,4.0,0.9,0,0.0,0.02,0.114,0.0,0.41886311239193086,0.411,0.101,0.123,0.446
2024-04-30,0.673,0.501,0.0,0.0,weekday,-2.1,3.5,2.6,1.2,0,0.065,0.003,0.21226248216833093,0.0,0.732,0.29562103746397694,0.124,0.06,0.455
2024-05-01,0.126,0.412,0.112,0.0,holiday,-0.7,3.9,5.6,0.5,0,0.236,0.257,0.302,0.075,0.699,0.399,0.188,0.093,0.314
2024-05-02,0.15,0.498,0.454,1.0,holiday,-1.5,4.7,1.9,0.0,0,0.494,0.379,0.307,0.0,0.668,0.501,0.0,0.067,0.387
2024-05-03,0.047,0.542,0.228,0.0,holiday,-1.7,2.6,6.3,0.0,0,0.292,0.235,0.355,0.084,0.57,0.378,0.22,0.152,0.309
2024-05-04,0.099,0.81,0.544,0.0,holiday,-1.4,1.2,6.3,0.0,0,0.592,0.483,0.545,0.118,0.674,0.607,0.161,0.139,0.376
2024-05-05,0.128,0.717,0.486,0.0,holiday,-2.1,5.7,6.2,0.3,0,0.571,0.526,0.515,0.131,0.605,0.558,0.256,0.121,0.445
2024-05-06,0.064,0.631,0.235,0.0,holiday,-1.1,8.0,5.7,0.0,0,0.32,0.282,0.312,0.036,0.702,0.441,0.187,0.175,0.349
2024-05-07,0.15,0.636,0.074,0.0,holiday,-0.4,3.0,2.9,0.8,0,0.271,0.257,0.409,0.09358501440922191,0.697,0.394,0.107,0.16024639769452448,0.315
2024-05-08,0.3486916426512969,0.421,0.198,0.0,holiday,-1.2,2.7,4.9,0.0,0,0.354,0.257,0.263,0.0,0.683,0.407,0.091,0.138,0.29
2024-05-09,0.105,0.538,0.308,0.0,holiday,-0.6,3.4,3.5,2.9,0,0.349,0.303,0.354,0.075,0.548,0.35,0.118,0.075,0.264
2024-05-10,0.107,0.462,0.192,0.0,holiday,-0.4,1.5,4.0,1.1,0,0.244,0.268,0.342,0.086,0.692,0.381,0.149,0.135,0.348
2024-05-11,0.219,0.555,0.293,0.0,holiday,-0.9,2.0,4.2,3.2,0,0.489,0.505,0.544,0.274,0.689,0.625,0.161,0.093,0.363
2024-05-12,0.08,0.675,0.471,0.0,holiday,-2.2,3.1,4.1,0.2,0,0.574,0.507,0.557,0.212,0.629,0.507,0.152,0.102,0.31
2024-05-13,0.095,0.527,0.313,0.0,holiday,-0.5,2.4,5.6,0.7,0,0.171,0.169,0.279,0.082,0.774,0.496,0.222,0.113,0.316
2024-05-14,0.3486916426512969,0.791,0.477,0.0,holiday,0.4,6.5,7.7,1.4,0,0.343,0.323,0.305,0.01,0.591,0.46,0.242,0.253,0.416
2024-05-15,0.083,0.525,0.22105043227665705,0.0,holiday,-1.7,4.8,4.2,0.6,0,0.263,0.283,0.277,0.09358501440922191,0.665,0.444,0.137,0.1,0.365
2024-05-16,0.107,0.584,0.242,0.0,holiday,-0.3,1.4,5.2,0.0,0,0.328,0.251,0.428,0.035,0.599,0.29562103746397694,0.179,0.109,0.337
2024-05-17,0.08,0.533,0.177,0.0,holiday,-1.7,6.476319543509273,5.6,1.2,0,0.327,0.331,0.322,0.014,0.577,0.393,0.228,0.157,0.342
2024-05-18,0.011,0.604,0.492,0.0,holiday,0.1,0.6,7.2,0.0,0,0.672,0.413,0.533,0.129,0.679,0.565,0.165,0.159,0.277
2024-05-19,0.129,0.635,0.442,0.0,holiday,-1.1,4.1,5.3,2.8,0,0.597,0.481,0.59,0.085,0.676,0.502,0.214,0.151,0.399
2024-05-20,0.129,0.418,0.143,0.0,holiday,-0.7,6.476319543509273,5.3,0.6,0,0.281,0.251,0.333,0.06,0.678,0.42,0.193,0.15,0.288
2024-05-21,0.086,0.534,0.076,0.0,holiday,0.4,4.9,4.3,1.2,0,0.288,0.198,0.289,0.02,0.724,0.29562103746397694,0.199,0.104,0.352
2024-05-22,0.152,0.494,0.109,0.0,holiday,-1.3,2.8,4.2,0.9,0,0.281,0.24,0.409,0.0,0.645,0.445,0.149,0.091,0.294
2024-05-23,0.08,0.606,0.215,0.0,holiday,0.5,6.1,4.1,0.0,0,0.257,0.277,0.257,0.0,0.534,0.375,0.184,0.138,0.319
2024-05-24,0.014,0.586,0.202,0.0,holiday,0.4,5.6,2.0,0.0,0,0.302,0.208,0.319,0.032,0.679,0.506,0.091,0.093,0.301
2024-05-25,0.3486916426512969,0.659,0.22105043227665705,0.0,holiday,0.6,1.4,4.3,2.5,0,0.2730432276657061,0.537,0.455,0.096,0.682,0.538,0.124,0.133,0.329
2024-05-26,0.153,0.668,0.22105043227665705,0.0,holiday,0.5,3.9,5.6,0.0,0,0.51,0.444,0.604,0.101,0.569,0.29562103746397694,0.196,0.126,0.433
2024-05-27,0.153,0.497,0.455,1.0,holiday,1.6,6.476319543509273,5.8,0.0,0,0.2730432276657061,0.436,0.321,0.09358501440922191,0.588,0.399,0.213,0.126,0.393
2024-05-28,0.123,0.615,0.403,1.0,holiday,2.3,6.6,7.9,0.0,0,0.562,0.477,0.302,0.019,0.611,0.429,0.269,0.223,0.372
2024-05-29,0.071,0.383,0.207,0.0,holiday,1.4,2.9,4.6,0.0,0,0.192,0.279,0.209,0.002,0.571,0.315,0.19949567723342937,0.115,0.274
2024-05-30,0.3486916426512969,0.551,0.17,0.0,holiday,1.5,8.5,5.9,0.0,0,0.196,0.26705848787446507,0.358,0.0,0.606,0.4,0.229,0.163,0.347
2024-05-31,0.027,0.512,0.555,1.0,holiday,1.6,6.4,5.8,0.0,0,0.624,0.26705848787446507,0.303,0.0,0.572,0.329,0.194,0.147,0.316
2024-06-01,0.055,0.724,0.419,0.0,holiday,1.8,2.1,4.5,0.0,0,0.634,0.514,0.499,0.097,0.509,0.45,0.207,0.096,0.386
2024-06-02,0.107,0.577,0.425,0.0,holiday,2.0,3.1,7.8,1.4,0,0.2730432276657061,0.509,0.415,0.093,0.615,0.524,0.294,0.189,0.321
2024-06-03,0.745,0.448,0.08,0.0,weekday,2.2,4.8,5.4,0.0,0,0.0,0.021,0.111,0.0,0.508,0.274,0.163,0.154,0.42
2024-06-04,0.617,0.469,0.03,0.0,weekday,0.7,2.0,5.0,0.0,0,0.0,0.102,0.05,0.0,0.63,0.229,0.146,0.102,0.376
2024-06-05,0.598,0.366,0.122,0.0,weekday,3.3,2.8,4.2,0.0,0,0.0,0.049,0.21226248216833093,0.0,0.549,0.276,0.195,0.071,0.354
2024-06-06,0.676,0.412,0.0,0.0,weekday,1.6,3.0,5.0,0.0,0,0.0,0.0,0.131,0.0,0.647,0.323,0.16,0.158,0.385
2024-06-07,0.667,0.341,0.004,0.0,weekday,2.8,6.476319543509273,4.3,1.7,0,0.0,0.0,0.155,0.0,0.605,0.29562103746397694,0.108,0.16024639769452448,0.35
2024-06-08,0.105,0.581,0.48,0.0,holiday,2.6,0.1,6.7,0.8,0,0.2730432276657061,0.502,0.557,0.09358501440922191,0.648,0.572,0.24,0.143,0.353
2024-06-09,0.116,0.71,0.391,0.0,holiday,1.6,1.2,6.6,1.7,0,0.559,0.515,0.441,0.036,0.66,0.644,0.176,0.16024639769452448,0.372
2024-06-10,0.622,0.512,0.0,0.0,weekday,4.1,3.4,3.8,1.1,0,0.0,0.025,0.083,0.0,0.61,0.366,0.16,0.099,0.384
2024-06-11,0.623,0.381,0.227,1.0,weekday,4.5,1.6,4.7,0.0,0,0.293,0.143,0.064,0.0,0.496,0.3,0.114,0.126,0.405
2024-06-12,0.574,0.429,0.063,0.08039492242595205,weekday,3.1,2.9,5.1,0.0,0,0.2730432276657061,0.0,0.073,0.0,0.503,0.273,0.192,0.158,0.298
2024-06-13,0.69,0.5268616262482169,0.0,0.0,weekday,3.5,1.7,7.5,1.1,0,0.0,0.06,0.194,0.0,0.59,0.311,0.262,0.146,0.408
2024-06-14,0.631,0.414,0.0,0.0,weekday,3.4,4.1,4.6,1.0,0,0.027,0.009,0.152,0.001,0.588,0.268,0.152,0.083,0.362
2024-06-15,0.155,0.536,0.383,0.0,holiday,4.0,1.5,3.8,0.8,0,0.445,0.511,0.484,0.162,0.573,0.459,0.13,0.109,0.338
2024-06-16,0.076,0.653,0.353,0.0,holiday,4.8,2.4,5.2,0.0,0,0.2730432276657061,0.452,0.507,0.2,0.588,0.546,0.137,0.097,0.367
2024-06-17,0.729,0.5268616262482169,0.0,0.0,weekday,4.9,3.0,4.2,0.4,0,0.016,0.0,0.238,0.0,0.521,0.272,0.128,0.097,0.391
2024-06-18,0.611,0.5268616262482169,0.241,0.08039492242595205,weekday,3.4,6.4,5.1,0.0,0,0.239,0.171,0.18,0.0,0.538,0.176,0.207,0.098,0.458
2024-06-19,0.655,0.442,0.0,0.0,weekday,5.2,1.7,5.4,2.6,0,0.028,0.015,0.154,0.0,0.555,0.198,0.192,0.145,0.44
2024-06-20,0.612,0.25,0.0,0.0,weekday,6.3,18.0,4.3,0.0,0,0.0,0.106,0.143,0.0,0.437,0.129,0.185,0.157,0.276
2024-06-21,0.626,0.378,0.021,0.0,weekday,5.1,18.4,6.9,0.0,0,0.009,0.0,0.044,0.09358501440922191,0.435,0.176,0.286,0.233,0.301
2024-06-22,0.044,0.751,0.256,0.0,holiday,6.1,18.4,4.0,0.0,0,0.507,0.546,0.447,0.094,0.39,0.318,0.205,0.171,0.31
2024-06-23,0.09,0.634,0.285,0.0,holiday,5.0,21.6,6.9,0.0,0,0.531,0.457,0.418,0.01,0.474,0.428,0.284,0.25,0.3
2024-06-24,0.472,0.32,0.019,0.0,weekday,5.8,20.4,4.6,2.0,0,0.0,0.0,0.067,0.0,0.486,0.215,0.26,0.16024639769452448,0.252
2024-06-25,0.571,0.34,0.0,0.0,weekday,5.1,21.0,4.5,1.5,0,0.0,0.0,0.012,0.0,0.487,0.217,0.243,0.18,0.299
2024-06-26,0.641,0.475,0.0,0.0,weekday,8.0,19.3,5.4,1.3,0,0.109,0.052,0.184,0.0,0.36,0.154,0.248,0.207,0.395
2024-06-27,0.546,0.46,0.0,0.0,weekday,6.9,20.0,3.0,0.3,0,0.0,0.0,0.081,0.0,0.417,0.146,0.099,0.193,0.258
2024-06-28,0.659,0.32,0.0,0.0,weekday,7.2,20.8,3.6,0.0,0,0.0,0.012,0.141,0.0,0.486,0.239,0.187,0.169,0.283
2024-06-29,0.095,0.753,0.34,0.0,holiday,6.5,24.8,6.9,0.8,0,0.528,0.529,0.395,0.0,0.441,0.366,0.29,0.276,0.315
2024-06-30,0.0,0.546,0.325,0.0,holiday,7.7,21.1,6.1,0.0,0,0.557,0.492,0.543,0.01,0.436,0.475,0.238,0.315,0.181
2024-07-01,0.688,0.458,0.0,0.0,weekday,7.4,21.4,3.7,1.9,0,0.0,0.051,0.084,0.0,0.36,0.245,0.194,0.156,0.392
2024-07-02,0.608,0.556,0.0,0.0,weekday,7.6,25.5,4.8,0.0,0,0.054,0.003,0.0,0.0,0.427,0.108,0.19949567723342937,0.294,0.359
2024-07-03,0.644,0.394,0.0,0.0,weekday,8.0,19.3,5.6,0.0,0,0.0,0.029,0.049,0.0,0.319,0.203,0.248,0.251,0.381
2024-07-04,0.613,0.503,0.0,0.0,weekday,9.4,20.6,3.8,0.1,0,0.087,0.0,0.053,0.0,0.319,0.074,0.176,0.147,0.375
2024-07-05,0.659,0.304,0.0,0.0,weekday,9.7,21.0,4.2,0.0,0,0.015,0.0,0.177,0.0,0.451,0.142,0.26,0.197,0.327
2024-07-06,0.14,0.753,0.217,0.0,holiday,9.2,21.1,4.6,0.4,0,0.54,0.496,0.492,0.0,0.373,0.352,0.228,0.241,0.343
2024-07-07,0.096,0.78,0.349,0.0,holiday,9.7,6.476319543509273,5.0,0.2,0,0.59,0.497,0.416,0.0,0.426,0.473,0.216,0.205,0.388
2024-07-08,0.621,0.406,0.0,0.0,weekday,8.5,19.1,6.0,0.1,0,0.04,0.26705848787446507,0.033,0.0,0.407,0.274,0.19949567723342937,0.296,0.368
2024-07-09,0.717,0.386,0.0,0.0,weekday,9.9,18.8,4.9,3.3,0,0.0,0.041,0.073,0.0,0.425,0.16,0.213,0.173,0.323
2024-07-10,0.638,0.494,0.0,0.0,weekday,8.4,20.5,4.8,0.1,0,0.0,0.0,0.076,0.0,0.345,0.197,0.242,0.154,0.377
2024-07-11,0.537,0.331,0.0,0.0,weekday,9.9,24.0,6.0,1.5,0,0.0,0.098,0.056,0.0,0.285,0.041,0.256,0.275,0.285
2024-07-12,0.652,0.318,0.22105043227665705,0.0,weekday,11.4,23.0,5.7,3.2,0,0.0,0.049,0.028,0.0,0.383,0.041,0.283,0.241,0.32
2024-07-13,0.074,0.5268616262482169,0.345,0.0,holiday,10.1,19.6,5.6,0.2,0,0.536,0.552,0.479,0.0,0.261,0.178,0.273,0.206,0.253
2024-07-14,0.025,0.6,0.205,0.0,holiday,9.6,23.0,5.1,0.0,0,0.516,0.495,0.374,0.0,0.346,0.29562103746397694,0.262,0.209,0.262
2024-07-15,0.672,0.42,0.039,0.0,weekday,11.2,20.7,4.8,0.0,0,0.018,0.0,0.069,0.0,0.382,0.166,0.172,0.193,0.396
2024-07-16,0.3486916426512969,0.511,0.0,0.0,weekday,10.2,21.9,4.0,2.6,0,0.0,0.095,0.136,0.0,0.36,0.29562103746397694,0.25,0.244,0.388
2024-07-17,0.65,0.451,0.0,0.0,weekday,10.9,20.0,5.6,1.7,0,0.0,0.0,0.006,0.0,0.314,0.089,0.245,0.221,0.381
2024-07-18,0.64,0.553,0.0,0.0,weekday,12.1,25.2,6.3,0.0,0,0.008,0.0,0.094,0.0,0.202,0.087,0.283,0.284,0.333
2024-07-19,0.559,0.311,0.0,0.0,weekday,12.3,24.6,6.7,4.2,0,0.0,0.0,0.043,0.0,0.275,0.008,0.29,0.278,0.275
2024-07-20,0.046,0.784,0.248,0.0,holiday,13.0,21.6,5.8,0.0,0,0.487,0.588,0.432,0.015,0.197,0.308,0.213,0.261,0.342
2024-07-21,0.079,0.722,0.366,0.0,holiday,12.7,21.8,3.5,0.0,0,0.553,0.569,0.386,0.0,0.202,0.263,0.163,0.22,0.319
2024-07-22,0.594,0.418,0.01,0.0,weekday,12.1,19.1,5.0,1.7,0,0.0,0.044,0.0,0.0,0.321,0.201,0.253,0.226,0.374
2024-07-23,0.536,0.317,0.22105043227665705,0.0,weekday,13.5,18.9,6.1,0.0,0,0.0,0.016,0.04,0.0,0.265,0.037,0.258,0.251,0.252
2024-07-24,0.589,0.458,0.218,1.0,weekday,13.8,19.3,5.1,0.0,0,0.356,0.265,0.066,0.0,0.291,0.053,0.215,0.206,0.4
2024-07-25,0.683,0.442,0.27,1.0,weekday,14.5,23.2,5.8,0.0,0,0.336,0.265,0.106,0.0,0.251,0.07,0.269,0.261,0.435
2024-07-26,0.614,0.393,0.08,0.0,weekday,14.4,20.5,7.3,0.0,0,0.0,0.035,0.005,0.0,0.232,0.06,0.291,0.282,0.348
2024-07-27,0.004,0.617,0.388,0.0,holiday,12.9,6.476319543509273,4.1,0.0,0,0.531,0.549,0.45,0.078,0.29,0.371,0.235,0.173,0.259
2024-07-28,0.023,0.615,0.318,0.0,holiday,14.3,20.9,5.0,0.0,0,0.525,0.523,0.369,0.036,0.237,0.383,0.233,0.227,0.281
2024-07-29,0.605,0.318,0.009,0.0,weekday,14.3,21.2,6.5,2.9,0,0.009,0.101,0.0,0.0,0.241,0.077,0.289,0.249,0.319
2024-07-30,0.571,0.474,0.085,0.0,weekday,16.0,19.7,6.6,1.6,0,0.076,0.042,0.05,0.0,0.143,0.054,0.281,0.254,0.274
2024-07-31,0.645,0.374,0.068,0.08039492242595205,weekday,14.8,6.7,6.6,0.0,0,0.0,0.076,0.21226248216833093,0.0,0.278,0.204,0.234,0.147,0.413
2024-08-01,0.0,0.523,0.346,0.0,holiday,17.2,8.0,6.7,0.0,0,0.292,0.349,0.223,0.006,0.182,0.164,0.219,0.158,0.27
2024-08-02,0.122,0.599,0.143,0.0,holiday,14.7,9.5,10.1,0.0,0,0.35,0.301,0.248,0.0,0.261,0.284,0.349,0.279,0.292
2024-08-03,0.126,0.658,0.504,0.0,holiday,15.0,8.2,6.0,0.0,0,0.613,0.563,0.381,0.068,0.26,0.324,0.185,0.119,0.369
2024-08-04,0.026,0.676,0.511,1.0,holiday,15.6,11.4,7.6,0.0,1,0.81,0.701,0.358,0.1,0.171,0.291,0.597,0.534,0.397
2024-08-05,0.14,0.594,0.408,0.0,holiday,15.3,8.6,6.3,1.1,0,0.373,0.327,0.162,0.041,0.143,0.152,0.211,0.16024639769452448,0.309
2024-08-06,0.054,0.466,0.122,0.0,holiday,15.9,12.6,7.1,0.0,0,0.256,0.275,0.141,0.0,0.237,0.239,0.254,0.209,0.275
2024-08-07,0.0,0.616,0.389,0.0,holiday,15.9,7.4,8.3,0.0,0,0.333,0.284,0.135,0.0,0.288,0.207,0.285,0.16024639769452448,0.304
2024-08-08,0.0,0.443,0.345,0.0,holiday,16.7,8.4,8.4,0.0,0,0.33,0.343,0.117,0.0,0.267,0.128,0.288,0.201,0.225
2024-08-09,0.184,0.699,0.063,0.0,holiday,17.1,10.8,8.5,0.0,0,0.285,0.281,0.242,0.02,0.189,0.103,0.19949567723342937,0.237,0.381
2024-08-10,0.062,0.742,0.405,0.0,holiday,16.8,10.8,8.7,0.0,0,0.611,0.511,0.456,0.08,0.244,0.319,0.344,0.167,0.317
2024-08-11,0.154,0.744,0.48,0.0,holiday,16.3,6.7,7.6,0.0,0,0.6,0.528,0.363,0.0,0.137,0.29562103746397694,0.231,0.223,0.341
2024-08-12,0.078,0.436,0.263,0.0,holiday,17.1,6.9,6.0,2.6,1,0.282,0.365,0.187,0.09358501440922191,0.184,0.282,0.582,0.443,0.253
2024-08-13,0.002,0.516,0.22105043227665705,0.0,holiday,16.2,9.1,7.4,1.5,0,0.335,0.281,0.188,0.0,0.233,0.13,0.276,0.182,0.217
2024-08-14,0.105,0.399,0.197,0.0,holiday,18.5,8.0,7.0,0.1,0,0.182,0.339,0.294,0.028,0.166,0.154,0.278,0.203,0.253
2024-08-15,0.138,0.585,0.22105043227665705,0.0,holiday,17.8,9.1,5.9,0.8,0,0.318,0.291,0.216,0.103,0.203,0.21,0.247,0.198,0.356
2024-08-16,0.024,0.545,0.26,0.0,holiday,17.9,12.8,6.6,0.5,0,0.366,0.382,0.159,0.106,0.179,0.197,0.232,0.226,0.249
2024-08-17,0.097,0.726,0.456,0.0,holiday,18.9,8.5,7.2,1.1,0,0.564,0.546,0.349,0.104,0.193,0.266,0.289,0.159,0.34
2024-08-18,0.098,0.74,0.472,0.0,holiday,19.2,15.0,8.8,0.0,0,0.672,0.517,0.3,0.104,0.141,0.186,0.347,0.287,0.334
2024-08-19,0.0,0.468,0.397,0.0,holiday,20.5,7.0,8.0,2.3,0,0.287,0.374,0.22,0.063,0.41886311239193086,0.192,0.287,0.249,0.32
2024-08-20,0.096,0.613,0.271,0.0,holiday,17.6,11.1,8.6,0.5,0,0.386,0.373,0.194,0.0,0.24,0.221,0.308,0.218,0.281
2024-08-21,0.042,0.384,0.317,0.0,holiday,20.2,8.6,8.3,3.7,0,0.238,0.302,0.173,0.159,0.137,0.113,0.266,0.173,0.287
2024-08-22,0.044,0.483,0.357,0.0,holiday,19.6,8.6,8.5,0.7,0,0.324,0.339,0.159,0.07,0.054,0.0,0.341,0.183,0.32
2024-08-23,0.089,0.526,0.227,0.0,holiday,20.9,12.2,9.1,0.0,0,0.323,0.346,0.191,0.028,0.112,0.063,0.296,0.16024639769452448,0.364
2024-08-24,0.051,0.662,0.332,0.0,holiday,20.5,9.7,6.5,0.0,0,0.515,0.68,0.282,0.231,0.132,0.167,0.209,0.232,0.344
2024-08-25,0.096,0.703,0.482,0.0,holiday,19.8,10.6,9.7,0.0,0,0.602,0.537,0.259,0.199,0.046,0.266,0.372,0.292,0.351
2024-08-26,0.029,0.426,0.189,0.0,holiday,18.8,7.0,8.0,0.3,0,0.315,0.363,0.123,0.085,0.159,0.161,0.28,0.209,0.289
2024-08-27,0.01,0.564,0.189,0.0,holiday,21.0,13.0,6.2,0.0,0,0.238,0.343,0.237,0.106,0.053,0.105,0.25,0.168,0.258
2024-08-28,0.06,0.54,0.344,0.0,holiday,21.0,7.9,10.7,0.0,0,0.251,0.3,0.203,0.097,0.06,0.207,0.19949567723342937,0.28,0.268
2024-08-29,0.035,0.672,0.251,0.0,holiday,21.1,6.7,6.7,0.0,0,0.2730432276657061,0.302,0.18,0.124,0.091,0.075,0.233,0.176,0.404
2024-08-30,0.109,0.557,0.237,0.0,holiday,20.5,10.3,7.8,0.0,0,0.283,0.219,0.189,0.0,0.41886311239193086,0.048,0.293,0.21,0.293
2024-08-31,0.02,0.684,0.677,1.0,holiday,22.6,8.8,7.7,0.0,0,0.815,0.26705848787446507,0.324,0.09358501440922191,0.06,0.235,0.272,0.195,0.317
2024-09-01,0.0,0.618,0.22105043227665705,0.0,holiday,21.3,9.0,7.2,0.0,0,0.542,0.597,0.426,0.113,0.41886311239193086,0.208,0.248,0.189,0.256
2024-09-02,0.642,0.447,0.0,0.0,weekday,22.2,8.4,6.9,1.1,0,0.049,0.069,0.024,0.044,0.005,0.071,0.269,0.189,0.411
2024-09-03,0.637,0.346,0.0,0.0,weekday,22.0,15.3,7.7,2.9,0,0.0,0.066,0.008,0.0,0.062,0.053,0.313,0.228,0.381
2024-09-04,0.621,0.361,0.041,0.0,weekday,21.1,7.2,6.8,2.6,0,0.022,0.066,0.0,0.146,0.137,0.0,0.244,0.201,0.418
2024-09-05,0.697,0.456,0.122,0.0,holiday,24.0,8.0,7.3,0.3,0,0.013,0.0,0.0,0.246,0.073,0.004,0.255,0.226,0.446
2024-09-06,0.638,0.494,0.22105043227665705,0.0,weekday,22.2,13.0,7.7,0.0,0,0.0,0.11,0.0,0.0,0.01,0.044,0.305,0.217,0.375
2024-09-07,0.168,0.785,0.297,0.0,holiday,22.5,8.7,6.9,0.9,0,0.517,0.662,0.274,0.21,0.084,0.256,0.201,0.206,0.435
2024-09-08,0.108,0.579,0.524,0.0,holiday,22.8,10.6,7.7,0.0,0,0.676,0.541,0.318,0.312,0.0,0.177,0.19949567723342937,0.264,0.323
2024-09-09,0.665,0.429,0.425,1.0,weekday,22.9,11.2,6.4,0.0,0,0.225,0.301,0.03,0.179,0.074,0.031,0.19949567723342937,0.194,0.42
2024-09-10,0.557,0.424,0.109,0.0,weekday,24.6,6.476319543509273,9.6,0.4,0,0.0,0.119,0.0,0.179,0.0,0.038,0.361,0.319,0.29
2024-09-11,0.678,0.508,0.004,0.0,weekday,22.7,6.0,9.2,0.0,0,0.0,0.145,0.045,0.051,0.0,0.0,0.315,0.283,0.379
2024-09-12,0.631,0.373,0.085,0.0,weekday,22.5,6.476319543509273,5.9,0.0,0,0.117,0.041,0.031,0.015,0.009,0.004,0.206,0.177,0.358
2024-09-13,0.572,0.329,0.419,1.0,weekday,23.5,6.476319543509273,8.3,1.0,0,0.237,0.283,0.101,0.056,0.008,0.0,0.288,0.215,0.367
2024-09-14,0.063,0.708,0.497,0.0,holiday,24.4,9.0,4.9,1.3,0,0.547,0.536,0.403,0.405,0.0,0.154,0.101,0.177,0.312
2024-09-15,0.3486916426512969,0.597,0.671,1.0,holiday,21.4,9.3,6.2,1.7,0,0.891,0.791,0.372,0.247,0.103,0.201,0.199,0.151,0.389
2024-09-16,0.627,0.454,0.0,0.0,weekday,24.3,8.2,11.0,0.0,0,0.0,0.073,0.0,0.0,0.027,0.0,0.332,0.261,0.299
2024-09-17,0.733,0.422,0.035,0.0,weekday,24.4,7.8,7.6,0.0,0,0.0,0.022,0.023,0.082,0.0,0.078,0.293,0.175,0.452
2024-09-18,0.583,0.26,0.0,0.0,weekday,23.5,8.0,8.6,0.0,0,0.0,0.077,0.005,0.118,0.097,0.026,0.19949567723342937,0.184,0.331
2024-09-19,0.667,0.417,0.173,0.0,weekday,23.7,7.4,8.2,0.1,0,0.105,0.119,0.019,0.194,0.0,0.045,0.268,0.234,0.377
2024-09-20,0.69,0.48,0.326,1.0,weekday,24.6,11.2,8.6,4.2,0,0.328,0.311,0.0,0.0,0.081,0.07,0.286,0.243,0.466
2024-09-21,0.0,0.674,0.49,0.0,holiday,22.6,7.3,6.7,3.5,0,0.619,0.593,0.374,0.293,0.055,0.178,0.19949567723342937,0.167,0.33
2024-09-22,0.179,0.536,0.379,0.0,holiday,23.9,6.7,5.6,0.0,0,0.556,0.632,0.394,0.383,0.022,0.188,0.217,0.169,0.354
2024-09-23,0.575,0.569,0.156,0.0,weekday,24.4,11.1,5.9,0.0,0,0.0,0.112,0.0,0.259,0.0,0.012,0.171,0.194,0.383
2024-09-24,0.619,0.37,0.093,0.0,weekday,25.7,8.4,7.0,0.0,0,0.021,0.196,0.026,0.196,0.0,0.29562103746397694,0.246,0.171,0.335
2024-09-25,0.662,0.413,0.0,0.0,weekday,24.0,6.5,7.1,2.9,0,0.0,0.1,0.0,0.031,0.05,0.009,0.214,0.211,0.388
2024-09-26,0.522,0.355,0.0,0.0,weekday,24.4,11.8,7.5,0.0,0,0.009,0.043,0.0,0.099,0.0,0.0,0.253,0.272,0.252
2024-09-27,0.678,0.442,0.027,0.0,weekday,26.1,6.2,8.1,0.0,0,0.009,0.095,0.137,0.058,0.033,0.043,0.29,0.235,0.4
2024-09-28,0.043,0.636,0.481,0.0,holiday,25.4,8.4,6.0,1.1,0,0.594,0.585,0.405,0.09358501440922191,0.019,0.307,0.238,0.197,0.371
2024-09-29,0.122,0.686,0.505,0.0,holiday,26.4,6.8,7.1,1.4,0,0.53,0.638,0.286,0.298,0.014,0.106,0.19949567723342937,0.126,0.376
2024-09-30,0.716,0.345,0.22105043227665705,0.0,weekday,24.4,9.6,8.3,0.9,0,0.074,0.186,0.0,0.245,0.0,0.0,0.249,0.16024639769452448,0.422
2024-10-01,0.634,0.392,0.22105043227665705,1.0,weekday,25.4,0.7,4.3,0.0,0,0.352,0.326,0.046,0.116,0.002,0.057,0.103,0.117,0.424
2024-10-02,0.619,0.394,0.22105043227665705,0.0,weekday,25.0,6.5,2.7,2.4,0,0.0,0.076,0.019,0.203,0.093,0.0,0.135,0.111,0.41
2024-10-03,0.655,0.5268616262482169,0.178,0.0,weekday,25.9,2.9,4.1,1.1,0,0.0,0.091,0.011,0.184,0.055,0.0,0.104,0.141,0.34
2024-10-04,0.695,0.431,0.149,0.0,weekday,26.8,4.6,5.8,0.0,0,0.046,0.081,0.021,0.25,0.0,0.0,0.162,0.179,0.386
2024-10-05,0.118,0.72,0.379,0.0,holiday,26.8,1.9,3.6,4.7,0,0.501,0.582,0.325,0.367,0.036,0.242,0.17,0.106,0.384
2024-10-06,0.093,0.574,0.502,0.0,holiday,24.9,3.5,6.8,0.0,0,0.7,0.541,0.426,0.477,0.0,0.123,0.233,0.15,0.335
2024-10-07,0.736,0.5268616262482169,0.0,0.0,weekday,25.0,1.7,2.0,0.0,0,0.003,0.048,0.0,0.204,0.163,0.132,0.064,0.008,0.406
2024-10-08,0.708,0.469,0.216,0.0,weekday,27.8,4.1,2.7,0.1,0,0.117,0.218,0.077,0.327,0.0,0.009,0.113,0.1,0.449
2024-10-09,0.706,0.37,0.093,0.0,weekday,25.8,3.1,5.5,0.0,0,0.046,0.069,0.0,0.181,0.0,0.0,0.174,0.168,0.411
2024-10-10,0.704,0.5268616262482169,0.072,0.0,weekday,25.5,6.476319543509273,3.5,2.7,0,0.003,0.117,0.0,0.216,0.0,0.0,0.048,0.15,0.368
2024-10-11,0.626,0.44,0.046,0.0,weekday,26.3,5.0,3.0,0.3,0,0.032,0.051,0.0,0.213,0.0,0.0,0.068,0.16024639769452448,0.37
2024-10-12,0.111,0.625,0.496,0.0,holiday,25.3,7.0,5.3,0.6,0,0.655,0.652,0.239,0.302,0.0,0.114,0.167,0.151,0.276
2024-10-13,0.017,0.595,0.49,0.0,holiday,26.1,3.6,3.6,0.0,0,0.586,0.558,0.366,0.364,0.0,0.135,0.148,0.109,0.304
2024-10-14,0.697,0.496,0.122,0.0,weekday,27.2,4.1,3.4,1.3,0,0.029,0.157,0.017,0.362,0.0,0.0,0.172,0.155,0.419
2024-10-15,0.7,0.401,0.075,0.0,weekday,25.8,2.2,6.8,0.0,0,0.2730432276657061,0.26705848787446507,0.0,0.092,0.0,0.0,0.19949567723342937,0.114,0.403
2024-10-16,0.598,0.54,0.03,0.0,weekday,26.6,4.8,3.7,1.6,0,0.0,0.141,0.025,0.09358501440922191,0.015,0.0,0.12,0.082,0.39
2024-10-17,0.587,0.376,0.045,0.0,weekday,25.8,1.5,5.9,0.3,0,0.005,0.26705848787446507,0.0,0.202,0.061,0.047,0.244,0.149,0.345
2024-10-18,0.698,0.316,0.175,0.0,weekday,26.6,0.4,6.4,0.5,0,0.083,0.073,0.0,0.219,0.101,0.137,0.169,0.109,0.457
2024-10-19,0.06,0.583,0.445,0.0,holiday,27.5,5.6,6.1,0.0,0,0.618,0.662,0.292,0.487,0.003,0.231,0.197,0.158,0.309
2024-10-20,0.0,0.607,0.643,0.0,holiday,25.0,7.7,6.1,0.3,0,0.537,0.746,0.402,0.401,0.0,0.221,0.261,0.152,0.275
2024-10-21,0.634,0.378,0.175,0.0,weekday,26.0,2.7,3.8,4.1,0,0.0,0.073,0.0,0.295,0.096,0.0,0.098,0.131,0.307
2024-10-22,0.651,0.391,0.0,0.0,weekday,26.2,5.0,4.6,0.8,0,0.012,0.098,0.04,0.243,0.0,0.008,0.147,0.145,0.354
2024-10-23,0.662,0.373,0.207,0.0,weekday,25.8,0.8,7.5,0.0,0,0.087,0.135,0.067,0.09358501440922191,0.41886311239193086,0.033,0.255,0.181,0.428
2024-10-24,0.702,0.289,0.064,0.0,weekday,26.0,1.2,5.6,1.6,0,0.2730432276657061,0.115,0.0,0.241,0.028,0.0,0.222,0.171,0.384
2024-10-25,0.648,0.578,0.297,0.0,weekday,25.9,2.8,7.4,0.0,1,0.0,0.055,0.022,0.196,0.0,0.028,0.558,0.453,0.4
2024-10-26,0.046,0.611,0.588,0.0,holiday,25.8,2.1,4.4,0.0,0,0.715,0.26705848787446507,0.283,0.451,0.042,0.185,0.209,0.133,0.339
2024-10-27,0.141,0.613,0.501,0.0,holiday,24.8,4.8,6.0,0.9,0,0.537,0.57,0.328,0.339,0.1,0.284,0.212,0.135,0.333
2024-10-28,0.637,0.489,0.129,0.0,holiday,27.8,2.1,2.5,0.0,0,0.0,0.138,0.021,0.361,0.41886311239193086,0.0,0.091,0.058,0.419
2024-10-29,0.694,0.357,0.124,0.0,weekday,26.5,1.3,3.9,0.0,0,0.022,0.26705848787446507,0.0,0.302,0.0,0.0,0.111,0.113,0.448
2024-10-30,0.621,0.322,0.117,0.08039492242595205,weekday,26.2,6.6,6.2,1.4,0,0.0,0.107,0.088,0.248,0.0,0.0,0.219,0.232,0.309
2024-10-31,0.742,0.467,0.094,0.0,weekday,25.8,6.6,3.7,2.2,0,0.039,0.26705848787446507,0.064,0.238,0.044,0.0,0.114,0.14,0.433
2024-11-01,0.677,0.517,0.154,0.0,weekday,25.5,2.4,6.6,0.0,0,0.102,0.26705848787446507,0.0,0.115,0.0,0.0,0.24,0.15,0.436
2024-11-02,0.147,0.661,0.22105043227665705,0.0,holiday,25.5,3.2,5.6,0.0,0,0.639,0.586,0.345,0.332,0.0,0.213,0.19,0.131,0.338
2024-11-03,0.3486916426512969,0.721,0.642,0.08039492242595205,holiday,26.1,6.9,5.2,0.2,0,0.69,0.56,0.323,0.09358501440922191,0.0,0.08,0.208,0.147,0.287
2024-11-04,0.699,0.476,0.096,0.0,weekday,25.4,2.4,5.0,0.0,0,0.017,0.013,0.21226248216833093,0.212,0.0,0.0,0.16,0.172,0.428
2024-11-05,0.605,0.45,0.152,0.0,weekday,26.1,2.2,6.4,0.0,0,0.0,0.021,0.091,0.176,0.0,0.0,0.236,0.19,0.322
2024-11-06,0.3486916426512969,0.36,0.195,0.0,weekday,24.4,5.0,7.9,2.8,0,0.15,0.061,0.027,0.242,0.068,0.0,0.313,0.169,0.358
2024-11-07,0.647,0.366,0.051,0.0,weekday,25.5,1.2,4.7,1.0,0,0.0,0.068,0.029,0.109,0.013,0.079,0.186,0.091,0.405
2024-11-08,0.622,0.414,0.261,0.0,weekday,24.8,0.9,6.8,2.0,0,0.033,0.157,0.013,0.179,0.093,0.062,0.216,0.108,0.38
2024-11-09,0.027,0.485,0.608,0.0,holiday,23.7,1.8,7.7,0.0,0,0.675,0.617,0.393,0.209,0.0,0.29562103746397694,0.245,0.259,0.285
2024-11-10,0.077,0.558,0.592,0.0,holiday,25.0,0.8,5.7,2.6,0,0.675,0.591,0.308,0.408,0.029,0.281,0.209,0.097,0.354
2024-11-11,0.668,0.464,0.357,1.0,weekday,25.3,1.3,6.1,0.0,0,0.231,0.252,0.043,0.24,0.0,0.29562103746397694,0.16,0.18,0.449
2024-11-12,0.684,0.503,0.234,0.0,weekday,25.4,1.6,5.6,1.7,0,0.03,0.26705848787446507,0.0,0.284,0.0,0.086,0.179,0.125,0.446
2024-11-13,0.3486916426512969,0.532,0.077,0.0,weekday,24.3,4.9,5.3,2.3,0,0.155,0.051,0.0,0.136,0.032,0.053,0.157,0.093,0.43
2024-11-14,0.657,0.504,0.044,0.0,weekday,24.1,4.8,5.9,0.0,0,0.08,0.044,0.009,0.285,0.0,0.0,0.188,0.209,0.393
2024-11-15,0.3486916426512969,0.48,0.117,0.0,weekday,24.5,1.3,7.0,0.0,0,0.2730432276657061,0.07,0.025,0.09358501440922191,0.114,0.29562103746397694,0.264,0.138,0.442
2024-11-16,0.109,0.624,0.451,0.0,holiday,23.4,6.4,6.1,2.9,0,0.561,0.639,0.453,0.351,0.126,0.272,0.215,0.142,0.361
2024-11-17,0.053,0.681,0.587,0.0,holiday,25.3,6.476319543509273,5.5,2.1,0,0.59,0.609,0.366,0.42,0.018,0.232,0.189,0.137,0.32
2024-11-18,0.698,0.425,0.43,1.0,weekday,24.0,1.8,4.5,1.7,0,0.204,0.26705848787446507,0.044,0.287,0.036,0.05,0.15,0.109,0.456
2024-11-19,0.593,0.495,0.014,0.0,weekday,23.1,1.1,5.9,0.2,0,0.029,0.126,0.021,0.206,0.072,0.05,0.222,0.145,0.441
2024-11-20,0.664,0.38,0.22105043227665705,0.0,weekday,25.1,0.6,6.6,2.4,0,0.008,0.124,0.21226248216833093,0.194,0.0,0.0,0.187,0.16024639769452448,0.412
2024-11-21,0.75,0.397,0.128,0.0,weekday,23.8,0.8,3.8,3.0,0,0.035,0.006,0.003,0.03,0.066,0.0,0.134,0.088,0.489
2024-11-22,0.578,0.485,0.08,0.0,weekday,22.7,0.7,4.1,1.9,0,0.0,0.064,0.0,0.142,0.066,0.0,0.135,0.16024639769452448,0.449
2024-11-23,0.3486916426512969,0.646,0.41,0.0,holiday,23.8,3.8,4.0,0.0,0,0.615,0.586,0.38,0.236,0.098,0.264,0.118,0.159,0.427
2024-11-24,0.142,0.696,0.419,0.0,holiday,23.4,2.1,6.5,0.0,0,0.57,0.26705848787446507,0.393,0.299,0.126,0.227,0.159,0.142,0.396
2024-11-25,0.673,0.429,0.167,0.0,weekday,22.9,4.0,6.1,2.1,0,0.057,0.12,0.038,0.007,0.084,0.0,0.199,0.181,0.406
2024-11-26,0.694,0.531,0.07,0.08039492242595205,weekday,22.5,2.1,6.4,0.0,0,0.0,0.048,0.071,0.13,0.065,0.0,0.198,0.148,0.408
2024-11-27,0.598,0.411,0.217,0.0,weekday,20.9,3.9,6.7,2.5,0,0.026,0.188,0.0,0.135,0.134,0.0,0.198,0.117,0.366
2024-11-28,0.618,0.263,0.0,0.0,weekday,22.7,5.5,4.6,0.0,0,0.0,0.056,0.049,0.075,0.016,0.0,0.094,0.18,0.287
2024-11-29,0.641,0.393,0.287,1.0,weekday,23.3,4.9,3.7,0.0,0,0.302,0.277,0.0,0.144,0.0,0.01,0.109,0.104,0.399
2024-11-30,0.096,0.648,0.427,0.0,holiday,22.5,2.6,4.1,0.0,0,0.662,0.56,0.333,0.464,0.155,0.264,0.131,0.071,0.364
2024-12-01,0.032,0.638,0.589,0.0,holiday,22.2,9.4,4.4,10.3,0,0.563,0.607,0.355,0.258,0.209,0.279,0.19949567723342937,0.149,0.264
2024-12-02,0.049,0.484,0.267,0.0,holiday,22.3,7.3,4.9,10.3,0,0.315,0.404,0.179,0.231,0.108,0.152,0.137,0.123,0.321
2024-12-03,0.062,0.592,0.226,0.0,holiday,23.0,3.0,4.8,9.6,0,0.226,0.32,0.155,0.486,0.124,0.186,0.112,0.101,0.345
2024-12-04,0.06,0.443,0.282,0.0,holiday,20.1,0.9,6.9,11.6,0,0.354,0.37,0.114,0.256,0.253,0.169,0.219,0.158,0.336
2024-12-05,0.067,0.639,0.366,0.0,holiday,22.3,8.2,5.8,9.9,0,0.302,0.335,0.264,0.181,0.094,0.12,0.2,0.111,0.345
2024-12-06,0.097,0.565,0.113,0.08039492242595205,holiday,21.5,2.3,6.1,11.8,0,0.248,0.339,0.134,0.17,0.096,0.008,0.192,0.154,0.331
2024-12-07,0.09,0.634,0.5,0.0,holiday,21.7,1.6,3.7,11.7,0,0.56,0.515,0.34,0.322,0.184,0.29,0.149,0.074,0.339
2024-12-08,0.045,0.582,0.373,0.0,holiday,20.4,2.8,6.4,16.7,0,0.582,0.686,0.316,0.2,0.41886311239193086,0.429,0.208,0.197,0.334
2024-12-09,0.035,0.471,0.208,0.0,holiday,21.2,6.2,6.1,12.4,0,0.291,0.243,0.227,0.123,0.192,0.156,0.224,0.134,0.246
2024-12-10,0.084,0.616,0.183,0.0,holiday,20.7,0.8,4.9,11.4,0,0.259,0.207,0.21226248216833093,0.14,0.165,0.223,0.145,0.114,0.342
2024-12-11,0.3486916426512969,0.515,0.433,0.0,holiday,20.4,2.5,6.7,13.0,0,0.357,0.408,0.161,0.037,0.277,0.29562103746397694,0.212,0.168,0.338
2024-12-12,0.13,0.398,0.368,0.0,holiday,19.8,1.5,5.5,15.5,0,0.363,0.295,0.191,0.042,0.3,0.224,0.172,0.102,0.309
2024-12-13,0.093,0.659,0.336,0.0,holiday,18.8,6.476319543509273,4.0,15.9,0,0.273,0.357,0.12,0.184,0.327,0.248,0.16,0.109,0.352
2024-12-14,0.062,0.79,0.377,0.0,holiday,20.4,3.9,3.1,11.3,0,0.605,0.556,0.375,0.23,0.263,0.27,0.089,0.16024639769452448,0.364
2024-12-15,0.103,0.711,0.438,0.0,holiday,19.3,4.4,5.4,16.1,0,0.57,0.586,0.443,0.353,0.263,0.386,0.188,0.172,0.361
2024-12-16,0.06,0.668,0.361,0.0,holiday,20.0,6.476319543509273,5.3,16.1,0,0.256,0.378,0.124,0.207,0.261,0.227,0.151,0.103,0.387
2024-12-17,0.048,0.586,0.243,0.0,holiday,18.4,1.4,5.7,19.3,0,0.366,0.365,0.145,0.0,0.38,0.326,0.202,0.179,0.35
2024-12-18,0.146,0.597,0.11,0.0,holiday,18.5,1.8,4.0,16.1,0,0.276,0.377,0.101,0.184,0.263,0.264,0.14,0.114,0.35
2024-12-19,0.047,0.517,0.32,0.0,holiday,19.0,0.8,8.1,14.7,0,0.2730432276657061,0.26705848787446507,0.26,0.107,0.219,0.202,0.261,0.159,0.283
2024-12-20,0.111,0.645,0.393,0.0,holiday,18.6,1.5,6.1,17.4,0,0.315,0.261,0.145,0.133,0.389,0.277,0.156,0.152,0.401
2024-12-21,0.08,0.679,0.563,0.0,holiday,18.0,5.5,5.6,16.7,0,0.6,0.58,0.21226248216833093,0.142,0.321,0.441,0.155,0.144,0.371
2024-12-22,0.056,0.688,0.684,1.0,holiday,17.6,3.2,6.8,20.0,0,0.853,0.655,0.44,0.048,0.325,0.357,0.19949567723342937,0.168,0.379
2024-12-23,0.038,0.559,0.333,0.0,holiday,18.3,3.5,4.7,16.7,0,0.3,0.275,0.219,0.175,0.319,0.278,0.192,0.142,0.311
2024-12-24,0.156,0.508,0.157,0.08039492242595205,holiday,17.8,2.7,1.9,17.2,0,0.233,0.276,0.228,0.108,0.311,0.235,0.058,0.0,0.336
2024-12-25,0.0,0.506,0.218,0.0,holiday,17.4,1.8,4.6,19.3,0,0.234,0.373,0.171,0.158,0.432,0.207,0.146,0.163,0.267
2024-12-26,0.088,0.613,0.313,0.0,holiday,18.3,1.6,5.6,15.3,0,0.263,0.417,0.235,0.0,0.365,0.353,0.175,0.13,0.369
2024-12-27,0.016,0.609,0.393,0.0,holiday,17.2,5.3,6.4,17.4,0,0.289,0.324,0.207,0.09358501440922191,0.384,0.218,0.254,0.165,0.288
2024-12-28,0.041,0.554,0.407,0.0,holiday,15.7,9.2,4.8,22.6,0,0.597,0.523,0.358,0.196,0.425,0.404,0.106,0.162,0.305
2024-12-29,0.2,0.83,0.414,0.0,holiday,16.8,2.7,6.0,15.8,0,0.658,0.658,0.286,0.249,0.416,0.378,0.264,0.182,0.425
2024-12-30,0.02,0.757,0.292,0.0,holiday,17.5,7.2,6.2,19.1,0,0.2730432276657061,0.276,0.218,0.042,0.305,0.304,0.209,0.137,0.291
2024-12-31,0.068,0.608,0.322,0.0,holiday,16.8,2.0,6.5,20.7,0,0.35,0.334,0.169,0.0,0.41886311239193086,0.27,0.145,0.127,0.351
2025-01-01,0.092,0.55,0.183,0.0,holiday,15.6,4.3,5.8,19.9,0,0.287,0.267,0.115,0.0,0.428,0.332,0.146,0.13,0.357
2025-01-02,0.06,0.47,0.109,0.0,holiday,15.6,1.4,5.4,22.2,0,0.277,0.225,0.218,0.0,0.474,0.335,0.138,0.107,0.334
2025-01-03,0.094,0.607,0.071,0.0,holiday,14.8,6.1,3.5,24.0,0,0.2730432276657061,0.186,0.21,0.153,0.479,0.351,0.127,0.161,0.294
2025-01-04,0.055,0.531,0.731,1.0,holiday,15.1,6.4,4.5,24.0,0,0.832,0.73,0.416,0.031,0.495,0.505,0.182,0.142,0.335
2025-01-05,0.019,0.739,0.48,0.0,holiday,16.2,1.0,4.6,20.7,0,0.578,0.544,0.42,0.07,0.39,0.49,0.13,0.085,0.336
2025-01-06,0.013,0.385,0.228,0.0,holiday,14.7,3.0,6.2,23.8,0,0.209,0.244,0.257,0.009,0.412,0.316,0.201,0.112,0.218
2025-01-07,0.058,0.639,0.243,0.0,holiday,14.1,3.3,5.0,23.1,0,0.355,0.356,0.173,0.0,0.553,0.396,0.121,0.187,0.278
2025-01-08,0.049,0.561,0.275,0.0,holiday,16.0,1.2,5.5,21.4,0,0.304,0.272,0.263,0.0,0.41886311239193086,0.374,0.166,0.114,0.319
2025-01-09,0.088,0.607,0.253,0.0,holiday,15.4,4.5,5.3,21.1,0,0.423,0.344,0.18,0.0,0.479,0.317,0.162,0.136,0.293
2025-01-10,0.091,0.629,0.22105043227665705,0.0,holiday,12.7,5.8,5.9,27.2,0,0.37,0.26,0.203,0.0,0.573,0.423,0.176,0.205,0.38
2025-01-11,0.088,0.659,0.522,0.0,holiday,13.0,1.1,6.0,24.0,0,0.65,0.643,0.442,0.069,0.41886311239193086,0.564,0.211,0.152,0.406
2025-01-12,0.051,0.677,0.429,0.0,holiday,12.7,3.8,4.3,27.1,0,0.596,0.622,0.471,0.144,0.604,0.562,0.158,0.087,0.312
2025-01-13,0.126,0.643,0.277,0.0,holiday,13.4,2.6,4.2,26.3,0,0.285,0.37,0.343,0.029,0.472,0.361,0.151,0.078,0.355
2025-01-14,0.096,0.496,0.507,1.0,holiday,14.1,6.8,2.2,25.3,0,0.663,0.486,0.202,0.052,0.529,0.434,0.19949567723342937,0.077,0.362
2025-01-15,0.034,0.651,0.4,1.0,holiday,11.6,5.1,4.6,30.5,0,0.531,0.508,0.285,0.0,0.576,0.424,0.178,0.062,0.382
2025-01-16,0.0,0.338,0.214,0.0,holiday,14.1,3.5,5.4,25.8,0,0.191,0.253,0.2,0.0,0.509,0.338,0.146,0.16024639769452448,0.23
2025-01-17,0.042,0.451,0.322,0.0,holiday,13.1,2.0,4.2,25.5,0,0.34,0.298,0.277,0.137,0.41886311239193086,0.417,0.189,0.08,0.282
2025-01-18,0.0,0.675,0.435,0.0,holiday,12.3,5.5,4.4,25.9,0,0.602,0.421,0.374,0.051,0.583,0.517,0.185,0.149,0.294
2025-01-19,0.071,0.592,0.22105043227665705,0.0,holiday,11.4,6.476319543509273,6.0,29.8,0,0.58,0.578,0.423,0.056,0.56,0.489,0.17,0.144,0.348
2025-01-20,0.13,0.55,0.299,1.0,holiday,11.5,3.2,5.5,30.8,0,0.469,0.436,0.182,0.108,0.41886311239193086,0.535,0.157,0.172,0.419
2025-01-21,0.055,0.497,0.21,0.0,holiday,10.3,3.3,4.6,29.2,0,0.314,0.266,0.253,0.0,0.652,0.412,0.129,0.127,0.296
2025-01-22,0.003,0.532,0.22105043227665705,0.0,holiday,11.9,4.1,5.6,30.0,0,0.292,0.272,0.297,0.0,0.681,0.505,0.208,0.116,0.301
2025-01-23,0.003,0.408,0.22105043227665705,0.0,holiday,10.7,2.2,5.5,32.9,0,0.289,0.255,0.247,0.075,0.72,0.465,0.174,0.097,0.272
2025-01-24,0.034,0.612,0.128,0.0,holiday,10.8,4.8,5.3,32.3,0,0.172,0.383,0.225,0.0,0.636,0.366,0.189,0.073,0.31
2025-01-25,0.152,0.616,0.554,0.0,holiday,9.8,3.1,3.3,30.8,0,0.622,0.503,0.484,0.15,0.751,0.512,0.19949567723342937,0.093,0.404
2025-01-26,0.091,0.723,0.597,0.08039492242595205,holiday,8.0,3.5,4.7,35.0,0,0.576,0.512,0.508,0.07,0.766,0.588,0.146,0.121,0.331
2025-01-27,0.075,0.573,0.315,0.0,holiday,11.1,5.2,3.8,30.3,0,0.304,0.228,0.217,0.018,0.653,0.448,0.19949567723342937,0.084,0.329
2025-01-28,0.3486916426512969,0.668,0.165,0.0,holiday,9.3,2.0,5.0,35.0,0,0.3,0.26705848787446507,0.272,0.0,0.833,0.546,0.146,0.12,0.356
2025-01-29,0.076,0.583,0.148,0.0,holiday,9.5,3.3,6.5,30.1,0,0.279,0.241,0.229,0.0,0.723,0.564,0.223,0.115,0.292
2025-01-30,0.095,0.625,0.167,0.08039492242595205,holiday,9.1,2.6,4.4,35.0,0,0.23,0.221,0.213,0.087,0.839,0.528,0.088,0.086,0.328
2025-01-31,0.046,0.634,0.199,0.0,holiday,8.4,0.3,7.5,34.8,0,0.255,0.236,0.226,0.018,0.744,0.499,0.203,0.136,0.324
2025-02-01,0.09,0.608,0.273,0.0,holiday,8.3,2.7,6.7,34.1,0,0.602,0.498,0.474,0.098,0.756,0.633,0.237,0.19,0.377
2025-02-02,0.1,0.623,0.485,0.0,holiday,8.0,5.3,5.9,33.7,0,0.564,0.592,0.393,0.144,0.785,0.632,0.265,0.16024639769452448,0.31
2025-02-03,0.659,0.35,0.0,0.0,weekday,7.2,1.1,5.7,35.0,0,0.001,0.0,0.091,0.0,0.935,0.511,0.19949567723342937,0.111,0.376
2025-02-04,0.634,0.536,0.001,0.0,weekday,8.0,6.3,7.1,31.9,0,0.1,0.0,0.013,0.021,0.733,0.365,0.198,0.211,0.379
2025-02-05,0.595,0.436,0.0,0.0,weekday,6.7,0.2,3.8,31.9,0,0.0,0.056,0.099,0.0,0.761,0.414,0.108,0.039,0.393
2025-02-06,0.671,0.415,0.0,0.0,weekday,7.1,5.2,6.3,34.7,0,0.084,0.0,0.108,0.0,0.805,0.453,0.201,0.129,0.36
2025-02-07,0.629,0.336,0.002,0.0,weekday,6.9,5.0,4.8,35.0,0,0.023,0.019,0.075,0.0,0.791,0.351,0.213,0.152,0.295
2025-02-08,0.133,0.607,0.403,0.0,holiday,7.8,4.8,5.4,34.1,0,0.513,0.484,0.419,0.09358501440922191,0.862,0.609,0.194,0.184,0.36
2025-02-09,0.144,0.629,0.444,0.0,holiday,7.6,3.6,5.8,31.3,0,0.667,0.577,0.445,0.0,0.817,0.574,0.188,0.176,0.407
2025-02-10,0.617,0.462,0.0,0.0,weekday,6.8,2.9,4.1,31.5,0,0.094,0.051,0.098,0.0,0.75,0.378,0.129,0.134,0.369
2025-02-11,0.622,0.448,0.0,0.0,weekday,5.7,2.1,6.8,35.0,0,0.005,0.0,0.084,0.0,0.845,0.437,0.235,0.122,0.388
2025-02-12,0.762,0.415,0.22105043227665705,0.0,weekday,5.9,2.9,4.0,33.6,0,0.062,0.057,0.127,0.015,0.774,0.387,0.152,0.12,0.428
2025-02-13,0.684,0.433,0.0,0.0,weekday,6.0,3.9,6.2,34.3,0,0.02,0.0,0.143,0.0,0.824,0.466,0.235,0.174,0.431
2025-02-14,0.627,0.382,0.0,0.0,weekday,5.7,4.5,6.5,35.0,0,0.027,0.0,0.034,0.0,0.746,0.387,0.239,0.143,0.4
2025-02-15,0.089,0.729,0.3,0.0,holiday,5.5,0.8,6.8,34.5,0,0.578,0.49,0.52,0.174,0.891,0.767,0.204,0.193,0.38
2025-02-16,0.07,0.772,0.486,0.0,holiday,6.5,4.2,3.6,32.9,0,0.615,0.489,0.488,0.103,0.787,0.633,0.139,0.109,0.392
2025-02-17,0.567,0.456,0.136,0.0,weekday,5.0,5.6,4.0,35.0,0,0.0,0.0,0.058,0.0,0.849,0.561,0.162,0.077,0.375
2025-02-18,0.671,0.36,0.012,0.0,weekday,3.9,6.476319543509273,4.1,32.2,0,0.083,0.019,0.046,0.0,0.41886311239193086,0.468,0.147,0.111,0.36
2025-02-19,0.669,0.489,0.0,0.0,weekday,4.5,2.3,6.3,33.3,0,0.0,0.024,0.21226248216833093,0.0,0.41886311239193086,0.477,0.232,0.141,0.412
2025-02-20,0.736,0.457,0.052,0.0,weekday,5.2,2.9,7.0,33.8,0,0.01,0.0,0.136,0.0,0.785,0.411,0.214,0.253,0.463
2025-02-21,0.644,0.549,0.087,0.0,weekday,4.4,3.8,6.2,35.0,0,0.071,0.0,0.077,0.0,0.845,0.29562103746397694,0.204,0.167,0.43
2025-02-22,0.091,0.586,0.436,0.0,holiday,4.9,2.8,6.5,35.0,0,0.652,0.561,0.487,0.067,0.829,0.29562103746397694,0.251,0.192,0.364
2025-02-23,0.139,0.735,0.22105043227665705,0.0,holiday,3.8,0.5,6.2,35.0,0,0.556,0.507,0.42,0.195,0.938,0.668,0.172,0.14,0.399
2025-02-24,0.617,0.486,0.209,0.0,weekday,4.8,3.5,5.2,33.6,0,0.016,0.26705848787446507,0.083,0.0,0.907,0.471,0.185,0.109,0.392
2025-02-25,0.634,0.482,0.074,0.0,weekday,3.5,1.2,5.7,32.0,0,0.006,0.26705848787446507,0.101,0.0,0.888,0.477,0.235,0.143,0.373
2025-02-26,0.55,0.446,0.16,0.0,weekday,4.2,2.9,3.4,35.0,0,0.2730432276657061,0.021,0.095,0.0,0.946,0.485,0.096,0.113,0.344
2025-02-27,0.615,0.46,0.0,0.0,weekday,3.8,6.476319543509273,3.5,33.8,0,0.0,0.0,0.097,0.0,0.897,0.511,0.165,0.16024639769452448,0.393
2025-02-28,0.683,0.353,0.0,0.0,weekday,4.2,1.4,5.6,35.0,0,0.0,0.031,0.176,0.0,0.857,0.421,0.225,0.152,0.391
2025-03-01,0.14,0.695,0.28,0.0,holiday,2.2,6.7,5.3,31.8,0,0.488,0.473,0.411,0.096,0.812,0.607,0.175,0.164,0.345
2025-03-02,0.12,0.737,0.439,0.0,holiday,3.3,1.9,4.2,34.6,0,0.633,0.437,0.527,0.036,0.948,0.743,0.157,0.062,0.375
2025-03-03,0.627,0.395,0.005,0.0,weekday,1.4,5.7,4.6,35.0,0,0.0,0.26705848787446507,0.21226248216833093,0.0,0.966,0.529,0.146,0.138,0.36
2025-03-04,0.708,0.539,0.0,0.0,weekday,1.5,1.6,5.9,35.0,0,0.063,0.0,0.187,0.0,0.891,0.461,0.226,0.147,0.447
2025-03-05,0.702,0.488,0.234,1.0,weekday,2.0,3.8,6.4,35.0,0,0.346,0.242,0.202,0.0,0.965,0.573,0.228,0.157,0.462
2025-03-06,0.711,0.459,0.0,0.0,weekday,3.3,2.1,5.3,33.1,0,0.119,0.0,0.111,0.0,0.814,0.493,0.146,0.132,0.445
2025-03-07,0.79,0.573,0.161,0.0,weekday,1.6,2.2,5.8,35.0,0,0.052,0.0,0.184,0.0,0.953,0.485,0.191,0.101,0.46
2025-03-08,0.17,0.659,0.316,0.0,holiday,2.9,4.8,5.6,35.0,0,0.647,0.501,0.445,0.068,0.864,0.669,0.167,0.127,0.4
2025-03-09,0.066,0.608,0.415,0.0,holiday,2.1,4.1,3.7,35.0,0,0.661,0.53,0.5,0.11,0.975,0.785,0.069,0.074,0.305
2025-03-10,0.646,0.469,0.06,0.0,weekday,1.2,1.3,4.7,33.3,0,0.0,0.0,0.161,0.0,0.923,0.402,0.146,0.103,0.378
2025-03-11,0.537,0.368,0.154,0.0,weekday,1.3,2.1,7.1,35.0,0,0.005,0.0,0.17,0.0,0.909,0.427,0.234,0.145,0.294
2025-03-12,0.653,0.437,0.006,0.0,weekday,1.6,3.3,6.7,35.0,0,0.0,0.0,0.179,0.0,0.923,0.48,0.231,0.148,0.396
2025-03-13,0.588,0.409,0.014,0.0,weekday,-0.5,7.5,4.9,33.0,0,0.058,0.026,0.21226248216833093,0.0,1.0,0.483,0.19949567723342937,0.151,0.358
2025-03-14,0.675,0.428,0.082,0.0,weekday,1.7,6.4,3.6,32.1,0,0.019,0.0,0.174,0.0,0.92,0.455,0.125,0.135,0.394
2025-03-15,0.082,0.739,0.468,0.0,holiday,2.6,6.2,5.2,33.4,0,0.526,0.526,0.462,0.054,0.923,0.631,0.149,0.133,0.384
2025-03-16,0.031,0.647,0.444,0.0,holiday,-0.2,6.4,2.6,33.3,0,0.631,0.496,0.451,0.145,0.98,0.749,0.129,0.078,0.336
2025-03-17,0.606,0.346,0.0,0.0,weekday,1.0,3.0,6.4,35.0,0,0.092,0.027,0.105,0.0,0.986,0.506,0.181,0.138,0.364
2025-03-18,0.589,0.49,0.22105043227665705,0.0,weekday,0.9,1.9,5.0,33.7,0,0.006,0.036,0.09,0.0,1.0,0.464,0.19949567723342937,0.143,0.397
2025-03-19,0.71,0.461,0.0,0.0,weekday,-1.1,5.2,3.3,35.0,0,0.026,0.26705848787446507,0.151,0.0,1.0,0.487,0.111,0.105,0.415
2025-03-20,0.757,0.233,0.0,0.0,weekday,0.1,2.4,5.4,33.6,0,0.0,0.047,0.175,0.0,1.0,0.29562103746397694,0.167,0.154,0.379
2025-03-21,0.679,0.478,0.0,0.0,weekday,-0.5,2.3,4.1,34.9,0,0.0,0.0,0.191,0.0,0.889,0.361,0.158,0.089,0.382
2025-03-22,0.095,0.651,0.425,0.0,holiday,-0.6,6.4,4.5,33.7,0,0.602,0.482,0.57,0.039,0.41886311239193086,0.733,0.135,0.092,0.343
2025-03-23,0.201,0.533,0.471,1.0,holiday,-0.6,7.9,6.8,33.8,0,0.933,0.722,0.416,0.055,0.951,0.661,0.216,0.186,0.394
2025-03-24,0.612,0.471,0.016,0.0,weekday,0.2,3.5,4.3,34.7,0,0.0,0.0,0.096,0.0,0.939,0.506,0.144,0.16024639769452448,0.414
2025-03-25,0.682,0.428,0.0,0.0,weekday,1.9,1.8,7.0,34.3,0,0.0,0.046,0.148,0.0,0.966,0.539,0.167,0.133,0.439
2025-03-26,0.736,0.437,0.0,0.0,weekday,0.7,2.3,3.8,33.9,0,0.068,0.0,0.079,0.0,0.88,0.441,0.146,0.089,0.474
2025-03-27,0.636,0.351,0.048,0.0,weekday,-0.4,4.0,7.0,35.0,0,0.047,0.018,0.22,0.0,0.908,0.507,0.263,0.12,0.376
2025-03-28,0.679,0.627,0.0,0.0,weekday,-1.5,2.4,4.5,32.1,0,0.009,0.047,0.122,0.0,0.95,0.545,0.181,0.14,0.468
2025-03-29,0.012,0.626,0.471,0.0,holiday,0.1,1.2,7.6,35.0,0,0.579,0.406,0.544,0.024,1.0,0.71,0.182,0.187,0.309
2025-03-30,0.078,0.692,0.18,0.0,holiday,-0.5,2.0,5.2,35.0,0,0.618,0.479,0.542,0.1,1.0,0.831,0.178,0.099,0.32
2025-03-31,0.609,0.394,0.0,0.0,holiday,-2.5,6.5,7.0,35.0,0,0.0,0.112,0.126,0.0,1.0,0.559,0.25,0.157,0.299
2025-04-01,0.637,0.405,0.067,0.0,weekday,-0.8,6.476319543509273,4.3,1.0,0,0.0,0.0,0.235,0.0,0.712,0.396,0.198,0.084,0.371
2025-04-02,0.629,0.515,0.087,0.0,weekday,-0.6,3.3,3.8,1.9,0,0.2730432276657061,0.0,0.21226248216833093,0.019,0.656,0.383,0.113,0.133,0.405
2025-04-03,0.729,0.5268616262482169,0.028,0.0,weekday,-1.8,4.4,6.3,0.0,0,0.0,0.0,0.196,0.09358501440922191,0.707,0.322,0.23,0.144,0.413
2025-04-04,0.3486916426512969,0.449,0.0,0.0,weekday,-1.9,4.5,6.5,0.0,0,0.007,0.26705848787446507,0.1,0.0,0.652,0.314,0.208,0.163,0.403
2025-04-05,0.124,0.843,0.538,1.0,holiday,-0.8,6.476319543509273,5.9,0.0,0,0.835,0.765,0.583,0.023,0.554,0.412,0.21,0.203,0.431
2025-04-06,0.17,0.789,0.318,0.0,holiday,-1.5,1.6,5.8,0.0,0,0.645,0.493,0.21226248216833093,0.134,0.604,0.448,0.175,0.125,0.428
2025-04-07,0.629,0.393,0.0,0.0,weekday,-1.4,4.1,6.7,1.4,0,0.0,0.027,0.144,0.0,0.727,0.355,0.261,0.154,0.384
2025-04-08,0.698,0.52,0.114,0.0,weekday,-1.2,5.2,4.6,0.0,0,0.0,0.054,0.119,0.0,0.629,0.28,0.162,0.168,0.431
2025-04-09,0.709,0.423,0.0,0.0,weekday,-0.9,3.9,5.9,0.0,0,0.0,0.0,0.24,0.0,0.521,0.226,0.151,0.167,0.376
2025-04-10,0.743,0.514,0.13,0.0,weekday,-1.8,0.8,6.2,0.0,0,0.2730432276657061,0.023,0.238,0.0,0.596,0.322,0.177,0.081,0.482
2025-04-11,0.621,0.432,0.084,0.0,weekday,-2.0,2.5,2.2,0.0,0,0.0,0.0,0.175,0.0,0.609,0.303,0.061,0.05,0.405
2025-04-12,0.09,0.641,0.462,0.0,holiday,-2.8,0.5,4.6,0.0,0,0.601,0.475,0.55,0.165,0.628,0.509,0.109,0.087,0.366
2025-04-13,0.046,0.81,0.415,0.0,holiday,-2.9,4.0,6.0,3.5,0,0.512,0.541,0.519,0.132,0.624,0.563,0.213,0.18,0.389
2025-04-14,0.769,0.324,0.0,0.0,weekday,-3.2,2.8,4.6,2.5,0,0.064,0.0,0.11,0.0,0.706,0.343,0.174,0.05,0.458
2025-04-15,0.693,0.396,0.0,0.0,weekday,-1.5,4.5,6.1,2.0,0,0.0,0.0,0.21,0.019,0.662,0.331,0.195,0.142,0.438
2025-04-16,0.587,0.381,0.0,0.0,weekday,-1.6,5.7,3.6,0.4,0,0.039,0.0,0.146,0.0,0.576,0.267,0.128,0.107,0.363
2025-04-17,0.727,0.469,0.029,0.0,weekday,-0.7,4.7,7.7,2.1,0,0.0,0.0,0.156,0.0,0.66,0.39,0.19949567723342937,0.192,0.437
2025-04-18,0.652,0.377,0.05,0.0,weekday,-2.2,1.4,4.9,1.2,0,0.053,0.0,0.179,0.0,0.694,0.29562103746397694,0.156,0.091,0.388
2025-04-19,0.097,0.738,0.476,0.0,holiday,-2.8,2.1,4.6,2.9,0,0.577,0.521,0.435,0.0,0.69,0.647,0.102,0.113,0.341
2025-04-20,0.092,0.648,0.304,0.0,holiday,-2.6,5.7,5.4,0.0,0,0.581,0.488,0.596,0.019,0.667,0.624,0.221,0.16024639769452448,0.282
2025-04-21,0.603,0.427,0.0,0.0,weekday,-1.9,5.9,5.8,0.6,0,0.0,0.26705848787446507,0.243,0.09358501440922191,0.655,0.415,0.169,0.135,0.367
2025-04-22,0.645,0.409,0.22105043227665705,0.0,weekday,-2.5,2.5,6.0,1.1,0,0.06,0.0,0.138,0.0,0.725,0.398,0.205,0.16024639769452448,0.398
2025-04-23,0.602,0.47,0.0,0.0,weekday,-2.2,2.8,8.5,1.1,0,0.0,0.0,0.096,0.0,0.672,0.364,0.224,0.141,0.362
2025-04-24,0.734,0.439,0.0,0.08039492242595205,weekday,-1.4,5.8,4.5,0.0,0,0.2730432276657061,0.052,0.21226248216833093,0.0,0.41886311239193086,0.352,0.192,0.134,0.41
2025-04-25,0.631,0.483,0.058,0.0,weekday,-3.5,4.7,4.4,0.0,0,0.2730432276657061,0.045,0.087,0.0,0.642,0.276,0.105,0.126,0.427
2025-04-26,0.161,0.732,0.394,0.0,holiday,-2.3,2.6,6.8,0.0,0,0.583,0.522,0.491,0.1,0.631,0.482,0.216,0.222,0.432
2025-04-27,0.071,0.629,0.22105043227665705,0.0,holiday,-2.0,6.4,4.0,0.0,0,0.609,0.44,0.532,0.14,0.574,0.425,0.171,0.151,0.327
2025-04-28,0.708,0.536,0.091,0.0,weekday,-0.9,1.5,2.9,0.0,0,0.0,0.071,0.194,0.022,0.646,0.34,0.085,0.102,0.496
2025-04-29,0.3486916426512969,0.346,0.0,0.0,weekday,-1.3,7.5,6.2,3.7,0,0.044,0.0,0.119,0.0,0.58,0.294,0.213,0.147,0.338
2025-04-30,0.717,0.413,0.0,0.0,weekday,-1.2,3.1,5.0,0.0,0,0.058,0.0,0.113,0.0,0.679,0.49,0.188,0.162,0.427
2025-05-01,0.044,0.682,0.227,0.0,holiday,-1.7,2.3,5.6,4.7,0,0.34,0.226,0.28,0.085,0.729,0.591,0.185,0.105,0.338
2025-05-02,0.088,0.692,0.237,0.0,holiday,-2.2,0.1,5.8,4.3,0,0.327,0.297,0.369,0.076,0.742,0.561,0.143,0.159,0.394
2025-05-03,0.086,0.647,0.415,0.0,holiday,-0.9,4.9,8.6,0.0,0,0.576,0.563,0.447,0.02,0.41886311239193086,0.578,0.286,0.231,0.372
2025-05-04,0.128,0.606,0.253,0.0,holiday,-2.1,7.9,6.1,0.7,0,0.508,0.482,0.473,0.181,0.669,0.468,0.217,0.17,0.332
2025-05-05,0.072,0.556,0.181,0.0,holiday,-1.2,6.8,3.4,2.1,0,0.292,0.158,0.425,0.09358501440922191,0.6,0.413,0.158,0.119,0.339
2025-05-06,0.074,0.476,0.194,0.0,holiday,-0.6,1.6,3.7,0.7,0,0.3,0.149,0.256,0.083,0.65,0.335,0.179,0.18,0.272
2025-05-07,0.3486916426512969,0.583,0.162,0.0,holiday,-1.3,3.7,4.1,0.0,0,0.329,0.304,0.314,0.02,0.68,0.474,0.144,0.132,0.394
2025-05-08,0.09,0.539,0.08,0.0,holiday,-1.4,2.7,6.2,0.0,0,0.323,0.223,0.293,0.0,0.733,0.518,0.197,0.128,0.316
2025-05-09,0.177,0.678,0.091,0.0,holiday,-1.3,6.6,5.0,0.0,0,0.268,0.304,0.327,0.0,0.51,0.291,0.181,0.103,0.395
2025-05-10,0.09,0.533,0.414,0.0,holiday,-1.4,3.6,5.3,0.0,0,0.668,0.477,0.517,0.092,0.628,0.568,0.181,0.147,0.3
2025-05-11,0.077,0.5268616262482169,0.5,0.0,holiday,-1.3,1.8,7.4,0.8,0,0.638,0.487,0.576,0.161,0.659,0.592,0.19949567723342937,0.222,0.373
2025-05-12,0.007,0.625,0.212,0.0,holiday,0.0,0.1,6.1,0.6,0,0.246,0.173,0.369,0.0,0.596,0.422,0.147,0.149,0.34
2025-05-13,0.031,0.578,0.116,0.0,holiday,-0.2,2.0,5.1,0.4,0,0.256,0.281,0.344,0.024,0.669,0.486,0.159,0.124,0.304
2025-05-14,0.001,0.617,0.183,0.0,holiday,-2.3,3.7,5.1,0.0,0,0.193,0.247,0.318,0.0,0.584,0.405,0.193,0.183,0.298
2025-05-15,0.053,0.59,0.148,0.0,holiday,-1.2,1.5,3.3,1.5,0,0.259,0.306,0.311,0.09358501440922191,0.652,0.422,0.118,0.09,0.293
2025-05-16,0.096,0.535,0.16,0.0,holiday,-1.2,2.3,6.3,0.9,0,0.345,0.195,0.315,0.0,0.693,0.49,0.202,0.133,0.346
2025-05-17,0.15,0.678,0.367,0.0,holiday,-0.3,6.1,4.3,0.0,0,0.648,0.416,0.489,0.26,0.658,0.489,0.13,0.14,0.385
2025-05-18,0.159,0.632,0.32,0.0,holiday,-0.3,3.2,4.6,0.0,0,0.655,0.596,0.478,0.041,0.663,0.549,0.19,0.06,0.396
2025-05-19,0.104,0.593,0.34,0.0,holiday,0.5,6.476319543509273,4.6,0.0,0,0.278,0.259,0.252,0.144,0.563,0.429,0.14,0.084,0.279
2025-05-20,0.079,0.54,0.22105043227665705,0.08039492242595205,holiday,-1.1,3.2,4.6,0.0,0,0.608,0.389,0.318,0.012,0.599,0.399,0.199,0.1,0.307
2025-05-21,0.0,0.431,0.216,0.0,holiday,1.9,2.8,7.5,1.6,0,0.338,0.35,0.308,0.003,0.599,0.395,0.23,0.159,0.283
2025-05-22,0.1,0.717,0.165,0.0,holiday,0.6,6.3,6.1,0.0,0,0.266,0.256,0.278,0.0,0.628,0.385,0.214,0.16024639769452448,0.36
2025-05-23,0.085,0.576,0.224,0.0,holiday,1.4,0.1,6.5,1.2,0,0.297,0.274,0.286,0.0,0.665,0.434,0.144,0.196,0.33
2025-05-24,0.09,0.701,0.286,0.0,holiday,-1.2,6.1,6.6,0.9,0,0.492,0.464,0.464,0.007,0.62,0.613,0.262,0.146,0.306
2025-05-25,0.103,0.663,0.365,0.0,holiday,0.6,6.476319543509273,6.1,0.0,0,0.2730432276657061,0.532,0.523,0.086,0.41886311239193086,0.512,0.161,0.125,0.364
2025-05-26,0.0,0.516,0.25,0.0,holiday,1.0,5.4,6.6,0.1,0,0.276,0.263,0.316,0.0,0.642,0.475,0.237,0.154,0.264
2025-05-27,0.027,0.544,0.496,1.0,holiday,1.5,4.7,5.9,0.5,0,0.528,0.469,0.21226248216833093,0.018,0.536,0.321,0.19949567723342937,0.156,0.316
2025-05-28,0.3486916426512969,0.579,0.014,0.08039492242595205,holiday,1.4,2.1,4.2,2.9,0,0.238,0.18,0.312,0.0,0.677,0.44,0.184,0.165,0.338
2025-05-29,0.051,0.426,0.157,0.0,holiday,1.5,0.9,5.8,1.4,0,0.272,0.279,0.314,0.09358501440922191,0.631,0.29562103746397694,0.197,0.165,0.284
2025-05-30,0.102,0.636,0.201,0.0,holiday,1.6,1.6,6.6,0.1,0,0.31,0.318,0.326,0.09358501440922191,0.628,0.29562103746397694,0.17,0.18,0.34
2025-05-31,0.204,0.687,0.318,0.0,holiday,1.0,1.4,6.2,0.7,0,0.2730432276657061,0.534,0.509,0.096,0.638,0.592,0.194,0.111,0.42
2025-06-01,0.115,0.728,0.436,0.0,holiday,1.6,3.2,4.7,1.5,0,0.553,0.447,0.473,0.126,0.548,0.505,0.146,0.082,0.327
2025-06-02,0.705,0.356,0.271,1.0,weekday,1.3,2.1,3.7,0.0,0,0.42,0.096,0.113,0.034,0.673,0.438,0.142,0.146,0.468
2025-06-03,0.607,0.32,0.0,0.0,weekday,2.1,4.7,4.2,0.0,0,0.073,0.0,0.075,0.0,0.562,0.241,0.192,0.091,0.363
2025-06-04,0.655,0.333,0.094,0.0,weekday,1.0,1.2,8.2,1.2,0,0.17,0.049,0.14,0.0,0.737,0.392,0.291,0.177,0.295
2025-06-05,0.658,0.482,0.091,0.0,weekday,2.0,6.476319543509273,2.1,0.7,0,0.037,0.0,0.138,0.0,0.577,0.291,0.0,0.08,0.374
2025-06-06,0.631,0.5268616262482169,0.007,0.0,weekday,2.5,2.9,5.7,1.3,0,0.074,0.022,0.088,0.0,0.662,0.45,0.194,0.142,0.409
2025-06-07,0.058,0.691,0.413,0.0,holiday,2.6,4.9,6.0,0.0,0,0.57,0.49,0.433,0.161,0.41886311239193086,0.546,0.205,0.182,0.346
2025-06-08,0.058,0.79,0.531,1.0,holiday,2.4,2.2,4.8,0.0,0,0.2730432276657061,0.715,0.482,0.148,0.589,0.507,0.134,0.126,0.4
2025-06-09,0.636,0.249,0.22105043227665705,0.0,weekday,2.0,1.8,5.1,0.0,0,0.093,0.0,0.126,0.0,0.614,0.38,0.125,0.121,0.384
2025-06-10,0.584,0.338,0.03,0.0,weekday,4.8,8.3,6.2,0.0,0,0.0,0.0,0.13,0.0,0.502,0.273,0.223,0.16024639769452448,0.342
2025-06-11,0.646,0.339,0.0,0.0,weekday,3.2,5.1,4.0,0.3,0,0.057,0.0,0.08,0.0,0.64,0.28,0.136,0.16024639769452448,0.355
2025-06-12,0.67,0.381,0.0,0.0,weekday,2.7,7.0,3.1,1.5,0,0.034,0.105,0.143,0.0,0.527,0.252,0.119,0.094,0.365
2025-06-13,0.3486916426512969,0.383,0.0,0.0,weekday,5.0,1.4,4.4,1.0,0,0.0,0.0,0.16,0.09358501440922191,0.544,0.337,0.204,0.12,0.37
2025-06-14,0.065,0.689,0.355,0.0,holiday,3.9,6.0,4.3,0.0,0,0.615,0.543,0.487,0.106,0.57,0.609,0.104,0.101,0.366
2025-06-15,0.068,0.664,0.397,0.0,holiday,4.3,6.3,5.7,1.1,0,0.744,0.488,0.481,0.171,0.545,0.29562103746397694,0.208,0.147,0.317
2025-06-16,0.737,0.329,0.044,0.0,weekday,4.3,0.8,3.7,1.7,0,0.2730432276657061,0.049,0.076,0.0,0.539,0.268,0.13,0.087,0.424
2025-06-17,0.561,0.5268616262482169,0.073,1.0,weekday,4.6,5.1,6.7,0.0,0,0.2730432276657061,0.215,0.21226248216833093,0.09358501440922191,0.526,0.182,0.27,0.109,0.365
2025-06-18,0.647,0.387,0.0,0.0,weekday,3.7,3.8,3.5,0.0,0,0.0,0.095,0.13,0.0,0.52,0.29562103746397694,0.113,0.077,0.384
2025-06-19,0.626,0.476,0.018,0.0,weekday,5.6,5.6,4.1,0.1,0,0.0,0.036,0.097,0.0,0.526,0.29562103746397694,0.18,0.13,0.421
2025-06-20,0.597,0.355,0.0,0.0,weekday,4.4,23.3,5.9,0.8,0,0.038,0.0,0.122,0.0,0.458,0.14,0.27,0.286,0.294
2025-06-21,0.05,0.774,0.377,0.0,holiday,5.4,20.9,5.9,0.0,0,0.504,0.542,0.495,0.0,0.579,0.498,0.191,0.291,0.315
2025-06-22,0.104,0.803,0.403,0.0,holiday,3.9,20.3,7.5,0.0,0,0.596,0.469,0.49,0.025,0.541,0.405,0.299,0.328,0.334
2025-06-23,0.613,0.441,0.0,0.0,weekday,5.6,20.2,6.3,2.4,0,0.0,0.107,0.101,0.0,0.48,0.153,0.283,0.286,0.301
2025-06-24,0.3486916426512969,0.411,0.0,0.0,weekday,4.2,19.1,5.8,0.0,0,0.097,0.26705848787446507,0.07,0.0,0.453,0.176,0.298,0.217,0.307
2025-06-25,0.647,0.425,0.0,0.0,weekday,5.5,20.5,3.4,0.0,0,0.055,0.09,0.127,0.0,0.488,0.252,0.138,0.188,0.334
2025-06-26,0.591,0.458,0.0,0.0,weekday,5.3,20.6,8.2,0.0,0,0.073,0.0,0.155,0.0,0.41886311239193086,0.29562103746397694,0.334,0.16024639769452448,0.401
2025-06-27,0.556,0.521,0.0,0.0,weekday,7.4,22.9,4.9,0.0,0,0.2730432276657061,0.0,0.034,0.0,0.428,0.09,0.208,0.177,0.328
2025-06-28,0.015,0.637,0.173,0.0,holiday,6.8,19.6,4.3,1.0,0,0.541,0.51,0.326,0.072,0.443,0.303,0.241,0.199,0.251
2025-06-29,0.113,0.704,0.331,0.0,holiday,6.4,20.2,6.1,3.3,0,0.543,0.485,0.403,0.0,0.452,0.476,0.242,0.268,0.325
2025-06-30,0.681,0.491,0.027,0.0,weekday,8.3,18.6,6.7,0.0,0,0.086,0.015,0.127,0.0,0.408,0.133,0.305,0.29,0.373
2025-07-01,0.577,0.431,0.0,0.0,weekday,6.9,18.6,6.1,0.0,0,0.027,0.002,0.145,0.0,0.319,0.182,0.224,0.16024639769452448,0.366
2025-07-02,0.751,0.605,0.0,0.0,weekday,8.1,22.7,2.9,0.3,0,0.0,0.0,0.061,0.0,0.387,0.123,0.23,0.145,0.456
2025-07-03,0.642,0.45,0.0,0.0,weekday,8.2,19.5,6.1,0.0,0,0.023,0.0,0.133,0.0,0.394,0.169,0.258,0.218,0.391
2025-07-04,0.657,0.28,0.0,0.0,weekday,8.0,18.3,5.2,2.5,0,0.043,0.003,0.099,0.0,0.491,0.21,0.236,0.196,0.342
2025-07-05,0.021,0.766,0.264,0.0,holiday,7.9,18.2,5.4,0.0,0,0.477,0.528,0.414,0.0,0.454,0.378,0.209,0.207,0.313
2025-07-06,0.151,0.734,0.337,0.0,holiday,8.6,19.2,6.8,0.0,0,0.492,0.26705848787446507,0.374,0.027,0.336,0.38,0.254,0.272,0.343
2025-07-07,0.3486916426512969,0.483,0.213,1.0,weekday,8.1,22.1,4.3,0.4,0,0.293,0.205,0.023,0.0,0.383,0.119,0.213,0.221,0.356
2025-07-08,0.726,0.582,0.0,0.0,weekday,9.0,25.8,4.1,0.0,0,0.0,0.011,0.056,0.0,0.414,0.29562103746397694,0.208,0.234,0.422
2025-07-09,0.639,0.498,0.0,0.0,weekday,11.5,21.3,5.7,0.8,0,0.0,0.049,0.116,0.0,0.338,0.107,0.259,0.23,0.431
2025-07-10,0.3486916426512969,0.32,0.0,0.0,weekday,10.6,25.4,7.7,0.0,0,0.0,0.095,0.053,0.0,0.409,0.225,0.35,0.317,0.272
2025-07-11,0.65,0.416,0.0,0.0,weekday,10.0,24.0,7.5,0.0,0,0.018,0.0,0.06,0.0,0.39,0.253,0.307,0.292,0.35
2025-07-12,0.021,0.693,0.325,0.0,holiday,9.7,21.0,6.5,0.0,0,0.674,0.608,0.21226248216833093,0.0,0.266,0.358,0.251,0.232,0.369
2025-07-13,0.0,0.513,0.324,0.0,holiday,10.9,22.5,7.1,3.4,0,0.512,0.575,0.413,0.0,0.362,0.263,0.326,0.275,0.2
2025-07-14,0.3486916426512969,0.414,0.0,0.0,weekday,9.6,26.2,4.3,0.0,0,0.018,0.051,0.071,0.0,0.41886311239193086,0.123,0.228,0.272,0.28
2025-07-15,0.632,0.443,0.0,0.0,weekday,10.5,22.4,5.7,2.0,0,0.026,0.001,0.019,0.0,0.331,0.158,0.255,0.224,0.398
2025-07-16,0.633,0.384,0.0,0.0,weekday,10.2,22.2,5.2,2.1,0,0.097,0.0,0.076,0.0,0.304,0.085,0.215,0.279,0.368
2025-07-17,0.66,0.434,0.0,0.0,weekday,12.4,19.1,4.6,3.6,0,0.0,0.092,0.138,0.0,0.243,0.191,0.221,0.221,0.378
2025-07-18,0.615,0.37,0.0,0.0,weekday,12.1,21.7,5.5,0.0,0,0.0,0.0,0.0,0.0,0.2,0.29562103746397694,0.26,0.276,0.349
2025-07-19,0.035,0.728,0.492,0.0,holiday,11.2,22.3,3.3,0.0,0,0.599,0.556,0.435,0.076,0.369,0.291,0.19949567723342937,0.191,0.301
2025-07-20,0.082,0.764,0.438,0.0,holiday,12.6,28.3,4.7,0.0,0,0.612,0.51,0.396,0.01,0.238,0.239,0.245,0.24,0.347
2025-07-21,0.606,0.381,0.048,0.0,weekday,13.6,23.9,3.2,1.7,0,0.075,0.0,0.042,0.0,0.256,0.116,0.208,0.212,0.212
2025-07-22,0.517,0.338,0.0,0.0,weekday,12.6,19.4,5.5,0.0,0,0.015,0.0,0.104,0.0,0.262,0.074,0.171,0.193,0.303
2025-07-23,0.622,0.529,0.111,0.0,weekday,13.4,20.8,4.5,0.0,0,0.0,0.012,0.128,0.0,0.24,0.134,0.174,0.267,0.35
2025-07-24,0.607,0.291,0.066,0.0,weekday,12.6,21.6,7.1,0.0,0,0.077,0.034,0.047,0.0,0.301,0.125,0.328,0.282,0.312
2025-07-25,0.684,0.493,0.0,0.0,weekday,12.6,21.2,2.9,0.0,0,0.0,0.26705848787446507,0.084,0.0,0.282,0.079,0.153,0.127,0.393
2025-07-26,0.076,0.666,0.301,0.0,holiday,14.1,20.9,6.7,0.0,0,0.565,0.487,0.339,0.0,0.296,0.172,0.271,0.208,0.279
2025-07-27,0.045,0.588,0.415,0.0,holiday,13.5,19.8,4.3,1.0,0,0.593,0.636,0.399,0.0,0.354,0.398,0.195,0.224,0.272
2025-07-28,0.602,0.439,0.0,0.0,weekday,15.0,23.0,4.7,0.0,0,0.036,0.07,0.054,0.0,0.225,0.112,0.205,0.236,0.353
2025-07-29,0.584,0.397,0.062,0.0,weekday,15.1,20.9,6.3,1.1,0,0.0,0.083,0.033,0.0,0.203,0.128,0.294,0.247,0.365
2025-07-30,0.641,0.458,0.0,0.0,weekday,13.6,21.8,8.2,0.7,0,0.0,0.032,0.048,0.0,0.272,0.162,0.324,0.348,0.356
2025-07-31,0.676,0.593,0.22105043227665705,0.0,weekday,16.0,9.9,4.6,1.8,0,0.063,0.105,0.036,0.0,0.41886311239193086,0.18,0.2,0.129,0.425
2025-08-01,0.146,0.643,0.0,0.0,holiday,15.3,8.0,7.5,0.0,0,0.388,0.392,0.223,0.0,0.18,0.272,0.271,0.205,0.38
2025-08-02,0.049,0.598,0.698,1.0,holiday,15.4,9.2,8.8,0.0,0,0.794,0.719,0.403,0.045,0.209,0.303,0.308,0.221,0.386
2025-08-03,0.154,0.699,0.365,0.0,holiday,14.2,8.9,8.7,3.0,0,0.556,0.583,0.401,0.0,0.266,0.332,0.19949567723342937,0.2,0.311
2025-08-04,0.02,0.42,0.158,0.0,holiday,14.7,7.5,6.1,2.0,0,0.261,0.267,0.172,0.0,0.204,0.11,0.231,0.213,0.247
2025-08-05,0.03,0.594,0.22105043227665705,0.0,holiday,16.9,10.2,6.9,1.4,0,0.341,0.3,0.206,0.071,0.218,0.181,0.219,0.194,0.294
2025-08-06,0.063,0.565,0.292,0.0,holiday,15.6,8.9,6.9,0.1,0,0.298,0.271,0.204,0.0,0.263,0.195,0.186,0.247,0.292
2025-08-07,0.003,0.512,0.293,0.0,holiday,16.5,6.9,7.4,1.4,0,0.287,0.402,0.165,0.021,0.164,0.194,0.279,0.22,0.253
2025-08-08,0.074,0.513,0.305,0.0,holiday,16.4,6.8,8.1,0.0,0,0.33,0.285,0.126,0.0,0.218,0.163,0.286,0.256,0.3
2025-08-09,0.3486916426512969,0.515,0.309,0.0,holiday,16.9,7.4,6.2,0.0,0,0.543,0.491,0.355,0.086,0.151,0.327,0.249,0.16024639769452448,0.259
2025-08-10,0.062,0.615,0.485,0.0,holiday,17.6,8.2,8.8,1.6,0,0.2730432276657061,0.606,0.334,0.077,0.197,0.322,0.273,0.236,0.317
2025-08-11,0.123,0.732,0.324,0.0,holiday,18.6,7.3,5.1,0.2,0,0.324,0.328,0.114,0.0,0.171,0.077,0.143,0.156,0.361
2025-08-12,0.111,0.556,0.274,0.0,holiday,18.9,7.5,7.2,2.9,0,0.294,0.27,0.189,0.091,0.216,0.255,0.226,0.169,0.319
2025-08-13,0.052,0.667,0.315,0.0,holiday,16.6,6.4,7.6,2.8,0,0.249,0.396,0.228,0.0,0.176,0.183,0.234,0.214,0.373
2025-08-14,0.193,0.656,0.144,0.0,holiday,19.4,9.1,5.4,0.0,0,0.295,0.316,0.161,0.03,0.111,0.081,0.223,0.106,0.402
2025-08-15,0.084,0.64,0.268,0.0,holiday,17.4,10.1,7.9,0.0,0,0.309,0.26705848787446507,0.126,0.0,0.101,0.127,0.295,0.262,0.284
2025-08-16,0.074,0.662,0.396,0.0,holiday,19.2,8.7,6.5,1.9,0,0.511,0.26705848787446507,0.413,0.155,0.173,0.313,0.244,0.16,0.341
2025-08-17,0.101,0.5268616262482169,0.493,0.0,holiday,19.1,8.5,5.8,0.0,0,0.602,0.621,0.347,0.195,0.064,0.211,0.157,0.174,0.305
2025-08-18,0.093,0.518,0.247,0.0,holiday,17.6,7.3,7.5,0.0,0,0.255,0.201,0.257,0.055,0.063,0.156,0.311,0.198,0.265
2025-08-19,0.039,0.422,0.233,0.08039492242595205,holiday,20.4,9.3,7.7,1.1,0,0.249,0.28,0.165,0.088,0.131,0.1,0.26,0.279,0.271
2025-08-20,0.167,0.721,0.296,0.0,holiday,18.9,7.5,7.3,1.0,0,0.322,0.359,0.164,0.075,0.195,0.185,0.201,0.263,0.422
2025-08-21,0.032,0.547,0.247,0.0,holiday,19.2,11.8,5.7,1.9,0,0.263,0.333,0.163,0.077,0.254,0.175,0.226,0.156,0.264
2025-08-22,0.057,0.518,0.26,0.0,holiday,18.5,6.6,7.3,0.1,1,0.283,0.317,0.19,0.036,0.122,0.259,0.561,0.494,0.319
2025-08-23,0.06,0.638,0.344,0.0,holiday,19.8,8.3,7.3,2.4,0,0.594,0.624,0.21226248216833093,0.275,0.11,0.23,0.214,0.143,0.273
2025-08-24,0.048,0.779,0.494,0.0,holiday,18.9,8.0,7.9,0.0,0,0.53,0.642,0.364,0.086,0.111,0.265,0.278,0.239,0.322
2025-08-25,0.119,0.61,0.244,0.0,holiday,19.5,11.3,7.3,1.4,0,0.351,0.269,0.131,0.129,0.103,0.13,0.277,0.232,0.322
2025-08-26,0.092,0.59,0.204,0.0,holiday,21.8,6.0,9.6,0.0,0,0.281,0.321,0.141,0.285,0.058,0.103,0.293,0.247,0.299
2025-08-27,0.12,0.538,0.252,0.0,holiday,21.1,8.4,9.9,0.0,0,0.319,0.335,0.202,0.146,0.14,0.116,0.387,0.284,0.346
2025-08-28,0.061,0.631,0.382,0.0,holiday,20.6,11.0,10.4,4.3,0,0.287,0.374,0.043,0.072,0.178,0.127,0.19949567723342937,0.319,0.347
2025-08-29,0.106,0.529,0.29,0.0,holiday,20.8,8.6,7.1,1.9,0,0.385,0.307,0.256,0.1,0.118,0.223,0.223,0.217,0.316
2025-08-30,0.033,0.679,0.562,0.0,holiday,20.7,7.6,6.6,0.0,0,0.625,0.607,0.45,0.137,0.098,0.19,0.252,0.184,0.289
2025-08-31,0.0,0.692,0.436,0.0,holiday,20.4,10.7,7.9,0.0,0,0.657,0.598,0.439,0.224,0.061,0.198,0.278,0.243,0.3
2025-09-01,0.668,0.488,0.025,0.0,weekday,21.3,13.0,8.1,0.0,0,0.022,0.029,0.045,0.043,0.098,0.087,0.342,0.229,0.38
2025-09-02,0.627,0.353,0.181,0.0,weekday,21.1,6.5,5.4,1.3,0,0.038,0.071,0.0,0.054,0.142,0.29562103746397694,0.207,0.109,0.343
2025-09-03,0.649,0.401,0.042,0.0,weekday,23.4,11.0,5.4,0.0,0,0.002,0.029,0.0,0.126,0.043,0.098,0.216,0.16024639769452448,0.33
2025-09-04,0.68,0.463,0.172,0.0,weekday,21.3,6.5,7.9,0.0,0,0.093,0.088,0.076,0.0,0.015,0.008,0.26,0.16024639769452448,0.441
2025-09-05,0.636,0.494,0.063,0.0,holiday,21.2,9.6,9.2,0.0,0,0.0,0.036,0.0,0.0,0.079,0.016,0.375,0.258,0.397
2025-09-06,0.01,0.586,0.555,0.0,holiday,22.3,8.9,6.7,0.0,0,0.577,0.537,0.21226248216833093,0.105,0.41886311239193086,0.187,0.27,0.161,0.245
2025-09-07,0.3486916426512969,0.747,0.371,0.0,holiday,22.5,7.4,6.6,0.1,0,0.688,0.477,0.393,0.265,0.052,0.258,0.23,0.152,0.461
2025-09-08,0.717,0.404,0.0,0.0,weekday,21.8,7.4,5.9,0.0,0,0.032,0.161,0.0,0.05,0.052,0.021,0.191,0.19,0.377
2025-09-09,0.68,0.207,0.048,0.0,weekday,22.8,10.3,6.3,0.0,0,0.019,0.073,0.0,0.195,0.0,0.028,0.22,0.219,0.295
2025-09-10,0.643,0.338,0.108,0.0,weekday,23.0,10.7,7.1,1.6,0,0.0,0.084,0.033,0.034,0.0,0.008,0.261,0.182,0.37
2025-09-11,0.752,0.531,0.202,0.0,weekday,23.6,11.5,9.4,2.5,0,0.0,0.092,0.0,0.0,0.016,0.0,0.388,0.255,0.463
