date,temperature_c,rainfall_mm,tourist_inflow_count,special_local_index,holiday,wind_speed_mps,snowfall_cm,y
2023-09-13,19.3,17.3,0.0,0.0,weekday,12.0,0.9,0.019
2023-09-14,18.6,18.0,0.011,0.0,weekday,11.1,0.0,0.03
2023-09-15,18.3,20.1,0.118,0.0,weekday,10.1,2.5,0.043
2023-09-16,20.2,16.3,0.395,0.0,holiday,12.1,0.0,0.519
2023-09-17,20.9,19.1,0.215,0.0,holiday,12.5,0.0,0.429
2023-09-18,21.1,18.8,0.065,0.0,weekday,8.8,0.6,0.01
2023-09-19,20.7,19.8,0.0,0.0,weekday,10.4,0.0,0.0
2023-09-20,21.7,18.3,0.032,0.0,weekday,10.2,0.8,0.0
2023-09-21,20.6,20.2,0.026,,weekday,9.7,0.0,0.053
2023-09-22,19.0,17.9,0.0,0.0,weekday,10.5,0.0,0.0
2023-09-23,20.9,19.6,0.405,0.0,holiday,14.0,0.6,0.497
2023-09-24,22.6,19.5,0.463,0.0,holiday,9.8,1.5,0.437
2023-09-25,21.7,18.9,0.129,0.0,weekday,12.2,0.0,0.018
2023-09-26,21.1,,0.0,0.0,weekday,12.0,0.0,0.008
2023-09-27,20.2,21.3,0.018,0.0,weekday,13.6,1.2,0.0
2023-09-28,22.2,19.1,0.132,0.0,weekday,10.4,1.5,0.001
2023-09-29,22.6,17.9,0.12,0.0,weekday,11.3,0.6,0.015
2023-09-30,23.1,21.6,0.395,0.0,holiday,11.9,0.0,0.493
2023-10-01,21.7,3.6,0.583,0.0,holiday,6.3,0.0,0.575
2023-10-02,22.6,2.4,0.067,0.0,weekday,5.1,0.0,0.118
2023-10-03,22.9,4.7,0.057,0.0,weekday,4.5,0.0,0.0
2023-10-04,23.5,0.8,0.26,0.0,weekday,3.9,0.7,0.04
2023-10-05,23.1,2.2,0.073,0.0,weekday,4.1,0.0,0.039
2023-10-06,23.1,0.6,0.2,0.0,weekday,5.3,1.9,0.065
2023-10-07,22.7,1.0,0.504,0.0,holiday,7.5,0.0,0.564
2023-10-08,22.1,2.7,0.468,0.0,holiday,5.5,2.4,0.54
2023-10-09,22.7,6.2,0.189,0.0,weekday,4.5,1.2,0.092
2023-10-10,23.1,2.5,0.239,0.0,weekday,4.4,0.0,0.067
2023-10-11,22.2,5.5,0.158,0.0,weekday,6.0,0.4,0.055
2023-10-12,24.8,3.6,0.241,0.0,weekday,6.2,0.0,0.058
2023-10-13,22.6,3.1,,,weekday,5.8,0.0,0.047
2023-10-14,23.5,5.2,0.422,0.0,holiday,6.0,0.0,0.519
2023-10-15,24.7,1.5,0.511,0.0,holiday,4.6,0.0,0.564
2023-10-16,22.5,2.2,0.152,0.0,weekday,5.1,0.0,0.073
2023-10-17,24.6,1.7,0.133,,weekday,6.3,0.4,0.058
2023-10-18,25.3,2.2,0.085,0.0,weekday,5.8,0.0,0.078
2023-10-19,25.6,3.4,0.128,0.0,weekday,4.9,0.0,0.083
2023-10-20,25.0,0.8,0.11,0.0,weekday,3.7,0.0,0.023
2023-10-21,24.4,2.4,0.453,0.0,holiday,5.5,1.0,0.535
2023-10-22,24.7,1.5,,0.0,holiday,4.8,1.0,0.538
2023-10-23,23.8,1.3,0.093,0.0,weekday,5.5,0.0,0.031
2023-10-24,25.5,1.3,0.0,0.0,weekday,5.6,0.9,0.011
2023-10-25,25.2,5.8,0.203,0.0,weekday,6.5,3.6,0.019
2023-10-26,25.5,,0.316,0.0,weekday,4.4,2.0,0.312
2023-10-27,26.4,9.3,0.003,0.0,weekday,4.0,0.0,0.0
2023-10-28,25.6,6.8,0.402,0.0,holiday,3.4,0.7,0.526
2023-10-29,25.7,4.9,,0.0,holiday,4.9,2.0,0.451
2023-10-30,26.5,4.3,0.079,0.0,weekday,5.4,0.0,0.056
2023-10-31,26.5,5.2,0.012,0.0,weekday,4.0,0.0,0.068
2023-11-01,25.6,0.7,0.097,0.0,weekday,4.2,1.8,0.086
2023-11-02,27.0,2.1,0.156,0.0,weekday,5.3,1.2,0.016
2023-11-03,25.8,9.4,0.0,0.0,weekday,6.9,0.0,0.04
2023-11-04,26.3,2.2,0.593,0.0,holiday,5.3,0.3,0.566
2023-11-05,26.1,7.9,0.531,0.0,holiday,6.2,0.0,0.471
2023-11-06,26.7,3.4,0.051,0.0,weekday,4.7,0.0,0.031
2023-11-07,26.7,4.5,0.229,0.0,weekday,5.8,0.0,0.119
2023-11-08,26.9,4.3,0.068,0.0,weekday,4.4,1.7,0.031
2023-11-09,27.2,5.7,0.128,0.0,weekday,6.5,0.3,0.092
2023-11-10,28.5,4.8,0.175,0.0,weekday,6.3,0.4,0.086
2023-11-11,27.2,1.8,0.403,0.0,holiday,5.0,2.6,0.544
2023-11-12,27.7,1.5,0.424,0.0,holiday,5.0,0.0,0.555
2023-11-13,27.3,6.0,0.049,0.0,weekday,4.4,0.0,0.019
2023-11-14,26.8,3.8,0.062,0.0,,7.3,0.0,0.058
2023-11-15,27.5,0.9,0.268,,weekday,4.3,1.1,0.069
2023-11-16,28.1,6.9,0.176,0.0,weekday,4.4,0.2,0.086
2023-11-17,27.4,4.6,0.177,0.0,weekday,6.7,0.0,0.085
2023-11-18,27.5,5.6,0.709,0.0,holiday,5.7,0.0,0.797
2023-11-19,26.9,,0.517,0.0,holiday,6.1,0.0,0.493
2023-11-20,29.9,1.9,0.221,0.0,weekday,6.0,2.2,0.116
2023-11-21,28.3,5.4,0.104,0.0,weekday,3.6,0.0,0.043
2023-11-22,29.0,3.1,0.186,0.0,weekday,6.3,0.0,0.041
2023-11-23,29.3,1.1,0.358,0.0,weekday,6.8,0.0,0.355
2023-11-24,29.3,9.3,0.315,0.0,weekday,3.6,0.0,0.349
2023-11-25,29.7,4.7,0.624,0.0,holiday,5.2,0.0,0.567
2023-11-26,28.1,5.6,0.375,0.0,holiday,4.9,0.1,0.518
2023-11-27,27.9,4.0,0.2,0.0,weekday,7.5,1.5,0.07
2023-11-28,30.2,6.8,0.227,0.0,weekday,4.1,0.0,0.076
2023-11-29,28.5,12.7,0.163,0.0,weekday,5.2,0.0,0.136
2023-11-30,28.5,6.3,0.264,0.0,weekday,5.8,1.0,0.046
2023-12-01,28.7,4.8,0.519,0.0,holiday,3.8,1.2,0.729
2023-12-02,30.0,5.9,0.4,0.0,holiday,4.8,1.8,0.538
2023-12-03,29.5,1.3,0.597,0.0,holiday,5.7,3.9,0.642
2023-12-04,29.0,1.1,,0.0,holiday,5.1,3.4,0.448
2023-12-05,28.5,3.9,0.395,0.0,holiday,4.3,6.8,0.504
2023-12-06,28.5,3.6,0.357,0.0,holiday,5.5,0.6,0.536
2023-12-07,29.0,6.1,,0.0,holiday,3.9,0.0,0.469
2023-12-08,28.5,3.0,0.498,0.0,holiday,6.3,3.1,0.531
2023-12-09,29.3,0.8,0.717,0.0,holiday,4.9,3.9,0.601
2023-12-10,28.7,0.9,0.692,0.0,holiday,6.9,3.1,0.635
2023-12-11,29.6,7.3,0.193,0.0,holiday,5.5,1.8,0.443
2023-12-12,29.2,3.7,0.385,0.0,holiday,4.7,1.8,0.486
2023-12-13,30.1,3.2,0.234,0.0,holiday,5.6,2.5,0.438
2023-12-14,29.4,2.8,0.43,0.0,holiday,5.0,4.0,0.534
2023-12-15,28.1,3.5,0.302,0.0,holiday,4.0,4.3,0.521
2023-12-16,29.0,2.3,0.82,0.0,holiday,6.8,0.3,0.879
2023-12-17,28.6,6.8,0.578,0.0,holiday,7.3,0.5,0.574
2023-12-18,30.1,3.0,0.723,0.0,holiday,4.2,0.0,0.813
2023-12-19,30.1,1.3,0.377,0.0,holiday,6.0,0.6,0.475
2023-12-20,28.7,3.9,0.332,0.0,holiday,5.2,0.0,0.527
2023-12-21,29.3,2.9,0.382,0.0,holiday,4.0,4.7,0.451
2023-12-22,28.5,6.5,0.283,0.0,holiday,6.5,1.4,0.451
2023-12-23,28.4,2.5,0.587,0.0,holiday,5.1,1.6,0.586
2023-12-24,29.5,4.8,0.613,0.0,holiday,6.5,0.0,0.616
2023-12-25,27.2,2.6,0.164,0.0,holiday,5.5,4.0,0.461
2023-12-26,29.0,1.3,0.431,0.0,holiday,5.8,0.9,0.496
2023-12-27,28.9,7.7,0.375,0.0,holiday,4.5,0.7,0.513
2023-12-28,29.7,1.6,0.456,0.0,holiday,5.6,0.7,0.471
2023-12-29,29.0,4.2,0.368,0.0,holiday,6.6,0.0,0.488
2023-12-30,27.5,4.6,0.611,0.0,holiday,4.0,3.4,0.55
2023-12-31,28.9,0.7,0.482,0.0,holiday,4.7,2.5,0.511
2024-01-01,28.6,4.4,0.372,0.0,holiday,6.1,2.8,0.407
2024-01-02,28.2,3.0,0.381,0.0,holiday,5.5,0.3,0.477
2024-01-03,28.3,7.8,0.307,0.0,holiday,6.9,2.8,0.459
2024-01-04,27.4,3.9,0.133,0.0,holiday,3.2,1.2,0.425
2024-01-05,27.5,3.1,0.362,0.0,holiday,5.6,3.8,0.482
2024-01-06,28.0,4.8,0.333,0.0,holiday,3.0,0.0,0.525
2024-01-07,28.0,1.4,0.547,0.0,holiday,3.8,2.7,0.517
2024-01-08,27.8,,0.359,0.0,holiday,4.7,0.5,0.469
2024-01-09,27.4,2.3,0.231,0.0,holiday,4.6,1.3,0.444
2024-01-10,27.2,4.1,0.555,0.0,holiday,4.0,1.5,0.75
2024-01-11,27.6,0.1,0.184,0.0,holiday,4.5,2.8,0.431
2024-01-12,28.2,1.8,0.292,0.0,holiday,5.3,4.0,0.484
2024-01-13,27.1,3.2,0.473,0.0,holiday,6.5,0.2,0.509
2024-01-14,27.3,7.9,0.439,0.0,holiday,4.7,1.3,0.562
2024-01-15,26.4,2.5,0.375,,holiday,6.3,3.9,0.543
2024-01-16,26.7,3.0,0.458,0.0,holiday,4.9,2.6,0.562
2024-01-17,27.7,8.2,0.45,0.0,holiday,6.5,0.0,0.483
2024-01-18,27.2,3.3,0.322,0.0,holiday,5.3,1.3,0.474
2024-01-19,27.0,2.9,0.269,0.0,holiday,5.7,2.8,0.483
2024-01-20,27.3,2.0,0.45,0.0,holiday,5.6,1.1,0.555
2024-01-21,26.7,1.9,,0.0,holiday,4.5,2.5,0.869
2024-01-22,26.8,4.4,0.313,0.0,holiday,5.1,1.1,0.461
2024-01-23,26.8,1.2,0.32,0.0,holiday,4.5,0.3,0.516
2024-01-24,27.8,2.7,0.257,0.0,holiday,5.4,0.0,0.481
2024-01-25,26.4,2.4,0.248,0.0,holiday,6.7,2.8,0.511
2024-01-26,25.7,1.6,0.355,0.0,holiday,3.6,1.7,0.517
2024-01-27,25.7,9.2,0.422,0.0,holiday,5.9,4.5,0.514
2024-01-28,25.4,4.9,0.458,0.0,holiday,3.3,2.5,0.502
2024-01-29,25.1,7.2,0.224,0.0,holiday,4.3,4.4,0.438
2024-01-30,25.2,0.5,0.332,0.0,holiday,5.9,3.3,0.485
2024-01-31,25.3,3.0,0.291,0.0,holiday,5.2,1.8,0.469
2024-02-01,24.3,3.3,0.084,0.0,weekday,6.2,1.9,0.065
2024-02-02,25.8,4.3,0.18,0.0,weekday,4.4,3.3,0.022
2024-02-03,25.9,7.6,0.444,0.0,holiday,4.4,2.1,0.52
2024-02-04,25.6,2.3,0.515,0.0,holiday,5.0,3.2,0.562
2024-02-05,24.9,2.0,0.149,0.0,weekday,7.3,1.7,0.033
2024-02-06,25.9,1.5,0.0,0.0,weekday,6.7,0.4,0.011
2024-02-07,24.4,1.3,0.057,0.0,weekday,2.8,2.9,0.074
2024-02-08,24.1,4.4,0.004,0.0,weekday,7.1,0.8,0.086
2024-02-09,24.5,4.1,0.094,0.0,weekday,4.7,1.1,0.032
2024-02-10,23.5,1.4,,0.0,holiday,6.8,4.5,0.531
2024-02-11,25.2,8.4,0.493,0.0,holiday,3.4,2.9,0.519
2024-02-12,25.6,1.1,0.128,0.0,weekday,6.7,0.0,0.054
2024-02-13,23.8,1.7,0.257,0.0,weekday,5.5,5.7,0.136
2024-02-14,22.7,6.9,0.05,0.0,weekday,8.7,6.2,0.045
2024-02-15,24.4,0.7,0.122,0.0,weekday,5.3,3.5,0.038
2024-02-16,23.7,3.5,0.0,0.0,weekday,6.8,3.9,0.079
2024-02-17,23.1,3.1,0.54,0.0,holiday,6.3,2.1,0.545
2024-02-18,22.9,4.9,0.467,0.0,holiday,6.0,2.1,0.522
2024-02-19,22.6,8.8,0.078,0.0,weekday,4.9,1.2,0.036
2024-02-20,22.8,4.6,0.151,0.0,weekday,5.4,3.1,0.068
2024-02-21,23.2,0.6,0.282,0.0,weekday,6.8,3.2,0.306
2024-02-22,22.8,5.1,0.011,0.0,weekday,4.4,4.0,0.038
2024-02-23,22.2,1.1,0.133,0.0,weekday,4.9,3.5,0.032
2024-02-24,21.9,5.1,0.43,0.0,holiday,5.4,5.5,0.508
2024-02-25,20.7,2.3,0.725,0.0,holiday,5.5,4.3,0.794
2024-02-26,22.5,2.9,0.071,0.0,weekday,3.6,0.4,0.078
2024-02-27,21.7,5.4,0.054,0.0,weekday,7.0,1.3,0.035
2024-02-28,20.8,1.6,0.144,0.0,weekday,7.9,4.4,0.057
2024-02-29,21.5,5.8,0.134,,weekday,4.0,3.7,0.028
2024-03-01,22.3,2.7,0.127,0.0,weekday,6.7,5.3,0.067
2024-03-02,21.4,3.7,0.426,0.0,holiday,6.5,3.2,0.51
2024-03-03,21.1,4.1,0.605,0.0,holiday,6.8,2.9,0.55
2024-03-04,20.4,4.1,0.127,0.0,weekday,5.0,3.8,0.067
2024-03-05,22.5,0.6,0.101,0.0,weekday,3.6,3.9,0.068
2024-03-06,20.5,2.6,0.099,0.0,weekday,4.0,7.9,0.059
2024-03-07,19.8,2.5,0.192,0.0,weekday,4.9,3.5,0.105
2024-03-08,19.1,2.0,0.079,0.0,weekday,3.5,3.2,0.01
2024-03-09,21.3,3.7,0.583,0.0,holiday,5.0,2.7,0.525
2024-03-10,18.6,6.5,0.36,0.0,holiday,4.9,6.3,0.484
2024-03-11,20.6,1.0,0.061,,weekday,6.2,8.1,0.019
2024-03-12,18.2,3.4,0.058,0.0,weekday,4.1,3.2,0.07
2024-03-13,18.7,4.4,0.0,0.0,weekday,5.5,2.3,0.011
2024-03-14,19.3,2.3,0.228,0.0,weekday,3.9,3.8,0.361
2024-03-15,18.0,3.0,0.345,0.0,weekday,7.7,4.7,0.325
2024-03-16,18.5,4.2,0.551,0.0,holiday,4.8,1.2,0.542
2024-03-17,19.5,2.9,0.361,0.0,holiday,4.5,1.2,0.578
2024-03-18,16.8,1.4,,0.0,weekday,6.4,5.6,0.055
2024-03-19,18.2,7.2,0.065,0.0,weekday,4.8,6.0,0.0
2024-03-20,18.3,1.6,0.082,0.0,weekday,3.9,6.1,0.059
2024-03-21,16.3,,0.0,0.0,weekday,4.7,2.8,0.054
2024-03-22,18.3,3.8,0.014,0.0,weekday,3.6,5.4,0.02
2024-03-23,17.4,4.2,0.317,0.0,holiday,5.8,4.8,0.475
2024-03-24,18.0,4.4,0.391,0.0,holiday,4.3,3.2,0.519
2024-03-25,17.5,1.8,0.043,0.0,weekday,6.8,5.3,0.037
2024-03-26,17.0,1.9,0.136,0.0,weekday,6.0,5.6,0.067
2024-03-27,16.6,1.1,0.058,0.0,weekday,4.7,5.1,0.057
2024-03-28,17.5,1.1,0.0,0.0,weekday,5.0,2.9,0.077
2024-03-29,15.7,2.7,0.075,0.0,weekday,5.2,6.6,0.0
2024-03-30,17.2,5.3,0.446,0.0,holiday,4.4,3.4,0.507
2024-03-31,16.3,5.2,0.739,0.0,holiday,4.9,2.8,0.851
2024-04-01,16.1,1.5,0.15,0.0,weekday,7.3,0.0,0.027
2024-04-02,14.8,1.7,0.099,0.0,weekday,4.9,0.0,0.097
2024-04-03,14.9,1.5,0.0,0.0,weekday,4.0,4.4,0.026
2024-04-04,17.6,1.8,0.071,0.0,weekday,6.9,0.0,0.041
2024-04-05,14.7,1.3,0.027,0.0,weekday,3.1,0.9,0.031
2024-04-06,15.1,3.3,0.623,0.0,holiday,4.7,1.4,0.709
2024-04-07,14.8,1.7,0.474,0.0,holiday,3.1,0.0,0.495
2024-04-08,14.1,3.0,0.0,,weekday,6.4,1.6,0.019
2024-04-09,14.4,4.4,0.058,0.0,weekday,5.3,0.2,0.012
2024-04-10,14.1,0.6,,,weekday,4.3,0.2,0.092
2024-04-11,14.6,4.8,,0.0,weekday,6.2,0.2,0.0
2024-04-12,13.2,5.6,0.025,0.0,weekday,5.2,0.0,0.037
2024-04-13,14.3,3.1,0.518,0.0,holiday,4.8,0.0,0.527
2024-04-14,13.4,5.9,0.374,0.0,holiday,4.2,2.4,0.492
2024-04-15,14.0,2.6,0.063,0.0,weekday,4.3,0.0,0.028
2024-04-16,12.7,,0.062,0.0,weekday,6.3,0.0,0.049
2024-04-17,13.7,1.6,0.0,0.0,weekday,4.0,0.0,0.039
2024-04-18,13.4,3.2,0.004,0.0,weekday,6.0,0.0,0.005
2024-04-19,13.1,5.3,0.0,0.0,weekday,5.6,0.0,0.0
2024-04-20,14.1,0.6,0.432,0.0,holiday,6.0,1.2,0.517
2024-04-21,12.0,4.4,0.751,,holiday,5.5,1.9,0.818
2024-04-22,11.6,1.6,0.071,0.0,weekday,6.3,4.4,0.039
2024-04-23,12.6,3.4,0.0,0.0,weekday,5.2,0.4,0.062
2024-04-24,13.0,9.5,0.0,0.0,weekday,5.3,2.2,0.01
2024-04-25,11.3,1.3,0.0,0.0,weekday,6.1,0.0,0.0
2024-04-26,12.6,1.7,0.076,0.0,weekday,4.6,2.4,0.045
2024-04-27,12.5,10.3,0.67,0.0,holiday,4.7,0.1,0.753
2024-04-28,12.9,,,0.0,holiday,4.2,0.0,0.534
2024-04-29,12.3,8.9,0.047,0.0,weekday,5.8,1.4,0.058
2024-04-30,10.4,0.7,0.291,0.0,weekday,6.3,0.0,0.234
2024-05-01,12.1,3.3,0.191,0.0,holiday,5.6,1.0,0.434
2024-05-02,11.2,4.2,,0.0,holiday,3.7,0.0,0.409
2024-05-03,11.5,4.2,0.301,0.0,holiday,3.1,0.1,0.442
2024-05-04,10.8,2.5,0.476,0.0,holiday,6.3,0.0,0.548
2024-05-05,9.5,1.4,0.499,0.0,holiday,3.1,0.0,0.485
2024-05-06,10.2,1.8,0.175,,holiday,5.4,4.9,0.414
2024-05-07,12.3,4.7,0.398,0.0,holiday,4.8,0.0,0.504
2024-05-08,9.9,7.3,0.07,0.0,holiday,6.6,0.3,0.426
2024-05-09,10.1,4.1,0.258,0.0,holiday,3.3,0.6,0.406
2024-05-10,11.3,5.2,,0.0,holiday,4.1,0.7,0.441
2024-05-11,9.8,5.8,0.35,0.0,holiday,8.2,0.3,0.434
2024-05-12,9.3,2.9,0.779,0.0,holiday,1.7,2.0,0.845
2024-05-13,10.2,,0.208,0.0,,4.6,0.0,0.41
2024-05-14,8.8,3.4,0.227,0.0,holiday,6.1,0.0,0.441
2024-05-15,11.2,4.7,0.184,0.0,holiday,5.5,0.0,0.385
2024-05-16,9.8,2.4,0.155,0.0,holiday,6.1,0.0,0.409
2024-05-17,10.1,4.1,,0.0,holiday,5.7,1.4,0.435
2024-05-18,10.5,4.3,0.319,0.0,holiday,6.4,0.0,0.452
2024-05-19,9.6,4.3,0.275,0.0,holiday,3.0,0.0,0.452
2024-05-20,10.8,3.1,0.347,0.0,holiday,3.7,0.0,0.481
2024-05-21,11.5,5.8,0.273,0.0,holiday,8.4,0.0,0.4
2024-05-22,8.4,6.0,0.194,0.0,holiday,5.1,0.6,0.427
2024-05-23,10.9,3.0,0.253,0.0,holiday,7.4,0.1,0.433
2024-05-24,9.8,6.7,0.158,0.0,holiday,5.2,0.6,0.426
2024-05-25,11.2,1.9,0.31,0.0,holiday,5.3,0.0,0.444
2024-05-26,8.9,8.6,0.269,0.0,holiday,5.1,0.0,0.417
2024-05-27,9.6,1.4,0.569,0.0,holiday,4.2,0.0,0.707
2024-05-28,8.7,1.8,,0.0,holiday,3.7,0.0,0.422
2024-05-29,7.6,3.2,0.202,,holiday,5.5,0.0,0.42
2024-05-30,10.2,2.0,0.148,0.0,holiday,6.1,0.0,0.382
2024-05-31,9.1,8.7,,,holiday,4.2,0.5,0.445
2024-06-01,9.0,20.8,0.518,0.0,holiday,5.1,2.1,0.481
2024-06-02,9.5,19.9,0.262,0.0,holiday,5.1,0.0,0.422
2024-06-03,8.8,19.5,0.021,0.0,weekday,5.9,0.0,0.0
2024-06-04,8.8,,0.0,0.0,weekday,7.0,0.0,0.0
2024-06-05,9.3,20.1,0.0,0.0,weekday,2.4,0.0,0.0
2024-06-06,8.8,18.8,0.0,,weekday,4.3,0.0,0.0
2024-06-07,9.2,22.1,0.0,0.0,weekday,3.2,0.0,0.0
2024-06-08,8.6,19.8,0.479,,holiday,3.8,0.6,0.466
2024-06-09,8.7,20.0,0.428,0.0,holiday,6.4,0.0,0.497
2024-06-10,9.2,23.3,,0.0,weekday,3.4,0.0,0.0
2024-06-11,7.7,23.8,0.009,0.0,weekday,4.6,2.0,0.0
2024-06-12,8.5,23.3,0.0,0.0,weekday,7.1,2.6,0.0
2024-06-13,8.9,20.4,0.0,0.0,weekday,5.0,0.4,0.002
2024-06-14,7.7,19.8,0.0,0.0,weekday,6.2,0.0,0.0
2024-06-15,9.1,19.6,0.355,0.0,holiday,4.5,0.2,0.433
2024-06-16,9.3,19.9,0.311,0.0,holiday,5.6,0.0,0.395
2024-06-17,9.9,22.0,0.0,,weekday,6.4,0.0,0.069
2024-06-18,9.3,20.5,0.0,0.0,weekday,5.3,2.0,0.0
2024-06-19,8.3,20.1,0.0,,weekday,4.1,0.8,0.0
2024-06-20,7.7,20.6,0.0,0.0,weekday,4.0,0.1,0.0
2024-06-21,10.4,20.6,0.0,0.0,weekday,4.4,0.2,0.0
2024-06-22,8.9,18.5,0.374,0.0,,6.9,2.2,0.466
2024-06-23,8.7,20.3,0.421,0.0,holiday,4.7,0.0,0.47
2024-06-24,9.5,19.5,0.0,0.0,weekday,6.7,0.3,0.0
2024-06-25,8.4,21.8,0.0,0.0,weekday,6.0,0.0,0.0
2024-06-26,10.4,,0.058,0.0,weekday,5.7,0.5,0.0
2024-06-27,10.7,23.8,0.0,0.0,weekday,5.0,2.5,0.001
2024-06-28,9.7,20.7,0.11,0.0,weekday,7.4,3.3,0.0
2024-06-29,8.9,18.3,0.293,0.0,holiday,4.6,1.2,0.482
2024-06-30,9.1,18.9,0.449,0.0,holiday,4.1,0.0,0.493
2024-07-01,9.7,19.2,0.045,0.0,weekday,5.8,0.0,0.0
2024-07-02,9.6,19.0,0.014,0.0,weekday,3.7,1.6,0.002
2024-07-03,8.7,25.3,0.0,0.0,weekday,4.9,0.0,0.0
2024-07-04,10.4,25.7,0.022,0.0,weekday,5.4,0.0,0.0
2024-07-05,9.7,19.4,0.026,0.0,weekday,8.5,0.0,0.0
2024-07-06,10.1,24.5,0.272,0.0,holiday,6.8,0.0,0.346
2024-07-07,8.7,18.3,0.234,0.0,holiday,4.3,0.1,0.443
2024-07-08,10.4,20.1,0.0,0.0,weekday,4.6,1.3,0.0
2024-07-09,10.7,26.3,0.008,0.0,weekday,6.6,0.0,0.0
2024-07-10,10.7,22.3,0.0,0.0,weekday,4.6,0.0,0.0
2024-07-11,11.1,1.1,0.107,0.0,weekday,3.3,0.0,0.037
2024-07-12,9.9,5.1,0.0,0.0,weekday,6.9,0.0,0.0
2024-07-13,9.0,1.0,0.33,0.0,holiday,6.1,0.8,0.524
2024-07-14,11.2,6.0,0.463,0.0,holiday,4.3,0.0,0.528
2024-07-15,10.4,10.2,0.0,0.0,weekday,4.3,0.0,0.054
2024-07-16,10.9,1.7,0.027,0.0,weekday,5.6,1.7,0.01
2024-07-17,10.0,1.6,0.0,0.0,weekday,4.4,3.1,0.015
2024-07-18,11.0,5.5,0.089,0.0,weekday,6.1,1.4,0.038
2024-07-19,10.7,3.7,0.066,0.0,weekday,6.9,0.2,0.043
2024-07-20,11.5,3.6,0.411,0.0,holiday,3.5,1.3,0.506
2024-07-21,12.3,2.4,0.44,0.0,holiday,6.8,0.7,0.657
2024-07-22,11.0,3.0,0.0,0.0,weekday,4.7,4.7,0.003
2024-07-23,12.0,0.6,,0.0,weekday,5.3,1.1,0.269
2024-07-24,12.9,1.2,0.0,,weekday,3.5,0.7,0.085
2024-07-25,11.4,3.8,0.0,,weekday,4.1,1.5,0.003
2024-07-26,11.7,8.1,0.068,0.0,weekday,3.8,0.5,0.006
2024-07-27,11.9,4.1,0.294,0.0,holiday,6.0,0.0,0.451
2024-07-28,9.5,1.0,0.454,0.0,holiday,4.2,0.6,0.523
2024-07-29,13.3,4.3,0.072,0.0,weekday,4.6,0.8,0.013
2024-07-30,13.2,4.3,0.05,0.0,weekday,7.8,0.0,0.022
2024-07-31,11.8,6.1,0.113,0.0,weekday,5.0,0.0,0.026
2024-08-01,12.8,,0.238,0.0,holiday,10.4,0.0,0.399
2024-08-02,13.7,24.0,0.172,0.0,holiday,11.0,0.0,0.401
2024-08-03,13.3,17.7,0.44,0.0,holiday,12.9,0.8,0.426
2024-08-04,12.9,22.5,0.352,0.0,,11.5,3.0,0.435
2024-08-05,12.0,18.0,0.02,0.0,,13.4,0.0,0.332
2024-08-06,13.6,22.6,0.188,0.0,holiday,11.0,3.9,0.402
2024-08-07,12.5,19.0,0.178,0.0,holiday,12.0,0.0,0.462
2024-08-08,12.4,20.2,0.349,0.0,holiday,12.6,0.9,0.699
2024-08-09,13.2,19.2,0.152,0.0,holiday,10.3,0.0,0.341
2024-08-10,12.8,17.3,0.286,0.0,holiday,11.8,0.0,0.459
2024-08-11,11.4,20.0,0.329,0.0,holiday,10.2,0.8,0.381
2024-08-12,12.9,19.6,,0.0,holiday,11.6,0.0,0.365
2024-08-13,13.9,18.4,0.22,0.0,holiday,12.7,0.1,0.337
2024-08-14,13.8,17.5,0.18,0.0,holiday,11.8,0.8,0.424
2024-08-15,15.2,16.8,0.407,0.0,holiday,10.5,0.6,0.661
2024-08-16,15.2,19.2,0.272,0.0,holiday,10.2,0.0,0.444
2024-08-17,15.4,16.9,0.31,0.0,holiday,11.7,0.6,0.449
2024-08-18,14.7,26.7,0.169,0.0,holiday,9.5,2.2,0.371
2024-08-19,16.4,17.3,0.219,0.0,holiday,12.0,0.0,0.639
2024-08-20,14.4,19.7,0.114,0.0,holiday,12.9,0.0,0.378
2024-08-21,14.9,24.0,0.057,0.0,holiday,10.0,1.1,0.33
2024-08-22,14.0,,0.128,0.0,holiday,10.4,0.0,0.393
2024-08-23,17.5,20.2,0.177,0.0,holiday,9.3,0.0,0.403
2024-08-24,15.1,21.4,0.352,0.0,holiday,13.6,0.0,0.416
2024-08-25,15.3,17.9,,0.0,holiday,10.7,1.4,0.48
2024-08-26,16.4,21.6,0.158,0.0,holiday,11.8,0.8,0.382
2024-08-27,16.3,19.9,0.226,0.0,holiday,9.8,0.3,0.413
2024-08-28,15.6,17.8,0.152,0.0,holiday,11.5,2.0,0.404
2024-08-29,16.2,17.2,0.157,0.0,holiday,10.8,0.0,0.399
2024-08-30,16.4,20.9,0.096,0.0,holiday,10.5,0.4,0.385
2024-08-31,16.6,25.6,0.311,0.0,holiday,9.9,0.0,0.427
2024-09-01,16.6,20.3,0.4,0.0,holiday,8.9,0.0,0.487
2024-09-02,17.0,18.1,0.223,0.0,weekday,11.7,2.9,0.194
2024-09-03,17.4,19.4,,0.0,weekday,10.4,0.0,0.0
2024-09-04,17.8,23.7,0.0,0.0,weekday,8.6,0.2,0.0
2024-09-05,19.5,20.8,0.039,0.0,weekday,11.5,0.0,0.0
2024-09-06,17.7,,0.0,0.0,weekday,12.9,0.0,0.0
2024-09-07,18.3,23.6,0.86,0.0,holiday,10.8,1.8,0.774
2024-09-08,17.8,17.6,0.395,0.0,holiday,10.0,0.0,0.48
2024-09-09,20.1,16.6,0.0,,weekday,9.6,0.7,0.0
2024-09-10,17.4,19.3,0.029,0.0,weekday,11.2,0.0,0.007
2024-09-11,18.8,20.1,0.085,0.0,weekday,10.5,0.0,0.001
2024-09-12,17.8,18.5,0.142,0.0,weekday,9.8,4.4,0.0
2024-09-13,19.9,21.1,0.076,0.0,weekday,10.8,0.5,0.0
2024-09-14,19.6,17.8,,0.0,holiday,12.4,1.0,0.5
2024-09-15,19.6,19.6,0.446,0.0,holiday,10.6,0.0,0.504
2024-09-16,18.8,17.7,0.084,0.0,weekday,11.0,0.0,0.007
2024-09-17,21.4,19.9,0.021,0.0,weekday,9.7,0.9,0.0
2024-09-18,21.0,18.3,0.0,0.0,weekday,10.7,0.0,0.0
2024-09-19,19.4,19.2,0.0,0.0,weekday,11.9,0.0,0.014
2024-09-20,22.1,21.6,0.021,0.0,weekday,9.1,0.0,0.019
2024-09-21,20.9,17.2,0.646,0.0,holiday,11.7,0.0,0.536
2024-09-22,19.7,23.1,0.433,0.0,holiday,11.8,0.0,0.526
2024-09-23,20.0,19.8,0.0,0.0,weekday,12.5,0.8,0.006
2024-09-24,22.0,21.7,0.0,0.0,weekday,10.4,0.5,0.0
2024-09-25,21.0,21.5,0.29,0.0,weekday,12.3,0.0,0.297
2024-09-26,22.1,18.3,0.002,0.0,weekday,12.4,1.2,0.003
2024-09-27,22.2,21.0,0.0,0.0,weekday,11.9,0.5,0.0
2024-09-28,21.3,17.5,0.711,0.0,holiday,10.9,0.0,0.743
2024-09-29,23.7,19.1,0.528,0.0,holiday,11.4,2.6,0.497
2024-09-30,21.2,17.7,0.0,0.0,weekday,9.6,0.2,0.015
2024-10-01,22.1,3.1,0.08,0.0,weekday,6.3,1.8,0.03
2024-10-02,21.4,5.5,0.058,0.0,weekday,6.1,0.0,0.036
2024-10-03,22.8,1.8,0.18,0.0,weekday,6.0,3.2,0.107
2024-10-04,23.5,4.8,0.223,0.0,weekday,4.8,0.8,0.02
2024-10-05,24.0,1.5,0.491,0.0,holiday,5.8,3.9,0.545
2024-10-06,23.2,8.4,0.537,0.0,holiday,5.3,0.0,0.534
2024-10-07,23.0,7.1,0.0,0.0,weekday,4.7,0.3,0.0
2024-10-08,23.8,4.8,0.025,0.0,weekday,5.5,2.0,0.005
2024-10-09,25.3,2.2,0.328,0.0,weekday,4.3,1.2,0.374
2024-10-10,21.9,4.6,0.129,0.0,weekday,2.1,0.0,0.032
2024-10-11,22.0,,0.014,0.0,weekday,5.9,0.0,0.022
2024-10-12,23.8,4.3,,0.0,holiday,3.2,0.0,0.463
2024-10-13,24.6,3.2,,0.0,holiday,4.6,1.4,0.539
2024-10-14,25.1,10.9,0.153,0.0,weekday,6.1,0.0,0.026
2024-10-15,23.6,4.6,0.049,0.0,weekday,5.0,0.8,0.05
2024-10-16,25.5,3.7,0.08,0.0,weekday,4.3,0.0,0.04
2024-10-17,24.2,1.0,0.332,0.0,weekday,5.9,0.0,0.355
2024-10-18,23.6,2.0,0.202,0.0,weekday,5.0,0.3,0.057
2024-10-19,25.6,2.4,0.591,,holiday,2.9,0.0,0.599
2024-10-20,25.6,7.7,0.688,0.0,holiday,5.8,0.0,0.6
2024-10-21,23.7,6.0,0.186,0.0,weekday,4.4,0.0,0.059
2024-10-22,24.8,4.7,,0.0,weekday,6.0,0.0,0.0
2024-10-23,25.3,3.4,0.231,0.0,weekday,6.3,0.0,0.122
2024-10-24,25.0,1.9,0.137,0.0,weekday,4.9,0.0,0.046
2024-10-25,25.9,1.3,0.0,0.0,weekday,5.5,0.0,0.0
2024-10-26,26.3,7.7,0.488,0.0,holiday,6.0,3.4,0.466
2024-10-27,24.4,8.2,0.467,0.0,holiday,4.8,0.5,0.575
2024-10-28,25.6,6.4,0.142,0.0,weekday,6.4,0.2,0.044
2024-10-29,26.0,0.6,0.427,0.0,weekday,5.7,0.0,0.406
2024-10-30,25.5,7.2,0.072,0.0,weekday,5.6,0.0,0.039
2024-10-31,25.7,3.0,0.033,0.0,weekday,5.2,1.0,0.089
2024-11-01,26.7,3.2,0.352,0.0,weekday,4.6,3.9,0.35
2024-11-02,28.5,6.7,,0.0,holiday,4.2,0.0,0.603
2024-11-03,26.4,6.9,0.479,0.0,holiday,5.1,0.0,0.516
2024-11-04,27.4,3.3,0.091,0.0,weekday,6.1,0.3,0.064
2024-11-05,27.1,1.8,0.189,0.0,weekday,5.3,1.3,0.078
2024-11-06,28.3,1.0,0.0,0.0,weekday,5.2,0.0,0.028
2024-11-07,26.0,0.5,0.152,0.0,weekday,8.1,0.0,0.097
2024-11-08,26.6,3.9,0.216,0.0,weekday,4.2,0.0,0.098
2024-11-09,29.1,2.4,0.537,,holiday,5.1,0.0,0.579
2024-11-10,27.0,2.3,0.584,0.0,holiday,6.6,0.5,0.578
2024-11-11,27.8,5.3,0.305,0.0,weekday,5.3,1.9,0.105
2024-11-12,26.6,,0.092,0.0,weekday,5.0,0.0,0.029
2024-11-13,28.2,8.4,0.011,0.0,weekday,5.2,0.2,0.042
2024-11-14,28.6,4.6,0.133,0.0,weekday,5.8,2.0,0.039
2024-11-15,27.6,3.3,0.05,0.0,weekday,6.1,0.0,0.063
2024-11-16,28.2,3.0,0.575,,holiday,4.4,2.2,0.579
2024-11-17,27.0,4.0,0.55,0.0,holiday,5.9,1.1,0.553
2024-11-18,27.6,,0.0,0.0,weekday,5.7,1.0,0.057
2024-11-19,27.1,2.9,0.397,0.0,weekday,6.2,3.7,0.34
2024-11-20,29.0,2.4,0.103,0.0,weekday,7.7,0.0,0.059
2024-11-21,27.6,3.0,0.061,0.0,weekday,4.8,2.7,0.039
2024-11-22,26.8,,0.082,0.0,weekday,5.2,0.0,0.015
2024-11-23,29.5,2.1,0.611,0.0,holiday,6.0,0.7,0.652
2024-11-24,28.0,6.9,0.62,0.0,holiday,4.4,0.5,0.573
2024-11-25,28.4,0.8,0.339,0.0,weekday,3.8,0.0,0.386
2024-11-26,28.6,2.2,0.091,0.0,weekday,8.0,2.4,0.059
2024-11-27,28.3,4.4,0.088,0.0,weekday,6.1,0.0,0.087
2024-11-28,29.4,2.8,0.529,0.0,weekday,7.3,0.0,0.354
2024-11-29,28.2,7.1,0.208,0.0,weekday,4.8,2.6,0.042
2024-11-30,28.4,1.4,0.679,0.0,holiday,3.9,0.0,0.608
2024-12-01,29.2,2.7,0.482,0.0,holiday,7.3,2.0,0.564
2024-12-02,27.9,0.2,0.528,0.0,holiday,3.6,0.0,0.772
2024-12-03,29.0,4.7,0.325,0.0,holiday,6.7,3.7,0.471
2024-12-04,27.9,4.6,,0.0,holiday,3.5,3.7,0.409
2024-12-05,28.6,5.4,0.529,0.0,holiday,7.5,0.0,0.731
2024-12-06,28.8,4.0,0.351,0.0,holiday,2.3,1.4,0.475
2024-12-07,29.7,3.7,0.534,0.0,holiday,5.1,1.6,0.61
2024-12-08,28.8,6.2,0.568,0.0,holiday,4.9,1.4,0.544
2024-12-09,27.5,3.5,0.414,0.0,holiday,8.0,2.9,0.469
2024-12-10,30.8,1.0,0.37,0.0,holiday,4.5,0.0,0.477
2024-12-11,28.7,1.3,0.671,0.0,holiday,5.8,2.0,0.812
2024-12-12,29.2,2.1,0.359,0.0,holiday,5.4,0.3,0.462
2024-12-13,29.7,5.0,0.332,0.0,holiday,7.4,0.0,0.472
2024-12-14,29.1,3.7,0.831,0.0,holiday,5.2,2.9,0.767
2024-12-15,29.5,2.8,0.533,0.0,holiday,4.3,5.8,0.516
2024-12-16,29.4,2.3,0.263,0.0,holiday,6.1,1.1,0.47
2024-12-17,29.0,6.8,0.342,0.0,holiday,6.0,1.6,0.482
2024-12-18,28.4,2.2,0.467,0.0,holiday,5.9,3.2,0.49
2024-12-19,29.4,2.4,0.391,0.0,holiday,6.5,0.0,0.508
2024-12-20,28.8,3.0,0.409,0.0,holiday,5.4,5.0,0.461
2024-12-21,28.7,4.3,0.552,0.0,holiday,5.8,0.6,0.594
2024-12-22,29.8,4.2,0.642,0.0,holiday,3.5,2.4,0.5
2024-12-23,29.0,9.5,0.348,0.0,holiday,4.7,3.0,0.488
2024-12-24,28.8,1.9,0.728,0.0,holiday,5.3,0.0,0.863
2024-12-25,28.7,7.3,,0.0,holiday,2.9,1.5,0.785
2024-12-26,28.6,4.2,0.328,0.0,holiday,4.8,0.9,0.488
2024-12-27,28.6,1.8,0.418,0.0,,5.5,1.2,0.528
2024-12-28,28.3,4.0,,0.0,holiday,5.5,0.0,0.503
2024-12-29,27.5,3.9,0.701,0.0,holiday,4.2,0.7,0.599
2024-12-30,29.8,2.3,0.102,0.0,holiday,3.2,0.0,0.477
2024-12-31,27.3,2.5,0.356,0.0,holiday,4.0,1.7,0.485
2025-01-01,28.6,2.3,0.387,0.0,holiday,4.8,2.4,0.588
2025-01-02,29.1,11.5,0.356,0.0,holiday,5.5,4.5,0.507
2025-01-03,29.0,1.3,0.265,0.0,holiday,6.6,0.0,0.481
2025-01-04,26.5,5.6,0.557,0.0,holiday,5.7,4.2,0.556
2025-01-05,28.3,2.0,0.407,0.0,holiday,7.1,0.0,0.527
2025-01-06,28.2,2.6,0.268,0.0,holiday,5.3,3.5,0.483
2025-01-07,26.6,2.6,0.404,0.0,holiday,6.2,0.9,0.538
2025-01-08,28.6,2.2,0.397,0.0,holiday,6.3,5.0,0.486
2025-01-09,28.5,5.2,,0.0,holiday,5.5,4.0,0.441
2025-01-10,26.8,6.6,0.362,0.0,holiday,5.6,4.0,0.483
2025-01-11,28.6,2.7,0.54,0.0,holiday,4.8,2.0,0.552
2025-01-12,28.5,6.3,,0.0,holiday,6.2,0.5,0.593
2025-01-13,28.3,5.0,0.311,0.0,holiday,3.5,0.2,0.426
2025-01-14,27.6,2.5,0.268,0.0,holiday,7.5,0.8,0.489
2025-01-15,28.1,6.2,0.335,0.0,holiday,4.5,4.7,0.444
2025-01-16,26.8,4.5,0.294,0.0,holiday,5.7,0.8,0.503
2025-01-17,27.9,7.1,0.162,0.0,holiday,3.2,4.2,0.47
2025-01-18,27.5,4.5,0.723,0.0,holiday,2.9,2.6,0.831
2025-01-19,26.6,1.9,0.505,0.0,holiday,5.5,2.7,0.517
2025-01-20,27.1,8.3,0.361,,holiday,4.5,5.3,0.475
2025-01-21,28.9,3.8,0.369,0.0,holiday,4.8,0.6,0.411
2025-01-22,26.6,1.1,0.177,0.0,holiday,4.0,4.6,0.453
2025-01-23,26.7,2.4,0.347,0.0,,3.7,1.0,0.484
2025-01-24,26.6,6.3,0.391,0.0,holiday,3.2,3.1,0.473
2025-01-25,25.4,3.6,0.582,0.0,holiday,5.7,3.3,0.543
2025-01-26,26.5,3.9,0.57,0.0,holiday,6.0,4.6,0.581
2025-01-27,25.9,2.6,0.251,0.0,holiday,6.0,1.3,0.478
2025-01-28,26.6,0.9,0.342,0.0,holiday,4.7,2.2,0.502
2025-01-29,25.6,1.1,0.24,,holiday,5.7,1.7,0.478
2025-01-30,25.7,3.4,0.294,0.0,holiday,5.3,2.6,0.448
2025-01-31,26.9,2.8,0.46,0.0,holiday,3.7,0.0,0.495
2025-02-01,25.2,1.0,0.474,0.0,holiday,6.4,1.7,0.563
2025-02-02,24.9,2.8,0.514,0.0,holiday,6.4,3.7,0.523
2025-02-03,25.1,3.7,0.25,0.0,weekday,4.3,3.9,0.083
2025-02-04,26.3,,0.047,0.0,weekday,3.9,3.1,0.052
2025-02-05,23.3,5.6,0.092,0.0,weekday,6.0,5.5,0.035
2025-02-06,24.0,3.3,0.15,0.0,weekday,4.4,3.0,0.067
2025-02-07,24.0,0.2,0.074,0.0,weekday,6.9,5.1,0.033
2025-02-08,25.0,3.1,0.478,0.0,holiday,4.5,1.8,0.541
2025-02-09,25.0,3.3,0.589,0.0,holiday,5.9,3.0,0.575
2025-02-10,23.6,0.6,0.044,0.0,weekday,6.9,3.3,0.059
2025-02-11,23.9,3.0,0.018,0.0,weekday,5.4,6.7,0.0
2025-02-12,23.9,0.5,,0.0,weekday,5.7,5.0,0.033
2025-02-13,23.2,2.8,0.0,0.0,weekday,5.7,3.0,0.036
2025-02-14,24.3,7.0,0.042,0.0,weekday,9.3,4.8,0.0
2025-02-15,24.2,3.5,0.527,0.0,holiday,7.0,1.6,0.547
2025-02-16,24.6,0.2,0.572,0.0,holiday,5.7,0.0,0.57
2025-02-17,22.4,4.6,0.115,0.0,weekday,6.5,3.6,0.082
2025-02-18,22.8,4.9,0.0,0.0,weekday,4.9,2.9,0.096
2025-02-19,22.7,0.6,0.185,0.0,weekday,5.5,3.6,0.119
2025-02-20,22.4,3.6,0.256,0.0,weekday,5.8,4.3,0.013
2025-02-21,22.1,1.7,0.124,0.0,weekday,5.1,5.6,0.015
2025-02-22,22.6,7.1,0.447,0.0,holiday,5.5,1.9,0.49
2025-02-23,21.4,3.6,0.431,0.0,holiday,1.9,1.4,0.538
2025-02-24,22.0,2.2,0.11,0.0,weekday,8.2,6.6,0.039
2025-02-25,21.7,2.4,0.05,0.0,weekday,5.9,4.9,0.061
2025-02-26,22.7,3.2,0.0,0.0,weekday,3.7,2.9,0.087
2025-02-27,21.1,1.7,0.041,0.0,weekday,4.1,2.8,0.016
2025-02-28,20.1,4.1,0.064,0.0,weekday,3.6,5.6,0.049
2025-03-01,20.6,1.3,0.325,0.0,holiday,6.5,4.6,0.494
2025-03-02,21.3,1.0,0.745,0.0,holiday,5.3,1.9,0.621
2025-03-03,20.6,1.6,0.111,0.0,weekday,4.4,2.4,0.094
2025-03-04,19.5,2.2,0.087,0.0,weekday,6.7,2.5,0.046
2025-03-05,20.4,1.7,0.18,0.0,weekday,6.9,4.0,0.147
2025-03-06,20.4,1.2,0.044,0.0,weekday,3.9,2.7,0.0
2025-03-07,21.7,8.4,0.21,0.0,weekday,6.2,5.2,0.018
2025-03-08,19.9,4.1,0.589,0.0,holiday,6.6,6.0,0.612
2025-03-09,20.0,4.3,0.433,0.0,holiday,3.3,3.2,0.522
2025-03-10,19.7,6.3,0.085,0.0,weekday,2.1,6.4,0.0
2025-03-11,20.0,,0.181,,weekday,4.3,3.2,0.121
2025-03-12,18.9,6.7,0.0,0.0,weekday,5.7,4.6,0.03
2025-03-13,19.6,,0.0,0.0,weekday,2.9,5.7,0.026
2025-03-14,18.4,5.4,0.108,0.0,weekday,3.2,2.5,0.05
2025-03-15,18.9,5.4,0.469,0.0,holiday,4.9,1.8,0.485
2025-03-16,19.0,3.5,0.381,,holiday,6.4,5.4,0.551
2025-03-17,19.8,4.4,0.071,0.0,weekday,5.3,4.6,0.096
2025-03-18,18.6,4.6,0.011,0.0,weekday,7.0,3.8,0.0
2025-03-19,18.9,6.3,,0.0,weekday,5.8,5.4,0.065
2025-03-20,18.8,9.2,0.0,0.0,weekday,6.6,3.1,0.047
2025-03-21,15.4,2.6,0.088,0.0,weekday,3.1,7.3,0.01
2025-03-22,17.9,3.2,0.465,0.0,holiday,5.0,3.4,0.505
2025-03-23,17.4,3.2,0.52,0.0,holiday,7.0,3.8,0.566
2025-03-24,18.7,3.1,0.003,0.0,weekday,5.4,5.9,0.0
2025-03-25,16.7,3.5,0.187,0.0,weekday,4.7,2.7,0.029
2025-03-26,16.5,2.5,0.0,0.0,weekday,4.8,5.1,0.0
2025-03-27,17.2,9.5,0.102,0.0,weekday,5.1,4.8,0.067
2025-03-28,17.2,5.2,0.0,0.0,weekday,5.1,9.3,0.065
2025-03-29,15.4,1.3,0.42,0.0,holiday,5.5,5.2,0.53
2025-03-30,15.8,1.5,0.681,0.0,holiday,1.0,5.9,0.788
2025-03-31,16.4,7.0,0.0,0.0,weekday,3.4,7.0,0.044
2025-04-01,16.3,1.7,0.067,0.0,weekday,8.6,1.9,0.045
2025-04-02,15.1,0.6,0.026,0.0,weekday,4.1,0.0,0.018
2025-04-03,16.1,,0.0,0.0,weekday,4.6,2.2,0.039
2025-04-04,16.3,8.9,0.037,0.0,weekday,4.2,0.0,0.006
2025-04-05,15.0,4.7,0.709,0.0,holiday,4.4,1.5,0.82
2025-04-06,16.1,6.8,0.451,0.0,holiday,4.0,0.0,0.479
2025-04-07,14.8,1.0,0.184,0.0,weekday,4.1,0.0,0.073
2025-04-08,15.0,1.7,0.031,0.0,weekday,5.6,2.1,0.009
2025-04-09,14.4,2.7,0.03,0.0,weekday,7.1,0.0,0.0
2025-04-10,13.0,2.1,0.063,0.0,weekday,4.4,0.6,0.043
2025-04-11,13.4,,0.051,0.0,weekday,6.6,0.0,0.052
2025-04-12,15.6,1.7,0.36,0.0,holiday,5.2,0.7,0.473
2025-04-13,14.8,4.0,0.472,0.0,holiday,5.1,0.0,0.533
2025-04-14,13.0,3.2,0.063,0.0,weekday,4.7,1.5,0.0
2025-04-15,14.7,6.3,0.029,0.0,weekday,4.7,1.8,0.0
2025-04-16,13.4,2.4,0.056,0.0,weekday,5.6,0.6,0.046
2025-04-17,13.5,2.6,0.0,0.0,weekday,6.1,2.1,0.012
2025-04-18,14.3,,0.0,0.0,weekday,4.5,1.2,0.0
2025-04-19,11.8,4.3,0.512,0.0,holiday,3.0,0.0,0.482
2025-04-20,14.7,6.5,0.596,0.0,holiday,5.1,3.1,0.52
2025-04-21,13.4,2.9,0.062,0.0,weekday,4.4,2.2,0.093
2025-04-22,13.6,6.8,0.026,0.0,weekday,8.6,2.8,0.025
2025-04-23,12.7,6.8,0.059,0.0,weekday,6.5,0.0,0.017
2025-04-24,13.1,3.7,0.0,0.0,weekday,5.1,0.7,0.034
2025-04-25,13.0,4.0,0.0,,weekday,4.3,0.0,0.027
2025-04-26,12.0,3.6,0.336,0.0,holiday,6.2,0.0,0.467
2025-04-27,13.5,3.4,0.37,0.0,holiday,5.1,3.4,0.512
2025-04-28,12.9,6.2,0.0,0.0,weekday,5.2,1.2,0.0
2025-04-29,10.7,1.5,0.0,0.0,weekday,6.3,0.5,0.0
2025-04-30,11.8,3.4,0.003,0.0,weekday,6.8,0.8,0.01
2025-05-01,12.6,4.3,0.306,0.0,holiday,6.0,1.5,0.497
2025-05-02,10.6,2.1,0.047,,holiday,6.0,2.1,0.423
2025-05-03,10.4,2.4,0.392,0.0,holiday,6.5,0.0,0.481
2025-05-04,11.9,5.8,0.399,0.0,holiday,4.2,0.0,0.521
2025-05-05,10.1,4.9,0.157,0.0,holiday,8.5,1.8,0.407
2025-05-06,11.2,0.4,0.066,0.0,holiday,5.8,0.0,0.403
2025-05-07,11.6,2.1,0.32,0.0,holiday,5.1,3.2,0.463
2025-05-08,10.6,1.1,0.131,0.0,holiday,3.7,0.0,0.457
2025-05-09,11.1,4.3,0.295,0.0,holiday,6.0,0.0,0.436
2025-05-10,12.0,1.6,0.389,0.0,holiday,3.7,0.0,0.562
2025-05-11,10.5,7.1,0.126,0.0,holiday,5.9,1.2,0.432
2025-05-12,10.8,3.0,0.321,0.0,holiday,4.9,0.0,0.468
2025-05-13,10.0,3.6,0.345,0.0,holiday,5.5,0.3,0.692
2025-05-14,10.9,1.1,0.317,0.0,holiday,5.9,0.6,0.42
2025-05-15,11.1,3.1,0.0,0.0,holiday,7.2,0.0,0.371
2025-05-16,10.3,0.8,0.183,0.0,holiday,3.9,2.4,0.408
2025-05-17,11.1,0.6,0.414,0.0,holiday,4.8,0.0,0.514
2025-05-18,10.1,4.0,0.382,0.0,holiday,5.4,1.7,0.459
2025-05-19,9.1,3.3,,0.0,holiday,5.0,0.0,0.45
2025-05-20,11.2,3.5,0.263,0.0,holiday,6.4,0.0,0.488
2025-05-21,10.2,6.5,0.162,0.0,holiday,7.9,0.0,0.395
2025-05-22,10.0,9.7,0.256,0.0,holiday,7.7,1.4,0.459
2025-05-23,10.5,11.1,0.19,0.0,holiday,7.0,0.0,0.48
2025-05-24,10.4,2.5,0.471,0.0,holiday,5.1,0.0,0.438
2025-05-25,10.3,7.5,,0.0,holiday,3.9,1.8,0.447
2025-05-26,8.3,7.2,0.11,0.0,holiday,5.9,0.0,0.433
2025-05-27,7.6,3.8,0.035,0.0,holiday,4.7,0.0,0.364
2025-05-28,9.0,6.0,0.159,0.0,holiday,5.1,0.0,0.345
2025-05-29,9.5,1.5,0.172,0.0,holiday,6.8,0.5,0.449
2025-05-30,9.6,5.4,0.44,0.0,holiday,7.0,0.0,0.726
2025-05-31,10.1,1.8,0.336,0.0,holiday,4.9,1.6,0.483
2025-06-01,9.9,19.3,0.407,0.0,holiday,4.5,0.0,0.466
2025-06-02,10.5,20.7,0.0,0.0,weekday,3.4,0.0,0.0
2025-06-03,9.6,19.0,0.0,0.0,weekday,4.3,1.2,0.0
2025-06-04,9.4,18.6,0.0,0.0,weekday,4.7,0.0,0.0
2025-06-05,9.4,21.3,0.0,,weekday,5.4,0.0,0.0
2025-06-06,8.6,19.1,0.0,0.0,weekday,6.3,2.2,0.0
2025-06-07,9.4,18.7,0.323,0.0,holiday,4.3,1.2,0.433
2025-06-08,8.5,20.8,0.344,0.0,holiday,5.3,0.0,0.453
2025-06-09,9.6,28.1,0.082,0.0,weekday,4.3,0.0,0.21
2025-06-10,9.1,20.0,,0.0,weekday,5.4,0.0,0.0
2025-06-11,9.7,26.6,0.0,0.0,weekday,5.5,0.0,0.0
2025-06-12,10.5,21.6,0.002,0.0,weekday,6.9,0.0,0.0
2025-06-13,7.3,22.8,0.0,0.0,weekday,4.2,1.7,0.0
2025-06-14,10.0,19.5,0.334,0.0,holiday,1.9,0.9,0.484
2025-06-15,10.0,,0.244,0.0,holiday,8.6,0.0,0.445
2025-06-16,9.1,20.7,0.0,0.0,weekday,3.5,0.4,0.0
2025-06-17,9.7,23.4,0.048,0.0,weekday,4.6,1.6,0.0
2025-06-18,8.8,21.1,0.0,0.0,weekday,5.6,0.0,0.0
2025-06-19,10.0,19.3,0.0,0.0,weekday,6.4,0.0,0.0
2025-06-20,10.0,23.2,0.0,,weekday,7.2,0.0,0.0
2025-06-21,9.7,19.3,0.305,0.0,holiday,5.2,0.0,0.399
2025-06-22,7.8,24.9,0.169,0.0,holiday,4.6,1.5,0.425
2025-06-23,10.1,18.9,0.297,,weekday,6.6,0.0,0.241
2025-06-24,8.6,23.6,0.0,0.0,weekday,3.1,3.6,0.0
2025-06-25,11.5,,0.0,,weekday,6.0,1.6,0.0
2025-06-26,10.6,,0.0,0.0,weekday,4.9,0.0,0.0
2025-06-27,8.7,19.2,0.0,0.0,weekday,5.2,0.0,0.0
2025-06-28,9.4,21.8,0.236,0.0,holiday,5.1,0.0,0.41
2025-06-29,10.1,19.6,0.366,0.0,holiday,5.8,0.5,0.421
2025-06-30,8.8,22.5,0.001,,weekday,4.4,1.9,0.0
2025-07-01,9.5,20.5,0.0,0.0,weekday,5.1,0.0,0.0
2025-07-02,10.2,18.9,0.0,0.0,weekday,3.1,0.0,0.0
2025-07-03,11.0,19.8,0.0,0.0,weekday,3.8,1.4,0.017
2025-07-04,10.2,21.7,0.0,0.0,weekday,5.4,0.0,0.0
2025-07-05,9.7,22.3,0.388,0.0,holiday,6.7,0.0,0.456
2025-07-06,10.4,20.5,0.612,0.0,holiday,6.8,0.0,0.733
2025-07-07,9.4,24.2,0.0,0.0,weekday,3.5,3.7,0.0
2025-07-08,10.6,21.4,0.0,0.0,weekday,8.2,1.7,0.0
2025-07-09,10.2,19.0,0.007,0.0,weekday,4.3,0.0,0.0
2025-07-10,8.7,,0.0,0.0,weekday,4.8,0.0,0.0
2025-07-11,10.5,7.2,0.064,,weekday,4.9,0.5,0.011
2025-07-12,9.6,5.8,0.303,0.0,holiday,3.8,0.1,0.448
2025-07-13,9.9,2.3,0.37,0.0,holiday,6.0,0.0,0.497
2025-07-14,10.1,1.6,0.0,0.0,weekday,3.7,0.0,0.011
2025-07-15,10.4,0.5,0.072,0.0,weekday,5.1,0.6,0.039
2025-07-16,10.2,6.3,0.057,0.0,weekday,4.9,0.0,0.005
2025-07-17,10.6,5.0,0.0,0.0,weekday,5.8,0.0,0.083
2025-07-18,11.3,5.7,0.0,0.0,weekday,4.8,0.3,0.012
2025-07-19,11.5,2.6,0.509,0.0,holiday,6.9,1.6,0.502
2025-07-20,10.9,6.6,0.271,0.0,holiday,6.5,0.0,0.462
2025-07-21,9.8,3.2,0.0,0.0,weekday,5.3,0.0,0.0
2025-07-22,10.6,1.5,0.059,0.0,weekday,3.2,2.9,0.013
2025-07-23,11.2,0.8,0.074,0.0,weekday,5.1,0.0,0.034
2025-07-24,9.7,0.2,0.036,0.0,weekday,6.2,0.6,0.051
2025-07-25,11.0,5.0,0.019,0.0,weekday,6.6,0.0,0.048
2025-07-26,12.3,6.4,0.349,0.0,holiday,7.3,0.2,0.504
2025-07-27,10.8,1.8,0.432,0.0,holiday,5.8,1.7,0.522
2025-07-28,12.1,6.8,0.0,0.0,weekday,6.0,0.0,0.004
2025-07-29,11.5,5.1,0.096,0.0,weekday,4.5,1.5,0.014
2025-07-30,12.6,2.4,0.0,0.0,weekday,6.9,0.0,0.0
2025-07-31,11.4,0.7,0.0,0.0,weekday,6.9,1.1,0.0
2025-08-01,12.1,23.1,0.524,0.0,holiday,11.0,2.8,0.676
2025-08-02,12.3,21.0,0.334,0.0,holiday,11.0,2.0,0.445
2025-08-03,11.3,19.0,0.424,0.0,holiday,10.8,0.0,0.461
2025-08-04,12.5,19.3,0.473,0.0,holiday,11.5,0.7,0.73
2025-08-05,12.8,18.6,0.565,0.0,holiday,10.3,0.0,0.745
2025-08-06,14.1,18.4,0.237,0.0,holiday,10.8,0.4,0.359
2025-08-07,13.2,18.2,0.251,0.0,holiday,10.6,3.8,0.384
2025-08-08,13.3,19.2,0.17,0.0,holiday,10.9,0.0,0.425
2025-08-09,14.2,20.9,0.447,0.0,holiday,9.8,0.2,0.465
2025-08-10,12.5,21.7,0.457,0.0,holiday,11.6,0.2,0.49
2025-08-11,14.8,19.8,0.114,0.0,holiday,7.8,0.8,0.386
2025-08-12,13.8,20.8,0.234,0.0,holiday,9.8,0.0,0.417
2025-08-13,14.1,19.9,0.158,0.0,holiday,10.8,0.4,0.391
2025-08-14,15.5,19.9,0.307,0.0,holiday,8.8,0.0,0.418
2025-08-15,13.9,23.8,0.077,0.0,holiday,11.8,0.0,0.37
2025-08-16,14.2,19.8,0.382,0.0,holiday,11.4,0.5,0.451
2025-08-17,14.5,18.6,0.449,0.0,holiday,11.0,0.8,0.464
2025-08-18,14.3,17.3,0.239,0.0,holiday,13.3,0.1,0.379
2025-08-19,16.1,19.2,0.241,0.0,holiday,11.9,0.0,0.407
2025-08-20,15.3,20.2,0.29,0.0,holiday,11.0,0.0,0.453
2025-08-21,15.6,24.2,0.033,0.0,holiday,9.9,0.0,0.353
2025-08-22,16.1,19.5,0.046,0.0,holiday,10.8,1.5,0.4
2025-08-23,15.6,,0.316,0.0,holiday,10.2,0.0,0.461
2025-08-24,15.2,18.5,0.434,0.0,holiday,12.9,0.5,0.464
2025-08-25,16.1,19.7,0.259,0.0,holiday,11.9,0.7,0.391
2025-08-26,16.0,18.0,0.325,0.0,holiday,9.7,0.0,0.612
2025-08-27,15.2,20.0,0.301,0.0,holiday,9.8,0.0,0.424
2025-08-28,15.2,21.2,0.197,0.0,holiday,11.1,0.0,0.389
2025-08-29,13.8,21.2,0.14,,holiday,9.1,0.0,0.395
2025-08-30,17.4,19.3,0.402,0.0,holiday,13.1,0.0,0.458
2025-08-31,15.3,17.8,0.37,0.0,holiday,12.5,0.0,0.446
2025-09-01,17.4,19.3,0.0,0.0,weekday,12.8,0.0,0.0
2025-09-02,18.2,16.9,0.0,0.0,weekday,10.0,0.0,0.024
2025-09-03,16.2,,0.0,0.0,weekday,12.0,0.0,0.0
2025-09-04,17.7,19.8,0.074,0.0,weekday,13.1,0.2,0.0
2025-09-05,18.5,18.0,0.0,0.0,weekday,12.1,1.6,0.047
2025-09-06,18.1,24.6,0.429,0.0,holiday,11.6,1.2,0.491
2025-09-07,17.9,20.5,0.414,0.0,holiday,10.0,1.6,0.412
2025-09-08,17.6,21.5,0.0,0.0,weekday,8.7,0.1,0.0
2025-09-09,17.2,25.9,0.271,0.0,weekday,11.8,0.0,0.271
2025-09-10,17.8,16.4,0.13,0.0,weekday,13.6,0.0,0.001
2025-09-11,19.2,18.8,0.0,0.0,weekday,10.5,0.0,0.0
