date,holiday,event_local_flag,rainfall_mm,tourist_inflow_count,temperature_c,wind_speed_mps,snowfall_cm,y
2023-09-13,weekday,1.0,18.8,0.135,20.2,10.3,0.0,0.224
2023-09-14,weekday,0.0,18.1,0.0,19.6,8.8,0.0,0.0
2023-09-15,weekday,0.0,16.8,,19.6,10.0,0.0,0.03
2023-09-16,holiday,0.0,20.7,0.502,18.5,10.1,1.9,0.452
2023-09-17,holiday,0.0,19.1,0.393,18.9,10.2,0.5,0.443
2023-09-18,weekday,0.0,19.2,0.0,19.5,15.7,1.0,0.013
2023-09-19,weekday,0.0,25.0,0.0,18.5,11.7,0.9,0.01
2023-09-20,weekday,0.0,20.9,0.0,20.5,10.6,1.2,0.0
2023-09-21,weekday,,25.3,0.048,19.5,10.9,1.5,0.0
2023-09-22,weekday,0.0,17.9,0.0,21.8,12.4,1.3,0.0
2023-09-23,holiday,0.0,17.0,0.323,20.6,12.1,0.0,0.471
2023-09-24,holiday,0.0,21.6,0.395,20.6,10.7,2.3,0.498
2023-09-25,weekday,0.0,21.9,0.0,20.4,10.3,0.0,0.0
2023-09-26,weekday,0.0,18.1,0.137,22.1,11.7,0.0,0.021
2023-09-27,weekday,0.0,19.2,0.0,21.8,11.2,0.0,0.0
2023-09-28,weekday,0.0,17.4,,22.0,9.4,3.0,0.0
2023-09-29,weekday,1.0,18.4,0.237,21.3,9.7,0.0,0.272
2023-09-30,holiday,0.0,20.9,0.347,23.9,10.5,0.0,0.462
2023-10-01,holiday,0.0,4.0,0.656,22.6,6.9,0.0,0.562
2023-10-02,weekday,0.0,3.2,0.213,21.4,5.4,1.7,0.027
2023-10-03,weekday,0.0,8.2,0.044,22.7,4.9,0.2,0.006
2023-10-04,weekday,0.0,7.9,0.1,22.9,7.1,0.0,0.069
2023-10-05,weekday,0.0,7.3,0.112,24.1,5.0,0.1,0.019
2023-10-06,weekday,0.0,1.6,0.211,23.1,4.6,0.5,0.111
2023-10-07,holiday,0.0,2.0,,24.2,5.6,0.7,0.541
2023-10-08,holiday,0.0,0.5,0.428,22.6,6.2,0.0,0.557
2023-10-09,weekday,0.0,1.4,0.205,24.3,6.4,0.0,0.094
2023-10-10,weekday,0.0,,0.025,22.8,4.9,0.6,0.043
2023-10-11,weekday,,5.7,0.167,23.7,5.5,0.1,0.085
2023-10-12,weekday,0.0,7.0,0.136,24.1,6.8,3.8,0.031
2023-10-13,weekday,0.0,5.1,0.1,24.9,5.4,0.9,0.047
2023-10-14,holiday,0.0,5.1,0.508,25.4,3.6,0.0,0.52
2023-10-15,holiday,0.0,1.9,0.486,23.7,5.1,4.4,0.569
2023-10-16,weekday,1.0,3.7,0.231,22.7,4.0,0.0,0.26
2023-10-17,weekday,0.0,5.0,0.054,23.7,5.0,0.0,0.039
2023-10-18,weekday,0.0,3.0,0.048,25.5,5.6,0.3,0.066
2023-10-19,weekday,0.0,2.0,0.127,24.5,4.4,1.8,0.089
2023-10-20,weekday,0.0,5.1,0.078,24.6,5.1,1.9,0.052
2023-10-21,holiday,0.0,0.5,0.394,25.4,3.8,0.1,0.509
2023-10-22,holiday,0.0,3.6,0.47,26.0,4.3,1.3,0.573
2023-10-23,weekday,0.0,6.6,0.022,26.7,4.7,0.0,0.0
2023-10-24,weekday,1.0,2.3,0.343,25.7,5.6,0.1,0.363
2023-10-25,weekday,0.0,4.1,0.133,25.0,4.5,1.2,0.039
2023-10-26,weekday,0.0,6.6,0.182,26.8,6.5,0.0,0.071
2023-10-27,weekday,0.0,3.2,0.205,25.8,5.2,0.0,0.093
2023-10-28,holiday,0.0,1.7,0.486,27.2,6.3,0.0,0.554
2023-10-29,holiday,0.0,2.3,0.505,26.6,4.1,0.0,0.554
2023-10-30,weekday,,8.6,0.02,24.5,5.6,0.0,0.018
2023-10-31,weekday,0.0,3.8,0.11,27.0,4.4,2.1,0.064
2023-11-01,weekday,0.0,7.0,0.031,25.8,3.7,0.0,0.044
2023-11-02,weekday,0.0,6.1,0.083,27.1,5.0,1.5,0.086
2023-11-03,weekday,0.0,5.8,0.068,26.4,6.7,0.0,0.073
2023-11-04,holiday,0.0,1.8,0.553,27.0,6.2,0.5,0.526
2023-11-05,holiday,0.0,4.5,0.528,26.7,5.0,0.0,0.552
2023-11-06,weekday,0.0,1.7,0.012,26.8,5.3,0.0,0.025
2023-11-07,weekday,0.0,3.9,0.119,26.7,6.1,2.0,0.033
2023-11-08,weekday,0.0,6.1,0.326,26.8,5.6,0.6,0.125
2023-11-09,weekday,0.0,1.0,,26.5,6.2,0.0,0.03
2023-11-10,weekday,0.0,6.4,0.105,26.6,4.6,0.0,0.09
2023-11-11,holiday,0.0,2.4,0.646,26.6,5.1,0.1,0.547
2023-11-12,holiday,,4.4,0.42,27.4,4.5,0.0,0.5
2023-11-13,weekday,0.0,1.0,0.089,26.5,6.6,0.0,0.031
2023-11-14,weekday,0.0,4.2,0.164,28.2,4.9,0.0,0.068
2023-11-15,weekday,0.0,4.3,0.067,29.4,4.8,1.0,0.002
2023-11-16,weekday,1.0,4.8,0.19,28.7,5.6,1.5,0.267
2023-11-17,weekday,0.0,5.3,0.0,28.3,5.2,0.0,0.07
2023-11-18,,,4.6,0.458,28.0,3.8,0.0,0.521
2023-11-19,holiday,0.0,1.4,0.596,28.9,5.5,1.5,0.552
2023-11-20,weekday,0.0,1.5,0.103,28.5,6.7,0.0,0.118
2023-11-21,weekday,0.0,1.7,0.244,30.1,6.3,1.2,0.123
2023-11-22,weekday,1.0,1.5,0.434,28.1,5.0,0.0,0.39
2023-11-23,weekday,0.0,,0.251,28.3,3.0,0.0,0.133
2023-11-24,weekday,0.0,0.8,0.1,28.8,4.1,3.2,0.135
2023-11-25,holiday,0.0,0.3,0.529,28.5,6.6,0.0,0.541
2023-11-26,holiday,0.0,0.5,0.279,29.5,3.9,1.5,0.547
2023-11-27,weekday,0.0,0.6,0.182,28.8,4.4,0.1,0.076
2023-11-28,weekday,0.0,4.9,0.13,28.0,4.6,0.0,0.081
2023-11-29,weekday,0.0,3.4,0.049,29.0,4.1,1.6,0.059
2023-11-30,weekday,0.0,3.0,0.097,29.2,6.7,0.0,0.071
2023-12-01,,0.0,4.9,0.448,28.4,4.6,1.2,0.468
2023-12-02,holiday,0.0,4.0,0.553,28.3,5.4,1.9,0.579
2023-12-03,holiday,1.0,0.3,0.819,28.1,7.2,1.8,0.828
2023-12-04,holiday,1.0,,0.564,28.7,3.3,0.0,0.75
2023-12-05,holiday,0.0,3.1,0.366,28.0,6.2,3.3,0.456
2023-12-06,holiday,0.0,4.9,0.165,27.8,5.9,1.6,0.428
2023-12-07,holiday,0.0,2.1,0.341,29.1,5.4,1.0,0.449
2023-12-08,holiday,0.0,3.0,,27.3,4.5,2.4,0.433
2023-12-09,holiday,0.0,0.8,0.605,29.4,4.0,1.0,0.607
2023-12-10,holiday,0.0,1.5,0.491,28.5,5.1,3.8,0.568
2023-12-11,holiday,0.0,1.5,0.536,29.9,4.9,2.6,0.509
2023-12-12,holiday,0.0,5.3,0.383,29.4,7.3,2.6,0.453
2023-12-13,holiday,0.0,10.2,0.404,29.3,4.6,4.0,0.43
2023-12-14,holiday,0.0,6.4,0.151,30.3,5.1,2.6,0.441
2023-12-15,holiday,,4.2,0.308,28.6,5.3,0.0,0.49
2023-12-16,holiday,0.0,3.3,0.57,28.0,4.3,1.5,0.601
2023-12-17,holiday,0.0,2.7,0.528,30.1,4.8,0.0,0.521
2023-12-18,,1.0,2.9,0.569,28.3,4.2,5.4,0.786
2023-12-19,holiday,0.0,8.6,0.366,29.1,6.0,1.9,0.48
2023-12-20,holiday,1.0,0.2,0.63,29.4,3.4,2.6,0.786
2023-12-21,holiday,0.0,1.6,0.343,26.2,6.4,2.0,0.511
2023-12-22,holiday,0.0,4.1,0.332,29.8,6.3,0.1,0.489
2023-12-23,holiday,0.0,7.5,0.305,27.6,6.5,3.3,0.499
2023-12-24,holiday,0.0,1.6,0.427,28.8,2.9,3.1,0.571
2023-12-25,holiday,0.0,5.3,0.26,29.5,5.2,4.1,0.483
2023-12-26,holiday,0.0,3.1,0.436,29.8,5.2,1.5,0.518
2023-12-27,holiday,0.0,2.6,,28.0,5.0,1.4,0.518
2023-12-28,holiday,0.0,2.3,0.489,28.0,7.7,3.5,0.492
2023-12-29,holiday,0.0,7.2,0.486,28.0,6.0,1.6,0.559
2023-12-30,holiday,0.0,4.0,0.446,27.1,3.3,2.8,0.506
2023-12-31,holiday,0.0,7.4,0.394,29.6,6.1,2.3,0.461
2024-01-01,holiday,0.0,4.2,0.281,27.6,3.6,4.8,0.448
2024-01-02,holiday,1.0,3.3,,27.7,5.4,0.7,0.754
2024-01-03,holiday,0.0,1.4,0.31,27.1,6.1,2.6,0.472
2024-01-04,holiday,0.0,4.8,0.291,27.8,6.1,0.9,0.525
2024-01-05,holiday,0.0,3.5,0.324,28.4,5.8,3.2,0.47
2024-01-06,holiday,,1.6,0.344,27.8,5.2,3.7,0.528
2024-01-07,holiday,0.0,,0.48,26.7,6.0,1.8,0.565
2024-01-08,holiday,0.0,4.9,,27.4,4.1,2.0,0.493
2024-01-09,holiday,0.0,2.4,0.322,28.3,3.9,2.3,0.488
2024-01-10,holiday,0.0,3.1,0.304,27.9,6.0,3.6,0.499
2024-01-11,holiday,0.0,2.2,0.271,27.4,4.8,2.6,0.497
2024-01-12,holiday,0.0,2.0,0.319,28.3,5.7,0.4,0.496
2024-01-13,holiday,0.0,1.8,0.478,27.6,5.0,0.0,0.6
2024-01-14,holiday,0.0,3.1,0.661,28.9,4.6,1.1,0.577
2024-01-15,holiday,0.0,3.3,0.37,27.5,6.1,0.0,0.531
2024-01-16,holiday,0.0,6.5,0.32,27.8,6.4,1.5,0.444
2024-01-17,holiday,0.0,,0.358,26.4,5.1,1.0,0.452
2024-01-18,holiday,0.0,6.5,0.268,26.4,6.2,2.3,0.448
2024-01-19,holiday,0.0,4.8,0.366,27.0,3.4,1.4,0.485
2024-01-20,holiday,0.0,2.1,0.676,26.5,7.8,0.0,0.624
2024-01-21,holiday,0.0,3.5,0.475,28.3,6.2,5.0,0.544
2024-01-22,holiday,0.0,1.8,0.315,26.2,3.4,2.8,0.503
2024-01-23,holiday,0.0,2.0,,26.6,5.2,3.6,0.461
2024-01-24,holiday,0.0,3.5,0.283,25.9,2.9,1.8,0.441
2024-01-25,holiday,0.0,1.1,0.328,27.1,6.8,5.3,0.479
2024-01-26,holiday,0.0,4.6,0.179,25.4,4.9,2.0,0.427
2024-01-27,holiday,0.0,4.8,0.437,25.2,6.4,1.9,0.512
2024-01-28,holiday,0.0,2.6,0.473,27.1,5.5,1.8,0.532
2024-01-29,holiday,0.0,,0.315,27.4,3.6,0.0,0.427
2024-01-30,holiday,0.0,2.4,0.332,24.1,6.8,0.7,0.474
2024-01-31,holiday,0.0,5.3,0.346,25.3,5.2,1.1,0.477
2024-02-01,weekday,0.0,1.5,0.228,24.8,5.3,1.1,0.121
2024-02-02,weekday,0.0,2.6,0.083,24.5,4.2,4.5,0.027
2024-02-03,holiday,0.0,1.1,0.508,24.6,5.6,3.4,0.53
2024-02-04,holiday,0.0,0.9,0.565,25.5,7.0,2.9,0.564
2024-02-05,weekday,0.0,1.1,0.099,25.2,4.8,4.1,0.067
2024-02-06,weekday,0.0,2.0,0.092,25.3,5.4,7.6,0.057
2024-02-07,weekday,0.0,3.9,0.014,23.9,4.6,5.2,0.046
2024-02-08,weekday,0.0,2.5,0.121,25.2,2.8,0.7,0.008
2024-02-09,weekday,0.0,3.0,0.194,24.5,5.5,1.2,0.099
2024-02-10,holiday,0.0,2.9,0.626,23.7,4.9,2.2,0.565
2024-02-11,holiday,0.0,5.2,0.489,24.0,5.3,2.7,0.534
2024-02-12,weekday,0.0,2.6,0.126,24.7,6.8,0.0,0.058
2024-02-13,weekday,0.0,8.6,0.098,24.7,3.8,2.5,0.06
2024-02-14,weekday,,1.9,0.227,23.5,2.5,1.3,0.102
2024-02-15,weekday,0.0,2.4,0.12,22.6,5.9,2.2,0.074
2024-02-16,weekday,0.0,6.0,0.131,23.2,6.3,2.8,0.059
2024-02-17,holiday,0.0,8.5,0.546,23.3,3.6,2.6,0.515
2024-02-18,holiday,0.0,,0.393,22.2,5.6,5.3,0.501
2024-02-19,weekday,0.0,8.2,0.0,22.7,6.6,3.6,0.029
2024-02-20,weekday,0.0,4.2,0.025,21.7,5.9,1.1,0.0
2024-02-21,weekday,0.0,2.2,0.184,22.9,5.7,2.7,0.096
2024-02-22,weekday,1.0,3.0,0.391,22.3,3.9,2.2,0.368
2024-02-23,weekday,0.0,7.2,0.216,22.6,7.8,4.3,0.012
2024-02-24,holiday,0.0,3.3,0.398,21.9,3.1,2.8,0.467
2024-02-25,holiday,0.0,1.6,0.467,22.2,3.0,4.0,0.513
2024-02-26,weekday,0.0,0.9,0.0,21.3,5.4,7.1,0.012
2024-02-27,weekday,0.0,2.9,0.139,22.2,5.1,2.2,0.0
2024-02-28,weekday,0.0,1.9,0.176,21.9,3.2,4.5,0.071
2024-02-29,weekday,0.0,2.0,0.148,20.8,4.7,6.9,0.089
2024-03-01,weekday,0.0,3.3,0.075,21.2,4.4,2.5,0.071
2024-03-02,holiday,0.0,5.7,0.505,20.3,3.7,3.5,0.503
2024-03-03,holiday,0.0,6.9,0.471,20.4,3.7,4.1,0.528
2024-03-04,weekday,0.0,9.9,0.029,20.9,4.8,5.9,0.0
2024-03-05,weekday,0.0,1.4,0.247,21.0,7.2,3.3,0.072
2024-03-06,weekday,0.0,2.5,0.215,19.8,6.2,2.4,0.092
2024-03-07,weekday,0.0,,0.0,19.8,4.1,7.3,0.0
2024-03-08,weekday,0.0,,0.061,18.9,5.9,6.3,0.011
2024-03-09,holiday,0.0,4.3,0.326,20.6,7.4,3.8,0.487
2024-03-10,holiday,0.0,3.9,0.449,19.3,3.9,5.5,0.531
2024-03-11,weekday,0.0,4.1,0.022,20.2,5.7,6.0,0.014
2024-03-12,weekday,0.0,6.3,0.0,21.6,6.7,2.0,0.038
2024-03-13,weekday,0.0,1.6,0.006,17.6,5.3,5.6,0.003
2024-03-14,weekday,0.0,4.1,0.064,19.2,6.2,3.7,0.056
2024-03-15,weekday,0.0,6.0,0.0,17.3,7.5,4.8,0.029
2024-03-16,holiday,0.0,6.1,0.657,17.9,3.8,4.3,0.533
2024-03-17,holiday,0.0,4.7,0.504,18.2,6.4,4.2,0.508
2024-03-18,weekday,0.0,2.3,0.126,18.2,4.1,2.5,0.083
2024-03-19,weekday,0.0,1.7,0.067,17.9,7.9,4.9,0.036
2024-03-20,weekday,,3.0,0.087,17.0,6.4,4.9,0.045
2024-03-21,weekday,1.0,2.9,0.324,17.5,7.1,7.8,0.326
2024-03-22,weekday,0.0,1.5,0.0,17.2,4.2,5.3,0.043
2024-03-23,holiday,0.0,5.6,0.501,15.7,6.1,6.1,0.558
2024-03-24,holiday,0.0,4.3,0.585,16.7,4.9,2.3,0.535
2024-03-25,weekday,0.0,3.7,0.171,17.4,5.1,3.1,0.069
2024-03-26,weekday,1.0,3.3,0.219,17.6,3.4,2.6,0.281
2024-03-27,weekday,0.0,6.4,0.12,15.9,3.9,4.7,0.022
2024-03-28,weekday,0.0,6.0,0.044,17.0,4.2,0.5,0.0
2024-03-29,weekday,0.0,4.0,0.0,16.7,4.9,2.6,0.026
2024-03-30,holiday,0.0,2.8,0.553,17.9,3.3,5.2,0.555
2024-03-31,holiday,0.0,6.3,0.468,15.8,5.9,3.4,0.5
2024-04-01,weekday,0.0,4.3,0.134,15.7,5.5,0.7,0.044
2024-04-02,weekday,0.0,2.9,0.058,15.9,5.7,0.0,0.011
2024-04-03,weekday,0.0,2.3,0.0,15.6,5.3,0.0,0.033
2024-04-04,weekday,0.0,6.0,0.111,15.6,6.9,0.0,0.06
2024-04-05,weekday,0.0,,0.0,15.2,7.6,0.0,0.037
2024-04-06,holiday,0.0,0.7,0.442,15.4,6.0,0.0,0.488
2024-04-07,holiday,0.0,4.6,0.438,14.7,5.8,3.7,0.511
2024-04-08,weekday,0.0,5.9,,14.2,4.4,0.0,0.027
2024-04-09,weekday,0.0,5.0,0.052,14.9,6.7,0.6,0.015
2024-04-10,weekday,0.0,2.9,0.0,14.2,6.5,0.0,0.0
2024-04-11,weekday,0.0,1.1,0.163,13.6,5.0,0.0,0.1
2024-04-12,weekday,0.0,,0.009,14.0,3.5,0.0,0.016
2024-04-13,holiday,0.0,0.4,0.612,14.5,5.7,0.0,0.512
2024-04-14,holiday,,3.7,0.438,14.1,6.3,1.9,0.56
2024-04-15,weekday,0.0,4.0,0.0,14.2,6.5,2.0,0.036
2024-04-16,weekday,0.0,1.5,0.0,15.2,5.5,0.3,0.009
2024-04-17,weekday,1.0,4.9,0.266,13.6,4.7,0.0,0.325
2024-04-18,weekday,0.0,5.3,0.0,12.8,5.5,0.0,0.0
2024-04-19,weekday,0.0,2.8,0.035,12.6,6.0,0.1,0.0
2024-04-20,holiday,0.0,3.3,0.413,12.6,6.4,0.0,0.468
2024-04-21,holiday,0.0,6.9,0.455,13.7,4.6,1.5,0.521
2024-04-22,weekday,0.0,3.8,0.076,11.7,4.6,0.3,0.033
2024-04-23,weekday,1.0,2.7,0.107,12.1,6.6,1.1,0.255
2024-04-24,weekday,0.0,6.0,0.0,12.9,5.7,0.0,0.004
2024-04-25,weekday,0.0,1.7,0.0,11.3,4.7,3.3,0.009
2024-04-26,weekday,0.0,5.2,0.0,13.8,3.5,0.0,0.0
2024-04-27,holiday,0.0,2.0,,12.3,6.1,0.0,0.492
2024-04-28,holiday,0.0,4.7,0.381,12.0,6.2,0.0,0.463
2024-04-29,weekday,0.0,0.9,,11.5,5.9,4.3,0.041
2024-04-30,weekday,0.0,0.8,0.0,11.2,5.6,0.0,0.015
2024-05-01,holiday,1.0,4.6,0.586,10.9,7.2,0.0,0.708
2024-05-02,holiday,0.0,5.3,0.174,11.2,6.6,1.4,0.46
2024-05-03,holiday,0.0,5.8,0.205,10.5,5.4,0.8,0.44
2024-05-04,holiday,0.0,3.0,0.241,11.2,5.7,0.8,0.469
2024-05-05,holiday,0.0,,0.412,11.0,6.8,0.4,0.455
2024-05-06,holiday,0.0,3.7,0.306,11.2,5.9,1.1,0.419
2024-05-07,holiday,0.0,0.5,0.222,10.3,7.3,3.5,0.402
2024-05-08,holiday,0.0,1.1,0.198,10.7,5.8,3.7,0.417
2024-05-09,holiday,0.0,2.3,0.157,10.7,4.5,0.0,0.485
2024-05-10,holiday,0.0,3.7,0.365,10.4,6.4,0.0,0.472
2024-05-11,holiday,0.0,10.1,0.265,11.3,6.1,0.7,0.439
2024-05-12,holiday,0.0,5.5,,10.7,4.5,0.0,0.51
2024-05-13,holiday,0.0,4.6,0.222,9.9,5.9,3.1,0.415
2024-05-14,holiday,1.0,3.5,0.391,10.1,4.3,0.1,0.65
2024-05-15,holiday,0.0,3.2,0.442,10.1,4.7,0.0,0.497
2024-05-16,holiday,0.0,4.2,0.175,8.5,5.5,1.6,0.436
2024-05-17,holiday,0.0,4.7,0.076,8.1,5.8,0.0,0.433
2024-05-18,holiday,,4.5,0.408,10.7,5.8,0.7,0.457
2024-05-19,holiday,0.0,3.0,0.22,11.0,5.0,2.9,0.46
2024-05-20,holiday,0.0,4.8,0.076,9.6,5.9,0.0,0.429
2024-05-21,holiday,,1.8,0.198,9.8,5.4,0.0,0.412
2024-05-22,holiday,0.0,2.8,0.186,9.0,4.8,2.3,0.422
2024-05-23,holiday,0.0,2.3,0.103,10.5,6.2,2.9,0.392
2024-05-24,holiday,0.0,2.5,0.157,10.6,6.0,3.3,0.414
2024-05-25,holiday,0.0,8.2,0.338,9.2,4.4,2.7,0.488
2024-05-26,holiday,0.0,5.4,0.42,10.0,6.0,0.0,0.467
2024-05-27,holiday,0.0,4.4,0.191,11.1,7.3,0.5,0.441
2024-05-28,holiday,0.0,4.2,0.159,10.0,6.4,0.3,0.41
2024-05-29,holiday,0.0,1.4,0.088,10.2,4.1,1.4,0.356
2024-05-30,holiday,0.0,4.0,0.281,8.7,3.7,1.1,0.449
2024-05-31,holiday,0.0,3.3,0.038,9.0,6.0,0.0,0.416
2024-06-01,holiday,0.0,26.5,0.345,9.3,4.3,1.1,0.435
2024-06-02,holiday,0.0,20.0,0.409,9.6,2.7,1.7,0.409
2024-06-03,weekday,0.0,21.0,0.0,9.6,4.4,0.7,0.04
2024-06-04,weekday,0.0,24.1,0.088,9.4,5.7,0.0,0.0
2024-06-05,weekday,0.0,18.3,0.086,10.1,5.9,0.0,0.013
2024-06-06,weekday,1.0,21.4,0.072,7.0,6.0,0.6,0.146
2024-06-07,weekday,0.0,20.5,0.0,8.4,5.0,0.0,0.007
2024-06-08,holiday,0.0,24.4,0.24,9.3,4.5,0.0,0.447
2024-06-09,holiday,1.0,21.0,0.537,9.5,5.5,0.1,0.658
2024-06-10,weekday,0.0,,0.0,9.7,3.9,0.0,0.0
2024-06-11,weekday,0.0,19.8,0.0,9.1,5.3,0.0,0.0
2024-06-12,weekday,0.0,22.1,0.0,10.1,7.6,0.0,0.0
2024-06-13,weekday,0.0,22.2,0.019,9.2,4.8,0.0,0.0
2024-06-14,weekday,0.0,22.7,0.0,8.6,5.1,0.9,0.004
2024-06-15,holiday,1.0,18.7,0.662,9.5,4.0,0.0,0.704
2024-06-16,holiday,0.0,23.5,0.282,9.5,4.3,0.0,0.399
2024-06-17,weekday,0.0,20.1,0.0,8.0,4.3,0.3,0.0
2024-06-18,weekday,0.0,24.4,,9.7,3.3,1.4,0.0
2024-06-19,weekday,0.0,19.9,0.01,8.4,5.2,4.1,0.0
2024-06-20,weekday,0.0,19.9,0.0,8.7,2.8,0.0,0.0
2024-06-21,weekday,1.0,21.7,0.156,10.5,5.0,0.0,0.236
2024-06-22,holiday,0.0,23.7,0.355,9.8,4.0,0.1,0.423
2024-06-23,holiday,0.0,20.4,0.437,8.5,5.9,1.0,0.443
2024-06-24,weekday,0.0,19.9,0.0,9.5,4.8,0.0,0.004
2024-06-25,weekday,0.0,20.8,0.049,9.6,3.5,0.7,0.0
2024-06-26,weekday,0.0,20.8,,8.3,9.1,2.0,0.0
2024-06-27,weekday,0.0,18.3,0.0,8.8,2.4,0.0,0.0
2024-06-28,weekday,0.0,19.7,0.0,9.1,6.0,1.2,0.0
2024-06-29,holiday,0.0,19.1,0.425,8.2,5.7,0.0,0.453
2024-06-30,holiday,1.0,22.3,0.588,7.5,5.8,2.5,0.664
2024-07-01,weekday,1.0,26.3,0.255,10.6,6.8,0.1,0.229
2024-07-02,weekday,0.0,23.9,0.0,8.4,4.3,0.0,0.0
2024-07-03,weekday,0.0,20.4,0.0,9.1,4.7,2.0,0.0
2024-07-04,weekday,0.0,19.8,0.0,9.3,4.3,1.3,0.0
2024-07-05,weekday,0.0,21.4,0.0,10.7,5.9,1.0,0.0
2024-07-06,holiday,0.0,21.5,0.343,9.7,7.1,0.0,0.451
2024-07-07,holiday,1.0,23.6,0.609,11.2,4.1,0.9,0.736
2024-07-08,weekday,,24.3,0.075,10.2,6.6,0.0,0.0
2024-07-09,weekday,1.0,20.2,0.212,10.9,6.1,0.0,0.23
2024-07-10,weekday,0.0,20.2,0.0,9.2,4.1,0.0,0.0
2024-07-11,weekday,0.0,5.8,0.0,10.2,4.8,0.6,0.0
2024-07-12,weekday,0.0,0.4,0.0,9.4,6.5,0.0,0.0
2024-07-13,holiday,0.0,1.0,0.462,10.4,5.4,0.0,0.505
2024-07-14,holiday,0.0,6.5,0.422,9.4,2.8,1.3,0.483
2024-07-15,weekday,0.0,2.7,0.0,10.9,4.7,0.0,0.0
2024-07-16,weekday,0.0,3.6,0.0,9.7,5.6,2.6,0.016
2024-07-17,weekday,0.0,0.2,0.142,10.8,4.5,0.0,0.011
2024-07-18,weekday,0.0,1.8,0.0,10.3,5.5,3.8,0.02
2024-07-19,weekday,0.0,0.9,0.003,10.7,8.3,0.0,0.0
2024-07-20,holiday,0.0,1.4,0.45,11.2,4.5,0.0,0.501
2024-07-21,holiday,0.0,2.8,0.325,11.9,4.5,0.0,0.482
2024-07-22,weekday,0.0,1.4,0.0,9.7,5.2,0.0,0.0
2024-07-23,weekday,1.0,4.5,,9.9,5.9,1.2,0.328
2024-07-24,weekday,0.0,0.9,0.0,11.4,6.9,0.0,0.032
2024-07-25,weekday,0.0,6.2,0.002,10.9,6.5,0.0,0.016
2024-07-26,weekday,0.0,1.0,0.085,11.7,5.9,0.9,0.0
2024-07-27,holiday,0.0,2.6,0.443,11.5,5.1,0.0,0.496
2024-07-28,holiday,0.0,1.7,0.495,12.1,6.3,1.6,0.52
2024-07-29,weekday,0.0,0.3,0.068,10.8,4.6,0.6,0.024
2024-07-30,weekday,0.0,3.6,0.0,13.2,7.5,0.0,0.0
2024-07-31,weekday,0.0,6.8,0.0,11.1,4.8,0.0,0.0
2024-08-01,holiday,1.0,18.0,0.275,13.4,10.8,3.3,0.631
2024-08-02,holiday,0.0,,,12.2,10.7,0.0,0.33
2024-08-03,holiday,0.0,18.4,0.389,13.1,9.6,0.2,0.45
2024-08-04,holiday,0.0,25.0,0.366,12.3,9.5,0.0,0.432
2024-08-05,holiday,0.0,17.3,0.233,13.7,11.2,2.3,0.403
2024-08-06,holiday,0.0,19.4,0.036,14.2,11.3,1.2,0.311
2024-08-07,holiday,0.0,18.5,0.147,13.2,9.2,1.6,0.411
2024-08-08,holiday,0.0,24.2,0.057,12.6,11.8,0.0,0.326
2024-08-09,holiday,0.0,,0.156,13.9,10.7,0.0,0.359
2024-08-10,holiday,0.0,25.8,0.421,15.4,10.9,0.0,0.47
2024-08-11,holiday,0.0,18.7,0.301,13.7,10.8,1.2,0.459
2024-08-12,holiday,0.0,17.6,0.23,14.2,11.7,1.1,0.41
2024-08-13,holiday,0.0,21.5,0.132,13.5,11.6,1.0,0.342
2024-08-14,,0.0,19.1,,14.5,13.1,3.4,0.361
2024-08-15,holiday,0.0,23.4,0.235,15.0,11.0,0.0,0.355
2024-08-16,holiday,0.0,21.0,0.269,14.0,10.4,1.9,0.452
2024-08-17,holiday,0.0,18.0,0.335,15.3,11.1,1.9,0.48
2024-08-18,holiday,0.0,18.6,0.351,13.8,12.1,0.0,0.435
2024-08-19,holiday,0.0,19.8,0.199,14.9,10.5,0.0,0.379
2024-08-20,holiday,0.0,24.9,0.229,16.4,10.4,0.5,0.416
2024-08-21,holiday,0.0,20.5,0.15,15.3,10.2,2.8,0.358
2024-08-22,holiday,1.0,17.1,0.54,16.2,11.1,0.7,0.702
2024-08-23,holiday,0.0,20.1,0.1,15.4,9.9,0.0,0.352
2024-08-24,holiday,1.0,17.0,0.723,16.1,10.2,0.0,0.776
2024-08-25,holiday,0.0,19.3,0.329,15.6,12.5,0.0,0.489
2024-08-26,holiday,1.0,22.3,0.455,16.6,12.6,1.0,0.672
2024-08-27,holiday,0.0,19.7,0.198,15.7,8.3,0.7,0.357
2024-08-28,holiday,0.0,18.5,0.23,14.7,10.1,1.3,0.356
2024-08-29,holiday,0.0,17.6,0.167,16.2,11.9,0.2,0.363
2024-08-30,holiday,0.0,20.2,0.184,16.4,12.4,0.0,0.447
2024-08-31,holiday,0.0,,0.409,17.3,8.8,0.0,0.457
2024-09-01,holiday,0.0,18.5,0.34,18.4,11.8,0.0,0.447
2024-09-02,weekday,0.0,18.0,0.005,15.0,9.2,0.0,0.0
2024-09-03,weekday,0.0,23.0,0.049,16.6,9.2,2.3,0.0
2024-09-04,weekday,0.0,21.0,0.112,17.4,11.5,3.0,0.063
2024-09-05,weekday,0.0,18.6,0.0,19.0,10.5,0.0,0.041
2024-09-06,weekday,0.0,18.3,0.0,18.4,11.7,0.0,0.0
2024-09-07,holiday,0.0,18.3,,19.6,11.7,0.0,0.492
2024-09-08,holiday,0.0,19.7,0.491,17.6,12.5,0.0,0.494
2024-09-09,weekday,0.0,21.5,0.108,19.3,11.7,2.7,0.0
2024-09-10,weekday,0.0,21.9,0.0,19.6,11.4,2.2,0.0
2024-09-11,weekday,0.0,21.1,0.0,18.5,10.1,1.7,0.0
2024-09-12,weekday,0.0,20.1,0.0,19.8,10.8,0.0,0.0
2024-09-13,weekday,0.0,17.4,,19.8,12.3,0.2,0.013
2024-09-14,holiday,0.0,24.0,0.453,19.1,10.5,0.0,0.455
2024-09-15,holiday,0.0,17.3,0.294,19.7,10.4,1.5,0.517
2024-09-16,weekday,0.0,20.2,0.0,21.2,10.9,2.3,0.0
2024-09-17,weekday,0.0,24.3,0.017,21.0,14.2,0.6,0.0
2024-09-18,weekday,1.0,21.9,0.213,21.4,9.5,0.0,0.213
2024-09-19,weekday,0.0,19.7,0.269,20.7,10.2,0.0,0.043
2024-09-20,weekday,0.0,24.3,0.019,21.4,10.8,0.0,0.015
2024-09-21,holiday,0.0,17.8,0.348,19.4,11.6,0.6,0.42
2024-09-22,holiday,0.0,23.2,0.385,21.6,11.6,0.0,0.467
2024-09-23,weekday,0.0,21.6,0.006,20.6,10.7,1.3,0.0
2024-09-24,weekday,0.0,23.3,0.001,20.5,12.5,0.0,0.0
2024-09-25,weekday,0.0,17.5,0.173,21.3,10.2,0.0,0.025
2024-09-26,weekday,0.0,20.4,0.0,22.7,10.1,4.1,0.0
2024-09-27,weekday,0.0,19.8,0.0,21.2,12.6,0.4,0.013
2024-09-28,holiday,1.0,20.3,0.563,22.9,11.0,1.3,0.732
2024-09-29,holiday,0.0,18.9,0.499,22.6,11.5,2.0,0.495
2024-09-30,weekday,0.0,19.3,0.063,22.1,9.8,0.0,0.024
2024-10-01,weekday,0.0,5.3,0.145,22.9,7.2,3.0,0.085
2024-10-02,weekday,0.0,5.6,0.054,23.1,2.7,0.0,0.053
2024-10-03,weekday,0.0,6.5,0.131,23.3,5.8,0.0,0.086
2024-10-04,weekday,0.0,4.9,0.17,22.2,6.9,1.6,0.081
2024-10-05,holiday,0.0,4.3,0.519,23.0,4.8,0.0,0.528
2024-10-06,holiday,0.0,4.7,0.349,21.7,5.4,1.6,0.478
2024-10-07,weekday,0.0,2.7,0.166,23.1,6.5,0.0,0.09
2024-10-08,weekday,0.0,2.5,0.062,24.4,4.7,0.0,0.071
2024-10-09,weekday,0.0,4.2,0.119,23.2,5.2,1.6,0.033
2024-10-10,weekday,0.0,,0.147,24.7,2.7,0.4,0.047
2024-10-11,weekday,0.0,1.4,0.102,24.5,6.7,0.4,0.07
2024-10-12,holiday,1.0,6.3,0.7,23.8,6.6,1.9,0.812
2024-10-13,holiday,0.0,,0.547,24.2,5.4,2.0,0.593
2024-10-14,weekday,0.0,4.8,0.081,23.6,3.3,0.0,0.044
2024-10-15,weekday,0.0,3.3,0.064,25.4,5.4,0.2,0.038
2024-10-16,weekday,0.0,6.0,0.151,23.8,5.6,0.9,0.08
2024-10-17,weekday,0.0,1.3,0.198,26.3,4.0,0.2,0.048
2024-10-18,weekday,0.0,1.7,0.152,25.4,6.8,0.0,0.104
2024-10-19,holiday,0.0,5.6,0.494,25.6,5.3,0.0,0.552
2024-10-20,holiday,0.0,2.5,0.352,25.0,3.9,0.2,0.482
2024-10-21,weekday,0.0,,0.143,25.5,8.2,0.0,0.078
2024-10-22,weekday,0.0,3.6,0.075,26.0,6.2,0.0,0.079
2024-10-23,weekday,0.0,1.5,0.142,25.9,5.8,0.0,0.058
2024-10-24,weekday,0.0,5.9,0.174,25.6,4.0,0.0,0.066
2024-10-25,weekday,0.0,1.8,0.154,25.4,6.1,0.8,0.021
2024-10-26,holiday,0.0,1.9,0.568,27.0,3.2,2.0,0.608
2024-10-27,holiday,0.0,3.1,0.461,27.0,6.0,0.6,0.505
2024-10-28,weekday,0.0,1.0,0.107,25.8,5.1,0.9,0.087
2024-10-29,weekday,0.0,3.9,0.118,27.7,3.9,0.9,0.067
2024-10-30,weekday,0.0,5.4,0.05,26.4,3.4,0.0,0.11
2024-10-31,weekday,0.0,3.6,,25.1,5.6,0.0,0.049
2024-11-01,weekday,0.0,3.9,0.137,28.6,4.7,0.0,0.062
2024-11-02,holiday,0.0,3.1,0.54,27.3,7.9,0.0,0.572
2024-11-03,holiday,0.0,2.9,0.473,26.2,6.6,1.7,0.536
2024-11-04,weekday,0.0,4.0,0.061,28.5,6.5,0.0,0.044
2024-11-05,weekday,0.0,0.7,0.156,27.3,6.8,0.0,0.083
2024-11-06,weekday,0.0,5.9,0.0,28.1,8.1,0.3,0.012
2024-11-07,weekday,0.0,4.1,0.105,26.5,4.5,0.0,0.007
2024-11-08,weekday,0.0,,0.15,27.4,4.6,0.0,0.077
2024-11-09,holiday,0.0,0.4,0.595,27.4,4.8,0.7,0.555
2024-11-10,holiday,0.0,3.6,0.465,27.0,5.2,1.8,0.539
2024-11-11,weekday,0.0,3.2,0.116,27.5,5.6,0.0,0.022
2024-11-12,weekday,0.0,3.9,0.125,28.3,4.8,0.0,0.048
2024-11-13,weekday,0.0,2.5,0.0,27.4,4.2,0.0,0.054
2024-11-14,weekday,0.0,3.4,0.242,28.1,2.9,0.0,0.091
2024-11-15,weekday,0.0,4.6,0.103,27.6,6.0,1.7,0.066
2024-11-16,holiday,0.0,3.6,0.485,29.8,6.5,0.2,0.557
2024-11-17,holiday,0.0,3.6,0.551,27.3,4.0,0.9,0.551
2024-11-18,weekday,0.0,3.3,0.169,28.3,5.3,0.0,0.105
2024-11-19,weekday,0.0,1.8,,28.5,4.3,0.1,0.082
2024-11-20,weekday,0.0,1.3,0.041,28.6,6.7,0.9,0.048
2024-11-21,weekday,0.0,7.0,0.198,28.1,5.7,0.0,0.0
2024-11-22,weekday,1.0,6.4,0.482,27.7,4.9,2.5,0.371
2024-11-23,holiday,0.0,2.3,0.542,28.9,4.0,0.0,0.582
2024-11-24,holiday,0.0,2.9,0.475,29.5,5.6,0.0,0.555
2024-11-25,weekday,0.0,4.9,,27.3,6.0,0.1,0.037
2024-11-26,weekday,1.0,5.6,0.325,28.9,4.8,0.0,0.381
2024-11-27,weekday,0.0,4.5,0.034,27.9,6.3,0.0,0.028
2024-11-28,weekday,0.0,0.9,0.103,30.4,4.0,0.0,0.068
2024-11-29,weekday,0.0,1.3,0.097,30.5,6.4,0.0,0.107
2024-11-30,holiday,0.0,5.7,0.498,29.0,7.2,0.0,0.496
2024-12-01,holiday,0.0,0.5,0.6,28.8,4.1,2.9,0.606
2024-12-02,holiday,0.0,4.4,0.288,28.8,7.3,3.9,0.43
2024-12-03,holiday,0.0,1.2,0.395,28.2,6.0,0.2,0.552
2024-12-04,holiday,0.0,2.6,0.405,27.4,6.7,0.0,0.483
2024-12-05,holiday,0.0,0.3,0.43,29.3,3.3,3.2,0.548
2024-12-06,holiday,0.0,1.0,0.417,29.0,5.3,5.6,0.509
2024-12-07,holiday,0.0,1.6,0.648,27.9,4.9,1.3,0.575
2024-12-08,holiday,0.0,5.1,0.389,29.1,4.2,1.7,0.504
2024-12-09,holiday,0.0,1.3,0.358,29.0,5.5,2.8,0.469
2024-12-10,holiday,0.0,2.1,0.172,28.5,4.5,1.0,0.442
2024-12-11,holiday,0.0,1.7,0.441,28.5,2.6,0.4,0.535
2024-12-12,holiday,0.0,4.8,0.323,28.1,7.0,3.0,0.475
2024-12-13,holiday,0.0,1.4,0.331,28.0,4.3,4.7,0.382
2024-12-14,holiday,0.0,8.9,0.534,27.7,7.8,2.1,0.63
2024-12-15,holiday,0.0,3.6,0.585,28.8,5.7,1.2,0.567
2024-12-16,holiday,,2.1,0.321,29.5,6.8,0.0,0.489
2024-12-17,holiday,0.0,3.8,0.467,27.9,4.8,1.2,0.523
2024-12-18,holiday,0.0,4.5,0.541,28.9,5.1,2.0,0.522
2024-12-19,holiday,0.0,2.3,0.451,29.7,3.7,0.0,0.464
2024-12-20,holiday,0.0,4.8,0.427,28.4,5.0,1.4,0.476
2024-12-21,holiday,0.0,2.1,0.652,28.6,4.3,1.3,0.607
2024-12-22,holiday,1.0,1.1,,28.2,4.3,1.7,0.816
2024-12-23,holiday,0.0,0.2,0.402,27.7,5.4,2.2,0.49
2024-12-24,holiday,0.0,4.1,0.5,28.6,3.3,0.3,0.516
2024-12-25,holiday,0.0,8.4,0.38,28.3,4.1,4.3,0.467
2024-12-26,holiday,0.0,7.5,,29.1,4.6,0.0,0.47
2024-12-27,holiday,1.0,4.6,0.558,29.6,5.1,1.0,0.714
2024-12-28,holiday,1.0,1.3,0.8,28.5,5.8,2.6,0.763
2024-12-29,holiday,0.0,1.5,0.572,28.0,6.3,0.0,0.546
2024-12-30,holiday,0.0,2.1,0.324,28.1,5.6,2.3,0.456
2024-12-31,holiday,0.0,2.3,0.482,27.4,5.9,3.8,0.471
2025-01-01,holiday,0.0,2.6,0.405,27.7,6.2,3.3,0.504
2025-01-02,holiday,0.0,1.8,0.489,29.7,6.1,0.1,0.518
2025-01-03,holiday,0.0,2.7,0.362,28.6,3.8,3.3,0.46
2025-01-04,holiday,1.0,4.3,0.86,29.0,7.0,2.4,0.851
2025-01-05,holiday,0.0,7.9,0.552,26.8,5.7,4.0,0.591
2025-01-06,holiday,0.0,4.4,0.225,28.3,3.8,0.3,0.459
2025-01-07,holiday,0.0,2.3,0.36,27.5,4.4,0.6,0.501
2025-01-08,holiday,0.0,,0.372,27.6,7.5,3.7,0.442
2025-01-09,holiday,0.0,3.6,0.229,27.8,3.2,4.1,0.466
2025-01-10,holiday,0.0,,0.251,27.3,3.2,2.9,0.453
2025-01-11,holiday,0.0,3.1,0.354,27.6,4.8,3.1,0.461
2025-01-12,holiday,0.0,2.8,0.596,27.4,6.4,0.0,0.562
2025-01-13,holiday,0.0,1.3,0.295,27.4,3.8,0.7,0.49
2025-01-14,holiday,0.0,0.3,0.319,27.9,5.1,0.9,0.474
2025-01-15,holiday,0.0,1.6,0.364,27.2,3.2,3.6,0.494
2025-01-16,holiday,0.0,3.4,0.387,26.1,6.1,3.6,0.481
2025-01-17,holiday,0.0,5.6,0.296,26.8,5.2,2.9,0.482
2025-01-18,holiday,0.0,2.2,0.322,27.1,3.6,3.3,0.513
2025-01-19,holiday,0.0,3.4,0.596,27.0,5.0,4.3,0.612
2025-01-20,holiday,0.0,1.1,0.388,26.7,4.0,3.1,0.516
2025-01-21,holiday,1.0,1.6,0.563,25.4,5.7,5.2,0.737
2025-01-22,holiday,0.0,3.7,0.295,26.9,5.0,1.6,0.524
2025-01-23,holiday,0.0,2.5,0.314,26.8,4.5,1.2,0.484
2025-01-24,holiday,0.0,0.5,0.386,26.5,3.2,4.8,0.445
2025-01-25,holiday,0.0,1.7,0.559,26.3,7.3,4.4,0.539
2025-01-26,holiday,0.0,2.2,0.434,27.6,3.6,1.1,0.544
2025-01-27,holiday,0.0,3.7,0.277,25.8,5.9,2.0,0.492
2025-01-28,holiday,0.0,3.0,0.283,26.9,5.1,2.2,0.47
2025-01-29,holiday,0.0,4.1,0.273,26.4,5.2,4.5,0.492
2025-01-30,holiday,1.0,3.0,0.506,26.3,5.3,4.5,0.727
2025-01-31,holiday,0.0,6.8,0.292,24.6,6.1,4.2,0.464
2025-02-01,holiday,0.0,3.7,0.512,25.7,4.1,2.7,0.561
2025-02-02,holiday,1.0,2.5,0.697,23.9,7.3,1.0,0.762
2025-02-03,weekday,0.0,2.6,0.0,25.1,7.7,3.4,0.078
2025-02-04,weekday,0.0,2.7,0.067,26.7,4.5,3.2,0.064
2025-02-05,weekday,0.0,1.0,0.059,26.0,6.1,3.2,0.081
2025-02-06,weekday,0.0,5.7,0.229,25.9,4.0,3.8,0.115
2025-02-07,weekday,0.0,5.5,0.002,26.2,4.2,2.4,0.011
2025-02-08,holiday,0.0,0.9,0.652,22.7,5.2,0.7,0.583
2025-02-09,holiday,,6.0,0.367,25.1,4.4,1.4,0.491
2025-02-10,weekday,0.0,2.7,0.336,25.8,4.7,2.5,0.07
2025-02-11,weekday,0.0,6.3,0.141,23.8,3.2,5.0,0.074
2025-02-12,weekday,1.0,0.4,,25.1,6.9,5.7,0.319
2025-02-13,weekday,0.0,2.3,0.18,24.5,4.3,4.2,0.066
2025-02-14,weekday,0.0,5.1,0.086,23.5,3.6,2.9,0.062
2025-02-15,holiday,0.0,3.1,0.543,24.6,4.6,5.3,0.55
2025-02-16,holiday,0.0,2.8,,23.6,4.4,6.9,0.544
2025-02-17,weekday,0.0,2.2,0.057,21.8,6.0,6.2,0.024
2025-02-18,weekday,1.0,3.1,0.423,22.9,4.9,3.0,0.365
2025-02-19,weekday,0.0,1.3,0.033,22.6,6.4,4.9,0.034
2025-02-20,weekday,0.0,1.1,0.07,22.7,6.1,2.2,0.012
2025-02-21,weekday,0.0,6.1,0.0,22.6,4.1,2.6,0.04
2025-02-22,holiday,0.0,6.4,0.648,21.8,6.5,4.8,0.542
2025-02-23,holiday,0.0,2.9,0.439,22.0,6.4,4.7,0.524
2025-02-24,weekday,0.0,6.1,0.129,21.5,5.0,3.4,0.081
2025-02-25,weekday,0.0,1.7,0.0,22.0,4.0,1.6,0.054
2025-02-26,weekday,0.0,3.6,0.0,22.3,6.1,4.2,0.059
2025-02-27,weekday,0.0,6.3,0.201,22.7,4.0,2.4,0.035
2025-02-28,weekday,1.0,2.8,0.42,20.7,7.1,4.6,0.344
2025-03-01,holiday,0.0,1.6,0.56,21.8,4.6,5.3,0.619
2025-03-02,holiday,0.0,5.3,0.518,20.9,6.0,2.8,0.525
2025-03-03,weekday,0.0,0.3,0.139,21.6,4.9,3.4,0.057
2025-03-04,weekday,0.0,6.0,0.015,21.6,7.1,5.1,0.02
2025-03-05,weekday,,4.9,0.039,20.9,6.8,3.1,0.047
2025-03-06,weekday,0.0,1.8,0.035,19.8,6.4,4.8,0.029
2025-03-07,weekday,0.0,2.2,0.057,19.6,3.6,4.7,0.07
2025-03-08,holiday,0.0,1.8,0.453,20.0,5.6,4.1,0.511
2025-03-09,holiday,1.0,1.0,0.673,18.6,4.7,6.1,0.809
2025-03-10,weekday,0.0,2.2,0.203,20.3,5.3,4.2,0.037
2025-03-11,weekday,0.0,1.1,0.129,18.9,6.7,0.8,0.03
2025-03-12,weekday,0.0,2.6,0.034,18.5,2.8,6.6,0.005
2025-03-13,weekday,0.0,2.3,0.052,18.1,5.7,4.6,0.074
2025-03-14,weekday,0.0,1.6,0.003,18.4,4.0,5.1,0.056
2025-03-15,holiday,0.0,5.1,0.428,19.3,5.6,5.9,0.515
2025-03-16,holiday,,4.4,0.303,19.3,5.6,3.2,0.503
2025-03-17,weekday,0.0,1.0,0.051,18.0,5.3,5.8,0.043
2025-03-18,weekday,0.0,1.6,0.006,19.5,5.0,4.1,0.101
2025-03-19,weekday,0.0,4.5,0.0,18.4,5.1,3.8,0.015
2025-03-20,weekday,0.0,0.8,0.153,18.0,4.8,2.3,0.098
2025-03-21,weekday,0.0,6.4,0.085,17.2,7.1,4.9,0.01
2025-03-22,holiday,0.0,5.7,0.501,17.7,4.3,6.0,0.579
2025-03-23,,0.0,4.1,0.441,16.5,4.4,9.1,0.505
2025-03-24,weekday,0.0,5.2,0.0,15.7,4.2,6.0,0.0
2025-03-25,weekday,0.0,2.9,0.124,17.4,4.7,4.3,0.04
2025-03-26,weekday,0.0,2.7,0.072,17.2,6.3,4.5,0.005
2025-03-27,weekday,0.0,1.6,0.0,15.6,4.1,8.8,0.0
2025-03-28,weekday,0.0,2.3,0.032,17.0,3.8,5.3,0.041
2025-03-29,holiday,0.0,2.4,,16.5,3.6,5.0,0.472
2025-03-30,holiday,0.0,1.1,0.413,17.4,6.5,7.5,0.486
2025-03-31,weekday,0.0,3.1,,17.2,6.6,4.4,0.014
2025-04-01,weekday,0.0,,0.0,16.9,7.0,0.5,0.022
2025-04-02,weekday,0.0,3.8,0.0,15.2,6.2,0.0,0.018
2025-04-03,weekday,0.0,9.6,0.046,15.1,6.2,0.3,0.007
2025-04-04,weekday,0.0,2.6,0.055,14.6,4.6,0.0,0.0
2025-04-05,holiday,0.0,5.1,0.295,14.7,4.8,0.0,0.489
2025-04-06,holiday,0.0,7.0,0.327,15.6,5.4,0.0,0.53
2025-04-07,weekday,0.0,6.1,0.083,14.7,4.3,0.0,0.0
2025-04-08,weekday,0.0,,0.077,16.2,5.6,0.8,0.079
2025-04-09,weekday,0.0,1.7,0.063,13.3,4.3,0.0,0.0
2025-04-10,weekday,0.0,2.4,0.0,14.3,5.5,0.0,0.0
2025-04-11,weekday,0.0,2.2,0.035,13.5,7.1,0.0,0.057
2025-04-12,holiday,1.0,2.2,0.763,15.7,3.9,0.5,0.792
2025-04-13,holiday,0.0,3.2,0.52,13.8,5.0,1.1,0.479
2025-04-14,weekday,0.0,3.8,0.013,14.3,4.6,0.5,0.019
2025-04-15,weekday,0.0,8.8,0.0,13.0,5.0,0.0,0.032
2025-04-16,weekday,0.0,4.1,0.0,13.0,4.9,0.7,0.03
2025-04-17,weekday,0.0,3.3,0.065,11.3,4.5,0.0,0.026
2025-04-18,weekday,0.0,1.2,0.068,13.1,6.9,0.0,0.065
2025-04-19,holiday,1.0,4.3,0.626,12.8,3.6,0.0,0.793
2025-04-20,holiday,0.0,0.7,0.614,12.4,5.3,0.0,0.588
2025-04-21,weekday,0.0,8.0,0.11,14.4,3.5,2.6,0.044
2025-04-22,weekday,0.0,2.9,0.033,14.1,6.0,0.0,0.0
2025-04-23,weekday,0.0,6.4,0.0,12.9,5.5,0.9,0.006
2025-04-24,weekday,0.0,4.7,0.089,11.2,6.1,0.0,0.0
2025-04-25,weekday,0.0,1.3,0.035,12.0,6.9,0.4,0.029
2025-04-26,holiday,0.0,3.0,0.401,12.1,4.6,3.2,0.457
2025-04-27,holiday,0.0,2.0,0.402,11.7,6.9,0.0,0.537
2025-04-28,weekday,0.0,3.8,0.0,13.9,3.2,0.3,0.029
2025-04-29,weekday,0.0,1.7,0.0,12.9,4.6,1.9,0.024
2025-04-30,weekday,0.0,1.8,0.0,12.4,4.6,0.0,0.0
2025-05-01,holiday,0.0,4.3,0.133,11.4,4.8,0.6,0.364
2025-05-02,holiday,0.0,2.0,0.225,11.2,4.4,3.6,0.434
2025-05-03,holiday,0.0,2.7,0.404,11.5,4.1,0.0,0.479
2025-05-04,holiday,0.0,1.6,0.47,11.4,3.9,0.0,0.542
2025-05-05,holiday,0.0,3.5,0.226,10.0,8.5,0.0,0.429
2025-05-06,holiday,,1.4,0.14,9.6,4.3,0.0,0.358
2025-05-07,holiday,0.0,1.2,0.186,10.6,6.5,3.9,0.403
2025-05-08,holiday,0.0,1.5,0.269,10.3,3.5,0.7,0.451
2025-05-09,holiday,0.0,4.8,0.215,10.9,4.5,0.0,0.451
2025-05-10,holiday,0.0,0.7,,11.9,3.8,0.0,0.523
2025-05-11,holiday,0.0,1.2,0.431,9.4,5.4,0.0,0.473
2025-05-12,holiday,0.0,1.8,0.178,10.6,3.9,0.0,0.351
2025-05-13,holiday,0.0,3.2,0.186,10.0,5.4,0.0,0.419
2025-05-14,holiday,0.0,2.0,0.173,10.8,7.1,2.6,0.474
2025-05-15,holiday,0.0,5.0,0.212,10.9,4.5,0.6,0.372
2025-05-16,holiday,0.0,6.9,0.177,10.8,4.6,0.0,0.449
2025-05-17,holiday,0.0,0.9,0.387,9.4,5.6,0.7,0.473
2025-05-18,holiday,0.0,8.7,0.318,11.0,5.0,2.3,0.439
2025-05-19,holiday,0.0,6.4,0.112,9.5,5.9,0.2,0.392
2025-05-20,holiday,0.0,9.8,0.203,10.3,6.8,0.0,0.408
2025-05-21,holiday,,5.8,0.224,10.5,6.1,0.0,0.361
2025-05-22,holiday,0.0,4.8,0.119,8.3,5.1,1.8,0.429
2025-05-23,holiday,0.0,5.2,0.284,11.1,2.8,0.0,0.466
2025-05-24,holiday,0.0,0.4,0.426,11.4,4.6,0.0,0.519
2025-05-25,holiday,0.0,5.8,0.331,10.6,5.9,0.0,0.463
2025-05-26,holiday,0.0,12.8,0.295,9.9,4.3,0.0,0.45
2025-05-27,holiday,0.0,4.3,0.048,10.3,6.8,0.4,0.307
2025-05-28,holiday,0.0,4.2,0.323,8.9,4.7,0.0,0.466
2025-05-29,holiday,0.0,5.8,,9.9,5.2,0.0,0.424
2025-05-30,holiday,0.0,0.7,0.178,10.4,4.3,0.2,0.379
2025-05-31,holiday,0.0,5.7,0.328,9.4,4.0,2.0,0.436
2025-06-01,holiday,0.0,21.2,0.326,10.1,3.0,2.4,0.423
2025-06-02,weekday,0.0,21.5,0.0,8.7,5.5,0.0,0.0
2025-06-03,weekday,0.0,20.1,0.0,9.1,6.5,0.4,0.019
2025-06-04,weekday,1.0,21.1,0.149,10.2,4.7,0.0,0.248
2025-06-05,weekday,0.0,21.5,0.0,11.0,5.7,0.3,0.004
2025-06-06,weekday,0.0,26.1,0.022,9.5,4.1,0.8,0.0
2025-06-07,holiday,0.0,20.8,0.37,10.2,6.3,0.0,0.431
2025-06-08,holiday,0.0,24.5,0.291,9.3,5.7,0.0,0.392
2025-06-09,weekday,0.0,26.4,0.0,9.4,7.0,0.0,0.0
2025-06-10,weekday,0.0,26.8,0.0,8.8,5.7,2.1,0.0
2025-06-11,weekday,0.0,20.2,0.0,9.0,5.5,0.0,0.0
2025-06-12,weekday,0.0,20.9,0.0,8.8,4.2,0.0,0.0
2025-06-13,weekday,0.0,21.6,,9.5,9.3,0.0,0.0
2025-06-14,holiday,0.0,21.1,,7.8,3.7,0.3,0.361
2025-06-15,holiday,0.0,22.2,0.338,10.5,4.5,0.5,0.411
2025-06-16,weekday,0.0,,0.0,9.5,3.4,0.4,0.0
2025-06-17,weekday,0.0,19.4,0.021,9.2,6.0,0.0,0.0
2025-06-18,weekday,0.0,18.6,0.0,8.8,3.1,0.0,0.0
2025-06-19,weekday,0.0,26.2,0.0,9.4,4.3,0.0,0.0
2025-06-20,weekday,0.0,23.3,,11.0,4.6,0.3,0.0
2025-06-21,holiday,0.0,19.3,0.303,10.0,5.9,0.0,0.456
2025-06-22,holiday,0.0,22.9,0.401,7.1,6.6,1.0,0.477
2025-06-23,weekday,0.0,18.6,0.0,9.3,6.9,3.9,0.0
2025-06-24,weekday,0.0,26.8,0.0,10.4,6.4,0.0,0.0
2025-06-25,weekday,0.0,20.1,0.0,9.3,3.5,0.0,0.0
2025-06-26,weekday,0.0,24.1,0.0,10.1,3.3,0.0,0.0
2025-06-27,weekday,0.0,20.5,0.0,8.5,4.3,0.8,0.0
2025-06-28,holiday,0.0,20.8,0.199,9.0,3.9,0.0,0.398
2025-06-29,holiday,1.0,19.5,0.657,9.4,6.8,0.0,0.728
2025-06-30,weekday,0.0,,0.0,9.8,5.7,0.1,0.0
2025-07-01,weekday,1.0,21.0,0.217,10.7,5.2,1.1,0.221
2025-07-02,weekday,0.0,24.3,0.0,10.0,5.6,0.0,0.0
2025-07-03,weekday,0.0,22.7,0.0,8.7,6.8,0.7,0.0
2025-07-04,weekday,0.0,20.1,0.0,9.9,8.1,0.0,0.0
2025-07-05,holiday,0.0,26.5,0.314,9.1,4.6,0.0,0.429
2025-07-06,holiday,0.0,23.1,0.386,10.2,4.0,0.0,0.476
2025-07-07,weekday,0.0,24.1,0.0,9.0,4.7,0.0,0.0
2025-07-08,weekday,0.0,23.9,0.0,10.4,4.9,1.1,0.0
2025-07-09,weekday,0.0,26.1,0.0,9.8,5.4,0.9,0.0
2025-07-10,weekday,0.0,21.5,0.0,10.8,6.2,0.0,0.0
2025-07-11,weekday,0.0,6.8,0.043,9.1,5.4,0.0,0.0
2025-07-12,holiday,0.0,0.4,,10.1,2.6,0.0,0.512
2025-07-13,holiday,0.0,4.3,0.442,10.9,6.1,0.0,0.482
2025-07-14,,0.0,0.8,0.0,9.4,6.7,0.0,0.0
2025-07-15,weekday,0.0,2.3,0.033,10.2,5.9,0.0,0.0
2025-07-16,weekday,0.0,3.9,0.144,9.5,4.5,0.0,0.007
2025-07-17,weekday,0.0,4.0,0.027,10.0,6.7,0.0,0.036
2025-07-18,weekday,0.0,4.0,0.0,10.0,5.3,0.1,0.002
2025-07-19,holiday,0.0,2.5,,10.4,6.9,2.8,0.528
2025-07-20,holiday,0.0,1.8,0.155,10.2,5.0,0.0,0.466
2025-07-21,weekday,0.0,2.7,0.112,11.1,6.8,0.0,0.08
2025-07-22,weekday,0.0,3.2,0.065,12.1,5.4,0.0,0.024
2025-07-23,weekday,0.0,,0.012,11.1,4.4,0.1,0.0
2025-07-24,weekday,0.0,3.9,0.049,10.8,5.3,0.0,0.01
2025-07-25,weekday,0.0,2.1,0.0,10.8,4.9,0.0,0.061
2025-07-26,holiday,,1.7,0.332,11.1,4.1,0.0,0.478
2025-07-27,holiday,0.0,3.0,0.511,12.4,4.8,0.0,0.582
2025-07-28,weekday,0.0,2.5,0.009,11.2,8.1,2.8,0.0
2025-07-29,weekday,0.0,4.2,0.094,12.8,4.7,0.0,0.032
2025-07-30,weekday,0.0,3.7,0.0,11.3,5.7,0.5,0.0
2025-07-31,weekday,0.0,,0.0,12.0,6.2,0.6,0.016
2025-08-01,holiday,0.0,22.3,0.0,12.6,12.4,0.9,0.342
2025-08-02,holiday,0.0,21.6,0.284,11.2,10.4,0.7,0.424
2025-08-03,holiday,0.0,18.7,0.348,12.2,12.2,2.2,0.42
2025-08-04,holiday,0.0,18.6,0.311,13.1,11.2,1.3,0.442
2025-08-05,holiday,0.0,22.5,0.0,14.3,10.5,0.0,0.391
2025-08-06,holiday,0.0,21.8,0.134,11.9,11.9,0.0,0.389
2025-08-07,holiday,0.0,24.2,0.091,14.7,12.6,1.6,0.343
2025-08-08,holiday,1.0,21.7,0.465,13.8,9.2,0.0,0.635
2025-08-09,holiday,0.0,19.3,0.402,12.8,10.1,0.0,0.482
2025-08-10,holiday,0.0,23.6,0.381,13.5,10.3,0.6,0.4
2025-08-11,holiday,0.0,18.6,0.21,14.9,11.4,0.0,0.345
2025-08-12,holiday,0.0,28.4,0.123,15.4,13.7,0.2,0.364
2025-08-13,holiday,0.0,20.3,0.028,13.2,11.4,2.1,0.398
2025-08-14,holiday,1.0,17.2,0.266,13.4,10.4,1.5,0.621
2025-08-15,holiday,0.0,18.0,0.15,14.6,13.0,1.0,0.469
2025-08-16,holiday,0.0,21.3,0.303,14.9,9.6,0.0,0.426
2025-08-17,holiday,0.0,17.1,0.493,13.3,13.5,0.9,0.484
2025-08-18,holiday,0.0,22.0,0.279,16.8,11.5,2.4,0.38
2025-08-19,,1.0,18.2,0.498,14.3,10.2,0.0,0.677
2025-08-20,holiday,1.0,23.5,0.455,14.7,10.6,0.0,0.683
2025-08-21,holiday,0.0,18.4,0.103,16.2,10.1,1.4,0.38
2025-08-22,holiday,0.0,18.7,0.135,16.5,9.8,0.0,0.4
2025-08-23,holiday,0.0,18.9,0.319,16.4,10.2,2.0,0.426
2025-08-24,holiday,0.0,18.5,0.268,16.3,9.4,3.3,0.386
2025-08-25,holiday,0.0,17.8,0.242,14.8,12.7,0.0,0.446
2025-08-26,holiday,0.0,19.2,0.164,16.0,12.8,0.9,0.419
2025-08-27,holiday,,17.9,0.16,16.2,9.1,1.0,0.398
2025-08-28,holiday,0.0,20.4,0.294,16.7,11.4,0.0,0.431
2025-08-29,holiday,0.0,17.3,0.294,17.5,12.7,0.0,0.433
2025-08-30,holiday,0.0,18.0,0.407,17.2,10.1,0.0,0.463
2025-08-31,holiday,0.0,22.5,0.481,17.4,9.2,0.0,0.463
2025-09-01,weekday,0.0,20.5,0.0,16.3,9.9,1.8,0.008
2025-09-02,weekday,0.0,19.6,0.039,17.7,11.3,0.4,0.0
2025-09-03,weekday,0.0,21.5,0.0,18.1,10.7,0.0,0.0
2025-09-04,weekday,0.0,21.7,0.0,18.1,12.4,0.0,0.01
2025-09-05,weekday,0.0,21.0,0.0,16.9,13.7,0.0,0.0
2025-09-06,holiday,0.0,,0.51,17.5,11.0,0.5,0.511
2025-09-07,holiday,0.0,21.3,0.524,17.3,10.1,0.0,0.454
2025-09-08,weekday,0.0,24.8,0.0,17.6,10.4,1.2,0.0
2025-09-09,weekday,0.0,17.2,0.03,18.0,10.1,0.0,0.028
2025-09-10,weekday,0.0,21.6,0.017,17.6,9.9,0.0,0.0
2025-09-11,weekday,0.0,17.4,0.086,18.7,9.9,0.0,0.007
