date,temperature_c,holiday,rainfall_mm,tourist_inflow_count,wind_speed_mps,snowfall_cm,event_local_flag,typhoon_alert_flag,mobility_inflow_index,lodging_occupancy_ratio,rail_ridership,temple_shrine_visits,y
2023-09-13,20.5,weekday,16.4,0.002,10.8,1.8,0.0,0,0.367,0.017,0.628,0.0,1
2023-09-14,20.9,weekday,15.9,0.033,9.1,1.1,0.0,0,0.447,0.045,0.634,0.051,1
2023-09-15,21.8,weekday,14.0,0.089,7.6,0.0,0.0,0,0.429,0.081,0.595,0.026,1
2023-09-16,22.2,holiday,12.1,0.52,8.5,0.0,0.0,0,0.702,0.552,0.159,0.588,1
2023-09-17,22.4,holiday,13.3,0.425,7.5,1.2,0.0,0,0.83,0.546,0.132,0.638,1
2023-09-18,21.4,weekday,11.2,,8.9,0.2,0.0,0,0.553,0.055,0.682,0.108,1
2023-09-19,21.4,weekday,14.6,0.073,10.5,0.0,0.0,0,0.54,0.0,,0.015,1
2023-09-20,21.7,weekday,17.3,0.124,8.8,0.0,0.0,0,0.457,0.119,0.667,0.094,1
2023-09-21,21.8,weekday,13.5,0.099,8.1,0.0,0.0,0,0.385,0.075,0.592,0.047,1
2023-09-22,24.2,weekday,12.4,0.108,6.7,2.8,0.0,0,0.622,0.048,0.739,0.059,0
2023-09-23,22.8,,20.1,0.51,8.6,1.2,0.0,0,0.618,0.58,0.07,0.648,0
2023-09-24,20.6,holiday,15.2,0.784,11.2,2.4,1.0,0,0.67,0.814,0.062,0.8,1
2023-09-25,23.5,weekday,14.0,0.083,9.9,1.2,0.0,0,0.377,0.044,0.582,0.0,1
2023-09-26,23.5,weekday,16.9,0.047,8.5,0.0,0.0,0,0.37,,0.633,0.136,1
2023-09-27,22.7,weekday,13.9,0.024,9.2,0.0,0.0,0,0.481,0.104,0.651,0.115,1
2023-09-28,24.0,weekday,11.7,0.279,8.6,0.0,1.0,0,0.438,0.36,0.595,0.234,1
2023-09-29,24.6,weekday,13.5,0.098,7.7,0.0,0.0,0,0.338,0.049,0.586,0.058,1
2023-09-30,23.7,holiday,11.6,,11.4,2.7,0.0,0,0.725,,0.0,0.651,1
2023-10-01,24.9,holiday,4.2,0.486,3.2,0.0,0.0,0,0.716,0.597,0.027,0.576,0
2023-10-02,24.9,weekday,1.5,0.157,5.5,0.0,0.0,0,0.344,0.004,0.643,0.161,1
2023-10-03,24.3,weekday,1.6,0.067,3.9,0.2,0.0,0,0.387,0.013,0.635,0.125,0
2023-10-04,24.9,weekday,0.9,0.087,5.7,0.0,0.0,0,0.454,0.023,0.63,0.08,0
2023-10-05,25.1,weekday,9.7,0.192,6.5,0.0,0.0,0,0.469,0.069,0.514,0.092,1
2023-10-06,25.2,weekday,2.4,0.065,5.9,0.0,0.0,0,0.353,0.0,0.57,0.133,0
2023-10-07,24.6,holiday,,0.519,5.9,1.0,0.0,0,0.784,0.696,0.11,0.615,1
2023-10-08,25.4,holiday,6.4,0.418,6.6,2.6,0.0,0,0.705,0.477,0.108,0.622,0
2023-10-09,25.8,weekday,3.3,0.131,4.8,0.0,0.0,0,0.445,0.008,0.593,0.06,0
2023-10-10,25.5,weekday,0.2,0.121,4.9,1.3,0.0,0,0.383,0.022,0.613,0.034,0
2023-10-11,26.7,weekday,3.7,0.19,4.6,0.0,0.0,0,0.32,0.068,0.59,0.125,0
2023-10-12,26.3,weekday,1.2,0.24,6.9,0.6,0.0,0,0.316,,0.65,0.189,1
2023-10-13,26.0,weekday,2.7,0.054,5.8,0.0,0.0,0,0.443,0.011,0.593,0.0,1
2023-10-14,27.9,holiday,4.2,0.821,2.5,1.6,1.0,0,0.773,0.872,0.112,0.773,0
2023-10-15,27.1,holiday,2.9,0.681,6.8,2.0,0.0,0,0.56,0.678,0.057,0.506,1
2023-10-16,26.6,weekday,1.9,0.203,4.5,0.0,0.0,0,0.421,0.025,0.66,0.006,0
2023-10-17,25.3,weekday,0.7,0.109,6.3,1.2,0.0,0,0.502,0.122,0.745,0.141,0
2023-10-18,26.6,weekday,1.5,0.183,7.2,0.2,0.0,0,,0.069,0.664,0.217,0
2023-10-19,26.8,weekday,2.1,0.116,6.0,3.4,0.0,0,,0.07,0.664,,0
2023-10-20,27.2,weekday,1.0,0.171,1.4,0.0,0.0,0,0.376,0.075,0.703,0.136,0
2023-10-21,25.8,holiday,1.0,0.419,5.3,0.0,0.0,0,0.643,,0.098,0.579,0
2023-10-22,26.0,holiday,7.2,0.421,5.1,0.0,0.0,0,0.67,0.601,0.097,0.664,0
2023-10-23,27.5,weekday,2.6,0.0,5.5,0.0,0.0,0,0.382,0.042,0.609,0.147,0
2023-10-24,27.5,weekday,1.0,0.169,5.9,0.0,0.0,0,,0.061,0.578,0.121,0
2023-10-25,26.8,weekday,1.0,,7.4,0.0,0.0,1,0.444,0.067,0.627,0.048,1
2023-10-26,28.8,weekday,4.5,0.404,6.9,0.0,1.0,0,0.401,0.332,0.601,0.26,0
2023-10-27,27.0,weekday,2.7,0.157,5.8,0.0,0.0,0,0.363,0.011,0.613,0.0,0
2023-10-28,27.9,holiday,2.0,0.527,4.5,0.0,0.0,0,0.727,0.623,0.156,0.577,0
2023-10-29,27.3,holiday,0.7,0.476,6.5,2.5,0.0,0,0.706,0.619,0.121,0.576,0
2023-10-30,26.9,weekday,6.2,0.053,6.7,0.0,0.0,0,0.455,0.061,0.665,0.039,1
2023-10-31,29.3,weekday,6.2,0.22,4.4,2.2,0.0,0,0.453,0.0,0.692,0.065,0
2023-11-01,28.5,weekday,9.5,0.023,5.8,0.0,0.0,0,0.401,0.014,0.632,0.124,1
2023-11-02,29.2,weekday,0.9,0.155,6.4,0.0,0.0,0,0.54,0.026,0.705,0.158,0
2023-11-03,29.0,weekday,,0.429,4.3,1.2,1.0,0,0.442,0.235,0.572,0.241,0
2023-11-04,26.7,holiday,5.2,,3.3,0.0,0.0,0,0.596,0.539,0.087,0.538,0
2023-11-05,28.0,holiday,4.6,0.443,6.0,0.0,0.0,0,0.642,0.601,0.016,0.647,1
2023-11-06,28.9,weekday,1.6,0.25,5.1,1.1,,0,0.505,0.0,0.695,0.087,0
2023-11-07,28.5,weekday,,0.148,4.5,2.0,0.0,0,0.347,,0.702,0.144,0
2023-11-08,27.8,weekday,2.8,0.168,6.0,0.0,0.0,0,0.355,0.023,0.6,0.079,0
2023-11-09,29.5,weekday,2.2,0.188,6.0,1.0,0.0,0,0.403,0.021,0.621,0.074,1
2023-11-10,28.2,weekday,2.6,0.218,4.4,1.1,0.0,1,0.421,0.069,0.696,0.05,1
2023-11-11,28.5,holiday,2.5,0.436,4.6,0.0,0.0,0,0.809,0.535,0.09,0.619,0
2023-11-12,29.4,holiday,2.7,0.6,3.4,0.0,0.0,0,0.689,0.636,,0.603,0
2023-11-13,28.4,weekday,2.0,0.072,8.3,0.7,0.0,0,0.423,0.018,,0.06,1
2023-11-14,30.2,weekday,2.2,,6.4,0.5,0.0,0,0.429,0.061,0.727,0.082,0
2023-11-15,28.7,weekday,7.4,0.137,7.2,0.0,0.0,0,0.379,,0.617,0.148,0
2023-11-16,29.0,weekday,1.1,0.03,6.5,0.7,0.0,0,0.408,0.0,0.6,0.121,0
2023-11-17,29.3,weekday,5.8,0.209,6.7,0.0,0.0,0,0.566,0.026,0.695,0.043,0
2023-11-18,29.3,holiday,3.2,0.564,6.0,0.3,0.0,0,0.72,0.626,0.14,,0
2023-11-19,29.7,holiday,3.1,0.562,6.0,3.7,0.0,0,0.626,0.583,0.177,0.627,0
2023-11-20,28.0,weekday,3.6,0.174,6.6,0.0,0.0,0,0.495,0.064,0.616,0.121,1
2023-11-21,27.9,weekday,5.4,0.036,4.7,0.0,0.0,0,0.49,0.027,0.695,0.034,0
2023-11-22,30.5,weekday,7.0,0.381,4.9,0.0,1.0,0,0.402,0.199,0.581,0.221,0
2023-11-23,27.9,weekday,3.7,0.064,6.7,1.2,0.0,0,0.476,0.082,0.655,0.162,1
2023-11-24,28.4,weekday,2.7,0.05,6.0,1.4,0.0,0,0.379,0.049,0.616,0.106,0
2023-11-25,29.1,holiday,2.4,0.594,4.8,0.0,0.0,0,0.574,0.673,0.0,0.637,0
2023-11-26,28.1,holiday,2.5,0.47,7.5,0.0,0.0,0,0.792,0.588,0.062,0.504,0
2023-11-27,30.2,weekday,2.7,0.139,6.4,0.0,0.0,0,0.355,0.0,0.722,0.214,0
2023-11-28,29.2,weekday,1.6,0.029,6.9,0.0,0.0,0,0.403,0.032,0.666,0.059,1
2023-11-29,28.9,weekday,4.1,0.139,4.8,0.0,0.0,0,0.337,0.102,0.654,0.11,0
2023-11-30,28.1,weekday,3.7,0.105,3.5,0.0,0.0,0,0.472,0.035,0.701,0.098,0
2023-12-01,27.7,holiday,1.8,0.348,3.5,1.5,0.0,0,0.583,0.251,0.094,0.385,0
2023-12-02,28.9,holiday,4.1,0.692,7.2,0.0,0.0,0,0.794,0.659,0.124,0.584,1
2023-12-03,29.4,holiday,6.7,0.437,5.1,1.6,0.0,0,0.614,0.554,0.055,0.583,0
2023-12-04,30.7,holiday,2.2,0.751,4.1,0.0,1.0,0,0.59,0.52,0.162,0.522,0
2023-12-05,28.4,holiday,3.5,0.304,5.3,0.0,0.0,0,0.481,0.297,0.057,0.439,0
2023-12-06,28.8,holiday,5.3,0.318,6.7,1.0,0.0,0,0.432,0.34,0.055,,0
2023-12-07,28.7,holiday,,0.427,5.7,2.2,0.0,0,0.582,0.427,0.051,0.205,1
2023-12-08,28.2,holiday,2.3,0.337,7.1,3.2,0.0,0,0.663,0.349,0.086,0.338,1
2023-12-09,28.6,holiday,2.1,0.393,5.9,2.6,0.0,0,0.676,0.614,,0.599,1
2023-12-10,28.1,holiday,3.0,0.371,5.2,0.1,0.0,0,0.73,0.564,0.164,0.631,0
2023-12-11,28.7,holiday,3.2,0.404,6.1,3.9,0.0,0,0.568,0.357,0.014,0.325,0
2023-12-12,28.5,holiday,1.6,0.48,4.2,2.6,0.0,0,0.615,0.384,,0.309,0
2023-12-13,28.9,holiday,0.6,0.388,7.3,2.2,0.0,0,0.672,0.297,0.134,0.417,0
2023-12-14,28.2,holiday,9.6,0.356,6.1,0.2,0.0,0,0.486,0.308,0.084,0.363,0
2023-12-15,29.0,holiday,3.7,0.423,8.4,0.6,0.0,0,,0.373,0.1,0.339,0
2023-12-16,28.3,holiday,4.7,0.442,2.5,2.1,0.0,0,0.669,,0.155,0.619,0
2023-12-17,28.2,holiday,0.8,0.571,4.7,1.4,0.0,0,0.582,0.669,0.088,0.583,0
2023-12-18,28.1,holiday,4.9,0.311,3.8,2.2,0.0,0,0.623,0.303,0.107,0.29,0
2023-12-19,27.7,holiday,2.6,0.232,5.4,1.7,0.0,0,0.448,0.327,0.142,0.333,0
2023-12-20,27.6,holiday,8.6,0.36,6.2,1.7,0.0,0,0.62,0.293,0.104,0.358,0
2023-12-21,27.7,holiday,3.0,0.471,6.1,2.1,0.0,0,0.461,0.373,0.057,0.246,0
2023-12-22,28.3,holiday,2.9,0.374,6.6,2.1,0.0,0,0.541,,0.092,0.373,0
2023-12-23,27.9,holiday,5.2,0.544,4.8,3.1,0.0,0,0.703,0.615,0.153,0.628,0
2023-12-24,28.6,holiday,3.6,0.473,4.8,1.6,0.0,0,0.599,0.73,0.008,0.651,0
2023-12-25,27.9,holiday,1.2,0.333,6.7,0.6,0.0,0,0.578,0.244,0.098,0.406,0
2023-12-26,28.4,holiday,3.5,0.722,3.6,0.7,1.0,0,0.575,0.609,0.0,,0
2023-12-27,27.3,holiday,2.7,0.367,5.0,1.6,0.0,0,0.575,0.275,0.005,0.283,0
2023-12-28,25.5,holiday,3.1,0.417,3.7,2.6,0.0,0,0.712,0.268,0.081,0.31,0
2023-12-29,26.8,holiday,3.1,0.565,4.0,2.8,1.0,0,0.577,0.54,0.08,,0
2023-12-30,26.7,holiday,2.0,0.428,6.5,2.2,0.0,0,0.736,0.541,0.066,0.561,0
2023-12-31,26.3,holiday,3.6,0.594,4.8,2.4,,0,0.671,0.575,0.07,0.603,0
2024-01-01,26.2,holiday,4.6,0.327,4.1,4.9,0.0,0,0.632,0.31,0.018,0.334,0
2024-01-02,26.2,holiday,2.7,0.324,5.6,1.7,0.0,0,0.593,0.306,0.1,0.367,0
2024-01-03,25.8,holiday,5.3,0.292,4.2,1.2,0.0,0,0.563,0.258,,0.342,0
2024-01-04,25.9,holiday,6.7,0.334,4.0,1.0,0.0,0,0.576,0.311,0.097,0.429,0
2024-01-05,25.3,holiday,0.7,0.346,6.7,0.9,0.0,0,0.638,0.312,0.083,0.365,0
2024-01-06,27.5,,1.0,0.519,2.5,1.1,0.0,0,0.632,0.567,0.12,0.671,0
2024-01-07,26.9,holiday,1.4,0.63,5.1,1.2,0.0,0,0.564,0.535,0.016,0.632,0
2024-01-08,25.8,holiday,0.4,,6.8,5.0,0.0,0,0.429,0.325,0.0,0.372,1
2024-01-09,24.4,holiday,2.5,0.397,3.9,1.8,0.0,0,0.74,0.381,0.147,0.367,0
2024-01-10,26.2,holiday,2.5,0.444,7.7,2.1,0.0,0,0.575,0.316,0.095,0.276,0
2024-01-11,25.0,holiday,3.1,0.279,4.1,5.5,0.0,0,0.559,0.294,0.084,0.393,0
2024-01-12,25.5,holiday,4.0,0.232,6.8,3.6,0.0,0,,0.303,0.141,0.284,0
2024-01-13,24.8,holiday,8.2,0.657,3.9,2.1,0.0,0,0.695,0.639,0.076,0.6,0
2024-01-14,24.7,holiday,6.3,0.569,4.9,0.9,0.0,0,0.699,0.664,0.09,0.588,0
2024-01-15,24.5,holiday,5.0,0.245,5.3,0.6,,0,0.818,0.314,0.163,0.384,0
2024-01-16,25.3,holiday,0.4,0.417,6.7,2.9,0.0,0,0.539,0.348,0.056,0.353,0
2024-01-17,25.1,holiday,1.0,0.369,5.8,2.0,0.0,0,0.579,0.283,0.104,0.371,0
2024-01-18,24.2,holiday,3.7,0.364,6.1,2.1,0.0,0,0.582,0.307,0.136,0.386,1
2024-01-19,25.1,holiday,3.0,0.284,4.5,0.0,0.0,0,0.595,0.299,,0.351,0
2024-01-20,23.3,holiday,1.8,0.36,6.4,1.8,,0,0.753,0.543,0.198,0.595,0
2024-01-21,24.1,holiday,7.2,0.459,6.5,1.9,0.0,0,0.566,0.557,0.028,0.617,1
2024-01-22,22.0,holiday,3.3,0.314,6.0,0.0,0.0,0,0.507,0.312,0.096,,1
2024-01-23,22.6,holiday,,0.402,5.1,0.0,0.0,0,0.617,0.305,0.09,0.379,0
2024-01-24,24.0,holiday,0.6,0.349,2.7,5.3,0.0,0,0.451,0.311,0.07,0.276,0
2024-01-25,22.4,holiday,4.1,0.36,6.7,2.8,0.0,0,0.57,0.335,0.005,0.295,0
2024-01-26,22.2,holiday,8.7,0.226,3.9,0.5,0.0,0,0.437,0.328,0.062,0.351,0
2024-01-27,22.1,holiday,2.3,0.337,6.2,0.9,0.0,0,0.684,0.517,0.137,0.683,1
2024-01-28,21.8,holiday,0.9,0.508,5.6,2.2,0.0,0,0.694,0.477,0.129,0.648,0
2024-01-29,20.4,holiday,4.4,0.351,5.9,4.8,0.0,0,0.424,0.326,0.0,0.302,1
2024-01-30,23.1,holiday,1.8,0.386,5.7,2.1,0.0,0,0.545,0.34,0.105,0.3,0
2024-01-31,21.8,holiday,3.9,0.219,5.6,3.1,0.0,0,0.689,0.289,0.093,0.345,1
2024-02-01,19.8,weekday,1.4,0.082,4.4,2.7,0.0,0,0.415,0.079,0.648,,0
2024-02-02,21.7,weekday,3.5,0.291,2.2,2.2,1.0,0,0.285,0.213,0.635,,0
2024-02-03,21.1,holiday,1.9,0.659,7.4,2.3,1.0,0,0.599,0.777,0.092,0.775,1
2024-02-04,21.5,holiday,3.4,0.462,6.8,3.6,0.0,0,0.569,0.609,0.122,0.557,1
2024-02-05,20.1,weekday,3.2,0.075,7.7,4.3,0.0,0,0.556,0.0,0.674,0.035,1
2024-02-06,21.5,weekday,1.9,0.005,4.8,0.0,0.0,0,0.436,0.0,0.677,0.09,0
2024-02-07,19.5,weekday,6.9,0.007,4.4,5.1,0.0,0,0.351,0.0,0.667,0.191,1
2024-02-08,21.0,weekday,5.0,0.022,5.7,5.8,0.0,0,0.379,0.034,0.65,0.063,0
2024-02-09,21.7,weekday,4.6,0.086,2.4,3.7,0.0,0,0.606,0.017,,0.071,0
2024-02-10,19.7,holiday,1.7,0.57,2.8,0.7,0.0,0,0.78,0.612,0.096,0.565,0
2024-02-11,18.6,holiday,3.2,0.619,4.6,4.2,,0,0.615,0.766,0.147,0.77,0
2024-02-12,18.6,weekday,3.1,0.16,6.4,5.3,0.0,0,0.452,0.08,0.607,0.099,1
2024-02-13,19.6,weekday,3.0,,4.5,4.7,0.0,0,0.5,,0.656,0.048,0
2024-02-14,18.8,weekday,8.1,0.076,5.3,0.0,0.0,0,0.493,,0.641,0.081,0
2024-02-15,17.6,weekday,3.5,0.024,6.6,4.4,0.0,0,0.408,0.02,0.696,0.099,0
2024-02-16,19.7,weekday,1.5,0.22,7.7,3.6,0.0,0,0.483,0.069,0.707,,0
2024-02-17,21.3,holiday,4.0,0.451,4.4,1.7,0.0,0,0.865,0.566,0.151,0.504,1
2024-02-18,17.2,holiday,5.4,0.559,4.0,4.5,0.0,0,0.654,0.607,0.032,0.528,0
2024-02-19,19.0,weekday,2.7,0.052,4.9,2.0,0.0,0,0.454,0.0,,0.053,0
2024-02-20,18.1,weekday,4.9,0.0,5.0,1.5,0.0,0,0.441,0.0,0.744,0.02,0
2024-02-21,18.3,weekday,1.9,0.083,6.4,0.8,0.0,0,0.468,0.001,0.721,0.04,0
2024-02-22,18.9,weekday,2.0,0.189,2.6,5.8,0.0,0,0.671,0.034,0.732,0.076,0
2024-02-23,17.3,weekday,2.3,0.0,6.7,5.7,0.0,0,,0.037,0.683,0.078,0
2024-02-24,17.2,holiday,3.0,0.349,3.4,3.0,0.0,0,0.592,0.497,0.218,0.625,0
2024-02-25,18.1,holiday,2.1,0.35,6.4,5.3,0.0,0,0.797,0.564,0.16,0.559,0
2024-02-26,16.8,weekday,2.8,0.314,5.1,2.4,1.0,0,0.386,0.271,0.731,0.298,0
2024-02-27,17.3,weekday,5.6,0.008,2.4,6.2,0.0,0,0.453,0.0,0.735,0.07,0
2024-02-28,16.9,weekday,2.4,0.086,5.5,8.5,0.0,0,0.414,0.0,0.67,0.132,0
2024-02-29,15.3,weekday,2.4,0.169,6.1,5.3,0.0,0,0.559,0.084,0.654,0.106,0
2024-03-01,15.9,weekday,1.6,0.08,6.4,2.9,0.0,0,0.374,0.044,0.7,0.124,0
2024-03-02,15.6,holiday,1.1,0.366,6.8,2.2,0.0,0,0.688,0.53,0.131,0.477,0
2024-03-03,15.1,holiday,3.2,0.419,5.5,5.4,0.0,0,0.669,0.568,0.078,0.474,0
2024-03-04,15.4,weekday,3.1,0.026,4.9,3.7,0.0,0,0.507,0.003,0.566,0.091,0
2024-03-05,17.3,weekday,0.7,0.0,5.7,3.1,0.0,0,0.387,0.0,0.648,0.078,0
2024-03-06,14.1,weekday,9.0,0.0,6.5,8.8,0.0,0,0.485,0.008,0.633,0.072,0
2024-03-07,14.3,weekday,0.6,0.116,4.6,3.1,0.0,0,0.454,0.083,0.718,0.023,0
2024-03-08,14.7,weekday,,0.0,4.4,4.5,0.0,0,0.462,0.005,0.694,0.024,1
2024-03-09,15.2,holiday,2.3,0.394,4.7,0.9,0.0,0,0.717,0.621,0.024,0.569,1
2024-03-10,14.6,holiday,1.8,0.402,7.1,1.6,0.0,0,0.73,0.536,0.137,0.543,0
2024-03-11,14.0,weekday,4.0,0.086,5.0,4.8,0.0,0,0.413,0.0,0.605,0.022,0
2024-03-12,12.6,weekday,5.0,0.013,3.8,0.8,0.0,0,0.61,,0.738,0.017,0
2024-03-13,13.4,weekday,5.7,0.022,5.1,5.0,0.0,0,0.351,0.0,0.679,0.0,1
2024-03-14,13.9,weekday,5.5,0.0,4.9,2.9,0.0,0,0.431,0.0,0.631,0.044,0
2024-03-15,14.8,weekday,5.4,0.061,6.8,2.2,0.0,0,0.508,0.0,0.631,0.019,0
2024-03-16,13.0,holiday,2.1,0.403,5.9,6.4,0.0,0,0.692,0.612,0.0,0.503,0
2024-03-17,12.8,holiday,1.3,0.43,4.7,3.7,0.0,0,0.702,0.647,0.093,0.499,0
2024-03-18,12.7,weekday,3.7,0.069,5.7,3.6,0.0,0,0.38,0.035,0.69,,0
2024-03-19,12.4,weekday,2.2,0.0,4.2,6.0,0.0,0,0.47,0.0,0.637,,0
2024-03-20,12.3,weekday,1.7,0.0,5.6,3.1,0.0,0,0.458,0.0,0.681,0.013,0
2024-03-21,11.5,weekday,6.6,0.0,1.6,7.7,0.0,0,0.367,0.0,0.761,0.0,0
2024-03-22,12.0,weekday,8.7,0.0,3.9,5.0,0.0,0,0.548,0.0,0.688,0.026,0
2024-03-23,12.0,holiday,7.5,0.236,4.7,4.6,0.0,0,0.707,0.536,0.12,0.569,0
2024-03-24,10.6,holiday,9.8,0.257,5.8,5.7,0.0,0,0.591,0.521,0.016,0.602,1
2024-03-25,10.2,weekday,3.5,0.0,2.5,5.9,0.0,0,0.38,0.007,0.741,0.013,0
2024-03-26,11.3,weekday,3.4,0.0,5.5,7.1,0.0,0,0.496,0.0,0.642,0.0,0
2024-03-27,11.1,weekday,1.7,0.0,7.9,5.5,0.0,0,0.408,0.0,0.576,0.059,1
2024-03-28,10.7,weekday,2.6,0.054,6.1,3.8,0.0,0,0.543,0.085,0.628,0.085,0
2024-03-29,11.0,weekday,3.7,0.0,4.3,7.6,0.0,0,0.436,0.0,0.599,0.003,0
2024-03-30,8.8,holiday,3.7,0.447,5.1,7.0,0.0,0,0.668,0.525,0.103,0.505,0
2024-03-31,8.9,holiday,0.7,0.562,6.0,4.6,0.0,0,0.746,0.557,0.171,0.56,1
2024-04-01,9.3,weekday,1.2,0.0,7.0,3.8,0.0,0,0.356,0.0,0.78,0.0,1
2024-04-02,9.4,weekday,2.2,0.143,6.6,0.0,0.0,0,0.444,0.13,,0.027,0
2024-04-03,10.3,weekday,2.4,0.0,6.6,0.0,0.0,0,,0.059,0.683,0.0,1
2024-04-04,9.0,weekday,4.9,0.0,5.3,0.0,0.0,0,0.437,0.0,0.668,0.0,0
2024-04-05,8.9,weekday,1.8,0.0,6.7,2.2,0.0,0,0.57,0.006,0.673,0.051,0
2024-04-06,8.5,holiday,0.2,0.461,5.7,0.8,0.0,0,,0.563,0.069,0.537,0
2024-04-07,9.0,holiday,1.6,0.337,3.3,1.7,0.0,0,0.749,0.614,0.013,0.472,0
2024-04-08,10.0,weekday,4.5,0.0,5.9,0.0,0.0,0,0.296,0.033,0.599,0.017,0
2024-04-09,7.6,weekday,5.5,0.211,4.1,1.5,1.0,0,0.315,0.217,0.604,0.19,0
2024-04-10,9.0,weekday,4.3,0.133,5.9,1.6,0.0,0,0.417,0.097,0.675,0.037,0
2024-04-11,9.0,weekday,5.4,0.0,4.5,2.1,0.0,0,0.537,0.018,0.664,0.072,0
2024-04-12,9.4,weekday,4.0,0.117,5.7,1.2,0.0,0,0.534,0.014,0.649,,0
2024-04-13,8.9,holiday,2.3,0.294,6.2,0.0,0.0,0,0.779,0.587,0.044,0.453,0
2024-04-14,7.1,holiday,2.2,0.415,5.8,0.0,0.0,0,0.558,0.593,0.0,0.526,0
2024-04-15,8.3,weekday,0.8,0.0,8.1,0.8,0.0,0,0.392,0.0,0.521,0.0,1
2024-04-16,6.7,weekday,5.2,0.015,4.2,0.0,0.0,0,0.471,0.0,0.693,0.0,1
2024-04-17,6.1,weekday,4.4,0.085,5.7,0.4,0.0,0,0.568,0.114,0.736,0.0,0
2024-04-18,7.2,weekday,2.3,0.0,2.4,1.4,0.0,0,0.423,0.0,0.675,0.019,0
2024-04-19,8.0,weekday,1.1,0.026,4.1,0.0,0.0,0,0.511,0.0,0.689,0.0,0
2024-04-20,7.9,holiday,4.9,0.385,5.3,0.0,0.0,0,0.628,0.636,0.098,0.467,0
2024-04-21,7.8,holiday,2.8,0.656,4.9,2.6,1.0,0,0.813,0.804,0.103,0.788,0
2024-04-22,5.5,weekday,0.7,0.042,5.6,0.5,0.0,0,0.45,0.011,0.595,0.008,0
2024-04-23,7.0,weekday,,0.0,7.5,0.0,0.0,0,0.417,0.0,0.718,0.03,0
2024-04-24,7.4,weekday,0.8,0.271,7.6,1.5,1.0,0,0.506,0.272,0.667,,0
2024-04-25,6.8,weekday,0.9,0.0,5.4,1.9,0.0,0,0.464,0.0,0.617,0.017,0
2024-04-26,7.3,weekday,1.2,0.339,5.3,0.3,1.0,0,0.361,0.235,0.665,0.21,0
2024-04-27,6.0,holiday,0.5,0.331,5.3,0.0,0.0,0,0.726,0.475,0.071,0.566,0
2024-04-28,6.3,holiday,1.8,0.428,7.3,2.4,0.0,0,0.715,0.502,0.063,0.472,1
2024-04-29,6.0,weekday,2.0,0.059,6.7,0.3,0.0,0,0.443,0.0,0.626,0.046,0
2024-04-30,5.7,weekday,3.0,0.159,4.8,0.0,1.0,0,,0.271,0.63,0.173,0
2024-05-01,6.0,holiday,6.1,0.233,7.1,2.1,0.0,0,0.597,,0.09,0.224,1
2024-05-02,5.8,holiday,9.4,0.198,3.5,0.0,0.0,0,0.589,0.295,0.196,0.337,0
2024-05-03,7.2,holiday,3.7,0.166,5.5,1.1,0.0,0,0.545,0.232,0.126,0.275,0
2024-05-04,6.6,holiday,3.0,0.407,7.6,1.6,0.0,1,0.854,0.544,0.098,0.54,1
2024-05-05,5.7,holiday,2.9,0.426,5.8,0.0,0.0,0,0.548,0.624,0.106,0.559,0
2024-05-06,6.2,holiday,1.3,,5.9,1.7,0.0,0,0.54,0.261,0.09,0.22,0
2024-05-07,4.8,holiday,3.3,0.357,5.2,0.0,0.0,0,0.573,0.364,0.023,0.252,0
2024-05-08,4.3,holiday,1.9,0.219,3.2,0.0,0.0,0,0.514,0.376,0.048,0.299,0
2024-05-09,6.1,holiday,2.6,0.302,5.6,0.8,0.0,0,0.673,0.331,0.019,0.288,0
2024-05-10,4.9,holiday,7.0,0.211,5.5,0.0,0.0,0,0.64,0.279,0.115,0.213,0
2024-05-11,5.2,holiday,1.1,0.345,4.3,0.0,0.0,0,0.617,0.59,0.071,0.504,0
2024-05-12,5.1,holiday,2.5,0.358,4.7,0.0,0.0,0,0.677,,0.062,0.564,0
2024-05-13,4.0,holiday,1.3,0.264,7.3,0.0,0.0,0,0.572,0.298,0.053,0.269,0
2024-05-14,4.1,holiday,5.0,0.375,3.0,0.0,1.0,0,0.636,0.464,0.018,0.489,0
2024-05-15,4.4,holiday,0.9,0.083,3.4,3.0,0.0,0,0.615,0.299,0.025,0.297,0
2024-05-16,5.4,holiday,3.6,0.098,2.9,1.7,0.0,0,0.632,0.254,0.0,0.257,0
2024-05-17,4.4,holiday,0.6,0.294,4.5,0.9,,0,0.479,0.311,0.035,0.267,0
2024-05-18,6.7,holiday,0.5,0.394,5.3,1.6,0.0,0,0.722,0.479,0.006,0.502,0
2024-05-19,5.0,holiday,1.2,0.354,4.9,0.0,0.0,0,0.635,0.637,0.169,0.533,0
2024-05-20,5.7,holiday,1.7,0.542,4.8,0.0,1.0,0,0.413,0.502,0.041,0.425,0
2024-05-21,6.2,,6.7,0.607,7.1,0.0,1.0,0,0.502,,0.083,0.443,1
2024-05-22,5.5,holiday,3.6,0.153,6.7,0.0,0.0,0,0.44,0.298,0.0,0.219,0
2024-05-23,5.2,holiday,2.0,0.103,6.7,0.9,0.0,0,0.445,,0.117,0.193,0
2024-05-24,4.8,holiday,2.6,0.316,5.8,1.1,0.0,0,0.468,0.38,,0.25,0
2024-05-25,4.1,holiday,4.3,0.446,6.4,0.0,0.0,0,0.741,0.597,0.089,0.56,1
2024-05-26,4.6,holiday,8.6,0.343,4.4,1.5,0.0,0,0.74,0.623,0.126,0.533,0
2024-05-27,5.0,holiday,2.2,0.569,3.9,2.1,1.0,0,0.568,0.559,0.001,0.436,1
2024-05-28,5.4,holiday,4.9,0.248,3.9,1.6,0.0,0,0.58,0.314,0.062,0.241,0
2024-05-29,4.9,holiday,2.3,0.33,5.3,0.8,0.0,0,0.631,0.273,0.09,0.216,1
2024-05-30,6.1,holiday,1.0,0.27,5.3,3.0,0.0,0,0.619,0.343,,0.299,0
2024-05-31,3.9,holiday,0.9,0.27,7.9,1.7,0.0,0,0.386,0.301,0.102,0.266,1
2024-06-01,5.0,holiday,1.4,0.611,5.8,1.0,1.0,0,0.659,0.777,0.127,0.671,0
2024-06-02,4.8,holiday,4.5,,7.7,0.2,0.0,0,0.618,,0.121,0.511,1
2024-06-03,3.4,,1.1,0.389,4.6,0.4,1.0,0,0.296,0.223,0.729,0.195,0
2024-06-04,5.7,weekday,6.1,0.224,4.4,0.0,1.0,0,0.319,0.254,0.573,0.222,0
2024-06-05,4.3,weekday,22.8,0.0,5.1,0.1,0.0,0,0.52,0.024,0.642,0.051,0
2024-06-06,5.5,weekday,22.6,0.0,4.8,0.3,0.0,0,0.53,0.011,0.676,0.012,1
2024-06-07,6.3,weekday,24.7,0.0,3.6,0.0,,0,0.439,0.0,0.561,0.0,0
2024-06-08,6.3,holiday,22.1,0.33,5.5,0.0,0.0,0,0.72,0.552,0.119,0.528,1
2024-06-09,4.0,holiday,20.2,0.377,5.6,0.7,0.0,0,0.713,0.566,0.094,0.546,1
2024-06-10,5.3,weekday,18.7,0.155,5.8,0.0,1.0,0,0.423,0.294,0.529,0.207,1
2024-06-11,7.5,weekday,19.5,0.0,3.9,2.0,0.0,0,0.493,0.073,0.596,0.032,0
2024-06-12,5.3,weekday,21.1,0.0,6.0,0.0,0.0,0,,0.0,0.645,0.027,1
2024-06-13,5.2,weekday,19.9,0.0,4.7,0.8,0.0,0,0.443,0.0,0.635,0.0,1
2024-06-14,6.2,weekday,26.2,0.248,6.8,2.3,1.0,0,0.43,0.247,0.601,0.098,1
2024-06-15,5.3,holiday,21.3,0.284,6.3,0.0,0.0,0,0.665,0.677,0.064,0.503,1
2024-06-16,5.7,holiday,22.6,0.441,5.7,0.0,0.0,0,0.668,0.566,0.033,0.469,1
2024-06-17,6.1,weekday,22.3,0.0,6.2,1.0,0.0,0,0.402,0.019,0.654,0.045,1
2024-06-18,5.6,weekday,21.7,0.036,4.5,0.0,0.0,0,0.341,0.013,0.627,0.0,1
2024-06-19,5.7,weekday,21.4,0.0,5.1,0.0,0.0,0,0.434,0.008,0.626,0.039,1
2024-06-20,7.0,weekday,24.0,0.0,6.4,0.3,0.0,0,0.464,0.059,0.578,0.038,1
2024-06-21,5.6,weekday,20.2,0.0,6.1,0.0,0.0,0,0.36,0.0,0.608,0.0,0
2024-06-22,7.7,holiday,19.0,0.469,6.4,0.5,0.0,0,0.656,0.565,,0.583,1
2024-06-23,5.7,holiday,20.7,0.354,4.7,0.7,0.0,0,0.673,0.596,0.006,0.605,1
2024-06-24,6.1,weekday,20.2,0.0,6.0,0.0,0.0,0,0.398,0.0,0.64,0.0,1
2024-06-25,7.2,weekday,,0.0,7.8,1.7,0.0,0,0.319,0.0,0.577,0.0,0
2024-06-26,6.5,weekday,21.0,0.0,6.2,1.3,0.0,0,0.404,0.013,0.609,0.036,1
2024-06-27,6.3,weekday,26.7,0.0,8.2,0.7,0.0,0,0.392,0.022,0.614,0.0,1
2024-06-28,7.8,weekday,23.4,0.0,4.1,0.0,0.0,0,0.467,0.0,0.595,0.0,0
2024-06-29,8.0,holiday,19.5,,6.4,0.0,1.0,0,0.478,0.775,0.052,0.727,1
2024-06-30,7.7,holiday,22.7,0.332,5.4,0.0,0.0,0,0.56,0.634,0.008,0.449,0
2024-07-01,5.1,weekday,21.5,0.0,6.5,0.0,0.0,0,0.447,,0.676,0.0,1
2024-07-02,8.0,weekday,24.6,0.0,6.0,0.0,0.0,0,0.397,0.025,,0.0,1
2024-07-03,6.5,weekday,23.6,0.0,2.7,0.0,0.0,0,0.339,0.0,0.576,0.173,1
2024-07-04,7.3,weekday,21.3,0.0,5.3,3.7,0.0,0,0.495,0.0,0.626,0.037,1
2024-07-05,7.7,weekday,21.2,0.0,4.3,0.0,0.0,0,0.412,0.0,0.725,0.092,1
2024-07-06,7.4,holiday,25.8,0.359,6.4,0.0,0.0,0,0.636,0.471,0.0,0.468,1
2024-07-07,7.7,holiday,19.2,0.221,5.3,1.3,0.0,0,0.802,0.506,0.047,0.466,0
2024-07-08,7.6,weekday,22.8,0.0,6.8,0.0,0.0,0,0.405,0.0,0.718,0.0,1
2024-07-09,8.2,weekday,21.8,0.01,6.1,0.0,0.0,0,0.407,0.012,0.614,0.021,1
2024-07-10,10.1,weekday,25.2,0.0,5.2,1.0,0.0,0,0.392,0.002,0.633,0.115,1
2024-07-11,8.5,weekday,20.4,0.0,3.5,0.0,0.0,0,0.505,0.0,0.591,0.0,1
2024-07-12,9.0,weekday,19.7,0.206,5.7,0.0,,0,0.494,0.205,0.691,0.192,1
2024-07-13,9.6,holiday,24.2,0.289,6.2,0.0,0.0,0,,0.543,0.023,0.495,1
2024-07-14,10.2,holiday,19.2,0.36,4.4,0.0,0.0,0,0.642,0.587,0.007,0.568,0
2024-07-15,10.0,weekday,19.1,0.0,3.5,1.1,0.0,0,0.457,0.0,0.721,0.077,1
2024-07-16,9.0,weekday,1.0,0.046,5.4,0.0,,0,0.453,0.0,0.718,0.0,1
2024-07-17,9.6,weekday,2.1,0.0,3.4,0.0,0.0,0,0.408,0.095,0.697,,0
2024-07-18,8.8,weekday,1.9,0.076,6.2,1.5,0.0,0,0.443,0.043,0.684,0.0,0
2024-07-19,9.9,weekday,5.4,0.0,7.5,0.0,0.0,0,0.422,0.0,0.641,0.0,1
2024-07-20,9.4,holiday,,0.354,3.2,0.4,0.0,0,0.746,0.605,0.089,0.583,0
2024-07-21,10.4,holiday,4.7,0.463,4.3,0.0,0.0,0,0.792,0.603,,0.571,0
2024-07-22,9.7,weekday,3.0,0.173,7.2,0.0,1.0,0,0.361,0.204,0.638,0.25,0
2024-07-23,10.2,weekday,,0.0,4.6,2.6,0.0,0,0.464,0.0,,0.057,0
2024-07-24,10.7,weekday,3.9,0.0,4.6,1.2,0.0,0,0.36,0.0,0.673,0.01,0
2024-07-25,9.0,weekday,3.6,0.0,6.8,0.0,0.0,0,0.284,0.018,0.676,0.131,0
2024-07-26,12.8,weekday,3.0,0.0,7.6,1.8,0.0,0,0.529,0.0,0.648,0.008,0
2024-07-27,12.6,holiday,1.9,0.477,5.7,2.4,0.0,0,0.674,0.592,0.027,0.464,1
2024-07-28,11.2,holiday,3.7,0.557,4.1,0.0,0.0,0,0.662,0.655,0.088,0.607,0
2024-07-29,13.0,weekday,4.8,0.0,6.4,0.0,0.0,0,0.301,0.006,0.639,0.041,0
2024-07-30,11.5,weekday,5.2,0.005,6.7,0.3,0.0,0,0.437,0.0,0.714,0.016,1
2024-07-31,10.9,weekday,3.1,0.123,6.7,0.0,0.0,0,0.449,0.024,0.731,0.028,0
2024-08-01,11.6,holiday,12.9,0.323,8.5,1.4,0.0,0,0.632,0.341,0.086,0.325,1
2024-08-02,12.2,holiday,12.4,0.214,10.6,0.0,0.0,0,0.535,,0.031,0.306,1
2024-08-03,13.8,holiday,15.7,0.309,12.5,0.0,0.0,0,0.654,0.643,0.0,0.594,1
2024-08-04,12.7,holiday,16.9,0.576,11.3,0.0,1.0,0,0.64,,0.092,0.784,1
2024-08-05,15.0,holiday,14.0,0.189,8.0,0.0,0.0,1,0.667,0.273,0.079,0.364,1
2024-08-06,12.9,holiday,17.5,0.107,8.2,1.4,0.0,0,,0.242,0.072,0.272,1
2024-08-07,13.2,holiday,14.9,0.082,10.0,0.0,0.0,0,0.518,0.33,0.091,0.23,1
2024-08-08,16.6,holiday,19.1,0.131,8.9,0.8,0.0,0,0.687,,0.0,0.33,1
2024-08-09,13.4,holiday,15.7,0.15,7.4,0.0,0.0,0,0.533,,0.044,0.244,1
2024-08-10,13.6,holiday,14.3,0.45,8.2,0.0,0.0,0,0.557,0.528,0.0,0.55,1
2024-08-11,13.5,holiday,14.1,0.593,7.6,0.0,1.0,0,0.641,0.798,0.023,0.731,1
2024-08-12,12.8,holiday,12.2,0.159,7.9,0.0,0.0,0,0.636,0.223,0.113,0.314,1
2024-08-13,14.1,holiday,12.2,0.126,9.3,0.0,0.0,1,0.538,0.288,0.091,,1
2024-08-14,14.1,holiday,12.5,0.198,8.3,0.2,0.0,0,0.403,0.29,0.062,0.276,1
2024-08-15,14.6,holiday,14.0,0.28,8.9,2.5,0.0,0,0.336,0.283,0.09,0.27,1
2024-08-16,15.1,holiday,16.5,0.244,10.7,0.0,0.0,0,0.443,0.232,0.153,0.276,1
2024-08-17,15.4,holiday,11.5,0.451,9.3,0.0,0.0,0,0.737,0.498,0.106,0.537,1
2024-08-18,14.4,holiday,15.4,0.469,9.1,0.0,0.0,1,0.55,0.618,0.099,0.618,1
2024-08-19,15.6,holiday,,0.259,10.9,0.5,0.0,0,,0.371,0.0,0.177,1
2024-08-20,16.0,holiday,12.1,0.214,9.9,0.0,0.0,0,0.513,0.313,0.023,0.323,0
2024-08-21,17.7,holiday,15.9,0.13,8.2,0.0,0.0,0,0.528,0.32,0.0,0.342,1
2024-08-22,16.0,holiday,15.7,0.21,9.5,0.0,0.0,0,0.602,0.26,0.067,0.294,1
2024-08-23,16.9,holiday,16.9,0.147,6.9,0.0,0.0,0,0.59,0.293,0.127,0.328,1
2024-08-24,17.3,holiday,13.6,0.408,9.2,0.0,0.0,0,0.806,0.638,0.01,0.601,1
2024-08-25,18.3,holiday,12.3,0.379,8.4,0.0,0.0,0,0.795,0.593,0.0,0.558,1
2024-08-26,17.6,holiday,13.1,0.573,8.6,0.0,1.0,0,0.525,0.648,0.064,0.479,1
2024-08-27,18.0,holiday,13.3,0.352,8.3,0.1,0.0,1,0.515,0.347,0.06,0.352,1
2024-08-28,17.8,holiday,17.5,,10.6,0.0,0.0,0,0.684,0.343,0.045,0.282,1
2024-08-29,18.7,holiday,15.5,0.582,7.8,1.5,1.0,0,0.473,0.544,0.0,0.57,1
2024-08-30,17.7,holiday,18.3,0.275,8.8,0.0,0.0,0,0.577,0.249,0.0,0.373,1
2024-08-31,18.9,holiday,17.0,0.338,8.5,0.0,0.0,0,0.66,,0.052,0.56,1
2024-09-01,18.8,holiday,12.3,0.422,8.7,0.0,0.0,0,,0.559,0.077,0.558,1
2024-09-02,18.6,weekday,14.6,0.0,9.7,0.0,0.0,0,0.416,0.069,0.621,0.083,1
2024-09-03,19.6,weekday,12.5,0.087,7.6,0.0,0.0,0,0.261,0.024,0.594,0.176,1
2024-09-04,19.4,weekday,12.1,0.079,9.2,1.5,0.0,0,0.448,0.032,0.55,0.131,1
2024-09-05,21.3,weekday,16.8,,9.0,0.0,0.0,0,0.402,0.076,0.608,,1
2024-09-06,19.2,weekday,14.6,0.038,8.5,0.0,0.0,0,,0.0,0.657,0.094,1
2024-09-07,18.7,holiday,15.7,0.47,7.6,1.9,0.0,1,0.732,0.533,0.144,0.627,1
2024-09-08,19.7,holiday,13.7,0.463,12.0,0.0,0.0,0,0.564,0.698,0.053,0.571,1
2024-09-09,20.6,weekday,15.4,0.332,11.2,0.0,1.0,0,0.481,0.297,0.69,0.343,1
2024-09-10,20.4,weekday,12.8,0.011,8.4,0.0,0.0,0,0.5,0.006,0.645,0.116,0
2024-09-11,19.3,weekday,16.6,0.0,11.0,0.0,0.0,0,0.532,0.0,0.58,0.08,1
2024-09-12,21.7,weekday,15.1,,8.7,0.0,0.0,0,0.27,0.004,0.659,0.047,1
2024-09-13,22.3,weekday,11.1,0.025,11.0,5.2,0.0,0,0.387,0.064,,0.053,1
2024-09-14,21.5,holiday,15.8,0.489,8.4,0.0,0.0,0,0.698,0.597,0.07,0.616,1
2024-09-15,22.5,holiday,11.5,0.435,11.9,0.7,0.0,0,0.6,0.573,0.042,0.662,1
2024-09-16,21.4,weekday,14.9,0.0,10.5,1.0,0.0,0,0.409,0.029,0.681,0.0,1
2024-09-17,22.7,weekday,13.7,0.091,7.1,0.0,0.0,0,0.308,0.124,0.528,0.169,0
2024-09-18,21.5,weekday,17.1,0.013,11.7,0.0,0.0,0,0.278,0.0,0.593,0.032,1
2024-09-19,20.7,weekday,11.5,0.0,8.8,0.0,0.0,0,0.525,0.0,0.679,0.076,1
2024-09-20,22.1,weekday,15.6,,8.4,1.2,0.0,0,0.415,0.0,0.504,0.02,1
2024-09-21,22.8,holiday,13.7,0.687,11.2,1.4,0.0,0,0.645,0.709,0.11,0.622,1
2024-09-22,20.9,holiday,13.9,0.515,8.4,0.0,0.0,0,0.642,0.581,0.082,0.566,1
2024-09-23,22.4,weekday,15.6,0.0,7.2,0.0,0.0,0,0.458,0.0,0.636,0.127,1
2024-09-24,23.8,weekday,12.3,0.001,8.3,0.0,0.0,0,0.525,0.014,,,1
2024-09-25,23.2,weekday,18.0,0.0,9.7,0.1,0.0,0,0.305,0.0,0.564,0.075,1
2024-09-26,23.4,weekday,13.4,0.028,9.5,0.0,0.0,0,0.41,0.0,0.725,,1
2024-09-27,23.0,weekday,13.3,0.087,8.6,0.0,0.0,0,0.473,0.081,0.72,0.024,1
2024-09-28,24.9,holiday,11.3,0.428,7.9,0.0,,0,0.772,0.635,0.102,0.594,1
2024-09-29,23.8,holiday,13.6,0.364,11.0,0.0,0.0,0,0.788,0.505,0.09,0.513,1
2024-09-30,22.7,weekday,16.8,0.107,7.1,2.5,0.0,0,0.481,0.027,0.626,0.117,1
2024-10-01,24.9,weekday,0.3,0.178,6.4,0.0,0.0,0,0.42,0.008,0.61,0.058,0
2024-10-02,24.0,weekday,2.0,0.203,7.4,0.6,0.0,0,0.493,0.043,0.683,0.093,0
2024-10-03,26.0,weekday,1.8,0.102,5.5,0.0,0.0,0,0.296,0.017,0.679,0.015,1
2024-10-04,24.2,weekday,3.3,0.179,5.4,0.8,0.0,0,0.44,0.057,0.605,0.034,0
2024-10-05,24.2,holiday,5.4,0.525,5.2,1.5,0.0,0,0.652,0.605,0.148,0.68,0
2024-10-06,24.4,holiday,1.3,0.724,5.2,0.0,1.0,0,0.678,0.853,,0.84,1
2024-10-07,24.5,weekday,3.8,0.015,5.6,1.0,0.0,0,0.498,0.0,0.759,0.091,0
2024-10-08,24.4,weekday,1.5,0.19,4.9,0.0,0.0,0,0.393,0.07,0.764,0.174,1
2024-10-09,25.5,weekday,9.1,0.31,3.5,0.4,0.0,0,0.407,0.036,0.786,0.021,0
2024-10-10,25.9,weekday,1.3,0.142,7.0,0.0,0.0,0,0.438,0.052,0.61,0.225,0
2024-10-11,24.7,weekday,6.7,0.133,5.4,0.0,0.0,0,0.564,0.0,0.635,0.158,0
2024-10-12,26.4,holiday,6.0,,5.1,0.0,0.0,0,0.584,0.567,0.177,0.583,1
2024-10-13,25.1,holiday,8.4,0.837,5.0,0.0,1.0,0,0.678,0.917,0.149,0.776,1
2024-10-14,26.9,weekday,3.5,0.009,4.3,0.7,0.0,0,0.527,0.0,0.72,0.14,0
2024-10-15,28.4,weekday,1.9,0.49,5.8,1.2,1.0,0,0.405,0.346,0.665,0.272,0
2024-10-16,27.1,weekday,4.8,0.201,4.8,0.0,0.0,0,,0.01,0.583,0.097,0
2024-10-17,26.2,weekday,2.5,0.071,6.7,0.0,0.0,0,0.509,0.036,0.663,0.085,0
2024-10-18,28.1,weekday,,0.422,3.6,0.4,1.0,0,0.423,0.347,0.597,0.262,0
2024-10-19,26.7,holiday,4.9,0.466,6.6,0.0,0.0,0,0.617,0.606,0.016,0.545,1
2024-10-20,27.0,holiday,2.9,0.425,4.8,1.5,0.0,0,0.714,0.56,0.149,0.622,0
2024-10-21,25.7,weekday,3.8,,6.4,0.0,0.0,0,0.373,0.025,0.626,0.131,0
2024-10-22,27.3,weekday,4.8,0.148,4.0,2.4,1.0,0,0.512,0.159,0.544,0.271,0
2024-10-23,27.1,weekday,4.8,0.001,3.7,1.5,0.0,0,0.334,0.0,0.594,0.133,0
2024-10-24,26.8,weekday,2.3,0.008,3.7,0.2,0.0,0,0.449,0.0,0.693,0.106,0
2024-10-25,28.2,weekday,0.6,0.225,4.3,0.1,0.0,0,0.476,0.056,0.746,0.051,0
2024-10-26,27.4,holiday,4.5,0.843,3.5,0.9,1.0,0,0.809,0.826,0.101,0.829,0
2024-10-27,27.8,holiday,6.9,0.592,3.6,0.0,0.0,0,0.56,0.647,0.036,0.555,0
2024-10-28,28.6,weekday,4.6,0.178,4.8,0.1,0.0,0,0.278,0.057,0.596,0.207,0
2024-10-29,29.1,weekday,4.9,0.109,5.0,0.0,0.0,0,,0.0,0.7,0.147,1
2024-10-30,26.5,weekday,8.0,0.156,7.2,0.0,0.0,0,,0.064,0.648,0.103,1
2024-10-31,29.7,weekday,8.7,0.077,5.6,0.0,0.0,0,0.366,0.096,0.769,0.09,0
2024-11-01,28.7,weekday,1.2,0.077,4.5,0.0,0.0,0,0.442,0.0,0.654,0.042,0
2024-11-02,27.6,holiday,6.0,0.387,3.7,0.0,0.0,0,0.681,0.539,0.165,0.482,0
2024-11-03,28.5,holiday,1.7,0.52,3.7,4.6,0.0,0,0.747,0.655,0.1,0.516,0
2024-11-04,28.4,weekday,5.9,0.186,5.2,0.3,,0,0.399,0.01,0.658,0.064,0
2024-11-05,28.6,weekday,5.2,0.239,5.3,1.0,0.0,0,0.384,0.036,0.654,0.088,0
2024-11-06,29.3,weekday,3.2,0.453,5.7,2.2,1.0,0,0.59,0.268,0.737,0.389,0
2024-11-07,28.8,weekday,2.9,0.176,7.8,0.7,0.0,0,0.514,0.005,0.581,0.06,1
2024-11-08,29.1,weekday,3.1,0.341,5.8,0.0,0.0,0,,0.192,0.647,0.067,0
2024-11-09,27.1,holiday,0.5,0.542,4.2,0.1,0.0,0,0.756,0.657,0.095,0.584,0
2024-11-10,28.4,holiday,1.2,0.415,3.8,0.0,0.0,0,0.784,0.582,0.134,0.527,0
2024-11-11,28.5,weekday,2.0,0.075,3.1,0.8,0.0,0,0.349,0.039,0.691,0.222,0
2024-11-12,28.7,weekday,0.5,0.154,6.5,1.0,0.0,0,0.378,0.071,0.661,0.108,0
2024-11-13,28.6,weekday,1.9,0.222,5.8,2.8,0.0,0,0.468,0.07,0.675,0.03,0
2024-11-14,28.6,weekday,3.9,0.05,3.0,2.1,0.0,0,0.36,0.0,0.627,0.055,0
2024-11-15,28.7,weekday,3.9,0.14,6.1,1.5,0.0,0,0.497,0.0,0.668,0.064,1
2024-11-16,28.7,holiday,0.9,0.747,5.7,3.1,1.0,0,0.734,0.792,0.101,0.821,0
2024-11-17,27.0,holiday,2.5,0.406,4.1,0.0,0.0,0,0.708,0.586,0.073,0.678,0
2024-11-18,28.2,weekday,4.5,,6.4,0.0,0.0,0,0.31,0.0,0.641,0.191,1
2024-11-19,27.1,weekday,,0.201,2.0,0.0,0.0,0,0.44,0.04,0.666,0.165,0
2024-11-20,29.5,weekday,1.7,0.192,4.2,0.0,0.0,0,0.296,0.0,0.645,0.104,0
2024-11-21,29.2,weekday,1.7,0.298,4.9,0.0,1.0,0,0.565,0.267,0.712,0.367,0
2024-11-22,28.0,weekday,0.2,0.113,6.8,0.0,0.0,0,0.425,0.097,0.654,0.055,0
2024-11-23,29.2,holiday,4.3,0.54,4.0,0.0,0.0,1,0.748,0.696,0.117,0.678,1
2024-11-24,28.9,holiday,6.6,0.456,6.6,0.0,0.0,0,0.731,0.636,0.062,0.564,1
2024-11-25,30.6,weekday,5.2,0.223,5.6,0.0,0.0,0,0.339,0.042,0.632,0.087,0
2024-11-26,29.4,weekday,5.9,0.05,5.1,0.0,0.0,0,0.318,0.003,0.597,0.069,0
2024-11-27,28.0,weekday,4.7,0.013,5.7,0.0,,0,0.331,0.017,0.663,0.103,0
2024-11-28,27.8,weekday,7.1,0.18,3.9,2.0,,0,0.472,0.014,0.627,0.025,0
2024-11-29,28.5,weekday,1.3,0.162,6.5,0.0,0.0,0,0.415,0.074,0.651,0.065,0
2024-11-30,27.8,holiday,2.8,0.53,6.0,0.0,0.0,0,,,0.165,0.503,0
2024-12-01,29.2,holiday,2.4,0.546,4.8,0.0,0.0,0,0.763,0.589,0.055,0.533,0
2024-12-02,28.9,holiday,2.2,0.276,4.8,2.2,0.0,0,0.511,0.296,0.0,0.386,0
2024-12-03,28.6,holiday,7.0,0.335,3.6,0.2,0.0,0,0.564,0.186,0.052,0.383,0
2024-12-04,29.4,holiday,4.4,0.63,3.0,2.9,1.0,0,0.62,0.597,0.142,0.493,0
2024-12-05,28.6,holiday,5.6,0.512,5.3,0.0,0.0,0,0.599,0.362,0.003,0.319,1
2024-12-06,26.4,holiday,4.3,0.322,6.0,0.0,0.0,0,0.594,0.246,0.08,0.404,1
2024-12-07,29.0,holiday,2.1,0.435,8.1,2.1,,0,0.731,0.513,0.065,0.513,0
2024-12-08,29.0,holiday,6.6,0.496,6.5,0.0,0.0,0,0.622,0.52,,0.508,0
2024-12-09,29.1,holiday,2.2,0.276,5.7,1.3,0.0,0,0.436,,0.146,0.264,1
2024-12-10,28.6,holiday,2.6,0.542,5.5,0.0,0.0,0,0.767,0.368,0.14,0.364,1
2024-12-11,27.7,holiday,5.8,0.218,7.5,0.9,0.0,0,0.506,0.277,0.096,0.255,0
2024-12-12,27.9,holiday,6.8,0.371,4.9,1.9,0.0,0,0.444,0.345,0.075,0.313,0
2024-12-13,27.0,holiday,0.7,0.293,6.4,4.2,0.0,0,0.492,0.384,0.011,0.44,1
2024-12-14,28.7,holiday,3.4,,3.9,3.6,0.0,0,0.636,0.61,0.154,0.574,0
2024-12-15,28.3,holiday,4.9,0.511,5.4,2.9,0.0,0,0.704,,0.05,0.602,0
2024-12-16,28.7,holiday,3.1,,5.3,0.0,0.0,0,0.508,0.322,0.119,0.314,0
2024-12-17,28.3,holiday,4.2,0.216,7.0,0.8,0.0,0,0.511,0.234,0.032,0.352,1
2024-12-18,28.2,holiday,6.0,0.379,4.0,0.0,0.0,0,0.547,,0.146,0.374,0
2024-12-19,28.1,holiday,9.8,0.366,6.3,0.0,0.0,0,0.475,0.394,0.0,0.33,0
2024-12-20,27.3,holiday,3.8,0.649,4.1,1.4,1.0,0,0.529,0.663,0.087,0.58,0
2024-12-21,27.0,holiday,,0.55,6.1,3.0,0.0,0,0.806,0.618,0.077,0.594,1
2024-12-22,29.0,holiday,0.3,0.651,4.8,3.8,0.0,0,0.754,0.488,0.108,,0
2024-12-23,28.7,holiday,,,4.8,0.0,0.0,0,0.525,0.308,0.019,0.367,0
2024-12-24,26.6,holiday,5.4,,4.2,3.0,0.0,0,0.501,0.398,0.068,0.446,0
2024-12-25,27.4,holiday,4.6,0.258,6.0,0.6,0.0,0,0.567,0.306,0.157,0.433,0
2024-12-26,28.2,holiday,1.0,0.35,6.7,1.6,0.0,0,0.642,0.252,0.033,0.381,1
2024-12-27,27.6,holiday,3.5,0.254,6.3,4.5,0.0,0,0.492,0.437,0.037,0.398,0
2024-12-28,26.8,holiday,2.8,0.458,5.0,2.3,0.0,0,0.787,0.611,0.123,0.642,0
2024-12-29,26.3,holiday,7.1,0.523,4.7,1.5,0.0,0,0.645,0.62,0.117,0.666,0
2024-12-30,27.2,holiday,1.0,0.599,5.2,1.8,1.0,0,0.477,,0.117,0.498,0
2024-12-31,25.3,holiday,3.5,0.37,5.7,0.0,0.0,0,0.666,0.293,0.007,0.318,0
2025-01-01,26.2,holiday,,0.55,6.4,2.8,1.0,0,0.484,0.603,0.105,0.573,0
2025-01-02,26.3,holiday,5.2,0.564,4.2,0.0,1.0,0,0.48,0.531,0.113,0.62,1
2025-01-03,25.7,holiday,3.3,0.22,6.6,4.1,0.0,0,0.527,0.367,0.092,0.306,0
2025-01-04,23.3,holiday,2.3,0.497,4.6,3.2,0.0,0,0.601,0.523,0.133,0.568,0
2025-01-05,27.0,holiday,1.5,0.437,3.9,0.3,0.0,0,0.588,,0.068,0.588,0
2025-01-06,25.1,holiday,6.5,0.224,5.2,3.6,0.0,0,0.538,0.251,0.065,0.282,0
2025-01-07,25.2,holiday,6.5,0.331,5.2,3.7,0.0,0,0.599,0.271,0.097,0.33,0
2025-01-08,25.7,holiday,5.8,0.296,7.2,2.3,0.0,0,0.621,0.268,0.122,,1
2025-01-09,25.4,holiday,2.9,0.201,4.7,1.7,0.0,0,0.365,0.25,0.052,0.37,0
2025-01-10,25.6,holiday,,0.369,6.2,3.4,0.0,0,0.531,0.325,0.1,0.251,0
2025-01-11,23.6,holiday,1.0,0.413,5.1,4.0,0.0,0,0.714,0.659,0.116,0.572,0
2025-01-12,25.7,holiday,1.9,0.51,5.4,2.9,0.0,0,0.597,0.639,0.13,0.583,0
2025-01-13,25.7,holiday,1.7,0.338,3.7,2.0,0.0,0,0.343,0.31,0.014,0.302,0
2025-01-14,24.7,holiday,1.4,0.29,7.7,0.0,0.0,0,0.444,0.372,0.129,0.374,1
2025-01-15,23.5,holiday,1.1,0.27,4.6,0.7,0.0,0,0.509,0.367,0.073,0.339,0
2025-01-16,25.9,holiday,7.5,0.447,5.4,0.2,0.0,0,0.432,0.287,0.084,0.229,0
2025-01-17,24.6,holiday,4.7,0.384,5.3,3.4,0.0,0,0.55,0.319,0.093,0.413,0
2025-01-18,23.8,holiday,3.5,0.494,3.4,4.2,0.0,0,0.648,0.651,0.047,0.584,0
2025-01-19,25.1,holiday,7.9,0.413,8.6,3.7,0.0,0,0.637,0.698,0.083,0.616,1
2025-01-20,23.2,holiday,1.7,0.386,4.4,4.0,0.0,0,0.622,0.332,0.103,0.339,0
2025-01-21,23.3,holiday,1.4,0.325,4.8,3.6,0.0,0,0.409,0.336,0.023,0.33,0
2025-01-22,22.9,holiday,2.9,0.769,5.1,4.8,1.0,0,0.5,0.644,0.142,0.653,0
2025-01-23,24.4,holiday,2.2,0.337,7.5,0.2,0.0,0,0.505,0.298,0.016,0.347,0
2025-01-24,24.5,holiday,3.3,0.148,3.9,2.8,0.0,0,0.46,0.38,0.086,0.436,0
2025-01-25,22.5,holiday,1.9,0.628,5.6,4.2,0.0,0,,0.525,0.221,0.622,0
2025-01-26,20.9,holiday,8.6,0.517,3.8,3.4,0.0,0,0.659,0.608,0.033,0.506,0
2025-01-27,21.0,holiday,3.5,0.131,2.8,1.4,,0,0.7,0.255,0.08,0.394,0
2025-01-28,23.5,holiday,5.4,0.24,6.8,3.1,0.0,0,0.508,0.294,0.132,0.361,0
2025-01-29,21.9,holiday,3.5,0.271,5.8,2.7,0.0,0,0.383,0.331,0.112,0.326,0
2025-01-30,22.5,holiday,5.6,0.54,5.6,0.7,1.0,0,0.575,0.471,0.0,0.603,0
2025-01-31,21.1,holiday,1.8,0.362,6.1,2.4,0.0,0,0.58,0.343,0.0,0.301,1
2025-02-01,22.5,holiday,9.1,0.452,5.0,5.2,0.0,0,0.775,0.653,0.156,0.603,0
2025-02-02,21.4,holiday,4.5,0.488,7.0,5.7,0.0,0,0.688,0.581,0.141,0.524,0
2025-02-03,20.7,weekday,6.6,0.252,3.8,3.9,0.0,0,0.399,0.094,0.729,0.05,0
2025-02-04,21.5,weekday,3.5,,6.4,1.8,0.0,0,0.487,0.0,0.714,0.143,0
2025-02-05,20.9,weekday,3.9,,4.8,4.7,0.0,0,0.344,0.083,0.657,0.255,0
2025-02-06,20.8,weekday,4.4,0.121,4.6,3.7,0.0,0,0.352,0.075,0.708,0.038,0
2025-02-07,19.9,weekday,5.0,0.125,5.1,4.2,,0,0.341,0.006,0.642,0.043,0
2025-02-08,20.8,holiday,3.5,0.483,7.0,2.4,0.0,0,0.761,0.586,0.081,0.57,1
2025-02-09,19.9,holiday,1.3,0.531,4.5,1.9,0.0,0,0.47,0.624,0.101,0.612,0
2025-02-10,18.9,weekday,2.7,0.212,4.3,5.5,1.0,0,0.448,0.261,,0.334,0
2025-02-11,19.7,weekday,5.5,0.318,5.4,3.8,1.0,0,0.479,0.301,0.746,0.306,1
2025-02-12,18.7,,4.0,0.07,6.8,3.9,0.0,0,0.432,0.057,0.653,0.09,1
2025-02-13,20.5,weekday,7.9,0.122,5.6,3.3,0.0,0,0.369,0.001,0.601,0.062,0
2025-02-14,20.2,weekday,2.0,0.059,5.1,4.0,0.0,0,0.512,0.0,0.661,0.057,0
2025-02-15,19.1,holiday,1.3,0.353,4.7,1.7,0.0,0,0.614,0.522,0.034,0.619,0
2025-02-16,18.7,holiday,4.4,0.545,5.7,4.3,0.0,0,0.619,0.663,0.086,0.591,0
2025-02-17,19.7,weekday,1.0,0.245,7.7,3.0,,0,0.384,0.221,0.62,0.222,1
2025-02-18,18.5,weekday,5.1,0.101,5.9,2.5,0.0,0,0.287,0.041,0.647,0.066,0
2025-02-19,19.2,weekday,1.4,0.073,5.4,3.1,0.0,0,0.277,0.029,0.621,0.003,0
2025-02-20,17.0,weekday,6.2,0.167,5.1,4.4,0.0,0,0.37,0.044,0.643,0.049,0
2025-02-21,17.6,weekday,0.9,0.239,5.4,5.9,0.0,0,0.53,0.052,0.674,0.099,0
2025-02-22,16.2,holiday,2.0,0.524,7.8,4.2,0.0,0,0.764,,0.098,0.579,1
2025-02-23,17.8,holiday,4.1,0.584,3.9,3.6,0.0,0,0.686,0.554,0.092,0.602,1
2025-02-24,16.2,weekday,4.1,,5.9,5.2,0.0,0,0.326,0.022,0.521,0.014,0
2025-02-25,17.8,weekday,2.4,0.06,5.3,5.4,0.0,0,0.402,0.0,0.611,0.045,0
2025-02-26,14.8,weekday,4.9,0.145,5.1,6.2,0.0,0,0.432,0.051,0.63,0.057,0
2025-02-27,16.5,weekday,2.1,0.146,4.4,4.0,0.0,0,0.401,0.08,0.694,0.091,0
2025-02-28,15.9,weekday,2.1,0.068,3.6,7.2,0.0,0,0.495,0.0,0.518,0.0,0
2025-03-01,15.7,holiday,2.6,0.428,8.2,2.7,0.0,0,0.836,0.641,0.208,0.559,0
2025-03-02,15.1,holiday,1.3,0.463,4.6,3.5,0.0,0,0.786,0.614,0.151,0.487,0
2025-03-03,15.5,weekday,0.9,0.0,6.9,6.5,0.0,0,0.52,0.014,0.687,0.125,0
2025-03-04,14.9,weekday,4.5,0.043,7.1,3.9,0.0,0,0.368,0.0,0.589,0.089,0
2025-03-05,14.1,weekday,2.5,0.015,5.7,2.7,0.0,0,0.375,0.0,0.633,0.15,0
2025-03-06,14.4,weekday,4.2,0.0,3.4,4.3,0.0,0,0.365,,0.621,0.0,0
2025-03-07,13.9,weekday,,0.164,5.3,3.4,0.0,0,0.479,0.047,0.605,0.011,0
2025-03-08,13.4,holiday,9.2,0.437,3.9,6.9,0.0,0,0.66,0.557,0.155,0.529,0
2025-03-09,14.6,holiday,5.4,0.508,3.9,6.3,,0,0.575,,0.105,0.491,0
2025-03-10,13.2,weekday,5.2,0.011,5.8,6.7,0.0,0,,0.047,0.686,0.11,0
2025-03-11,13.0,weekday,3.8,0.211,3.7,4.4,1.0,0,0.366,0.217,0.642,,0
2025-03-12,12.6,weekday,6.8,0.0,3.8,6.3,0.0,0,0.36,0.0,0.65,,0
2025-03-13,11.5,weekday,1.3,0.0,5.7,5.3,0.0,0,0.51,0.071,0.654,0.0,0
2025-03-14,14.7,weekday,3.7,0.0,6.1,2.4,0.0,0,0.425,0.0,0.593,0.023,0
2025-03-15,13.6,holiday,3.3,0.406,8.5,4.4,0.0,0,0.724,0.54,0.132,0.474,1
2025-03-16,12.4,holiday,2.8,0.491,7.6,7.3,0.0,0,,0.528,0.111,0.558,1
2025-03-17,13.3,weekday,2.4,0.0,6.0,3.8,0.0,0,0.431,0.095,0.751,0.0,0
2025-03-18,13.1,weekday,7.9,0.0,2.2,6.0,0.0,0,0.407,0.003,0.585,0.054,0
2025-03-19,11.8,weekday,3.0,0.0,7.1,4.6,0.0,0,0.38,0.043,0.624,0.0,1
2025-03-20,12.0,weekday,8.3,0.313,5.1,6.5,1.0,0,0.333,0.197,0.619,0.254,0
2025-03-21,12.0,weekday,2.5,0.028,3.5,5.5,0.0,0,0.385,0.0,0.681,0.0,0
2025-03-22,11.6,holiday,1.9,,6.7,3.2,0.0,0,0.65,0.588,0.096,0.521,1
2025-03-23,12.5,holiday,7.2,0.365,4.7,4.2,0.0,0,0.682,0.572,0.148,0.526,0
2025-03-24,12.1,weekday,1.7,0.138,3.6,4.9,0.0,0,0.309,0.099,0.677,0.018,0
2025-03-25,10.9,weekday,3.2,0.043,5.4,4.8,0.0,0,0.168,0.0,0.631,0.016,0
2025-03-26,11.3,weekday,1.6,0.155,2.0,4.5,0.0,0,0.401,0.023,0.686,0.0,0
2025-03-27,10.4,weekday,3.1,0.035,6.0,3.7,0.0,0,0.493,,0.603,0.058,1
2025-03-28,10.4,weekday,2.3,0.0,7.6,6.5,0.0,0,0.339,0.011,0.683,0.024,0
2025-03-29,11.2,holiday,1.0,0.396,5.7,4.2,0.0,0,0.737,0.63,,0.513,0
2025-03-30,11.2,holiday,2.6,0.555,4.5,4.5,0.0,0,0.678,0.565,0.0,0.522,0
2025-03-31,9.7,weekday,2.4,0.133,3.7,4.2,0.0,0,0.489,0.034,0.604,0.043,0
2025-04-01,10.9,weekday,,0.0,5.4,0.0,0.0,0,0.415,0.0,0.637,0.057,0
2025-04-02,9.6,weekday,3.6,0.072,6.0,1.3,0.0,0,0.4,0.0,0.546,0.041,0
2025-04-03,9.6,weekday,5.9,0.026,7.3,0.0,0.0,0,0.383,0.103,0.714,0.0,0
2025-04-04,8.8,weekday,1.3,0.015,8.7,1.6,0.0,0,0.434,0.029,0.682,0.0,1
2025-04-05,9.4,holiday,,,6.9,0.0,0.0,0,0.601,0.647,0.017,0.463,1
2025-04-06,9.8,holiday,4.4,0.468,5.3,0.0,0.0,0,0.771,,0.11,0.589,0
2025-04-07,9.4,weekday,,0.0,4.2,0.0,0.0,0,0.325,0.0,,0.0,0
2025-04-08,9.4,weekday,7.9,0.0,6.9,1.2,0.0,0,0.326,0.061,0.634,0.0,0
2025-04-09,9.7,weekday,2.2,0.0,3.9,0.4,0.0,0,0.535,0.085,0.694,0.0,0
2025-04-10,9.1,weekday,5.4,0.0,5.8,0.0,0.0,0,0.561,0.0,0.641,0.068,0
2025-04-11,7.6,weekday,3.0,0.083,4.2,0.0,0.0,0,0.322,0.059,0.641,,0
2025-04-12,7.9,holiday,2.7,0.447,5.9,4.4,0.0,0,0.644,0.584,,0.539,0
2025-04-13,9.0,holiday,4.9,0.448,3.0,0.8,0.0,0,0.855,0.516,0.129,0.51,0
2025-04-14,10.3,weekday,2.7,0.408,4.3,0.0,1.0,0,0.35,0.283,0.658,0.252,0
2025-04-15,7.6,weekday,3.3,0.0,5.8,1.2,0.0,0,0.622,0.032,0.603,0.0,0
2025-04-16,7.5,weekday,4.0,0.0,5.9,0.1,0.0,0,0.291,0.01,0.563,0.0,1
2025-04-17,6.9,weekday,4.5,0.023,4.4,0.0,0.0,0,0.307,0.019,0.576,0.082,1
2025-04-18,7.1,weekday,0.9,0.034,4.2,0.0,0.0,0,0.474,0.039,0.679,0.079,0
2025-04-19,7.2,holiday,2.7,0.262,9.1,0.0,0.0,0,0.642,0.478,0.067,0.588,0
2025-04-20,6.8,holiday,0.3,0.372,6.1,0.0,0.0,0,0.789,0.557,0.156,0.469,0
2025-04-21,7.8,weekday,5.7,0.0,4.6,0.8,0.0,0,0.409,0.0,0.665,0.0,0
2025-04-22,9.5,weekday,3.5,0.0,4.9,0.0,0.0,0,,0.005,0.602,0.045,0
2025-04-23,7.6,weekday,4.5,0.027,6.9,3.3,0.0,0,0.53,0.0,0.644,0.022,1
2025-04-24,5.8,weekday,5.0,0.0,8.6,0.0,0.0,0,0.374,0.0,0.666,0.0,1
2025-04-25,6.4,weekday,,0.0,5.8,0.0,0.0,0,0.378,0.012,0.69,0.0,0
2025-04-26,5.5,holiday,1.7,0.447,5.4,2.1,0.0,0,0.81,0.506,,0.574,1
2025-04-27,6.3,holiday,6.2,0.445,4.5,0.8,0.0,0,0.716,0.591,0.082,0.506,0
2025-04-28,4.6,weekday,1.0,0.016,5.2,2.2,0.0,0,0.434,0.0,0.808,0.01,0
2025-04-29,5.3,weekday,3.5,0.0,6.5,0.0,0.0,0,0.346,0.025,,0.083,0
2025-04-30,6.1,weekday,0.4,,4.7,0.3,0.0,0,0.274,0.0,0.667,0.025,0
2025-05-01,5.6,holiday,2.9,0.354,5.4,0.0,1.0,0,0.554,0.559,0.041,0.487,1
2025-05-02,6.7,holiday,4.8,0.164,6.8,0.0,0.0,0,,0.237,0.157,0.2,0
2025-05-03,6.8,holiday,7.1,0.393,4.2,0.9,0.0,0,0.662,0.656,0.058,0.515,0
2025-05-04,6.6,holiday,4.1,0.323,5.2,3.6,0.0,0,0.7,0.632,0.121,0.445,0
2025-05-05,5.7,holiday,7.8,0.166,7.1,0.0,0.0,0,0.524,0.283,0.082,0.247,1
2025-05-06,6.1,holiday,2.0,0.227,5.9,0.0,0.0,0,0.587,0.29,0.095,0.269,0
2025-05-07,5.4,holiday,4.8,0.322,4.2,1.0,0.0,0,0.49,0.37,0.112,0.373,0
2025-05-08,6.2,holiday,2.7,0.184,6.1,0.0,0.0,0,,0.386,0.039,0.248,1
2025-05-09,5.1,holiday,8.2,0.106,4.4,0.2,0.0,0,0.596,0.282,0.068,0.195,0
2025-05-10,5.2,holiday,2.4,,3.2,1.9,0.0,0,0.637,0.514,0.097,0.501,0
2025-05-11,2.7,holiday,4.6,0.278,5.9,1.5,0.0,0,0.649,0.562,0.045,0.499,0
2025-05-12,5.0,holiday,5.2,0.172,3.7,0.0,0.0,0,0.492,0.313,0.098,0.263,0
2025-05-13,5.7,holiday,7.7,0.175,9.7,0.0,0.0,0,0.504,0.28,0.0,0.222,1
2025-05-14,7.0,holiday,4.3,0.194,3.7,0.1,0.0,0,0.506,0.211,0.0,0.237,0
2025-05-15,6.1,holiday,3.4,0.191,6.5,0.0,0.0,0,0.722,0.161,0.17,0.195,0
2025-05-16,5.5,holiday,2.3,0.224,6.9,0.0,0.0,0,0.528,0.328,0.051,0.253,0
2025-05-17,5.6,holiday,4.2,0.379,2.9,1.7,0.0,0,0.832,0.559,0.08,0.487,0
2025-05-18,6.1,holiday,,0.728,5.4,2.7,1.0,0,0.714,0.82,0.104,0.64,0
2025-05-19,4.1,holiday,,0.0,6.7,0.8,0.0,0,0.498,0.235,0.055,0.324,0
2025-05-20,4.2,holiday,2.4,0.229,3.6,1.3,0.0,0,0.519,0.253,0.065,0.293,0
2025-05-21,3.9,holiday,1.5,0.146,4.6,0.0,0.0,0,0.585,0.295,0.045,0.351,0
2025-05-22,5.7,holiday,8.6,0.091,7.1,0.0,0.0,0,0.597,0.328,0.145,0.263,1
2025-05-23,4.7,holiday,3.2,0.21,3.0,3.5,0.0,0,0.473,0.248,0.123,0.272,0
2025-05-24,4.6,holiday,3.1,0.445,5.9,0.3,0.0,0,0.696,0.529,0.1,0.496,0
2025-05-25,5.9,holiday,3.4,0.444,6.0,0.0,0.0,0,0.597,0.541,,0.564,0
2025-05-26,6.5,holiday,4.4,0.18,7.2,2.2,0.0,0,0.531,0.239,0.03,0.215,1
2025-05-27,5.5,holiday,6.6,,6.4,2.9,0.0,0,0.664,0.27,0.058,0.337,0
2025-05-28,5.2,holiday,4.6,0.116,5.1,1.3,0.0,0,0.377,0.235,0.087,0.266,0
2025-05-29,4.6,holiday,1.2,0.371,5.5,1.7,0.0,0,0.673,0.368,0.139,0.27,0
2025-05-30,6.0,holiday,1.8,0.051,5.8,3.6,0.0,0,0.538,0.238,0.0,0.283,0
2025-05-31,4.3,holiday,4.6,,5.9,1.7,0.0,0,0.728,0.597,,0.56,0
2025-06-01,5.6,holiday,1.2,,7.6,0.9,0.0,0,0.656,0.592,0.085,0.494,0
2025-06-02,4.4,weekday,3.2,0.0,3.2,0.0,0.0,0,0.436,0.087,0.748,0.0,0
2025-06-03,4.8,weekday,4.8,0.0,5.9,0.0,0.0,0,0.493,0.085,0.659,0.057,0
2025-06-04,5.4,weekday,,0.241,3.9,0.0,1.0,0,0.578,0.197,0.653,0.137,0
2025-06-05,4.8,weekday,20.7,0.0,5.0,0.9,0.0,0,0.371,0.056,0.695,0.0,1
2025-06-06,6.0,weekday,19.3,0.259,5.4,1.6,1.0,0,0.506,0.354,0.631,0.232,1
2025-06-07,4.5,holiday,19.6,0.264,5.5,0.0,0.0,0,,0.503,0.141,0.492,1
2025-06-08,4.9,holiday,20.4,0.386,6.1,1.6,,0,0.772,0.566,0.163,0.508,1
2025-06-09,5.4,weekday,22.5,0.0,4.7,0.1,0.0,0,0.334,0.084,0.565,0.0,0
2025-06-10,7.6,weekday,21.4,0.0,4.2,1.6,0.0,0,0.415,0.0,0.624,0.0,0
2025-06-11,5.3,weekday,20.9,,6.6,0.2,0.0,0,0.357,0.061,0.551,0.004,1
2025-06-12,5.7,weekday,18.4,,8.6,3.0,0.0,0,0.46,0.044,0.629,0.022,1
2025-06-13,5.1,weekday,24.2,0.191,2.6,0.7,,0,0.389,0.205,0.583,0.214,0
2025-06-14,5.7,holiday,18.7,0.359,6.2,0.8,0.0,0,0.62,0.641,0.04,,1
2025-06-15,5.0,holiday,26.4,0.316,4.6,0.0,0.0,0,0.534,0.491,0.0,0.448,0
2025-06-16,5.3,weekday,21.6,0.0,6.4,0.9,0.0,0,0.389,0.11,0.594,0.067,1
2025-06-17,5.4,weekday,29.5,0.0,6.5,2.6,0.0,0,0.342,0.02,0.618,0.0,1
2025-06-18,5.9,weekday,20.2,0.0,5.6,0.4,0.0,0,0.526,,0.644,,1
2025-06-19,5.4,weekday,20.7,0.0,4.3,0.0,0.0,0,0.392,0.0,,0.0,1
2025-06-20,5.4,weekday,26.7,0.0,4.8,0.0,0.0,0,0.384,0.0,0.468,0.0,1
2025-06-21,6.5,holiday,26.2,0.379,4.8,0.9,0.0,0,0.63,0.582,0.058,0.506,1
2025-06-22,6.0,holiday,27.6,0.315,6.2,3.0,0.0,0,0.638,0.621,0.113,0.478,0
2025-06-23,4.9,weekday,26.0,0.092,5.9,0.6,0.0,0,0.493,0.043,0.729,0.0,1
2025-06-24,6.4,weekday,23.2,0.0,2.6,2.4,0.0,0,,0.0,0.587,0.069,0
2025-06-25,6.0,,18.8,0.026,5.6,0.0,0.0,0,0.437,0.0,0.638,0.0,1
2025-06-26,6.9,weekday,19.8,0.0,5.6,0.3,0.0,0,0.589,0.029,0.662,0.032,1
2025-06-27,5.8,weekday,20.9,0.0,4.6,3.8,0.0,0,0.377,0.031,0.54,0.01,1
2025-06-28,7.9,holiday,19.9,0.344,5.0,0.1,0.0,0,0.686,0.563,0.105,0.5,0
2025-06-29,6.1,,20.9,0.493,4.5,2.5,1.0,0,0.759,0.727,0.142,0.674,1
2025-06-30,6.1,weekday,21.7,0.0,6.5,0.0,0.0,0,0.415,0.002,0.603,0.0,1
2025-07-01,7.0,weekday,24.8,0.0,6.1,0.0,0.0,0,0.432,0.0,0.66,0.038,1
2025-07-02,7.2,weekday,22.9,0.0,5.9,0.6,0.0,0,0.425,0.0,0.546,0.015,1
2025-07-03,8.1,weekday,23.0,0.133,5.0,0.0,1.0,0,0.436,0.156,0.688,0.198,1
2025-07-04,6.8,weekday,23.2,0.0,5.0,0.0,0.0,0,0.591,0.0,0.606,0.017,0
2025-07-05,9.3,holiday,19.2,0.358,5.9,0.0,0.0,0,0.745,0.501,0.088,0.449,1
2025-07-06,8.6,holiday,22.0,0.326,6.8,0.7,0.0,0,0.649,0.621,0.047,0.463,1
2025-07-07,8.6,weekday,19.1,0.0,3.5,2.2,0.0,0,0.398,0.048,0.628,0.056,0
2025-07-08,8.5,weekday,22.8,0.0,4.7,2.3,0.0,0,0.409,0.025,0.638,0.007,1
2025-07-09,7.7,weekday,19.5,0.077,4.2,0.0,0.0,0,0.357,0.0,0.661,0.102,1
2025-07-10,8.7,weekday,19.9,0.0,6.7,0.0,0.0,0,0.433,0.0,0.628,0.011,1
2025-07-11,8.5,weekday,,0.0,3.8,0.8,0.0,0,0.452,0.045,0.683,0.0,1
2025-07-12,7.7,holiday,18.7,0.547,5.1,1.4,1.0,0,0.707,0.796,0.144,0.743,0
2025-07-13,8.6,holiday,25.1,0.267,5.2,0.0,0.0,0,0.699,0.512,0.001,0.566,1
2025-07-14,10.1,weekday,18.6,0.0,6.7,0.0,0.0,0,0.405,,0.628,0.0,1
2025-07-15,9.3,weekday,22.5,0.0,4.8,0.0,0.0,0,0.29,0.006,0.648,0.0,1
2025-07-16,9.1,weekday,4.0,0.156,6.3,4.5,0.0,0,0.472,0.05,0.625,0.047,0
2025-07-17,7.7,weekday,12.2,0.0,4.9,0.0,0.0,0,0.421,0.006,0.652,0.0,1
2025-07-18,9.5,weekday,,0.1,5.6,1.2,1.0,0,0.442,0.245,0.618,0.23,0
2025-07-19,10.0,holiday,3.3,0.517,6.4,0.1,1.0,0,0.633,0.861,0.037,0.724,0
2025-07-20,9.4,holiday,2.2,0.267,6.1,2.1,0.0,0,0.648,0.587,0.173,,1
2025-07-21,11.6,weekday,3.6,0.0,5.4,0.6,0.0,0,0.265,0.0,0.643,0.084,0
2025-07-22,10.0,weekday,,0.03,1.2,0.8,0.0,0,0.502,0.052,0.659,0.047,0
2025-07-23,9.2,weekday,6.2,0.0,6.8,2.2,0.0,0,0.46,0.029,0.614,0.0,1
2025-07-24,9.3,weekday,2.6,0.0,4.7,0.0,0.0,0,0.447,0.0,0.699,0.005,0
2025-07-25,13.3,weekday,3.1,0.0,8.0,0.0,0.0,0,0.323,0.003,0.603,0.03,1
2025-07-26,9.4,holiday,8.9,0.43,5.5,0.0,0.0,0,0.709,0.546,,0.652,1
2025-07-27,13.2,holiday,4.7,0.472,5.5,1.2,0.0,0,0.643,0.581,,0.493,0
2025-07-28,9.8,weekday,2.1,0.038,4.6,0.0,0.0,0,0.514,0.0,0.682,0.086,0
2025-07-29,11.9,weekday,6.5,0.014,6.8,0.0,0.0,0,0.46,0.0,0.709,,1
2025-07-30,11.5,weekday,1.3,0.038,3.1,0.7,0.0,0,0.377,0.045,0.621,0.068,0
2025-07-31,12.1,weekday,3.1,0.055,7.4,0.2,0.0,0,0.35,0.013,0.655,0.105,1
2025-08-01,11.8,holiday,18.0,0.079,10.2,0.0,0.0,0,0.366,0.153,0.0,0.343,1
2025-08-02,13.0,holiday,,0.305,9.5,0.0,0.0,0,0.562,0.549,,0.532,1
2025-08-03,11.8,holiday,11.8,,10.0,0.4,0.0,0,0.724,0.589,0.062,0.518,1
2025-08-04,11.9,holiday,14.3,0.136,8.3,0.0,0.0,0,0.648,0.36,0.011,,1
2025-08-05,12.7,holiday,16.0,0.143,10.2,0.0,0.0,0,0.547,0.353,0.062,0.289,1
2025-08-06,13.8,holiday,15.4,0.172,9.3,0.0,0.0,0,0.513,0.366,0.146,0.339,1
2025-08-07,14.1,holiday,14.0,0.15,11.0,0.1,0.0,0,0.531,0.3,0.015,0.268,1
2025-08-08,13.9,holiday,13.7,0.144,10.1,3.0,0.0,0,0.602,0.264,0.11,,1
2025-08-09,14.0,holiday,11.2,0.441,11.8,0.0,0.0,0,0.568,0.597,0.059,0.553,1
2025-08-10,13.7,holiday,12.2,0.277,9.3,0.3,0.0,0,0.676,0.551,0.111,0.526,1
2025-08-11,14.8,holiday,14.9,0.201,12.3,0.0,0.0,0,0.489,0.313,0.0,0.273,1
2025-08-12,13.7,holiday,13.1,0.191,9.7,0.0,0.0,0,0.569,0.343,0.02,0.333,1
2025-08-13,13.5,holiday,14.4,0.206,9.0,0.0,0.0,0,0.616,0.38,0.064,0.251,1
2025-08-14,14.1,holiday,16.8,0.297,9.7,0.0,0.0,0,0.689,0.42,0.133,0.294,1
2025-08-15,14.0,holiday,14.2,0.0,10.4,0.0,0.0,0,0.435,,0.099,0.301,1
2025-08-16,13.4,holiday,13.3,0.669,9.4,0.7,0.0,0,0.589,0.653,0.003,0.555,1
2025-08-17,14.7,holiday,16.2,0.544,10.8,0.0,0.0,0,0.597,0.583,0.025,0.613,1
2025-08-18,15.4,holiday,14.4,,9.6,0.7,,0,0.551,0.285,0.013,0.397,1
2025-08-19,15.6,holiday,14.2,0.414,8.4,1.4,0.0,0,0.586,0.28,0.076,0.312,1
2025-08-20,15.4,holiday,14.6,0.113,9.6,2.6,0.0,0,0.446,0.249,0.046,0.304,1
2025-08-21,17.1,holiday,11.2,0.259,10.8,0.0,0.0,0,0.56,0.325,0.095,0.303,1
2025-08-22,16.6,holiday,17.4,,10.5,0.0,0.0,0,0.458,0.266,0.002,0.274,1
2025-08-23,16.1,holiday,13.8,0.326,9.6,0.0,0.0,0,0.652,0.58,0.012,0.544,1
2025-08-24,18.1,holiday,15.0,0.623,10.2,0.0,1.0,0,0.704,0.758,0.091,0.809,1
2025-08-25,16.9,holiday,15.6,0.132,8.9,0.0,0.0,0,0.595,0.336,0.101,0.24,1
2025-08-26,16.5,holiday,13.6,0.153,9.0,0.0,0.0,1,0.55,0.236,0.087,0.285,1
2025-08-27,18.4,holiday,11.1,0.289,10.1,1.1,0.0,0,0.598,0.218,,0.392,1
2025-08-28,19.1,holiday,14.0,0.085,9.9,0.0,0.0,0,0.532,0.253,0.079,0.253,1
2025-08-29,17.8,holiday,12.7,0.242,8.3,1.1,0.0,0,0.441,0.302,0.137,0.298,1
2025-08-30,18.5,holiday,13.7,0.258,7.9,0.5,0.0,0,0.544,0.491,,0.631,1
2025-08-31,18.4,holiday,18.2,0.416,7.4,0.0,0.0,0,,0.543,0.104,0.536,1
2025-09-01,18.0,weekday,14.2,0.0,9.2,0.0,0.0,0,0.336,0.014,0.597,0.0,1
2025-09-02,19.0,weekday,11.6,0.0,10.1,0.2,0.0,0,0.522,0.03,0.726,0.041,1
2025-09-03,18.3,weekday,15.2,0.084,7.2,0.0,0.0,0,0.35,0.031,,0.129,1
2025-09-04,19.3,weekday,14.3,0.149,9.3,0.0,0.0,1,0.347,0.0,0.638,0.058,1
2025-09-05,18.8,weekday,17.7,0.007,9.0,0.0,0.0,0,0.481,0.021,,0.113,1
2025-09-06,20.9,holiday,13.0,0.428,6.5,0.0,0.0,0,0.708,0.592,0.097,0.457,1
2025-09-07,19.6,holiday,13.7,0.429,10.3,0.0,0.0,0,0.838,0.458,0.156,0.642,1
2025-09-08,20.8,weekday,11.5,0.094,10.6,0.4,0.0,0,0.338,0.139,0.668,0.042,1
2025-09-09,19.7,weekday,18.4,0.0,10.3,0.0,0.0,0,0.43,0.0,0.634,0.012,1
2025-09-10,19.8,weekday,17.4,0.089,12.6,0.3,0.0,0,0.363,0.0,0.604,0.043,1
2025-09-11,20.9,weekday,17.6,0.0,5.9,0.0,0.0,0,0.489,0.025,0.645,0.115,1
