date,event_local_flag,temperature_c,rainfall_mm,beach_crowd_index,holiday,wind_speed_mps,snowfall_cm,typhoon_alert_flag,mobility_inflow_index,tourist_inflow_count,lodging_occupancy_ratio,rail_ridership,y
2023-09-13,0.0,20.5,15.6,0.0,weekday,6.9,0.0,0,0.389,,0.0,0.667,0.141
2023-09-14,0.0,20.2,13.5,0.0,weekday,6.9,3.0,0,,0.133,0.093,0.682,0.216
2023-09-15,1.0,20.9,16.9,0.0,weekday,7.2,0.0,0,0.63,0.244,0.239,0.689,0.216
2023-09-16,0.0,22.2,15.0,0.092,holiday,8.8,0.8,0,0.691,0.523,,0.109,0.41
2023-09-17,0.0,21.0,,0.172,holiday,9.3,0.0,0,0.593,0.373,0.578,0.0,0.427
2023-09-18,1.0,21.2,14.7,0.143,weekday,9.0,0.0,0,0.429,0.289,0.27,0.693,0.153
2023-09-19,0.0,22.6,16.3,0.035,weekday,11.0,0.0,0,0.364,0.001,0.022,0.622,0.183
2023-09-20,0.0,21.8,,0.0,weekday,6.2,0.0,0,0.345,0.0,0.0,0.558,0.298
2023-09-21,0.0,22.7,16.8,0.0,weekday,9.5,0.0,0,0.298,0.123,0.012,0.631,0.174
2023-09-22,0.0,23.7,12.8,0.0,weekday,11.8,0.0,1,0.564,0.0,0.043,0.748,0.185
2023-09-23,0.0,22.5,14.3,0.179,holiday,8.7,0.0,0,0.689,0.536,0.586,0.082,0.299
2023-09-24,0.0,23.1,15.2,0.327,holiday,9.6,0.9,0,0.578,0.446,0.595,0.066,0.332
2023-09-25,0.0,22.6,17.1,0.069,weekday,7.7,1.6,0,0.335,0.012,0.082,,0.169
2023-09-26,0.0,22.2,14.3,0.0,weekday,11.0,0.0,0,0.534,0.004,0.045,0.546,0.105
2023-09-27,0.0,23.0,13.7,0.068,weekday,10.1,0.0,1,0.349,0.073,,0.606,0.181
2023-09-28,0.0,22.4,15.1,,weekday,7.8,3.3,0,0.512,0.007,0.0,0.612,0.199
2023-09-29,0.0,24.2,15.5,0.003,weekday,8.4,0.0,0,0.432,0.064,0.043,0.665,0.2
2023-09-30,0.0,24.6,17.8,0.324,holiday,8.0,0.0,0,0.809,0.473,0.549,,0.398
2023-10-01,0.0,23.8,6.9,0.341,holiday,6.8,2.2,0,0.61,0.56,0.559,0.068,0.442
2023-10-02,0.0,25.4,4.2,0.115,weekday,3.9,0.0,0,,0.089,0.038,0.689,0.327
2023-10-03,0.0,24.8,7.3,0.172,weekday,4.2,0.0,0,0.374,0.008,0.072,0.631,0.304
2023-10-04,0.0,24.9,6.7,0.145,weekday,8.2,0.0,0,0.389,0.0,0.0,,0.227
2023-10-05,0.0,24.3,5.1,0.197,weekday,4.5,1.0,0,,,0.0,0.681,0.211
2023-10-06,0.0,23.7,6.7,0.126,weekday,5.7,0.0,0,,0.0,0.0,0.605,0.211
2023-10-07,0.0,24.4,2.4,0.326,holiday,7.3,0.0,0,0.731,0.492,0.642,0.144,0.344
2023-10-08,0.0,24.8,1.2,0.468,holiday,4.3,1.4,0,0.651,0.509,0.506,0.006,0.507
2023-10-09,0.0,26.4,3.5,0.249,weekday,5.4,0.0,0,0.487,0.092,0.055,0.759,0.347
2023-10-10,0.0,24.5,7.8,0.07,weekday,7.0,1.5,0,0.48,0.02,0.046,0.623,0.245
2023-10-11,0.0,24.5,2.8,0.297,weekday,4.2,0.0,0,0.317,0.06,0.04,,0.372
2023-10-12,0.0,25.7,2.8,0.184,weekday,7.5,0.2,0,,0.167,0.137,0.662,0.285
2023-10-13,0.0,26.0,1.0,0.211,weekday,3.4,0.2,0,0.595,0.075,0.0,0.542,0.384
2023-10-14,0.0,25.1,5.3,0.417,holiday,5.0,0.0,0,0.748,0.353,0.647,0.039,0.497
2023-10-15,0.0,26.0,1.5,0.429,holiday,7.1,0.0,0,0.636,0.451,0.65,0.12,0.526
2023-10-16,0.0,26.3,9.3,0.196,weekday,4.0,0.0,0,0.522,0.103,0.12,0.742,0.357
2023-10-17,0.0,25.9,6.5,0.228,weekday,3.6,0.8,1,,0.083,0.035,0.62,0.351
2023-10-18,0.0,25.9,2.5,0.193,weekday,8.0,0.0,0,0.503,0.144,0.026,0.633,0.254
2023-10-19,0.0,27.2,1.4,0.272,weekday,4.8,0.0,0,0.445,0.092,0.015,0.693,0.348
2023-10-20,0.0,27.1,2.2,0.417,weekday,2.3,0.4,0,0.311,0.194,0.066,0.552,0.399
2023-10-21,0.0,27.5,0.6,0.467,holiday,5.9,0.6,0,0.668,0.51,0.585,0.12,0.459
2023-10-22,0.0,26.3,3.9,0.366,holiday,7.3,2.0,0,0.744,0.588,0.698,0.095,0.422
2023-10-23,1.0,28.2,6.9,0.329,weekday,4.6,1.3,0,0.487,0.271,0.324,0.642,0.339
2023-10-24,0.0,26.3,0.7,0.162,weekday,5.4,0.6,0,0.533,0.225,0.074,0.632,0.399
2023-10-25,0.0,27.1,1.1,0.369,weekday,5.0,1.3,0,0.41,0.0,0.019,0.663,0.368
2023-10-26,0.0,26.8,3.7,0.242,weekday,6.2,2.8,0,0.465,,0.0,0.637,0.303
2023-10-27,0.0,26.7,1.9,0.244,weekday,5.9,0.0,0,0.47,0.125,0.0,0.605,0.301
2023-10-28,0.0,26.4,2.2,0.457,holiday,5.1,0.0,0,0.768,0.632,0.647,0.139,0.514
2023-10-29,0.0,28.6,2.7,0.509,holiday,4.1,1.0,0,0.718,0.596,0.693,0.101,0.549
2023-10-30,0.0,26.2,11.3,0.165,weekday,3.7,0.0,0,0.543,0.123,0.004,0.668,0.322
2023-10-31,0.0,29.0,9.0,0.272,weekday,5.3,1.1,0,,0.007,0.064,0.667,0.346
2023-11-01,1.0,27.6,5.1,0.342,weekday,5.1,0.7,0,0.419,0.347,0.276,0.657,0.402
2023-11-02,0.0,28.3,0.9,0.457,weekday,4.1,0.0,0,0.328,0.32,0.025,0.742,0.428
2023-11-03,0.0,29.3,3.4,0.487,weekday,4.7,0.0,0,0.671,0.123,0.063,0.717,0.363
2023-11-04,0.0,28.1,0.9,0.568,holiday,4.2,1.1,0,0.846,0.518,0.604,0.07,0.554
2023-11-05,0.0,29.5,1.6,0.539,holiday,5.3,0.0,0,0.707,0.647,0.616,0.182,0.566
2023-11-06,0.0,27.7,0.8,0.2,weekday,5.1,2.2,0,0.345,0.216,0.051,0.646,0.435
2023-11-07,0.0,29.2,5.3,0.442,weekday,6.1,0.0,0,0.472,0.058,0.0,0.64,0.36
2023-11-08,0.0,27.9,4.4,0.41,weekday,4.6,0.0,0,0.288,0.241,0.0,,0.414
2023-11-09,0.0,28.7,6.8,0.225,weekday,4.2,0.2,0,0.481,0.074,0.044,0.721,0.344
2023-11-10,0.0,28.0,3.7,0.185,weekday,6.0,0.3,0,0.429,0.01,0.0,,0.381
2023-11-11,0.0,28.6,3.2,0.43,holiday,5.4,0.0,0,0.779,0.54,0.606,0.153,0.554
2023-11-12,0.0,28.5,2.4,0.609,holiday,2.9,0.0,0,0.639,0.548,0.602,0.094,0.619
2023-11-13,0.0,28.3,6.5,,weekday,5.0,1.7,0,0.333,,0.015,0.578,0.322
2023-11-14,0.0,29.3,4.0,0.301,weekday,3.5,0.1,0,0.361,0.234,0.053,0.666,0.368
2023-11-15,0.0,28.4,3.0,0.216,weekday,5.2,0.0,0,0.559,0.25,0.003,0.581,0.311
2023-11-16,0.0,28.0,2.4,0.348,weekday,6.3,0.0,0,0.482,0.118,0.06,0.633,0.43
2023-11-17,0.0,29.3,0.3,0.378,weekday,5.3,1.6,0,0.427,0.042,0.02,0.818,0.365
2023-11-18,0.0,28.4,2.9,0.469,holiday,3.3,0.7,0,0.615,0.652,0.615,0.072,0.572
2023-11-19,0.0,30.2,2.0,0.516,holiday,4.8,0.0,0,0.535,,0.544,0.067,0.598
2023-11-20,0.0,29.2,1.5,0.441,weekday,5.6,0.4,0,0.525,0.127,0.036,0.704,0.338
2023-11-21,0.0,28.4,4.4,0.239,weekday,3.6,3.9,0,0.431,0.092,0.0,0.674,0.396
2023-11-22,0.0,28.8,2.2,0.083,weekday,8.3,1.1,0,0.45,0.065,0.003,0.682,0.304
2023-11-23,0.0,29.5,3.6,0.292,weekday,4.8,0.0,0,0.446,0.084,0.0,0.594,0.352
2023-11-24,0.0,27.7,,0.115,weekday,4.9,1.2,0,0.429,0.016,0.0,0.649,0.282
2023-11-25,,30.4,3.3,0.578,holiday,4.1,1.1,0,0.638,0.412,,0.068,0.567
2023-11-26,0.0,29.6,3.5,0.515,holiday,5.9,0.0,0,0.749,0.548,0.628,0.067,0.503
2023-11-27,0.0,28.5,8.6,0.107,weekday,8.6,0.3,0,0.401,0.051,0.0,0.61,0.336
2023-11-28,0.0,28.9,8.2,,weekday,6.2,0.4,0,0.384,0.014,0.011,0.605,0.37
2023-11-29,1.0,29.1,2.1,0.193,weekday,6.4,0.0,0,0.553,0.48,0.277,0.753,0.347
2023-11-30,0.0,28.8,6.0,0.333,weekday,5.1,0.0,0,0.357,0.204,0.0,0.658,0.429
2023-12-01,0.0,30.0,7.9,0.272,holiday,8.4,0.0,0,0.648,0.415,0.344,0.062,0.563
2023-12-02,0.0,29.1,3.5,0.593,holiday,4.6,3.5,0,0.648,,0.628,0.047,0.565
2023-12-03,0.0,27.6,4.9,0.301,holiday,4.1,0.9,0,0.559,0.544,0.615,0.025,0.46
2023-12-04,0.0,28.2,1.9,0.392,holiday,5.8,0.0,0,0.567,0.299,0.316,0.064,0.561
2023-12-05,0.0,29.0,4.7,0.372,holiday,4.9,0.5,0,0.462,0.393,0.349,0.084,0.466
2023-12-06,0.0,28.0,6.9,0.268,holiday,5.8,0.0,0,0.484,0.338,0.344,0.049,0.416
2023-12-07,0.0,28.4,2.6,0.377,holiday,4.8,1.0,0,0.558,0.246,0.392,0.0,0.488
2023-12-08,0.0,29.0,5.0,0.511,holiday,4.7,1.7,0,0.471,0.337,0.469,0.115,0.46
2023-12-09,0.0,29.8,0.7,0.431,holiday,5.4,0.0,0,0.724,0.543,0.618,0.013,0.542
2023-12-10,0.0,28.2,0.8,0.495,holiday,7.0,1.2,0,0.688,0.509,0.588,0.082,0.425
2023-12-11,0.0,28.0,2.2,0.417,holiday,3.4,0.0,0,0.496,0.295,0.328,0.047,0.494
2023-12-12,0.0,28.4,0.8,0.412,holiday,3.5,3.6,0,0.51,0.192,0.322,0.019,0.516
2023-12-13,1.0,28.7,1.1,0.45,holiday,4.6,0.0,0,0.546,0.536,0.6,0.0,0.484
2023-12-14,0.0,27.7,4.5,0.316,holiday,5.2,1.4,0,0.451,0.438,0.403,0.102,0.441
2023-12-15,1.0,27.0,3.1,0.339,holiday,8.2,1.3,0,0.479,0.479,0.52,0.142,0.46
2023-12-16,0.0,28.4,0.6,0.563,holiday,5.8,3.2,0,0.663,0.583,0.532,0.137,0.517
2023-12-17,0.0,29.4,1.5,0.522,holiday,7.6,0.4,0,0.534,0.414,0.658,0.1,0.561
2023-12-18,0.0,28.1,,0.279,holiday,7.2,3.1,0,0.428,0.264,0.299,0.0,0.444
2023-12-19,0.0,27.1,2.1,0.266,holiday,6.3,3.1,0,0.518,0.321,0.294,,0.434
2023-12-20,0.0,27.9,5.6,,holiday,3.5,0.6,0,,0.186,0.249,0.062,0.52
2023-12-21,1.0,26.3,0.9,0.452,holiday,5.4,0.3,0,0.482,0.654,0.622,0.019,0.511
2023-12-22,0.0,26.4,6.1,0.487,holiday,5.9,0.0,0,0.416,0.294,0.341,0.1,0.437
2023-12-23,0.0,26.5,0.6,0.465,,4.1,3.3,0,0.699,0.53,0.599,0.053,0.415
2023-12-24,0.0,28.9,4.1,0.454,holiday,6.4,0.0,0,0.791,0.607,0.542,0.034,0.514
2023-12-25,0.0,27.7,5.8,0.342,holiday,5.4,1.9,0,0.5,0.272,0.342,0.02,0.497
2023-12-26,0.0,25.5,1.5,0.164,holiday,5.1,1.4,1,0.578,,0.164,0.098,0.48
2023-12-27,0.0,27.5,3.6,0.453,holiday,5.3,1.9,0,0.417,0.362,0.364,0.039,0.491
2023-12-28,0.0,27.7,2.2,0.422,holiday,6.7,5.2,0,0.596,0.475,0.282,0.105,0.448
2023-12-29,0.0,26.0,3.2,0.309,holiday,3.7,3.5,0,0.413,0.399,0.249,0.008,0.577
2023-12-30,0.0,26.5,,0.412,holiday,5.3,0.6,0,0.575,0.623,0.604,0.048,0.532
2023-12-31,0.0,27.5,2.0,0.415,holiday,4.7,0.0,0,0.725,0.341,0.583,0.066,0.486
2024-01-01,,28.0,4.2,0.425,holiday,2.6,1.8,0,0.493,0.362,0.353,0.05,0.484
2024-01-02,0.0,26.2,1.2,0.337,holiday,4.9,3.3,0,0.442,0.377,0.34,0.094,0.494
2024-01-03,0.0,25.9,3.4,0.076,holiday,6.6,1.6,0,0.505,,0.353,,0.411
2024-01-04,0.0,25.6,4.8,0.133,holiday,7.1,0.9,0,0.355,0.369,0.303,0.015,0.4
2024-01-05,0.0,26.4,2.4,,holiday,3.8,0.0,0,0.711,0.163,0.27,0.071,0.431
2024-01-06,1.0,26.1,1.3,,holiday,3.6,2.8,0,0.656,0.73,0.963,0.146,0.491
2024-01-07,0.0,26.6,3.8,0.35,holiday,4.3,3.0,0,0.801,0.435,0.568,0.011,0.514
2024-01-08,1.0,26.7,1.5,0.303,holiday,3.3,0.0,0,0.481,0.694,0.665,0.013,0.563
2024-01-09,0.0,25.3,3.5,0.267,holiday,5.8,0.0,0,0.702,0.385,0.288,,0.468
2024-01-10,0.0,25.1,5.4,0.21,holiday,5.8,1.5,0,0.57,0.295,0.359,0.106,0.386
2024-01-11,,24.2,3.0,0.306,holiday,5.2,2.3,0,0.529,0.306,0.353,0.0,0.381
2024-01-12,0.0,25.5,,0.322,holiday,5.2,1.3,0,0.566,0.148,0.254,0.053,0.451
2024-01-13,0.0,25.1,7.1,0.358,holiday,5.9,0.0,0,0.622,,0.571,0.025,0.431
2024-01-14,0.0,25.5,3.8,0.525,holiday,5.3,1.1,0,0.653,0.599,0.581,0.091,0.428
2024-01-15,0.0,24.7,4.5,0.229,holiday,4.8,2.2,0,0.567,0.393,0.381,0.157,0.441
2024-01-16,0.0,24.5,3.9,0.212,holiday,4.2,0.0,0,0.634,0.224,0.256,0.054,0.473
2024-01-17,0.0,25.0,1.7,0.232,holiday,6.1,0.0,0,0.573,0.323,0.303,0.121,0.466
2024-01-18,0.0,24.1,3.1,0.276,holiday,7.3,1.4,0,0.493,0.323,0.331,,0.466
2024-01-19,0.0,26.6,5.9,0.411,holiday,6.6,2.6,0,0.506,0.227,0.228,0.061,0.503
2024-01-20,0.0,23.6,1.8,0.308,holiday,3.2,3.6,0,0.584,0.355,0.55,0.156,0.419
2024-01-21,0.0,22.6,1.8,0.326,holiday,4.5,3.5,0,0.612,0.561,0.687,0.034,0.417
2024-01-22,0.0,23.7,2.8,,holiday,5.9,1.9,0,0.492,0.361,0.349,0.036,0.395
2024-01-23,0.0,24.2,5.5,,holiday,6.7,1.8,0,0.328,0.312,0.338,0.092,0.473
2024-01-24,0.0,22.7,5.1,0.27,holiday,4.9,2.6,1,0.519,0.373,0.322,0.108,0.433
2024-01-25,1.0,22.7,1.6,0.243,holiday,4.6,1.2,0,0.501,0.563,0.526,0.063,0.49
2024-01-26,0.0,22.2,3.3,0.118,holiday,5.7,1.6,0,0.587,0.163,0.259,0.028,0.427
2024-01-27,,22.8,4.3,0.252,holiday,3.1,3.1,0,0.734,0.38,0.638,0.149,0.447
2024-01-28,0.0,22.3,3.1,0.386,holiday,4.4,3.0,0,0.681,0.658,0.744,0.186,0.458
2024-01-29,0.0,21.9,4.4,0.14,holiday,5.6,3.7,0,0.579,,0.34,0.014,0.414
2024-01-30,0.0,21.5,5.6,0.052,holiday,7.3,4.7,0,0.525,0.321,0.287,0.093,0.392
2024-01-31,0.0,20.3,3.3,0.12,holiday,6.4,5.9,0,0.562,0.314,0.284,0.038,0.306
2024-02-01,0.0,20.6,10.0,0.117,weekday,6.9,2.1,0,,0.052,0.006,0.714,0.262
2024-02-02,0.0,21.4,1.2,0.0,weekday,5.6,3.5,0,0.51,0.161,0.0,0.779,0.342
2024-02-03,0.0,22.1,2.2,0.325,holiday,6.1,4.8,0,0.654,0.383,,0.066,0.405
2024-02-04,1.0,21.3,2.6,0.256,holiday,6.7,0.7,0,0.669,0.72,0.839,0.045,0.416
2024-02-05,0.0,20.4,3.4,0.097,weekday,4.7,2.5,0,0.328,0.14,0.052,0.654,0.225
2024-02-06,0.0,20.5,6.5,0.0,weekday,6.3,0.0,0,0.416,0.032,0.108,0.667,0.275
2024-02-07,0.0,19.9,5.6,0.028,weekday,6.3,3.8,0,0.38,0.044,0.025,0.66,0.147
2024-02-08,0.0,19.7,1.8,0.03,weekday,4.9,4.2,0,0.476,0.038,0.022,0.65,0.225
2024-02-09,0.0,19.5,1.0,0.116,weekday,4.2,5.4,0,0.58,0.097,0.109,0.581,0.278
2024-02-10,0.0,19.0,,0.305,holiday,7.7,3.5,0,0.551,0.551,0.573,0.146,0.31
2024-02-11,0.0,20.6,3.0,0.338,holiday,4.6,0.0,0,0.734,0.462,0.545,0.108,0.436
2024-02-12,0.0,18.2,5.4,0.0,weekday,8.9,4.1,0,0.321,0.0,0.02,0.726,0.146
2024-02-13,0.0,20.5,2.4,0.034,weekday,5.0,0.2,0,0.4,0.083,0.079,0.69,0.309
2024-02-14,0.0,18.2,3.2,0.055,weekday,4.2,5.3,0,0.404,0.0,0.106,0.628,0.319
2024-02-15,0.0,21.3,1.0,0.045,weekday,7.9,6.1,0,0.423,0.0,0.0,0.685,0.242
2024-02-16,0.0,17.9,1.6,0.071,weekday,3.2,3.6,0,0.472,0.032,0.05,0.658,0.233
2024-02-17,0.0,19.0,0.5,0.213,holiday,4.9,3.9,0,0.623,0.47,0.461,0.116,0.394
2024-02-18,0.0,18.2,2.2,0.224,holiday,3.5,4.7,0,0.745,0.405,0.569,0.134,0.438
2024-02-19,0.0,18.4,2.6,0.019,weekday,4.2,1.8,0,0.372,0.206,0.0,,0.287
2024-02-20,0.0,18.5,6.4,0.0,weekday,3.4,3.2,0,0.391,0.0,0.0,0.65,0.189
2024-02-21,0.0,19.3,,0.094,weekday,4.7,3.0,0,0.433,0.169,0.0,0.625,0.234
2024-02-22,0.0,18.2,1.8,0.0,weekday,5.7,5.3,0,0.5,0.106,0.03,0.667,0.168
2024-02-23,0.0,17.6,2.2,0.11,weekday,3.7,5.3,0,0.6,0.0,0.0,0.682,0.15
2024-02-24,0.0,17.1,4.3,0.261,holiday,5.0,6.2,0,0.558,,0.637,0.061,0.3
2024-02-25,0.0,17.0,4.9,0.156,holiday,4.1,1.4,0,0.68,0.257,,0.114,0.308
2024-02-26,1.0,15.5,3.0,0.0,weekday,5.6,3.7,0,0.285,0.367,0.32,0.661,0.126
2024-02-27,,15.2,4.1,0.0,weekday,5.1,4.1,0,0.459,0.0,0.0,0.704,0.098
2024-02-28,0.0,14.8,6.6,0.0,weekday,6.2,6.9,0,0.456,0.0,0.0,0.636,0.081
2024-02-29,0.0,14.8,0.6,0.0,weekday,5.8,6.0,0,0.507,0.069,0.0,0.739,0.154
2024-03-01,0.0,14.8,7.2,0.0,weekday,7.1,6.1,0,0.323,0.0,0.0,0.617,0.068
2024-03-02,0.0,15.5,4.0,0.134,holiday,6.7,6.6,0,0.681,0.575,0.589,0.027,0.256
2024-03-03,0.0,14.3,1.3,0.024,holiday,5.8,5.1,0,0.539,0.439,0.578,0.083,0.263
2024-03-04,0.0,15.6,8.8,0.0,weekday,5.0,6.1,0,0.518,0.0,0.062,0.673,0.153
2024-03-05,0.0,15.4,6.7,0.0,weekday,4.2,4.2,0,0.443,0.109,0.002,0.69,0.163
2024-03-06,1.0,14.8,3.0,0.0,weekday,6.6,5.6,0,0.372,0.357,0.245,0.635,0.076
2024-03-07,0.0,14.9,8.5,0.0,weekday,4.3,3.3,0,0.521,0.074,0.0,0.608,0.136
2024-03-08,0.0,14.5,2.8,0.0,weekday,4.0,4.1,0,0.42,0.036,0.037,,0.16
2024-03-09,0.0,14.2,5.5,0.081,holiday,7.9,4.4,0,0.781,0.28,0.54,0.064,0.272
2024-03-10,0.0,13.5,5.4,0.136,holiday,6.4,6.8,0,0.637,0.425,0.582,0.0,0.239
2024-03-11,0.0,13.2,5.7,0.0,weekday,6.6,8.4,0,0.425,0.018,0.0,,0.096
2024-03-12,0.0,13.1,5.7,0.0,weekday,5.1,1.7,0,0.366,0.0,0.0,0.662,0.087
2024-03-13,0.0,12.5,1.3,0.0,weekday,6.3,5.6,0,,0.0,0.006,0.645,0.062
2024-03-14,0.0,12.9,3.0,0.043,weekday,3.9,4.6,0,0.606,0.0,0.034,0.706,0.152
2024-03-15,0.0,13.5,4.3,0.0,weekday,4.2,5.1,0,0.458,0.0,0.0,0.663,0.188
2024-03-16,0.0,13.3,0.7,0.178,holiday,2.7,5.4,0,0.634,0.411,0.561,0.182,0.298
2024-03-17,0.0,12.3,7.3,0.126,holiday,4.4,5.1,0,0.615,0.41,0.648,0.037,0.273
2024-03-18,0.0,11.5,3.1,0.0,weekday,6.2,4.9,1,0.436,0.036,0.0,0.67,0.138
2024-03-19,1.0,11.9,5.5,,,6.6,5.4,0,0.356,0.199,0.291,0.671,0.044
2024-03-20,1.0,11.6,9.6,0.0,weekday,4.9,3.2,0,0.457,0.209,0.214,0.642,0.044
2024-03-21,1.0,13.5,2.2,0.0,weekday,6.6,4.0,0,0.427,,0.239,0.548,0.117
2024-03-22,1.0,10.8,5.7,0.0,weekday,8.5,6.0,0,0.4,0.123,0.167,0.668,0.01
2024-03-23,0.0,11.0,0.4,0.138,holiday,5.0,5.5,0,0.586,0.39,0.53,0.099,0.215
2024-03-24,0.0,9.4,8.0,0.0,holiday,5.7,4.1,0,0.57,0.433,0.579,0.054,0.097
2024-03-25,0.0,11.2,4.9,0.0,weekday,5.2,3.2,0,0.361,0.0,0.0,0.679,0.125
2024-03-26,0.0,10.3,2.9,0.0,weekday,5.8,7.1,0,0.427,0.01,0.0,0.633,0.055
2024-03-27,,10.4,1.4,0.014,weekday,5.5,6.9,0,0.397,0.041,0.0,0.606,0.102
2024-03-28,0.0,9.3,,0.018,weekday,5.6,7.9,0,0.372,0.154,0.0,0.639,0.038
2024-03-29,0.0,10.3,2.8,,weekday,6.3,4.8,0,0.43,0.0,0.0,0.722,0.0
2024-03-30,0.0,10.8,1.1,0.047,holiday,6.2,6.7,0,0.658,0.435,0.566,0.025,0.266
2024-03-31,0.0,9.4,2.3,0.148,,5.0,5.6,0,0.578,0.494,0.645,0.042,0.205
2024-04-01,0.0,9.4,5.1,0.0,weekday,6.3,0.0,0,0.469,0.0,0.0,0.558,0.01
2024-04-02,0.0,8.9,2.1,0.0,weekday,7.4,1.5,0,0.447,0.0,0.0,0.617,0.0
2024-04-03,,10.7,3.4,0.0,weekday,8.8,0.7,0,0.285,0.072,0.036,0.613,0.02
2024-04-04,0.0,9.2,2.3,0.0,weekday,6.3,3.4,0,0.575,0.0,0.0,0.746,0.087
2024-04-05,0.0,9.1,4.6,0.0,weekday,5.2,0.0,0,0.404,0.017,0.0,0.672,0.076
2024-04-06,0.0,9.8,7.6,0.052,holiday,5.9,0.0,0,0.696,0.464,0.486,0.05,0.158
2024-04-07,0.0,7.7,4.3,0.119,holiday,2.3,3.3,0,0.658,0.373,0.572,0.092,0.209
2024-04-08,0.0,10.1,2.3,0.0,weekday,3.5,0.0,0,0.308,0.011,0.011,,0.15
2024-04-09,0.0,8.1,,0.0,weekday,6.8,0.4,0,0.315,0.0,0.0,0.673,0.043
2024-04-10,,8.3,2.4,0.0,weekday,7.6,1.6,0,0.459,0.114,0.053,0.751,0.074
2024-04-11,1.0,9.3,7.1,0.0,weekday,4.7,0.0,0,0.509,0.156,0.284,0.625,0.012
2024-04-12,0.0,6.7,3.9,0.0,weekday,5.7,2.0,0,0.358,0.009,0.007,0.603,0.0
2024-04-13,0.0,6.7,1.6,0.075,holiday,7.0,0.0,0,0.676,0.516,0.631,0.116,0.184
2024-04-14,0.0,9.7,5.3,0.077,holiday,5.7,0.0,0,0.685,0.363,0.576,0.084,0.216
2024-04-15,0.0,6.3,3.3,0.0,weekday,4.9,0.0,0,0.346,0.0,0.0,0.693,0.084
2024-04-16,0.0,7.6,3.0,0.0,weekday,4.4,0.1,0,0.417,0.029,0.0,0.64,0.057
2024-04-17,0.0,7.8,,0.0,weekday,5.4,0.0,0,0.393,0.018,0.058,0.655,0.007
2024-04-18,0.0,6.6,3.3,0.0,weekday,3.7,3.1,0,0.415,0.178,0.018,0.701,0.089
2024-04-19,0.0,7.2,1.9,0.0,weekday,5.7,0.0,0,0.243,0.0,0.036,0.6,0.02
2024-04-20,0.0,7.0,4.7,0.208,holiday,4.0,0.0,0,0.603,0.446,0.574,0.082,0.157
2024-04-21,0.0,6.9,4.3,0.0,holiday,7.3,0.0,0,0.672,0.364,0.592,0.131,0.17
2024-04-22,0.0,8.2,0.9,0.0,weekday,3.5,0.0,0,0.247,,0.0,0.654,0.061
2024-04-23,0.0,6.3,2.6,0.009,weekday,4.0,2.7,0,0.393,0.0,0.0,0.654,0.024
2024-04-24,0.0,6.4,1.8,0.0,weekday,8.2,2.1,0,0.469,0.0,0.028,0.66,0.032
2024-04-25,0.0,6.4,1.9,0.0,weekday,5.8,0.0,0,0.509,0.063,0.067,0.643,0.07
2024-04-26,1.0,6.1,5.8,0.0,weekday,5.6,3.2,0,,,,0.576,0.0
2024-04-27,,5.6,5.5,0.14,holiday,7.2,0.0,0,0.65,0.279,0.57,0.074,0.101
2024-04-28,0.0,5.2,2.3,0.167,holiday,5.4,0.3,0,0.54,0.507,,0.035,0.122
2024-04-29,0.0,5.6,1.7,0.0,weekday,6.6,0.7,0,0.357,0.0,0.033,0.634,0.0
2024-04-30,0.0,6.5,3.1,0.0,weekday,4.5,0.0,0,0.351,0.0,0.05,0.566,0.012
2024-05-01,0.0,7.0,2.4,,holiday,7.7,0.0,0,0.665,,0.237,0.132,0.122
2024-05-02,0.0,7.0,2.4,0.011,holiday,5.7,2.4,0,0.518,0.075,0.208,0.031,0.124
2024-05-03,0.0,5.8,2.9,0.051,holiday,6.4,0.0,0,0.468,0.282,0.233,0.067,0.115
2024-05-04,0.0,5.2,4.5,0.0,holiday,5.6,0.0,0,0.698,,0.58,0.132,0.155
2024-05-05,0.0,5.2,4.9,0.111,holiday,4.2,0.0,0,0.694,,0.605,0.053,0.145
2024-05-06,0.0,5.0,1.3,0.0,holiday,8.1,0.0,0,0.616,0.153,0.309,0.116,0.105
2024-05-07,0.0,5.6,7.8,0.042,holiday,5.6,0.0,0,0.679,0.165,0.331,0.044,0.14
2024-05-08,0.0,6.2,4.6,0.0,holiday,4.9,0.0,0,0.543,0.223,0.416,0.069,0.063
2024-05-09,0.0,5.2,5.9,0.0,holiday,5.2,0.0,0,0.445,0.108,0.253,0.07,0.088
2024-05-10,0.0,5.8,2.9,0.195,holiday,5.9,0.0,0,0.502,0.29,0.267,0.08,0.133
2024-05-11,0.0,6.2,3.7,0.075,holiday,6.1,0.1,0,0.628,0.235,0.53,0.0,0.134
2024-05-12,0.0,5.1,5.0,0.088,holiday,3.5,1.1,0,0.782,0.434,0.61,0.153,0.096
2024-05-13,1.0,4.0,1.9,0.017,holiday,6.0,0.0,0,0.552,0.451,0.513,0.129,0.128
2024-05-14,0.0,6.0,2.2,0.017,holiday,6.1,0.0,0,0.581,0.074,0.261,0.088,0.112
2024-05-15,0.0,5.8,6.4,0.062,holiday,4.1,0.0,0,0.553,0.237,0.305,0.082,0.139
2024-05-16,0.0,4.9,2.4,0.063,holiday,5.2,1.2,0,0.621,0.196,0.301,0.087,0.151
2024-05-17,1.0,4.8,0.5,,holiday,5.4,0.0,0,0.64,0.535,0.594,,0.145
2024-05-18,0.0,5.0,7.7,0.089,holiday,6.5,0.0,0,0.776,0.489,0.557,0.132,0.142
2024-05-19,1.0,6.1,9.6,0.078,holiday,5.2,0.0,0,0.641,0.578,0.85,0.055,0.093
2024-05-20,0.0,6.0,8.0,0.13,holiday,5.1,0.0,0,0.643,0.132,0.25,0.076,0.134
2024-05-21,0.0,5.2,3.1,0.0,holiday,5.5,0.0,0,0.488,0.121,0.209,0.145,0.135
2024-05-22,0.0,4.7,6.4,0.0,holiday,4.7,0.0,0,0.409,0.098,0.35,0.125,0.176
2024-05-23,0.0,5.3,3.6,0.0,holiday,8.1,0.0,0,0.545,0.413,0.228,0.144,0.133
2024-05-24,0.0,4.1,4.8,0.153,holiday,7.2,0.0,0,0.581,0.303,0.287,0.117,0.068
2024-05-25,0.0,5.6,6.0,0.0,holiday,6.9,0.0,0,0.831,0.297,0.607,0.02,0.133
2024-05-26,0.0,4.4,5.5,0.224,holiday,4.1,1.4,0,0.818,0.293,0.533,0.064,0.158
2024-05-27,0.0,3.8,7.1,0.033,holiday,2.6,0.0,0,0.423,0.054,0.237,0.025,0.077
2024-05-28,0.0,7.1,2.1,0.0,holiday,7.2,0.0,0,0.643,0.17,0.293,0.049,0.135
2024-05-29,0.0,3.9,1.8,0.0,holiday,6.5,0.4,0,0.457,0.057,0.292,0.087,0.173
2024-05-30,0.0,4.8,5.4,0.0,holiday,4.9,0.0,0,0.436,0.269,0.3,0.035,0.054
2024-05-31,0.0,4.4,6.6,0.017,holiday,7.1,0.0,0,0.605,0.222,0.348,0.107,0.112
2024-06-01,0.0,6.0,1.5,0.102,holiday,3.9,0.1,0,,0.469,0.628,0.097,0.261
2024-06-02,0.0,4.7,1.8,0.015,holiday,3.9,2.6,0,0.655,0.327,0.545,0.087,0.19
2024-06-03,0.0,5.6,2.1,0.0,weekday,5.3,0.0,0,0.447,0.0,0.097,0.77,0.011
2024-06-04,0.0,4.8,0.2,0.0,weekday,5.0,1.9,0,0.543,,0.029,0.689,0.0
2024-06-05,0.0,5.4,26.3,0.0,weekday,6.3,0.0,0,0.335,0.0,0.0,0.609,0.0
2024-06-06,0.0,4.6,27.2,,weekday,4.0,0.0,0,0.308,0.0,0.044,,0.0
2024-06-07,0.0,5.6,22.8,,weekday,4.7,0.0,0,0.394,0.063,0.011,,0.0
2024-06-08,0.0,4.3,25.5,0.0,holiday,4.3,0.4,0,0.702,0.391,0.543,0.0,0.0
2024-06-09,0.0,5.1,20.3,0.0,holiday,4.9,0.0,0,0.576,0.334,0.594,0.078,0.082
2024-06-10,0.0,6.4,19.2,0.0,weekday,5.0,0.8,0,0.261,0.0,0.037,0.479,0.0
2024-06-11,0.0,5.1,23.4,0.0,weekday,4.9,0.0,0,0.439,0.013,,0.594,0.0
2024-06-12,0.0,6.4,27.5,0.0,weekday,5.9,0.0,0,0.594,0.0,0.043,0.665,0.0
2024-06-13,0.0,5.6,21.3,0.0,weekday,5.3,0.0,0,0.375,0.054,0.089,0.61,0.0
2024-06-14,,6.2,20.4,0.0,weekday,2.4,0.0,0,0.489,0.0,0.0,0.677,0.0
2024-06-15,0.0,5.7,23.0,0.088,holiday,4.3,0.0,0,0.693,0.289,0.522,0.044,0.054
2024-06-16,0.0,7.3,20.1,0.0,holiday,4.7,0.0,0,0.708,,0.526,0.052,0.107
2024-06-17,0.0,5.6,20.7,0.0,weekday,4.8,1.4,0,0.391,0.0,0.004,0.515,0.0
2024-06-18,0.0,6.0,21.7,0.0,weekday,4.4,0.0,0,0.319,,0.041,0.589,0.018
2024-06-19,0.0,6.6,21.8,0.0,weekday,4.8,0.0,0,0.483,0.0,0.0,0.675,0.0
2024-06-20,0.0,5.1,,0.0,weekday,7.3,0.0,0,0.444,0.0,0.007,0.646,0.0
2024-06-21,0.0,6.5,22.2,0.0,weekday,5.9,0.0,0,0.543,,0.016,0.694,0.0
2024-06-22,0.0,6.1,23.0,0.161,holiday,5.7,0.0,0,0.732,0.5,0.584,0.068,0.144
2024-06-23,0.0,6.3,22.0,0.028,holiday,5.2,0.0,0,0.575,0.282,0.684,0.093,0.156
2024-06-24,0.0,7.1,19.9,0.0,weekday,4.7,0.0,0,0.598,0.0,0.008,0.65,0.0
2024-06-25,0.0,5.2,20.0,0.0,weekday,5.7,0.0,0,0.423,0.0,0.0,0.583,0.0
2024-06-26,0.0,6.2,19.1,0.0,,6.4,0.0,0,0.55,0.003,0.023,0.685,0.0
2024-06-27,0.0,6.1,26.9,0.0,weekday,4.2,0.0,0,0.432,0.0,0.009,0.67,0.0
2024-06-28,0.0,7.2,23.1,0.0,weekday,4.9,1.8,0,0.369,0.0,0.035,0.54,0.0
2024-06-29,0.0,6.2,23.6,0.0,holiday,6.0,0.0,0,0.759,0.441,0.529,0.042,0.017
2024-06-30,0.0,6.8,20.8,0.021,holiday,5.8,2.1,0,0.613,0.407,0.515,0.059,0.087
2024-07-01,,7.2,19.9,0.0,weekday,5.9,0.0,0,0.344,0.0,0.0,0.489,0.0
2024-07-02,0.0,7.8,22.0,0.0,weekday,3.8,0.0,0,0.168,0.0,0.031,0.515,0.0
2024-07-03,0.0,5.8,27.6,0.0,weekday,4.8,0.0,0,0.489,0.003,0.0,0.63,0.0
2024-07-04,0.0,7.5,25.8,,weekday,4.9,0.0,0,0.34,0.0,0.0,0.542,0.0
2024-07-05,0.0,8.4,20.2,,weekday,6.0,0.0,0,0.407,0.071,0.0,0.564,0.0
2024-07-06,0.0,6.5,20.2,0.146,holiday,3.3,0.0,0,0.74,0.202,0.587,0.08,0.14
2024-07-07,0.0,8.1,26.1,0.0,holiday,2.7,0.6,0,0.706,0.332,0.534,0.053,0.089
2024-07-08,0.0,8.7,21.9,0.0,weekday,7.6,0.0,0,0.354,0.0,0.0,0.575,0.0
2024-07-09,0.0,7.7,23.8,0.0,weekday,5.1,0.7,0,0.49,0.0,0.08,0.593,0.0
2024-07-10,0.0,10.3,21.2,0.0,weekday,5.4,0.0,0,0.482,0.023,0.027,0.641,0.016
2024-07-11,1.0,8.7,23.1,0.0,weekday,5.0,0.8,0,0.444,0.182,0.162,0.671,0.046
2024-07-12,0.0,9.0,22.9,0.0,weekday,4.6,0.0,0,0.395,0.0,0.0,0.452,0.0
2024-07-13,0.0,9.0,20.1,0.04,holiday,4.4,0.0,0,0.611,0.531,0.686,0.0,0.035
2024-07-14,0.0,8.0,21.1,0.0,holiday,5.9,2.1,0,0.738,0.4,0.695,,0.037
2024-07-15,0.0,9.7,21.6,0.0,weekday,6.9,0.0,0,0.452,0.0,0.0,0.595,0.0
2024-07-16,0.0,10.1,2.6,0.0,weekday,4.2,2.1,0,0.371,0.0,0.022,0.584,0.036
2024-07-17,0.0,9.7,0.8,0.0,,5.6,1.6,0,0.435,0.0,0.012,0.638,0.025
2024-07-18,0.0,9.7,1.9,0.057,weekday,5.0,0.0,0,0.338,0.0,0.0,0.709,0.07
2024-07-19,0.0,9.3,4.2,0.0,weekday,5.4,0.0,0,0.583,0.0,,0.694,0.047
2024-07-20,0.0,10.9,2.3,0.043,holiday,5.2,0.0,0,0.7,0.357,0.621,0.153,0.197
2024-07-21,1.0,9.5,5.2,0.131,holiday,5.5,3.6,0,0.674,0.587,0.842,0.109,0.164
2024-07-22,0.0,10.6,1.7,0.0,weekday,5.0,0.0,0,0.489,0.0,0.079,0.631,0.065
2024-07-23,0.0,9.9,3.2,0.049,weekday,6.1,0.0,0,0.347,0.082,0.0,0.737,0.054
2024-07-24,0.0,10.6,1.6,0.0,weekday,2.8,0.0,0,0.438,0.0,0.0,0.691,0.148
2024-07-25,0.0,11.4,5.4,,weekday,5.1,1.2,0,0.453,0.025,,0.735,0.153
2024-07-26,0.0,11.1,2.7,0.0,weekday,4.8,0.3,0,0.383,0.109,0.0,0.683,0.014
2024-07-27,0.0,12.4,3.1,0.212,holiday,5.4,4.0,0,0.601,0.361,0.537,0.0,0.247
2024-07-28,0.0,11.6,0.2,0.142,holiday,3.5,0.0,0,0.655,0.484,0.489,0.211,0.259
2024-07-29,0.0,12.3,1.0,0.0,weekday,5.5,1.4,0,0.397,0.011,0.0,0.669,0.204
2024-07-30,0.0,11.7,6.3,0.0,weekday,4.5,0.0,0,0.536,0.0,0.0,0.737,0.067
2024-07-31,0.0,11.1,2.2,0.0,weekday,4.3,0.6,0,0.431,0.113,0.0,0.522,0.094
2024-08-01,0.0,11.9,13.1,0.0,holiday,8.5,0.5,0,0.548,0.224,0.266,0.026,0.131
2024-08-02,1.0,13.7,16.9,,holiday,10.7,0.0,0,0.494,0.465,0.474,0.048,0.092
2024-08-03,0.0,12.8,13.4,0.0,holiday,7.9,3.5,0,0.618,0.372,0.597,0.005,0.221
2024-08-04,0.0,11.8,14.1,0.009,holiday,9.3,0.0,0,0.601,0.372,0.536,0.106,0.206
2024-08-05,1.0,11.2,12.4,0.0,holiday,7.6,0.0,0,0.546,0.436,0.484,0.054,0.146
2024-08-06,0.0,14.1,12.6,0.0,holiday,8.1,0.0,0,0.495,0.073,0.354,0.032,0.195
2024-08-07,0.0,12.6,15.9,0.0,holiday,11.2,0.0,0,0.676,0.192,0.261,0.106,0.104
2024-08-08,0.0,12.5,16.5,0.0,holiday,11.0,1.5,0,0.465,0.127,0.294,0.006,0.176
2024-08-09,0.0,13.8,16.6,0.0,holiday,7.2,3.3,0,0.528,0.189,0.278,0.119,0.223
2024-08-10,0.0,13.8,11.4,0.0,holiday,9.0,1.6,0,0.68,0.497,0.522,0.118,0.164
2024-08-11,0.0,13.3,12.7,0.028,holiday,10.2,0.0,0,0.792,0.344,0.529,0.07,0.206
2024-08-12,0.0,13.1,12.6,0.056,holiday,10.1,0.0,0,,0.235,0.391,0.035,0.181
2024-08-13,0.0,14.7,16.8,0.0,holiday,7.2,2.4,0,0.583,,0.221,0.05,0.174
2024-08-14,0.0,14.7,13.3,0.0,holiday,8.4,0.8,0,0.54,0.432,0.36,0.102,0.161
2024-08-15,0.0,15.6,16.0,0.0,holiday,9.6,0.3,0,0.582,0.346,0.277,0.0,0.155
2024-08-16,0.0,15.9,16.4,0.0,holiday,11.3,2.9,0,,0.172,,,0.136
2024-08-17,1.0,14.2,14.4,0.088,holiday,10.1,0.0,0,0.715,0.881,0.875,0.047,0.156
2024-08-18,0.0,15.8,17.0,0.043,holiday,9.0,0.0,0,0.751,0.451,0.607,0.08,0.211
2024-08-19,0.0,14.7,13.9,0.0,holiday,8.9,0.0,0,0.626,0.152,0.289,0.112,0.213
2024-08-20,0.0,15.9,11.4,0.0,holiday,8.8,0.2,0,0.645,0.19,0.327,0.047,0.207
2024-08-21,0.0,15.5,12.9,,holiday,8.7,0.0,1,0.495,0.064,0.29,0.03,0.244
2024-08-22,0.0,17.2,,0.0,holiday,8.2,0.0,0,0.486,0.17,0.322,0.053,0.255
2024-08-23,0.0,17.6,16.5,0.0,holiday,10.3,1.8,0,0.558,0.102,0.239,0.0,0.19
2024-08-24,0.0,16.2,17.7,0.0,holiday,10.1,1.6,0,0.707,0.442,0.537,0.09,0.209
2024-08-25,0.0,16.6,19.6,0.0,holiday,9.4,0.0,0,0.539,0.558,0.597,0.012,0.153
2024-08-26,0.0,17.1,15.0,0.012,holiday,9.7,0.0,0,0.512,0.229,0.431,0.039,0.245
2024-08-27,0.0,18.1,12.5,0.0,holiday,10.7,0.0,0,0.437,0.227,0.357,0.107,0.241
2024-08-28,0.0,19.1,13.5,0.0,holiday,10.6,1.1,0,0.492,0.338,0.334,0.05,0.249
2024-08-29,0.0,17.4,17.7,0.0,holiday,11.1,0.0,0,0.412,0.106,0.321,0.092,0.188
2024-08-30,0.0,18.8,16.8,0.0,holiday,10.9,0.0,0,0.574,0.176,0.204,0.061,0.274
2024-08-31,0.0,17.4,16.8,0.137,holiday,7.8,1.2,0,0.765,0.447,0.572,0.077,0.252
2024-09-01,1.0,18.6,16.8,0.087,holiday,8.8,0.0,0,0.699,0.679,0.753,0.093,0.299
2024-09-02,1.0,18.2,13.8,0.0,weekday,9.6,0.0,0,0.325,,0.189,0.711,0.086
2024-09-03,0.0,18.9,11.6,0.0,weekday,8.0,2.1,0,0.374,0.001,0.0,0.681,0.208
2024-09-04,0.0,19.0,14.6,0.0,weekday,7.7,0.0,0,,0.03,0.0,0.519,0.141
2024-09-05,0.0,19.7,17.6,0.0,weekday,12.3,0.4,0,0.391,0.0,0.0,0.639,0.068
2024-09-06,0.0,20.0,16.3,0.019,weekday,8.4,0.2,0,0.317,0.059,0.023,0.55,0.076
2024-09-07,0.0,20.4,14.7,0.114,holiday,9.7,0.0,0,0.65,0.53,,0.075,0.261
2024-09-08,0.0,21.6,14.3,0.195,holiday,8.4,0.0,0,0.643,0.378,0.628,0.029,0.352
2024-09-09,0.0,19.7,11.8,0.0,weekday,7.9,1.2,0,0.487,0.09,0.0,0.702,0.222
2024-09-10,0.0,21.2,14.4,0.0,weekday,7.8,2.4,0,0.303,0.099,0.004,0.591,0.14
2024-09-11,0.0,19.8,16.6,0.0,weekday,9.1,1.3,0,,0.113,0.0,0.63,0.152
2024-09-12,0.0,22.1,15.2,0.061,weekday,8.2,0.0,0,0.444,0.094,0.0,0.677,0.151
2024-09-13,0.0,21.8,15.4,0.152,weekday,9.7,0.0,0,0.465,0.151,0.069,0.594,0.11
2024-09-14,0.0,22.0,16.0,0.108,holiday,10.2,0.0,0,0.712,0.59,0.599,0.12,0.271
2024-09-15,0.0,21.9,14.8,0.243,holiday,8.3,1.7,0,0.748,0.424,0.52,0.055,0.302
2024-09-16,0.0,22.4,13.1,0.152,weekday,7.4,2.4,0,0.529,0.07,0.074,0.776,0.238
2024-09-17,0.0,21.1,15.6,0.0,weekday,12.1,0.0,0,0.494,0.074,0.049,0.715,0.071
2024-09-18,0.0,22.1,,0.0,weekday,10.9,2.0,0,0.451,0.167,0.033,0.623,0.136
2024-09-19,0.0,22.0,12.2,0.157,weekday,11.3,0.0,0,0.431,0.0,0.0,0.628,0.187
2024-09-20,0.0,22.8,12.6,0.05,weekday,8.8,1.9,0,0.468,0.06,0.017,,0.253
2024-09-21,0.0,22.6,11.3,0.263,holiday,6.8,2.1,0,0.679,0.514,0.591,0.172,0.395
2024-09-22,0.0,21.9,12.7,0.104,holiday,9.5,0.0,0,0.77,0.459,0.619,0.203,0.266
2024-09-23,0.0,22.6,11.2,0.114,weekday,10.7,0.0,0,0.372,0.059,0.009,0.539,0.199
2024-09-24,0.0,23.2,12.3,0.021,weekday,10.7,0.0,0,0.613,0.08,,0.572,0.185
2024-09-25,0.0,22.7,12.6,0.0,weekday,8.6,2.6,0,0.595,0.0,0.0,0.669,0.156
2024-09-26,0.0,23.5,13.6,0.0,weekday,8.7,1.6,0,0.406,0.0,,0.627,0.196
2024-09-27,0.0,22.2,16.9,0.0,weekday,9.0,1.5,0,0.57,0.0,0.0,0.645,0.205
2024-09-28,0.0,24.1,13.3,0.234,holiday,8.2,2.4,0,0.584,0.429,0.462,0.033,0.364
2024-09-29,0.0,24.4,,0.239,holiday,8.8,0.0,1,0.586,0.502,0.647,0.121,0.4
2024-09-30,0.0,23.3,14.2,0.026,weekday,9.7,2.0,0,0.445,0.106,0.061,0.67,0.137
2024-10-01,0.0,23.8,0.8,0.074,weekday,5.3,0.0,0,0.495,0.063,,0.722,0.33
2024-10-02,1.0,23.8,1.9,0.0,weekday,4.8,0.0,0,0.513,0.39,0.269,0.659,0.353
2024-10-03,0.0,26.0,4.6,0.156,weekday,7.2,2.3,0,0.381,0.181,0.165,0.604,0.329
2024-10-04,0.0,24.2,1.9,0.345,weekday,4.6,0.0,0,0.363,0.182,0.025,0.676,0.346
2024-10-05,0.0,24.1,2.5,0.329,holiday,3.3,0.0,0,0.69,0.593,0.716,0.083,0.522
2024-10-06,0.0,25.1,11.0,0.271,holiday,4.7,1.7,0,0.723,0.547,0.606,0.075,0.468
2024-10-07,0.0,25.6,5.9,0.318,weekday,4.6,0.0,0,0.368,0.165,0.004,0.555,0.263
2024-10-08,1.0,25.8,5.2,0.226,weekday,1.7,0.0,0,0.436,0.466,0.269,0.712,0.378
2024-10-09,0.0,24.8,6.7,0.156,weekday,3.3,0.4,0,0.384,0.139,0.019,0.593,0.344
2024-10-10,0.0,26.0,1.4,0.289,weekday,6.6,0.0,0,0.375,0.067,0.0,0.584,0.316
2024-10-11,0.0,24.4,1.2,0.197,weekday,6.8,0.0,0,0.555,0.206,0.012,0.646,0.333
2024-10-12,,25.6,1.7,0.401,holiday,5.1,0.0,0,0.637,0.842,0.82,0.04,0.488
2024-10-13,0.0,26.2,1.6,0.46,holiday,4.3,0.1,0,0.665,0.559,0.625,0.087,0.466
2024-10-14,0.0,25.5,1.4,0.222,weekday,4.2,1.8,0,0.364,0.137,0.069,0.627,0.347
2024-10-15,0.0,27.4,1.6,0.399,weekday,3.1,0.0,0,0.361,0.078,0.105,0.66,0.447
2024-10-16,0.0,27.3,4.3,0.177,weekday,3.0,0.0,0,0.598,0.134,0.074,0.602,0.364
2024-10-17,0.0,26.5,4.6,0.334,weekday,4.9,0.0,0,0.487,0.067,0.101,0.642,0.343
2024-10-18,0.0,26.5,1.8,0.228,weekday,4.3,0.5,0,0.336,,0.039,0.587,0.39
2024-10-19,0.0,26.0,0.0,0.485,holiday,3.7,0.0,0,0.674,0.661,0.616,0.145,0.492
2024-10-20,0.0,26.8,4.7,0.525,holiday,3.7,0.0,0,0.757,0.529,0.571,0.069,0.464
2024-10-21,1.0,28.0,0.8,0.334,weekday,7.4,0.0,0,0.295,0.445,0.231,0.619,0.344
2024-10-22,0.0,27.1,0.7,0.455,weekday,5.0,0.0,0,0.196,0.062,0.0,0.621,0.295
2024-10-23,0.0,27.5,6.6,0.162,weekday,7.0,0.7,0,0.333,0.256,,0.687,0.343
2024-10-24,0.0,26.4,4.7,0.245,weekday,6.4,0.0,0,0.35,0.215,0.039,0.606,0.27
2024-10-25,0.0,26.9,3.5,0.366,weekday,5.9,2.3,0,0.449,0.03,0.082,0.629,0.37
2024-10-26,0.0,27.3,2.7,0.582,holiday,5.9,0.0,0,0.766,0.643,0.61,0.08,0.511
2024-10-27,0.0,28.3,2.8,0.533,holiday,4.3,0.7,0,0.592,0.614,0.611,0.167,0.485
2024-10-28,0.0,27.9,3.3,0.272,weekday,4.5,3.0,0,0.549,0.14,0.0,0.68,0.33
2024-10-29,0.0,27.0,3.6,0.112,weekday,4.6,0.3,0,0.514,0.0,,0.687,0.308
2024-10-30,1.0,28.3,2.7,0.202,weekday,4.2,0.0,0,0.398,0.427,0.392,0.575,0.342
2024-10-31,0.0,28.6,7.5,0.31,weekday,6.1,1.5,0,0.628,0.122,0.124,0.647,0.303
2024-11-01,0.0,28.1,4.7,0.4,weekday,4.2,0.0,0,0.476,,0.054,0.47,0.294
2024-11-02,0.0,28.0,1.1,,holiday,4.7,0.0,0,0.726,0.472,0.595,0.1,0.562
2024-11-03,0.0,28.5,1.1,0.281,holiday,3.5,2.4,0,0.766,0.551,0.615,0.213,0.534
2024-11-04,0.0,28.6,,0.212,weekday,7.3,0.0,0,0.446,0.08,0.0,0.554,0.356
2024-11-05,0.0,29.2,4.7,0.368,weekday,5.9,0.0,0,0.429,0.213,0.066,0.638,0.352
2024-11-06,0.0,27.7,3.7,0.269,weekday,3.9,0.0,0,0.419,0.106,0.023,0.676,0.298
2024-11-07,0.0,28.1,2.2,0.262,weekday,5.5,1.3,0,,0.124,0.071,0.633,0.428
2024-11-08,0.0,28.7,3.5,0.287,weekday,3.9,1.3,0,0.485,0.046,0.047,0.739,0.359
2024-11-09,0.0,28.8,0.9,0.498,holiday,3.9,0.0,0,0.627,0.552,0.563,0.125,0.571
2024-11-10,0.0,30.2,3.1,0.43,holiday,4.6,0.4,0,0.658,0.523,0.649,0.074,0.499
2024-11-11,0.0,26.5,5.2,0.231,weekday,4.2,0.1,0,0.418,0.156,0.091,0.659,0.316
2024-11-12,0.0,29.0,3.1,0.347,weekday,6.3,0.0,0,0.552,0.133,0.115,0.683,0.353
2024-11-13,0.0,28.2,6.9,0.309,weekday,5.2,1.1,0,0.437,0.033,0.0,,0.411
2024-11-14,0.0,29.0,2.9,0.28,weekday,5.5,0.7,0,0.421,0.097,0.024,0.671,0.367
2024-11-15,0.0,30.1,7.1,0.275,weekday,5.6,0.5,0,0.429,0.25,,0.712,0.401
2024-11-16,0.0,29.6,,0.555,holiday,6.7,0.6,0,0.802,0.622,0.595,0.081,0.556
2024-11-17,1.0,29.5,2.9,0.444,holiday,5.9,0.0,0,0.745,0.687,0.93,0.157,0.502
2024-11-18,1.0,28.9,4.4,0.19,weekday,6.7,2.7,0,0.463,0.273,0.285,0.634,0.34
2024-11-19,0.0,28.2,0.9,,weekday,5.4,0.0,0,0.557,0.166,0.071,0.769,0.389
2024-11-20,0.0,27.5,3.9,,weekday,6.0,1.0,0,0.391,0.03,0.001,0.57,0.286
2024-11-21,0.0,30.2,5.8,0.266,weekday,6.1,0.3,0,,0.122,0.013,0.688,0.398
2024-11-22,0.0,28.9,3.5,0.358,weekday,3.2,2.4,0,0.472,0.049,0.012,0.737,0.345
2024-11-23,0.0,29.8,5.0,0.491,holiday,7.1,0.0,0,0.725,0.442,0.647,0.062,0.467
2024-11-24,0.0,29.6,6.4,0.572,holiday,3.6,0.2,0,0.822,0.382,0.625,0.131,0.541
2024-11-25,0.0,29.1,3.9,0.339,weekday,6.4,0.0,0,0.37,0.0,,0.691,0.34
2024-11-26,0.0,27.9,2.9,,weekday,3.5,0.0,0,0.322,0.274,0.061,0.624,0.363
2024-11-27,0.0,28.4,4.2,0.221,weekday,7.4,0.9,0,0.486,0.153,0.069,,0.336
2024-11-28,0.0,28.7,5.2,0.406,weekday,5.2,0.4,0,0.349,0.292,0.039,0.645,0.382
2024-11-29,0.0,29.2,5.4,0.238,weekday,4.7,2.4,0,0.382,0.0,0.0,0.566,0.388
2024-11-30,0.0,28.8,0.1,0.494,holiday,7.7,2.9,0,0.688,0.456,0.63,0.124,0.592
2024-12-01,0.0,27.8,3.4,0.478,holiday,7.5,5.0,0,0.691,0.465,0.702,0.145,0.497
2024-12-02,0.0,29.3,1.5,0.477,holiday,4.5,1.2,0,0.6,0.324,,0.027,0.411
2024-12-03,0.0,28.5,2.2,0.319,holiday,8.1,3.7,0,0.495,0.299,,0.111,0.442
2024-12-04,0.0,28.3,1.3,0.444,holiday,7.1,0.0,0,0.601,0.302,0.358,0.0,0.437
2024-12-05,0.0,29.1,2.3,0.329,holiday,5.6,0.5,0,0.472,0.468,0.356,0.098,0.477
2024-12-06,0.0,27.1,2.5,0.295,holiday,4.8,0.0,0,0.628,0.46,0.388,0.036,0.498
2024-12-07,0.0,28.2,2.3,0.445,holiday,5.6,2.1,0,0.556,0.372,0.534,0.069,0.519
2024-12-08,0.0,29.3,2.1,0.497,holiday,6.7,0.0,0,0.668,0.631,0.641,0.194,0.504
2024-12-09,0.0,28.7,2.5,0.359,holiday,8.7,1.5,0,0.68,0.416,0.282,0.054,0.428
2024-12-10,0.0,28.2,8.8,0.33,holiday,6.3,0.0,0,0.468,0.428,0.32,0.0,0.467
2024-12-11,0.0,28.9,4.7,0.501,,4.7,0.5,0,0.66,0.367,0.28,0.014,0.48
2024-12-12,0.0,27.6,3.2,0.32,holiday,6.5,1.6,0,0.565,0.417,0.295,0.179,0.455
2024-12-13,0.0,28.1,1.1,0.36,holiday,5.9,1.4,0,0.432,0.268,0.29,0.0,0.499
2024-12-14,0.0,27.9,3.1,0.559,holiday,5.3,0.9,0,0.79,0.442,0.573,0.06,0.495
2024-12-15,0.0,28.4,,0.569,holiday,6.2,1.5,0,0.599,0.489,0.569,,0.48
2024-12-16,0.0,28.3,5.6,0.418,holiday,4.8,1.0,0,0.591,,0.347,0.033,0.48
2024-12-17,0.0,27.6,1.0,0.346,holiday,4.1,2.5,0,0.486,0.268,0.323,0.119,0.508
2024-12-18,0.0,27.2,3.1,0.444,holiday,6.0,1.0,0,0.485,0.184,0.292,0.085,0.45
2024-12-19,0.0,27.5,2.5,0.493,holiday,5.5,1.6,0,0.56,0.326,0.292,0.073,0.47
2024-12-20,0.0,28.6,4.2,0.461,holiday,3.7,1.6,0,0.591,0.307,0.291,0.084,0.549
2024-12-21,0.0,26.7,3.5,0.351,holiday,8.1,1.1,0,0.675,0.429,0.671,,0.481
2024-12-22,0.0,27.4,6.2,0.286,holiday,6.4,0.0,0,0.749,0.632,0.588,0.0,0.492
2024-12-23,0.0,26.8,4.8,0.373,holiday,5.2,0.2,0,0.591,0.45,,0.165,0.566
2024-12-24,0.0,26.8,3.6,0.358,holiday,4.6,0.7,0,0.567,0.348,0.279,0.042,0.478
2024-12-25,0.0,27.5,2.8,0.381,holiday,5.4,0.1,0,0.68,0.309,0.269,0.082,0.432
2024-12-26,0.0,27.4,5.0,0.37,holiday,5.4,2.4,0,0.511,0.36,0.365,0.006,0.449
2024-12-27,0.0,26.9,2.9,0.527,holiday,2.8,0.5,0,0.376,0.365,0.28,0.014,0.586
2024-12-28,1.0,26.8,3.9,0.538,holiday,5.3,2.3,0,0.801,0.715,0.82,0.111,0.522
2024-12-29,0.0,27.5,7.0,0.438,holiday,3.0,1.6,0,0.698,0.726,0.658,0.11,0.535
2024-12-30,0.0,25.1,3.9,0.327,holiday,6.2,6.1,0,0.521,0.252,0.341,0.043,0.31
2024-12-31,0.0,25.4,1.9,0.302,holiday,4.7,1.2,0,0.438,0.388,0.377,0.053,0.456
2025-01-01,0.0,26.2,5.1,0.298,holiday,4.2,3.2,0,0.471,0.202,0.281,0.003,0.439
2025-01-02,0.0,27.5,3.4,0.467,holiday,5.8,0.2,0,0.444,0.426,0.311,0.046,0.47
2025-01-03,0.0,25.4,0.9,0.133,holiday,5.6,0.7,0,0.6,,0.392,0.0,0.473
2025-01-04,0.0,27.6,5.0,0.562,holiday,3.7,0.0,0,0.626,0.534,0.601,0.065,0.547
2025-01-05,0.0,27.2,1.4,0.39,holiday,4.8,0.0,0,0.693,0.465,0.616,,0.442
2025-01-06,0.0,25.9,5.6,0.254,holiday,4.4,0.0,0,0.526,0.251,0.216,0.032,0.419
2025-01-07,0.0,26.2,4.4,0.399,holiday,3.7,2.4,0,0.679,0.256,0.312,0.166,0.388
2025-01-08,0.0,25.1,4.9,0.321,holiday,4.8,3.9,0,0.609,0.315,,0.065,0.389
2025-01-09,,24.4,7.3,0.243,holiday,4.2,3.4,0,0.552,0.419,0.378,,0.404
2025-01-10,0.0,26.1,3.3,,holiday,6.1,0.0,0,0.635,0.456,0.37,0.0,0.44
2025-01-11,0.0,24.6,3.7,0.413,holiday,6.9,0.3,0,0.634,0.54,0.677,0.085,0.405
2025-01-12,0.0,25.1,3.9,0.408,holiday,6.7,4.0,0,0.616,0.571,0.676,0.115,0.485
2025-01-13,0.0,24.5,1.1,0.235,holiday,7.4,2.6,0,0.578,0.445,0.396,0.09,0.412
2025-01-14,0.0,25.2,1.6,0.188,holiday,4.9,1.6,0,0.516,0.376,0.374,0.086,0.434
2025-01-15,0.0,24.8,3.3,0.325,holiday,3.7,0.1,0,0.506,0.2,0.239,0.056,0.587
2025-01-16,,25.0,4.3,0.281,holiday,6.7,2.0,0,0.513,0.358,0.354,0.101,0.385
2025-01-17,0.0,24.4,5.2,0.3,holiday,2.5,0.4,0,0.523,0.212,0.257,0.028,0.494
2025-01-18,0.0,23.3,1.4,0.388,holiday,4.5,0.7,0,0.783,0.408,0.631,0.159,0.374
2025-01-19,0.0,23.8,4.0,0.285,holiday,7.4,3.0,0,0.569,0.515,0.614,0.045,0.456
2025-01-20,,23.0,7.8,0.194,holiday,4.9,6.6,0,0.522,0.322,0.257,0.013,0.346
2025-01-21,0.0,22.8,9.2,0.191,holiday,4.4,3.1,0,0.447,0.326,0.251,0.073,0.426
2025-01-22,0.0,23.8,0.4,0.313,holiday,6.6,0.2,0,0.574,0.278,0.228,,0.382
2025-01-23,0.0,24.5,0.5,,holiday,5.4,6.6,0,,0.247,,0.058,0.422
2025-01-24,0.0,24.0,4.4,0.298,holiday,4.7,3.6,0,0.556,0.305,0.392,0.056,0.407
2025-01-25,0.0,21.6,4.0,0.257,holiday,6.5,6.4,0,0.669,0.547,0.553,0.075,0.386
2025-01-26,0.0,21.4,5.3,0.362,holiday,4.6,3.5,0,0.755,0.411,0.571,0.184,0.412
2025-01-27,0.0,22.4,3.4,0.278,holiday,5.9,1.6,0,0.515,0.235,0.217,0.088,0.378
2025-01-28,0.0,21.5,5.3,0.196,holiday,7.5,1.6,0,0.637,0.32,0.238,0.088,0.382
2025-01-29,0.0,21.8,3.4,0.196,holiday,6.9,5.4,0,0.724,0.369,0.368,0.046,0.415
2025-01-30,0.0,22.2,1.9,0.275,holiday,5.8,1.8,0,0.55,0.189,0.305,0.23,0.448
2025-01-31,0.0,21.2,4.4,0.096,holiday,7.1,4.7,0,0.536,0.064,,0.103,0.35
2025-02-01,0.0,21.1,,0.303,holiday,6.5,2.5,0,0.71,0.487,0.617,0.0,0.412
2025-02-02,0.0,21.3,5.9,0.422,holiday,4.7,7.9,0,0.704,0.425,0.6,0.175,0.383
2025-02-03,0.0,19.9,1.7,,weekday,5.3,1.4,0,0.339,0.03,0.013,0.716,0.238
2025-02-04,0.0,20.7,2.9,0.017,weekday,5.7,2.0,0,0.377,0.08,0.0,,0.255
2025-02-05,0.0,21.2,2.8,0.066,weekday,5.2,3.6,0,0.414,0.146,0.0,0.646,0.252
2025-02-06,0.0,20.4,7.8,0.124,weekday,4.8,4.9,0,0.29,0.0,0.0,0.629,0.16
2025-02-07,0.0,20.4,4.7,0.156,weekday,3.9,5.6,0,0.492,0.071,0.038,0.625,0.264
2025-02-08,0.0,21.3,2.8,0.329,holiday,5.0,3.4,0,0.697,0.439,0.544,0.115,0.397
2025-02-09,0.0,20.3,0.6,0.245,holiday,9.0,2.6,0,0.777,0.512,0.564,0.101,0.378
2025-02-10,0.0,18.5,1.0,0.024,weekday,4.1,4.1,0,0.383,0.008,0.122,0.662,0.232
2025-02-11,0.0,19.2,1.6,0.013,weekday,3.1,1.8,1,0.309,0.0,0.0,,0.23
2025-02-12,0.0,19.5,0.8,0.093,weekday,4.5,3.7,0,0.491,0.212,0.064,0.596,0.202
2025-02-13,0.0,19.6,2.4,0.121,weekday,6.0,5.4,0,0.398,0.032,0.0,0.604,0.157
2025-02-14,1.0,17.5,0.3,,weekday,3.2,7.1,0,0.451,0.317,0.292,0.721,0.294
2025-02-15,0.0,19.1,5.3,0.231,holiday,5.6,3.1,0,0.526,0.402,0.579,0.113,0.379
2025-02-16,0.0,19.4,2.7,0.327,holiday,5.3,6.0,0,0.606,0.458,0.578,0.074,0.286
2025-02-17,0.0,18.7,2.8,0.0,weekday,5.5,4.2,0,0.456,,0.0,0.753,0.195
2025-02-18,0.0,18.6,1.6,0.0,weekday,5.4,6.8,0,0.347,0.076,0.045,0.604,0.164
2025-02-19,0.0,18.9,1.9,0.0,weekday,5.0,3.0,0,0.436,0.179,0.092,0.708,0.217
2025-02-20,0.0,17.6,4.0,0.063,weekday,4.2,3.5,0,0.266,,0.0,0.702,0.173
2025-02-21,0.0,18.0,3.6,0.0,weekday,6.2,7.5,0,0.419,0.095,0.07,0.634,0.186
2025-02-22,0.0,17.8,5.3,0.17,holiday,3.9,5.0,0,0.821,0.281,0.609,0.043,0.318
2025-02-23,0.0,16.7,6.8,0.11,holiday,5.1,3.9,0,0.8,0.418,0.533,0.199,0.332
2025-02-24,0.0,16.4,1.4,0.046,weekday,6.1,8.3,0,0.43,0.051,0.0,0.678,0.141
2025-02-25,0.0,17.2,2.0,0.0,weekday,4.4,4.0,0,0.4,0.031,,0.662,0.183
2025-02-26,0.0,17.1,1.6,0.045,weekday,5.5,4.6,0,0.409,0.09,0.065,0.683,0.194
2025-02-27,0.0,17.0,3.2,0.0,weekday,7.4,3.1,0,0.483,0.038,0.0,0.756,0.123
2025-02-28,1.0,17.4,2.3,0.0,weekday,6.9,4.6,0,0.307,0.265,0.264,0.673,0.128
2025-03-01,0.0,16.2,,0.213,holiday,3.3,2.0,0,0.761,0.485,0.611,0.047,0.334
2025-03-02,0.0,16.5,0.7,0.186,holiday,4.4,5.8,0,0.779,0.439,0.573,0.12,0.34
2025-03-03,0.0,14.7,,0.0,weekday,6.7,2.9,0,0.535,0.0,0.0,0.773,0.133
2025-03-04,1.0,15.4,2.0,0.0,weekday,5.2,3.4,0,0.287,0.258,,0.579,0.113
2025-03-05,,13.9,0.5,,weekday,6.4,2.7,0,,0.291,0.228,0.714,0.114
2025-03-06,1.0,16.1,8.1,0.0,weekday,5.5,3.6,0,0.371,,0.196,0.563,0.104
2025-03-07,1.0,15.2,7.1,0.0,weekday,4.3,7.1,0,0.43,0.227,,0.627,0.177
2025-03-08,0.0,14.9,2.9,0.097,holiday,6.1,3.4,0,0.729,0.418,,0.093,0.287
2025-03-09,0.0,14.1,6.0,0.073,holiday,4.8,8.6,0,0.547,0.434,0.62,0.027,0.215
2025-03-10,0.0,14.2,1.8,0.0,weekday,6.3,3.4,0,0.403,0.073,,0.619,0.091
2025-03-11,0.0,13.9,5.0,0.0,weekday,5.9,2.0,0,0.548,0.011,0.024,,0.168
2025-03-12,0.0,12.7,1.7,0.0,weekday,4.7,4.3,0,0.31,0.0,0.009,0.613,0.105
2025-03-13,0.0,12.9,6.1,0.0,weekday,5.3,10.7,0,0.444,0.021,0.0,0.668,0.198
2025-03-14,0.0,12.4,6.5,0.0,weekday,3.6,6.2,0,0.433,0.093,0.087,0.698,0.142
2025-03-15,0.0,11.8,2.3,0.113,holiday,3.1,4.5,0,0.737,0.257,0.552,0.001,0.271
2025-03-16,0.0,13.3,6.2,0.102,holiday,5.3,3.2,0,0.589,0.362,0.532,0.002,0.277
2025-03-17,0.0,12.5,,0.0,weekday,2.6,4.9,0,0.57,0.048,0.019,0.711,0.172
2025-03-18,0.0,12.6,4.7,0.0,weekday,4.8,4.9,0,0.44,0.0,0.0,0.671,0.124
2025-03-19,0.0,11.1,1.4,0.031,weekday,5.2,8.7,0,0.485,0.002,0.065,0.651,0.122
2025-03-20,0.0,11.6,,0.0,weekday,4.3,5.6,0,0.369,0.04,0.032,0.726,0.153
2025-03-21,0.0,12.0,3.3,0.0,weekday,6.4,5.4,0,0.457,0.0,0.0,0.674,0.102
2025-03-22,0.0,11.2,3.9,0.214,holiday,4.1,4.1,0,0.696,,,0.121,0.277
2025-03-23,0.0,12.3,9.7,0.127,holiday,6.5,6.7,0,0.702,0.308,0.462,0.184,0.25
2025-03-24,1.0,10.7,0.4,0.0,weekday,4.6,6.2,0,0.492,,0.28,0.599,0.07
2025-03-25,0.0,10.3,1.1,0.0,weekday,3.8,7.3,0,0.424,0.002,0.025,0.648,0.095
2025-03-26,1.0,12.2,4.9,0.0,weekday,4.3,7.2,0,0.562,0.237,0.232,0.65,0.092
2025-03-27,1.0,11.0,1.1,0.0,weekday,5.0,3.6,0,0.288,0.264,0.235,0.582,0.07
2025-03-28,0.0,9.5,9.3,0.0,weekday,4.7,5.5,0,0.412,0.0,0.026,0.571,0.021
2025-03-29,0.0,11.0,,0.062,holiday,3.9,2.0,0,0.706,0.276,0.606,0.098,0.261
2025-03-30,0.0,12.3,4.7,0.0,holiday,4.9,5.4,0,0.681,0.466,0.628,0.075,0.241
2025-03-31,0.0,10.7,5.3,0.0,weekday,6.8,6.0,0,0.372,0.067,0.04,0.709,0.103
2025-04-01,0.0,9.0,4.1,0.0,weekday,5.0,0.0,0,,0.043,0.047,0.716,0.103
2025-04-02,0.0,10.8,1.0,0.015,weekday,4.6,1.0,0,0.322,0.099,0.033,0.649,0.081
2025-04-03,0.0,10.9,3.9,0.0,weekday,5.2,0.0,0,0.364,0.0,0.003,0.607,0.064
2025-04-04,0.0,11.4,0.5,0.0,weekday,4.7,0.0,0,0.352,0.0,,0.637,0.158
2025-04-05,0.0,9.0,5.2,0.077,holiday,5.2,1.6,0,0.68,0.47,0.655,0.111,0.219
2025-04-06,0.0,8.0,4.1,0.186,holiday,3.4,0.0,0,0.706,0.433,0.533,0.148,0.16
2025-04-07,0.0,9.0,2.7,0.0,weekday,5.0,0.0,0,0.175,0.0,0.042,0.666,0.038
2025-04-08,0.0,8.1,1.0,0.0,weekday,3.3,2.6,0,0.456,0.0,0.0,0.76,0.09
2025-04-09,0.0,8.5,3.8,,weekday,4.9,0.2,0,0.424,0.0,0.0,0.613,0.08
2025-04-10,0.0,9.5,,0.0,weekday,3.9,0.0,0,0.358,0.024,0.0,0.629,0.203
2025-04-11,0.0,8.1,3.4,0.0,weekday,2.6,0.0,0,0.356,0.0,0.001,0.678,0.046
2025-04-12,0.0,7.3,3.6,0.141,holiday,2.4,4.6,0,0.594,0.485,0.599,0.089,0.162
2025-04-13,0.0,6.3,0.9,0.067,holiday,7.9,0.0,0,0.678,0.48,0.532,0.148,0.127
2025-04-14,0.0,6.8,0.9,0.0,weekday,5.5,0.0,0,0.542,0.0,0.016,0.663,0.055
2025-04-15,0.0,6.6,4.7,0.0,weekday,4.9,0.0,0,0.413,0.001,0.064,0.662,0.0
2025-04-16,0.0,8.0,6.3,,weekday,4.9,0.0,0,0.362,0.0,0.0,0.708,0.0
2025-04-17,0.0,8.4,0.4,0.0,weekday,5.6,0.0,0,0.508,0.0,0.01,0.682,0.009
2025-04-18,0.0,7.6,1.0,0.0,weekday,6.2,0.0,0,0.461,0.0,0.0,0.667,0.045
2025-04-19,0.0,7.2,7.3,0.231,holiday,3.0,0.0,0,0.598,,0.567,0.018,0.152
2025-04-20,0.0,6.5,4.3,0.149,holiday,5.2,0.0,0,0.747,0.406,0.632,0.127,0.17
2025-04-21,0.0,7.2,5.3,0.0,weekday,5.5,1.0,0,0.388,0.0,0.0,0.588,0.042
2025-04-22,0.0,6.2,4.0,0.0,weekday,6.2,0.5,0,0.508,0.0,0.021,0.66,0.018
2025-04-23,0.0,6.4,3.5,0.0,weekday,6.9,0.0,0,0.498,0.056,0.08,0.619,0.0
2025-04-24,0.0,7.3,2.7,0.0,weekday,6.1,0.7,0,0.373,0.0,0.0,0.598,0.005
2025-04-25,0.0,7.6,8.1,0.0,weekday,4.8,0.1,0,0.453,0.031,0.0,0.65,0.024
2025-04-26,0.0,6.7,6.6,0.079,holiday,2.8,0.0,0,0.825,0.332,0.568,0.14,0.19
2025-04-27,0.0,7.6,2.4,0.044,holiday,5.1,0.5,0,0.581,0.403,0.631,0.074,0.256
2025-04-28,0.0,5.0,8.0,0.0,weekday,3.3,0.0,0,0.502,0.0,0.014,0.662,0.0
2025-04-29,0.0,6.8,4.0,0.0,weekday,5.1,0.1,0,0.467,0.0,0.0,,0.0
2025-04-30,0.0,6.3,4.4,0.0,weekday,4.4,0.0,0,0.523,0.0,0.01,0.703,0.0
2025-05-01,0.0,6.5,1.4,0.056,holiday,4.2,1.6,0,0.474,0.113,0.236,0.016,0.218
2025-05-02,0.0,6.5,8.0,0.014,holiday,5.4,0.0,0,,0.151,0.36,0.055,0.16
2025-05-03,0.0,5.3,3.3,0.008,holiday,6.6,0.0,0,0.711,0.401,0.501,0.098,0.099
2025-05-04,0.0,5.7,1.9,0.028,holiday,6.3,1.3,0,0.586,0.31,0.624,0.086,0.069
2025-05-05,0.0,5.5,2.9,0.103,holiday,4.9,0.0,0,0.511,0.195,0.312,0.028,0.174
2025-05-06,0.0,7.8,4.2,0.0,holiday,4.5,0.0,0,,0.296,0.275,0.0,0.144
2025-05-07,1.0,5.5,1.8,0.041,holiday,3.5,0.0,0,0.661,0.416,0.56,0.0,0.113
2025-05-08,0.0,5.3,0.5,0.005,holiday,5.6,0.0,0,0.517,0.152,0.339,0.07,0.181
2025-05-09,0.0,5.9,2.3,0.0,holiday,4.6,0.0,0,0.563,0.213,0.331,0.172,0.153
2025-05-10,0.0,5.3,4.4,0.173,holiday,5.0,3.5,0,0.575,0.538,0.621,0.075,0.088
2025-05-11,0.0,4.9,5.1,0.061,holiday,7.4,0.0,0,0.524,0.321,0.501,0.0,0.076
2025-05-12,0.0,5.4,4.3,0.0,holiday,6.0,0.0,0,0.666,0.261,0.306,0.143,0.075
2025-05-13,0.0,5.4,1.7,0.0,holiday,5.4,2.2,0,0.465,0.115,0.266,0.114,0.138
2025-05-14,0.0,4.9,3.0,0.052,holiday,6.2,0.0,0,0.699,0.116,0.263,0.2,0.122
2025-05-15,0.0,4.8,5.1,0.0,holiday,7.2,1.3,0,,0.095,0.304,0.13,0.179
2025-05-16,0.0,5.5,3.0,0.076,holiday,4.9,0.0,0,0.536,0.257,0.334,0.129,0.172
2025-05-17,0.0,3.3,1.4,0.041,holiday,7.0,0.2,0,0.685,0.458,,0.118,0.162
2025-05-18,0.0,3.6,2.5,0.127,holiday,7.1,0.3,0,0.688,0.418,0.615,0.072,0.043
2025-05-19,0.0,5.6,4.9,0.129,holiday,2.8,0.0,0,0.585,0.065,0.282,0.103,0.221
2025-05-20,0.0,5.2,0.2,0.0,holiday,4.3,0.8,0,0.704,0.094,0.25,0.112,0.129
2025-05-21,0.0,5.3,2.5,0.01,holiday,5.6,0.6,0,0.578,0.045,0.281,0.01,0.081
2025-05-22,0.0,5.2,2.7,0.0,holiday,5.1,0.0,0,0.533,0.334,0.249,0.068,0.12
2025-05-23,0.0,5.6,1.7,0.0,holiday,5.6,0.0,0,0.53,0.27,0.237,0.014,0.22
2025-05-24,0.0,5.5,3.0,0.213,holiday,5.0,0.0,0,0.699,0.38,0.588,0.152,0.113
2025-05-25,1.0,5.8,5.1,0.0,holiday,3.6,1.3,0,0.695,0.65,0.822,0.124,0.16
2025-05-26,0.0,5.4,2.9,0.0,holiday,7.2,2.2,0,0.361,0.189,0.309,0.126,0.058
2025-05-27,1.0,5.1,3.9,0.02,holiday,5.3,0.0,0,0.544,0.436,0.595,0.144,0.159
2025-05-28,0.0,4.7,1.1,0.042,holiday,5.1,0.0,0,0.558,0.236,0.204,0.041,0.136
2025-05-29,0.0,6.5,6.5,0.0,holiday,5.5,0.0,0,0.551,0.117,0.215,0.04,0.185
2025-05-30,0.0,5.3,5.4,0.0,holiday,4.0,3.4,0,0.518,0.292,0.248,0.078,0.191
2025-05-31,0.0,4.7,0.6,0.146,holiday,3.9,0.0,0,0.665,0.371,0.546,0.124,0.187
2025-06-01,1.0,5.1,5.5,,holiday,5.9,4.0,0,0.568,0.551,0.807,0.101,0.142
2025-06-02,0.0,6.4,7.9,0.0,weekday,5.7,3.4,0,0.49,0.0,0.015,0.625,0.082
2025-06-03,0.0,5.5,2.9,0.0,,5.8,0.5,0,0.513,0.0,0.0,,0.05
2025-06-04,0.0,5.4,5.6,0.0,weekday,5.4,0.0,0,0.333,0.086,0.0,0.627,0.043
2025-06-05,0.0,4.7,24.3,,weekday,7.4,0.0,0,0.44,0.008,0.046,0.618,0.0
2025-06-06,1.0,5.2,21.1,0.0,weekday,2.7,1.6,0,0.306,0.274,0.209,0.579,0.0
2025-06-07,0.0,4.2,19.8,0.034,holiday,2.1,0.4,0,0.885,0.334,0.585,0.079,0.19
2025-06-08,0.0,6.0,20.7,0.0,holiday,5.3,1.9,0,0.693,0.157,0.562,0.069,0.103
2025-06-09,0.0,4.3,19.3,0.0,weekday,5.8,2.9,0,0.452,0.0,0.0,,0.0
2025-06-10,0.0,7.1,22.6,0.0,weekday,6.0,0.5,0,0.404,0.0,0.0,0.584,0.0
2025-06-11,0.0,3.8,22.5,0.0,weekday,8.6,0.1,0,0.396,0.0,0.0,0.613,0.0
2025-06-12,0.0,5.8,21.3,0.0,weekday,4.1,1.5,0,0.412,0.0,0.0,0.606,0.0
2025-06-13,0.0,6.8,22.4,0.0,weekday,5.3,0.0,0,0.474,0.0,0.0,0.699,0.0
2025-06-14,0.0,5.3,22.7,0.036,holiday,5.8,0.0,0,,0.321,0.561,0.086,0.0
2025-06-15,1.0,6.5,21.8,0.068,holiday,3.7,0.0,0,0.689,0.7,0.886,0.081,0.147
2025-06-16,0.0,4.9,19.8,0.0,weekday,5.2,2.7,0,0.454,,,0.664,0.0
2025-06-17,0.0,5.6,22.6,0.0,weekday,4.1,0.0,0,0.409,0.0,0.0,0.539,0.0
2025-06-18,0.0,6.3,21.5,0.0,weekday,4.3,2.7,0,0.452,0.0,0.046,0.656,0.0
2025-06-19,0.0,6.0,19.4,0.0,weekday,6.3,0.0,0,0.362,0.0,0.0,0.635,0.0
2025-06-20,0.0,6.6,23.2,,weekday,2.9,0.0,0,0.409,0.0,0.062,0.579,0.0
2025-06-21,0.0,6.5,21.9,0.0,holiday,7.1,0.0,0,0.757,0.272,0.552,0.073,0.019
2025-06-22,0.0,6.6,21.4,0.061,holiday,4.9,0.0,0,0.716,0.301,0.579,0.015,0.092
2025-06-23,0.0,7.5,21.9,0.0,weekday,5.5,2.4,0,0.367,0.0,0.0,0.617,0.0
2025-06-24,,6.4,22.5,0.0,weekday,4.7,3.3,0,0.456,0.0,0.047,0.641,0.0
2025-06-25,1.0,6.7,23.3,0.0,weekday,6.0,0.0,0,0.397,0.236,0.177,0.639,0.0
2025-06-26,,7.8,23.9,0.0,weekday,5.8,1.1,0,0.509,0.0,0.0,0.602,0.0
2025-06-27,0.0,6.1,20.1,0.0,weekday,5.9,0.0,0,0.439,0.0,0.029,0.533,0.0
2025-06-28,0.0,6.8,20.4,0.023,holiday,3.8,0.0,0,0.729,0.351,0.516,0.158,0.076
2025-06-29,1.0,6.3,18.5,0.0,holiday,4.7,0.0,0,0.744,0.653,0.812,0.024,0.002
2025-06-30,0.0,7.4,19.9,0.0,weekday,5.2,0.0,0,0.407,0.0,0.024,0.608,0.0
2025-07-01,0.0,6.4,22.7,0.0,weekday,7.2,0.0,0,0.47,0.0,0.0,0.649,0.0
2025-07-02,0.0,6.7,20.4,0.0,weekday,5.0,0.9,0,0.373,0.0,0.0,0.665,0.0
2025-07-03,0.0,8.3,22.5,0.0,weekday,7.3,0.0,0,0.44,0.0,0.0,0.547,0.0
2025-07-04,0.0,6.6,21.1,0.0,weekday,5.2,0.0,0,0.391,0.0,0.0,,0.0
2025-07-05,0.0,8.7,21.5,0.149,holiday,3.0,0.0,0,0.769,0.633,0.703,0.037,0.071
2025-07-06,0.0,8.7,23.7,,holiday,6.6,0.8,0,,0.277,0.584,0.072,0.155
2025-07-07,0.0,8.0,22.9,0.0,weekday,3.9,1.9,0,0.433,0.0,0.011,0.587,0.0
2025-07-08,0.0,7.7,21.5,0.0,weekday,4.3,1.8,0,0.459,0.005,0.179,0.613,0.0
2025-07-09,0.0,8.5,20.9,0.0,weekday,3.6,0.7,0,0.348,0.006,0.043,0.513,0.026
2025-07-10,0.0,9.5,23.0,0.0,weekday,5.0,2.6,0,0.435,0.0,0.0,0.655,0.0
2025-07-11,0.0,8.8,20.9,0.0,weekday,3.7,0.0,0,0.613,0.0,0.0,0.704,0.085
2025-07-12,0.0,9.5,22.4,0.037,holiday,4.2,1.1,0,0.729,0.335,0.607,0.108,0.112
2025-07-13,0.0,7.9,20.9,0.0,holiday,5.0,0.0,0,0.752,0.295,0.574,0.067,0.134
2025-07-14,0.0,8.1,24.4,0.0,weekday,4.3,0.2,0,0.425,0.004,0.0,0.68,0.028
2025-07-15,1.0,9.0,22.4,0.0,weekday,4.4,0.0,0,0.394,0.13,0.223,0.689,0.0
2025-07-16,0.0,8.3,3.0,0.032,weekday,3.4,0.0,0,0.512,0.0,0.019,,0.0
2025-07-17,,8.0,5.0,0.0,weekday,5.4,0.1,0,0.398,0.335,0.222,0.756,0.071
2025-07-18,1.0,10.9,1.7,0.0,weekday,2.8,2.3,0,,0.159,0.257,0.653,0.084
2025-07-19,0.0,9.5,4.5,0.034,holiday,4.5,0.0,0,0.681,0.292,0.475,0.057,0.221
2025-07-20,0.0,9.6,4.1,0.056,holiday,6.4,0.0,0,0.51,0.523,0.688,0.108,0.118
2025-07-21,0.0,10.2,0.3,0.0,weekday,6.1,2.0,0,0.398,0.0,0.072,0.686,0.058
2025-07-22,0.0,10.3,4.3,0.0,weekday,4.0,0.0,0,0.409,0.0,0.0,0.577,0.077
2025-07-23,0.0,11.0,9.2,0.0,weekday,5.0,0.5,0,0.354,0.0,0.058,0.681,0.036
2025-07-24,0.0,11.2,4.5,0.0,weekday,5.5,0.0,0,0.424,0.0,0.0,0.633,0.097
2025-07-25,0.0,10.6,9.0,0.0,weekday,7.6,0.0,0,0.389,0.0,0.0,0.711,0.06
2025-07-26,0.0,11.0,4.0,0.303,holiday,5.4,1.5,0,0.684,0.519,0.625,0.067,0.265
2025-07-27,0.0,11.2,6.8,0.129,holiday,5.2,0.8,0,0.658,0.346,0.63,0.09,0.227
2025-07-28,0.0,11.1,4.3,0.0,weekday,8.3,0.0,0,0.45,0.0,0.011,0.735,0.023
2025-07-29,0.0,12.3,1.7,0.0,weekday,4.2,0.1,0,0.57,0.0,0.055,0.665,0.114
2025-07-30,0.0,12.0,0.1,0.0,weekday,4.8,0.0,0,0.492,0.006,0.058,0.753,0.083
2025-07-31,0.0,11.1,3.0,0.037,weekday,4.1,0.0,0,0.397,0.126,0.035,0.594,0.084
2025-08-01,0.0,12.8,13.4,0.013,holiday,8.3,1.2,0,0.518,0.161,0.246,0.008,0.202
2025-08-02,0.0,11.1,13.7,0.021,holiday,10.3,1.1,0,0.497,0.401,0.585,0.112,0.131
2025-08-03,0.0,11.7,16.5,0.0,holiday,7.7,0.6,0,0.711,0.413,0.535,0.116,0.128
2025-08-04,0.0,12.2,17.2,0.0,holiday,8.6,3.1,0,0.476,0.237,0.341,0.0,0.148
2025-08-05,0.0,13.8,11.7,0.025,holiday,9.4,0.0,0,0.522,0.073,0.263,0.0,0.23
2025-08-06,,14.4,12.1,0.0,holiday,8.6,0.0,0,0.569,0.131,0.282,0.113,0.18
2025-08-07,0.0,15.1,14.5,0.0,holiday,9.6,0.0,0,0.473,0.214,0.367,0.079,0.214
2025-08-08,0.0,14.1,13.1,0.0,holiday,9.2,0.0,0,0.613,0.227,0.33,0.07,0.169
2025-08-09,0.0,12.4,13.0,0.0,holiday,12.3,0.0,0,0.61,0.249,0.544,0.103,0.128
2025-08-10,0.0,13.3,11.6,0.0,holiday,8.6,1.1,0,0.715,0.393,0.632,0.082,0.174
2025-08-11,0.0,14.9,15.5,0.0,holiday,8.9,0.7,0,0.581,0.11,0.25,0.176,0.197
2025-08-12,1.0,14.5,14.8,0.0,holiday,8.3,2.6,0,0.615,0.474,0.622,0.011,0.232
2025-08-13,0.0,14.3,12.1,0.0,holiday,10.7,0.0,0,0.491,0.227,0.348,0.0,0.105
2025-08-14,0.0,14.9,18.1,0.0,holiday,10.1,1.0,0,0.607,0.093,0.184,0.15,0.237
2025-08-15,1.0,15.3,14.2,0.0,holiday,10.0,0.0,0,,0.272,0.492,0.057,0.081
2025-08-16,0.0,15.6,11.8,0.0,holiday,9.0,0.3,0,0.629,0.272,0.625,0.104,0.304
2025-08-17,0.0,16.5,12.2,0.049,holiday,9.7,0.0,0,0.67,0.485,0.579,0.051,0.215
2025-08-18,0.0,13.6,14.2,0.0,holiday,7.2,0.2,0,0.369,0.171,0.273,0.0,0.184
2025-08-19,0.0,16.4,11.6,0.0,holiday,6.9,0.0,0,0.511,,0.232,0.063,0.315
2025-08-20,0.0,16.7,,0.0,holiday,7.9,0.0,0,0.633,0.224,0.298,0.0,0.186
2025-08-21,0.0,15.6,12.6,0.0,holiday,9.5,0.0,0,0.699,0.115,0.34,0.145,0.234
2025-08-22,0.0,16.4,18.6,0.0,holiday,8.3,0.0,0,0.678,0.187,0.28,0.161,0.227
2025-08-23,0.0,17.4,14.3,0.0,holiday,9.0,0.0,0,0.699,0.264,0.556,0.051,0.297
2025-08-24,0.0,15.6,16.5,0.0,holiday,9.1,0.0,0,0.752,0.372,0.645,0.102,0.254
2025-08-25,0.0,16.9,,0.0,holiday,7.0,0.3,0,0.568,0.193,0.3,0.043,0.195
2025-08-26,0.0,17.0,12.6,0.0,holiday,8.4,0.6,0,0.563,0.224,0.286,0.085,0.227
2025-08-27,,17.7,11.5,0.019,holiday,10.2,0.7,0,0.506,0.104,0.268,0.131,0.231
2025-08-28,0.0,16.1,17.7,0.0,holiday,8.5,0.0,0,0.516,0.217,0.317,0.058,0.261
2025-08-29,0.0,18.6,18.7,0.0,holiday,9.1,0.0,0,0.449,0.188,0.308,0.05,0.231
2025-08-30,0.0,17.9,14.7,0.114,holiday,8.4,0.0,0,0.58,0.473,0.512,0.047,0.34
2025-08-31,0.0,19.3,14.2,0.17,holiday,7.8,4.9,0,0.651,0.343,0.615,0.108,0.298
2025-09-01,0.0,18.6,13.4,0.0,weekday,9.8,1.3,0,0.502,0.028,0.0,0.628,0.102
2025-09-02,0.0,17.7,13.3,0.0,weekday,11.0,0.5,0,0.516,,0.007,0.593,0.031
2025-09-03,0.0,19.2,12.8,0.0,weekday,9.7,2.9,1,0.408,0.047,0.036,0.557,0.104
2025-09-04,0.0,18.7,,0.0,weekday,9.5,0.0,0,0.385,0.0,,0.576,0.083
2025-09-05,0.0,18.4,14.0,0.0,weekday,10.0,0.0,0,0.478,0.0,0.097,,0.072
2025-09-06,0.0,19.0,13.9,0.012,holiday,10.3,0.0,0,0.73,0.493,0.627,0.066,0.281
2025-09-07,0.0,19.4,18.7,,holiday,7.5,2.3,0,0.6,0.446,,0.0,0.215
2025-09-08,0.0,20.3,13.5,0.0,weekday,8.6,0.0,0,0.298,0.0,0.036,0.656,0.135
2025-09-09,0.0,19.3,12.6,0.0,weekday,6.9,0.0,0,,0.077,0.0,0.607,0.165
2025-09-10,1.0,20.6,13.9,,weekday,7.3,0.0,0,0.428,0.336,0.268,0.59,0.174
2025-09-11,0.0,19.8,,0.0,weekday,9.8,1.2,0,0.524,0.0,0.0,0.58,0.087
